[INFO] Scanning for projects...
[INFO] 
[INFO] ----------------------< dev.flashflow:flashflow >-----------------------
[INFO] Building FlashFlow 0.1.0-SNAPSHOT
[INFO]   from pom.xml
[INFO] --------------------------------[ jar ]---------------------------------
[WARNING] 1 problem was encountered while building the effective model for org.javassist:javassist:jar:3.21.0-GA during dependency collection step for project (use -X to see details)
[INFO] 
[INFO] --- resources:3.3.1:resources (default-resources) @ flashflow ---
[INFO] Copying 5 resources from src/main/resources to target/classes
[INFO] Copying 11 resources from src/main/resources to target/classes
[INFO] 
[INFO] --- compiler:3.14.0:compile (default-compile) @ flashflow ---
[INFO] Nothing to compile - all classes are up to date.
[INFO] 
[INFO] --- resources:3.3.1:testResources (default-testResources) @ flashflow ---
[INFO] skip non existing resourceDirectory /Users/yuzheng/Computeracy/Zhenkun26-GitHub/FlashFlow/src/test/resources
[INFO] 
[INFO] --- compiler:3.14.0:testCompile (default-testCompile) @ flashflow ---
[INFO] Recompiling the module because of changed source code.
[INFO] Compiling 54 source files with javac [debug parameters release 21] to target/test-classes
[WARNING] /Users/yuzheng/Computeracy/Zhenkun26-GitHub/FlashFlow/src/test/java/dev/flashflow/ExpirationAdmissionFailureIntegrationTest.java:[26,6] org.springframework.boot.test.mock.mockito 中的 org.springframework.boot.test.mock.mockito.MockBean 已过时, 且标记为待删除
[WARNING] /Users/yuzheng/Computeracy/Zhenkun26-GitHub/FlashFlow/src/test/java/dev/flashflow/ExpirationRollbackIntegrationTest.java:[21,6] org.springframework.boot.test.mock.mockito 中的 org.springframework.boot.test.mock.mockito.MockBean 已过时, 且标记为待删除
[INFO] /Users/yuzheng/Computeracy/Zhenkun26-GitHub/FlashFlow/src/test/java/dev/flashflow/admission/RedisLuaAdmissionFailureTest.java: /Users/yuzheng/Computeracy/Zhenkun26-GitHub/FlashFlow/src/test/java/dev/flashflow/admission/RedisLuaAdmissionFailureTest.java使用了未经检查或不安全的操作。
[INFO] /Users/yuzheng/Computeracy/Zhenkun26-GitHub/FlashFlow/src/test/java/dev/flashflow/admission/RedisLuaAdmissionFailureTest.java: 有关详细信息, 请使用 -Xlint:unchecked 重新编译。
[INFO] 
[INFO] --- surefire:3.5.3:test (default-test) @ flashflow ---
[INFO] Using auto detected provider org.apache.maven.surefire.junitplatform.JUnitPlatformProvider
[INFO] 
[INFO] -------------------------------------------------------
[INFO]  T E S T S
[INFO] -------------------------------------------------------
[INFO] Running dev.flashflow.MessagingBoundaryTest
[INFO] Tests run: 2, Failures: 0, Errors: 0, Skipped: 0, Time elapsed: 0.050 s -- in dev.flashflow.MessagingBoundaryTest
[INFO] Running dev.flashflow.V4OutboxBacklogDrainIntegrationTest
Standard Commons Logging discovery in action with spring-jcl: please remove commons-logging.jar from classpath in order to avoid potential conflicts
11:04:34.962 [main] INFO org.springframework.test.context.support.AnnotationConfigContextLoaderUtils -- Could not detect default configuration classes for test class [dev.flashflow.V4OutboxBacklogDrainIntegrationTest]: V4OutboxBacklogDrainIntegrationTest does not declare any static, non-private, non-final, nested classes annotated with @Configuration.
11:04:35.012 [main] INFO org.springframework.boot.test.context.SpringBootTestContextBootstrapper -- Found @SpringBootConfiguration dev.flashflow.FlashFlowApplication for test class dev.flashflow.V4OutboxBacklogDrainIntegrationTest
11:04:35.057 [main] INFO org.testcontainers.images.PullPolicy -- Image pull policy will be performed by: DefaultPullPolicy()
11:04:35.058 [main] INFO org.testcontainers.utility.ImageNameSubstitutor -- Image name substitution will be performed by: DefaultImageNameSubstitutor (composite of 'ConfigurationFileImageNameSubstitutor' and 'PrefixingImageNameSubstitutor')
11:04:35.065 [main] INFO org.testcontainers.DockerClientFactory -- Testcontainers version: 1.21.3
11:04:35.138 [main] INFO org.testcontainers.dockerclient.DockerClientProviderStrategy -- Loaded org.testcontainers.dockerclient.UnixSocketClientProviderStrategy from ~/.testcontainers.properties, will try it first
11:04:35.237 [main] INFO org.testcontainers.dockerclient.DockerClientProviderStrategy -- Found Docker environment with local Unix socket (unix:///var/run/docker.sock)
11:04:35.237 [main] INFO org.testcontainers.DockerClientFactory -- Docker host IP address is localhost
11:04:35.249 [main] INFO org.testcontainers.DockerClientFactory -- Connected to docker: 
  Server Version: 29.4.1
  API Version: 1.54
  Operating System: Docker Desktop
  Total Memory: 7936 MB
  Labels: 
    com.docker.desktop.address=unix:///Users/yuzheng/Library/Containers/com.docker.docker/Data/docker-cli.sock
11:04:35.341 [main] INFO tc.testcontainers/ryuk:0.12.0 -- Creating container for image: testcontainers/ryuk:0.12.0
11:04:35.369 [main] INFO org.testcontainers.utility.RegistryAuthLocator -- Credential helper/store (docker-credential-osxkeychain) does not have credentials for https://index.docker.io/v1/
11:04:35.442 [main] INFO tc.testcontainers/ryuk:0.12.0 -- Container testcontainers/ryuk:0.12.0 is starting: dd83a82bc4439e30f6db975c79ef346d7ec11362a9a1d2becc07a1f52e41a21d
11:04:35.583 [main] INFO tc.testcontainers/ryuk:0.12.0 -- Container testcontainers/ryuk:0.12.0 started in PT0.241726S
11:04:35.585 [main] INFO org.testcontainers.utility.RyukResourceReaper -- Ryuk started - will monitor and terminate Testcontainers containers on JVM exit
11:04:35.585 [main] INFO org.testcontainers.DockerClientFactory -- Checking the system...
11:04:35.585 [main] INFO org.testcontainers.DockerClientFactory -- ✔︎ Docker server version should be at least 1.6.0
11:04:35.587 [main] INFO tc.mysql:8.4.6 -- Creating container for image: mysql:8.4.6
11:04:35.624 [main] INFO tc.mysql:8.4.6 -- Container mysql:8.4.6 is starting: 7f2862108a4053bf019b3c61e30044da593fc412bcdeba6bfc933248f7cbdeb3
11:04:35.744 [main] INFO tc.mysql:8.4.6 -- Waiting for database connection to become available at jdbc:mysql://localhost:63467/flashflow using query 'SELECT 1'
11:04:40.873 [main] INFO tc.mysql:8.4.6 -- Container mysql:8.4.6 started in PT5.286114S
11:04:40.873 [main] INFO tc.mysql:8.4.6 -- Container is started (JDBC URL: jdbc:mysql://localhost:63467/flashflow)
11:04:40.873 [main] INFO tc.redis:7.4.2-alpine -- Creating container for image: redis:7.4.2-alpine
11:04:40.900 [main] INFO tc.redis:7.4.2-alpine -- Container redis:7.4.2-alpine is starting: b48935dc86bf6967b9e37854256497e2656391192bcd31d5d82cf0d403692244
11:04:41.065 [main] INFO tc.redis:7.4.2-alpine -- Container redis:7.4.2-alpine started in PT0.192295S

  .   ____          _            __ _ _
 /\\ / ___'_ __ _ _(_)_ __  __ _ \ \ \ \
( ( )\___ | '_ | '_| | '_ \/ _` | \ \ \ \
 \\/  ___)| |_)| | | | | || (_| |  ) ) ) )
  '  |____| .__|_| |_|_| |_\__, | / / / /
 =========|_|==============|___/=/_/_/_/

 :: Spring Boot ::                (v3.5.5)

2026-08-11T11:04:41.222+08:00 INFO  d.f.V4OutboxBacklogDrainIntegrationTest request_id= idempotency_key= order_id= user_id= sku_id= payment_tx= - Starting V4OutboxBacklogDrainIntegrationTest using Java 26.0.2 with PID 79116 (started by yuzheng in /Users/yuzheng/Computeracy/Zhenkun26-GitHub/FlashFlow)
2026-08-11T11:04:41.222+08:00 INFO  d.f.V4OutboxBacklogDrainIntegrationTest request_id= idempotency_key= order_id= user_id= sku_id= payment_tx= - The following 1 profile is active: "test"
2026-08-11T11:04:41.582+08:00 INFO  o.s.d.r.c.RepositoryConfigurationDelegate request_id= idempotency_key= order_id= user_id= sku_id= payment_tx= - Multiple Spring Data modules found, entering strict repository configuration mode
2026-08-11T11:04:41.583+08:00 INFO  o.s.d.r.c.RepositoryConfigurationDelegate request_id= idempotency_key= order_id= user_id= sku_id= payment_tx= - Bootstrapping Spring Data Redis repositories in DEFAULT mode.
2026-08-11T11:04:41.603+08:00 INFO  o.s.d.r.c.RepositoryConfigurationDelegate request_id= idempotency_key= order_id= user_id= sku_id= payment_tx= - Finished Spring Data repository scanning in 13 ms. Found 0 Redis repository interfaces.
2026-08-11T11:04:41.827+08:00 INFO  o.s.b.w.e.tomcat.TomcatWebServer request_id= idempotency_key= order_id= user_id= sku_id= payment_tx= - Tomcat initialized with port 0 (http)
2026-08-11T11:04:41.833+08:00 INFO  o.a.catalina.core.StandardService request_id= idempotency_key= order_id= user_id= sku_id= payment_tx= - Starting service [Tomcat]
2026-08-11T11:04:41.833+08:00 INFO  o.a.catalina.core.StandardEngine request_id= idempotency_key= order_id= user_id= sku_id= payment_tx= - Starting Servlet engine: [Apache Tomcat/10.1.44]
2026-08-11T11:04:41.853+08:00 INFO  o.a.c.c.C.[Tomcat].[localhost].[/] request_id= idempotency_key= order_id= user_id= sku_id= payment_tx= - Initializing Spring embedded WebApplicationContext
2026-08-11T11:04:41.853+08:00 INFO  o.s.b.w.s.c.ServletWebServerApplicationContext request_id= idempotency_key= order_id= user_id= sku_id= payment_tx= - Root WebApplicationContext: initialization completed in 618 ms
Standard Commons Logging discovery in action with spring-jcl: please remove commons-logging.jar from classpath in order to avoid potential conflicts
WARNING: A terminally deprecated method in sun.misc.Unsafe has been called
WARNING: sun.misc.Unsafe::allocateMemory has been called by io.netty.util.internal.PlatformDependent0$2 (file:/Users/yuzheng/.m2/repository/io/netty/netty-common/4.1.124.Final/netty-common-4.1.124.Final.jar)
WARNING: Please consider reporting this to the maintainers of class io.netty.util.internal.PlatformDependent0$2
WARNING: sun.misc.Unsafe::allocateMemory will be removed in a future release
WARNING: A restricted method in java.lang.System has been called
WARNING: java.lang.System::loadLibrary has been called by io.netty.util.internal.NativeLibraryUtil in an unnamed module (file:/Users/yuzheng/.m2/repository/io/netty/netty-common/4.1.124.Final/netty-common-4.1.124.Final.jar)
WARNING: Use --enable-native-access=ALL-UNNAMED to avoid a warning for callers in this module
WARNING: Restricted methods will be blocked in a future release unless native access is enabled

2026-08-11T11:04:42.560+08:00 INFO  com.zaxxer.hikari.HikariDataSource request_id= idempotency_key= order_id= user_id= sku_id= payment_tx= - HikariPool-1 - Starting...
2026-08-11T11:04:42.660+08:00 INFO  com.zaxxer.hikari.pool.HikariPool request_id= idempotency_key= order_id= user_id= sku_id= payment_tx= - HikariPool-1 - Added connection com.mysql.cj.jdbc.ConnectionImpl@747476f1
2026-08-11T11:04:42.660+08:00 INFO  com.zaxxer.hikari.HikariDataSource request_id= idempotency_key= order_id= user_id= sku_id= payment_tx= - HikariPool-1 - Start completed.
2026-08-11T11:04:42.680+08:00 INFO  org.flywaydb.core.FlywayExecutor request_id= idempotency_key= order_id= user_id= sku_id= payment_tx= - Database: jdbc:mysql://localhost:63467/flashflow (MySQL 8.4)
2026-08-11T11:04:42.697+08:00 WARN  o.f.c.i.database.base.Database request_id= idempotency_key= order_id= user_id= sku_id= payment_tx= - Flyway upgrade recommended: MySQL 8.4 is newer than this version of Flyway and support has not been tested. The latest supported version of MySQL is 8.1.
2026-08-11T11:04:42.711+08:00 INFO  o.f.c.i.s.JdbcTableSchemaHistory request_id= idempotency_key= order_id= user_id= sku_id= payment_tx= - Schema history table `flashflow`.`flyway_schema_history` does not exist yet
2026-08-11T11:04:42.712+08:00 INFO  o.f.core.internal.command.DbValidate request_id= idempotency_key= order_id= user_id= sku_id= payment_tx= - Successfully validated 4 migrations (execution time 00:00.011s)
2026-08-11T11:04:42.734+08:00 INFO  o.f.c.i.s.JdbcTableSchemaHistory request_id= idempotency_key= order_id= user_id= sku_id= payment_tx= - Creating Schema History table `flashflow`.`flyway_schema_history` ...
2026-08-11T11:04:42.766+08:00 INFO  o.f.core.internal.command.DbMigrate request_id= idempotency_key= order_id= user_id= sku_id= payment_tx= - Current version of schema `flashflow`: << Empty Schema >>
2026-08-11T11:04:42.777+08:00 INFO  o.f.core.internal.command.DbMigrate request_id= idempotency_key= order_id= user_id= sku_id= payment_tx= - Migrating schema `flashflow` to version "1 - create flashflow v1 schema"
2026-08-11T11:04:42.876+08:00 INFO  o.f.core.internal.command.DbMigrate request_id= idempotency_key= order_id= user_id= sku_id= payment_tx= - Migrating schema `flashflow` to version "2 - create order command ledger"
2026-08-11T11:04:42.896+08:00 INFO  o.f.core.internal.command.DbMigrate request_id= idempotency_key= order_id= user_id= sku_id= payment_tx= - Migrating schema `flashflow` to version "3 - extend order command transport evidence"
2026-08-11T11:04:42.923+08:00 INFO  o.f.core.internal.command.DbMigrate request_id= idempotency_key= order_id= user_id= sku_id= payment_tx= - Migrating schema `flashflow` to version "4 - create order command outbox"
2026-08-11T11:04:42.943+08:00 INFO  o.f.core.internal.command.DbMigrate request_id= idempotency_key= order_id= user_id= sku_id= payment_tx= - Successfully applied 4 migrations to schema `flashflow`, now at version v4 (execution time 00:00.130s)
2026-08-11T11:04:43.584+08:00 INFO  o.s.b.a.e.web.EndpointLinksResolver request_id= idempotency_key= order_id= user_id= sku_id= payment_tx= - Exposing 2 endpoints beneath base path '/actuator'
2026-08-11T11:04:43.651+08:00 INFO  o.s.b.w.e.tomcat.TomcatWebServer request_id= idempotency_key= order_id= user_id= sku_id= payment_tx= - Tomcat started on port 63553 (http) with context path '/'
2026-08-11T11:04:43.662+08:00 INFO  d.f.V4OutboxBacklogDrainIntegrationTest request_id= idempotency_key= order_id= user_id= sku_id= payment_tx= - Started V4OutboxBacklogDrainIntegrationTest in 2.585 seconds (process running for 9.193)
Mockito is currently self-attaching to enable the inline-mock-maker. This will no longer work in future releases of the JDK. Please add Mockito as an agent to your build as described in Mockito's documentation: https://javadoc.io/doc/org.mockito/mockito-core/latest/org.mockito/org/mockito/Mockito.html#0.3
OpenJDK 64-Bit Server VM warning: Sharing is only supported for boot loader classes because bootstrap classpath has been appended
WARNING: A Java agent has been loaded dynamically (/Users/yuzheng/.m2/repository/net/bytebuddy/byte-buddy-agent/1.17.7/byte-buddy-agent-1.17.7.jar)
WARNING: If a serviceability tool is in use, please run with -XX:+EnableDynamicAgentLoading to hide this warning
WARNING: If a serviceability tool is not in use, please run with -Djdk.instrument.traceUsage for more information
WARNING: Dynamic loading of agents will be disallowed by default in a future release
2026-08-11T11:04:56.599+08:00 INFO  o.a.c.c.C.[Tomcat].[localhost].[/] request_id= idempotency_key= order_id= user_id= sku_id= payment_tx= - Initializing Spring DispatcherServlet 'dispatcherServlet'
2026-08-11T11:04:56.599+08:00 INFO  o.s.web.servlet.DispatcherServlet request_id= idempotency_key= order_id= user_id= sku_id= payment_tx= - Initializing Servlet 'dispatcherServlet'
2026-08-11T11:04:56.599+08:00 INFO  o.s.web.servlet.DispatcherServlet request_id= idempotency_key= order_id= user_id= sku_id= payment_tx= - Completed initialization in 0 ms
2026-08-11T11:04:56.639+08:00 INFO  d.f.m.o.OutboxAsyncOrderApplicationService request_id=6d149779-971d-4b3f-ae28-0e29623a33a2 idempotency_key=key-ffda8442-0 order_id= user_id=user-ffda8442-0 sku_id=sku-v4-backlog-ffda8442 payment_tx= - Durable Outbox acceptance command_id=18001b2248c5a58c32d15f60ab06b0b2409c3a23c7a1afc649b34cafba2c5cf6 status=ACCEPTED
2026-08-11T11:04:56.660+08:00 INFO  d.f.m.o.OutboxAsyncOrderApplicationService request_id=b40dba4a-29b8-4638-863d-3edfb3ad1ecd idempotency_key=key-ffda8442-1 order_id= user_id=user-ffda8442-1 sku_id=sku-v4-backlog-ffda8442 payment_tx= - Durable Outbox acceptance command_id=d2793eb123735ca77dbcb4cb1fd05912f6fb32d7aa0d919f2eb6af057eb7c72a status=ACCEPTED
2026-08-11T11:04:56.669+08:00 INFO  d.f.m.o.OutboxAsyncOrderApplicationService request_id=8fc2dcbc-8a73-4149-93fb-1789d74df226 idempotency_key=key-ffda8442-2 order_id= user_id=user-ffda8442-2 sku_id=sku-v4-backlog-ffda8442 payment_tx= - Durable Outbox acceptance command_id=d94b471ebe7c4319e98c92aeda82b0954c0d0c0a7e2b3f9c067c01b2d87dc8fc status=ACCEPTED
2026-08-11T11:04:56.679+08:00 INFO  d.f.m.o.OutboxAsyncOrderApplicationService request_id=21cbc8f1-15e6-4959-aaeb-665cca952441 idempotency_key=key-ffda8442-3 order_id= user_id=user-ffda8442-3 sku_id=sku-v4-backlog-ffda8442 payment_tx= - Durable Outbox acceptance command_id=3cafedf7dc1bc8e155f13137d1ddc525a4d4fa7b6469019c134a823105dfd9fd status=ACCEPTED
2026-08-11T11:04:56.687+08:00 INFO  d.f.m.o.OutboxAsyncOrderApplicationService request_id=b353dd17-cffd-490d-a583-0cacad5861ec idempotency_key=key-ffda8442-4 order_id= user_id=user-ffda8442-4 sku_id=sku-v4-backlog-ffda8442 payment_tx= - Durable Outbox acceptance command_id=f78a25f5436fdbfbcde697f8effcad6866df00e73e3c5afcd4f8d06ec00c796d status=ACCEPTED
2026-08-11T11:04:56.696+08:00 INFO  d.f.m.o.OutboxAsyncOrderApplicationService request_id=088d426c-a4f1-432e-b3b0-626b227dd35e idempotency_key=key-ffda8442-5 order_id= user_id=user-ffda8442-5 sku_id=sku-v4-backlog-ffda8442 payment_tx= - Durable Outbox acceptance command_id=bd1d4ce6113b6ba1be5f8fbd511368181fd7f8f68f9088cb42fe857a38f2f3fb status=ACCEPTED
2026-08-11T11:04:56.706+08:00 INFO  d.f.m.o.OutboxAsyncOrderApplicationService request_id=ea68d25f-1445-4d60-8d27-6311171259bd idempotency_key=key-ffda8442-6 order_id= user_id=user-ffda8442-6 sku_id=sku-v4-backlog-ffda8442 payment_tx= - Durable Outbox acceptance command_id=cdb102245afc48591c3a67ca5f19a98d40112204f595300b5181891d34d6bd42 status=ACCEPTED
2026-08-11T11:04:56.718+08:00 INFO  d.f.m.o.OutboxAsyncOrderApplicationService request_id=8e347930-b3f7-4dfb-9413-6727d1396576 idempotency_key=key-ffda8442-7 order_id= user_id=user-ffda8442-7 sku_id=sku-v4-backlog-ffda8442 payment_tx= - Durable Outbox acceptance command_id=ae249256301a2d2ae5b4a18b1e7db83d4943b801da40cb34b12c9be29f246590 status=ACCEPTED
2026-08-11T11:04:56.726+08:00 INFO  d.f.m.outbox.OutboxDispatcher request_id= idempotency_key= order_id= user_id= sku_id= payment_tx= - Outbox publication deferred outbox_id=ae93358d-d24e-42bc-812e-3506be408cb3 command_id=18001b2248c5a58c32d15f60ab06b0b2409c3a23c7a1afc649b34cafba2c5cf6 outcome=RETRYABLE cause=MQCLIENTEXCEPTION
2026-08-11T11:04:56.731+08:00 INFO  d.f.m.outbox.OutboxDispatcher request_id= idempotency_key= order_id= user_id= sku_id= payment_tx= - Outbox publication deferred outbox_id=dab4a2de-2a87-40c6-b0f5-d9a25ff6d0bd command_id=d2793eb123735ca77dbcb4cb1fd05912f6fb32d7aa0d919f2eb6af057eb7c72a outcome=RETRYABLE cause=MQCLIENTEXCEPTION
2026-08-11T11:04:56.731+08:00 INFO  d.f.m.o.OutboxAsyncOrderApplicationService request_id=65d48212-e8d4-4815-b3aa-836e263b170e idempotency_key=key-ffda8442-8 order_id= user_id=user-ffda8442-8 sku_id=sku-v4-backlog-ffda8442 payment_tx= - Durable Outbox acceptance command_id=7cfaa2bfc30c88ea34a3185a0b38100191f5f260b331a25f58cfd45d79e96660 status=ACCEPTED
2026-08-11T11:04:56.735+08:00 INFO  d.f.m.outbox.OutboxDispatcher request_id= idempotency_key= order_id= user_id= sku_id= payment_tx= - Outbox publication deferred outbox_id=962bcedd-72ea-4ac6-b6a7-d9c5e5eeb494 command_id=d94b471ebe7c4319e98c92aeda82b0954c0d0c0a7e2b3f9c067c01b2d87dc8fc outcome=RETRYABLE cause=MQCLIENTEXCEPTION
2026-08-11T11:04:56.740+08:00 INFO  d.f.m.outbox.OutboxDispatcher request_id= idempotency_key= order_id= user_id= sku_id= payment_tx= - Outbox publication deferred outbox_id=996e9fdb-16dd-45e6-a544-fddf6b3f626d command_id=3cafedf7dc1bc8e155f13137d1ddc525a4d4fa7b6469019c134a823105dfd9fd outcome=RETRYABLE cause=MQCLIENTEXCEPTION
2026-08-11T11:04:56.742+08:00 INFO  d.f.m.o.OutboxAsyncOrderApplicationService request_id=84ddc3dd-fe16-43fd-98a5-d0b80231898b idempotency_key=key-ffda8442-9 order_id= user_id=user-ffda8442-9 sku_id=sku-v4-backlog-ffda8442 payment_tx= - Durable Outbox acceptance command_id=19355afae530000cbe277a4662df979c77d8dcc729200f066f26d9e3d497e2c4 status=ACCEPTED
2026-08-11T11:04:56.751+08:00 INFO  d.f.m.o.OutboxAsyncOrderApplicationService request_id=ed714fe7-bcc3-432b-9c71-e98b70d20cd7 idempotency_key=key-ffda8442-10 order_id= user_id=user-ffda8442-10 sku_id=sku-v4-backlog-ffda8442 payment_tx= - Durable Outbox acceptance command_id=8a3bdae335fa61aafe8b8c2974cbf946dc0f8df8b7c4fbcf76788490bbb441a9 status=ACCEPTED
2026-08-11T11:04:56.759+08:00 INFO  d.f.m.o.OutboxAsyncOrderApplicationService request_id=6818c6de-b0ad-418d-b064-40a2aeec58bb idempotency_key=key-ffda8442-11 order_id= user_id=user-ffda8442-11 sku_id=sku-v4-backlog-ffda8442 payment_tx= - Durable Outbox acceptance command_id=1cb579775b67f643e2bc816ef136e854e54e881b50b495702475d85e719e06ec status=ACCEPTED
2026-08-11T11:04:56.867+08:00 INFO  d.f.m.outbox.OutboxDispatcher request_id= idempotency_key= order_id= user_id= sku_id= payment_tx= - Outbox publication deferred outbox_id=8f38c135-649f-4ced-8ca8-dc2138038992 command_id=f78a25f5436fdbfbcde697f8effcad6866df00e73e3c5afcd4f8d06ec00c796d outcome=RETRYABLE cause=MQCLIENTEXCEPTION
2026-08-11T11:04:56.873+08:00 INFO  d.f.m.outbox.OutboxDispatcher request_id= idempotency_key= order_id= user_id= sku_id= payment_tx= - Outbox publication deferred outbox_id=7178a787-7b0e-46c4-8455-8351e1ca1d79 command_id=bd1d4ce6113b6ba1be5f8fbd511368181fd7f8f68f9088cb42fe857a38f2f3fb outcome=RETRYABLE cause=MQCLIENTEXCEPTION
2026-08-11T11:04:56.880+08:00 INFO  d.f.m.outbox.OutboxDispatcher request_id= idempotency_key= order_id= user_id= sku_id= payment_tx= - Outbox publication deferred outbox_id=a5881410-5f1c-44ad-89e2-e0d61bbd5c97 command_id=cdb102245afc48591c3a67ca5f19a98d40112204f595300b5181891d34d6bd42 outcome=RETRYABLE cause=MQCLIENTEXCEPTION
2026-08-11T11:04:56.888+08:00 INFO  d.f.m.outbox.OutboxDispatcher request_id= idempotency_key= order_id= user_id= sku_id= payment_tx= - Outbox publication deferred outbox_id=5ed841ed-346d-4455-9c9f-babd881bc200 command_id=ae249256301a2d2ae5b4a18b1e7db83d4943b801da40cb34b12c9be29f246590 outcome=RETRYABLE cause=MQCLIENTEXCEPTION
2026-08-11T11:04:57.010+08:00 INFO  d.f.m.outbox.OutboxDispatcher request_id= idempotency_key= order_id= user_id= sku_id= payment_tx= - Outbox publication deferred outbox_id=33daed09-5322-4a59-8b97-eb46e58b3adf command_id=7cfaa2bfc30c88ea34a3185a0b38100191f5f260b331a25f58cfd45d79e96660 outcome=RETRYABLE cause=MQCLIENTEXCEPTION
2026-08-11T11:04:57.013+08:00 INFO  d.f.m.outbox.OutboxDispatcher request_id= idempotency_key= order_id= user_id= sku_id= payment_tx= - Outbox publication deferred outbox_id=f72111c8-3c35-42e6-aca5-a572b9bb1472 command_id=19355afae530000cbe277a4662df979c77d8dcc729200f066f26d9e3d497e2c4 outcome=RETRYABLE cause=MQCLIENTEXCEPTION
2026-08-11T11:04:57.018+08:00 INFO  d.f.m.outbox.OutboxDispatcher request_id= idempotency_key= order_id= user_id= sku_id= payment_tx= - Outbox publication deferred outbox_id=e65e4613-ae97-440f-8f51-9e175738b7b9 command_id=8a3bdae335fa61aafe8b8c2974cbf946dc0f8df8b7c4fbcf76788490bbb441a9 outcome=RETRYABLE cause=MQCLIENTEXCEPTION
2026-08-11T11:04:57.022+08:00 INFO  d.f.m.outbox.OutboxDispatcher request_id= idempotency_key= order_id= user_id= sku_id= payment_tx= - Outbox publication deferred outbox_id=2706ed11-9fce-40d3-b6b7-1adb5e5fbdba command_id=1cb579775b67f643e2bc816ef136e854e54e881b50b495702475d85e719e06ec outcome=RETRYABLE cause=MQCLIENTEXCEPTION
2026-08-11T11:04:57.141+08:00 INFO  d.f.m.outbox.OutboxDispatcher request_id= idempotency_key= order_id= user_id= sku_id= payment_tx= - Outbox publication deferred outbox_id=ae93358d-d24e-42bc-812e-3506be408cb3 command_id=18001b2248c5a58c32d15f60ab06b0b2409c3a23c7a1afc649b34cafba2c5cf6 outcome=RETRYABLE cause=MQCLIENTEXCEPTION
2026-08-11T11:04:57.145+08:00 INFO  d.f.m.outbox.OutboxDispatcher request_id= idempotency_key= order_id= user_id= sku_id= payment_tx= - Outbox publication deferred outbox_id=dab4a2de-2a87-40c6-b0f5-d9a25ff6d0bd command_id=d2793eb123735ca77dbcb4cb1fd05912f6fb32d7aa0d919f2eb6af057eb7c72a outcome=RETRYABLE cause=MQCLIENTEXCEPTION
2026-08-11T11:04:57.151+08:00 INFO  d.f.m.outbox.OutboxDispatcher request_id= idempotency_key= order_id= user_id= sku_id= payment_tx= - Outbox publication deferred outbox_id=962bcedd-72ea-4ac6-b6a7-d9c5e5eeb494 command_id=d94b471ebe7c4319e98c92aeda82b0954c0d0c0a7e2b3f9c067c01b2d87dc8fc outcome=RETRYABLE cause=MQCLIENTEXCEPTION
2026-08-11T11:04:57.154+08:00 INFO  d.f.m.outbox.OutboxDispatcher request_id= idempotency_key= order_id= user_id= sku_id= payment_tx= - Outbox publication deferred outbox_id=996e9fdb-16dd-45e6-a544-fddf6b3f626d command_id=3cafedf7dc1bc8e155f13137d1ddc525a4d4fa7b6469019c134a823105dfd9fd outcome=RETRYABLE cause=MQCLIENTEXCEPTION
2026-08-11T11:04:57.283+08:00 INFO  d.f.m.outbox.OutboxDispatcher request_id= idempotency_key= order_id= user_id= sku_id= payment_tx= - Outbox publication deferred outbox_id=8f38c135-649f-4ced-8ca8-dc2138038992 command_id=f78a25f5436fdbfbcde697f8effcad6866df00e73e3c5afcd4f8d06ec00c796d outcome=RETRYABLE cause=MQCLIENTEXCEPTION
2026-08-11T11:04:57.289+08:00 INFO  d.f.m.outbox.OutboxDispatcher request_id= idempotency_key= order_id= user_id= sku_id= payment_tx= - Outbox publication deferred outbox_id=7178a787-7b0e-46c4-8455-8351e1ca1d79 command_id=bd1d4ce6113b6ba1be5f8fbd511368181fd7f8f68f9088cb42fe857a38f2f3fb outcome=RETRYABLE cause=MQCLIENTEXCEPTION
2026-08-11T11:04:57.294+08:00 INFO  d.f.m.outbox.OutboxDispatcher request_id= idempotency_key= order_id= user_id= sku_id= payment_tx= - Outbox publication deferred outbox_id=a5881410-5f1c-44ad-89e2-e0d61bbd5c97 command_id=cdb102245afc48591c3a67ca5f19a98d40112204f595300b5181891d34d6bd42 outcome=RETRYABLE cause=MQCLIENTEXCEPTION
2026-08-11T11:04:57.301+08:00 INFO  d.f.m.outbox.OutboxDispatcher request_id= idempotency_key= order_id= user_id= sku_id= payment_tx= - Outbox publication deferred outbox_id=5ed841ed-346d-4455-9c9f-babd881bc200 command_id=ae249256301a2d2ae5b4a18b1e7db83d4943b801da40cb34b12c9be29f246590 outcome=RETRYABLE cause=MQCLIENTEXCEPTION
2026-08-11T11:04:57.430+08:00 INFO  d.f.m.outbox.OutboxDispatcher request_id= idempotency_key= order_id= user_id= sku_id= payment_tx= - Outbox publication deferred outbox_id=33daed09-5322-4a59-8b97-eb46e58b3adf command_id=7cfaa2bfc30c88ea34a3185a0b38100191f5f260b331a25f58cfd45d79e96660 outcome=RETRYABLE cause=MQCLIENTEXCEPTION
2026-08-11T11:04:57.437+08:00 INFO  d.f.m.outbox.OutboxDispatcher request_id= idempotency_key= order_id= user_id= sku_id= payment_tx= - Outbox publication deferred outbox_id=f72111c8-3c35-42e6-aca5-a572b9bb1472 command_id=19355afae530000cbe277a4662df979c77d8dcc729200f066f26d9e3d497e2c4 outcome=RETRYABLE cause=MQCLIENTEXCEPTION
2026-08-11T11:04:57.443+08:00 INFO  d.f.m.outbox.OutboxDispatcher request_id= idempotency_key= order_id= user_id= sku_id= payment_tx= - Outbox publication deferred outbox_id=e65e4613-ae97-440f-8f51-9e175738b7b9 command_id=8a3bdae335fa61aafe8b8c2974cbf946dc0f8df8b7c4fbcf76788490bbb441a9 outcome=RETRYABLE cause=MQCLIENTEXCEPTION
2026-08-11T11:04:57.449+08:00 INFO  d.f.m.outbox.OutboxDispatcher request_id= idempotency_key= order_id= user_id= sku_id= payment_tx= - Outbox publication deferred outbox_id=2706ed11-9fce-40d3-b6b7-1adb5e5fbdba command_id=1cb579775b67f643e2bc816ef136e854e54e881b50b495702475d85e719e06ec outcome=RETRYABLE cause=MQCLIENTEXCEPTION
2026-08-11T11:04:57.579+08:00 INFO  d.f.m.outbox.OutboxDispatcher request_id= idempotency_key= order_id= user_id= sku_id= payment_tx= - Outbox publication deferred outbox_id=ae93358d-d24e-42bc-812e-3506be408cb3 command_id=18001b2248c5a58c32d15f60ab06b0b2409c3a23c7a1afc649b34cafba2c5cf6 outcome=RETRYABLE cause=MQCLIENTEXCEPTION
2026-08-11T11:04:57.586+08:00 INFO  d.f.m.outbox.OutboxDispatcher request_id= idempotency_key= order_id= user_id= sku_id= payment_tx= - Outbox publication deferred outbox_id=dab4a2de-2a87-40c6-b0f5-d9a25ff6d0bd command_id=d2793eb123735ca77dbcb4cb1fd05912f6fb32d7aa0d919f2eb6af057eb7c72a outcome=RETRYABLE cause=MQCLIENTEXCEPTION
2026-08-11T11:04:57.591+08:00 INFO  d.f.m.outbox.OutboxDispatcher request_id= idempotency_key= order_id= user_id= sku_id= payment_tx= - Outbox publication deferred outbox_id=962bcedd-72ea-4ac6-b6a7-d9c5e5eeb494 command_id=d94b471ebe7c4319e98c92aeda82b0954c0d0c0a7e2b3f9c067c01b2d87dc8fc outcome=RETRYABLE cause=MQCLIENTEXCEPTION
2026-08-11T11:04:57.597+08:00 INFO  d.f.m.outbox.OutboxDispatcher request_id= idempotency_key= order_id= user_id= sku_id= payment_tx= - Outbox publication deferred outbox_id=996e9fdb-16dd-45e6-a544-fddf6b3f626d command_id=3cafedf7dc1bc8e155f13137d1ddc525a4d4fa7b6469019c134a823105dfd9fd outcome=RETRYABLE cause=MQCLIENTEXCEPTION
2026-08-11T11:04:57.720+08:00 INFO  d.f.m.outbox.OutboxDispatcher request_id= idempotency_key= order_id= user_id= sku_id= payment_tx= - Outbox publication deferred outbox_id=8f38c135-649f-4ced-8ca8-dc2138038992 command_id=f78a25f5436fdbfbcde697f8effcad6866df00e73e3c5afcd4f8d06ec00c796d outcome=RETRYABLE cause=MQCLIENTEXCEPTION
2026-08-11T11:04:57.724+08:00 INFO  d.f.m.outbox.OutboxDispatcher request_id= idempotency_key= order_id= user_id= sku_id= payment_tx= - Outbox publication deferred outbox_id=7178a787-7b0e-46c4-8455-8351e1ca1d79 command_id=bd1d4ce6113b6ba1be5f8fbd511368181fd7f8f68f9088cb42fe857a38f2f3fb outcome=RETRYABLE cause=MQCLIENTEXCEPTION
2026-08-11T11:04:57.727+08:00 INFO  d.f.m.outbox.OutboxDispatcher request_id= idempotency_key= order_id= user_id= sku_id= payment_tx= - Outbox publication deferred outbox_id=a5881410-5f1c-44ad-89e2-e0d61bbd5c97 command_id=cdb102245afc48591c3a67ca5f19a98d40112204f595300b5181891d34d6bd42 outcome=RETRYABLE cause=MQCLIENTEXCEPTION
2026-08-11T11:04:57.735+08:00 INFO  d.f.m.outbox.OutboxDispatcher request_id= idempotency_key= order_id= user_id= sku_id= payment_tx= - Outbox publication deferred outbox_id=5ed841ed-346d-4455-9c9f-babd881bc200 command_id=ae249256301a2d2ae5b4a18b1e7db83d4943b801da40cb34b12c9be29f246590 outcome=RETRYABLE cause=MQCLIENTEXCEPTION
2026-08-11T11:04:57.858+08:00 INFO  d.f.m.outbox.OutboxDispatcher request_id= idempotency_key= order_id= user_id= sku_id= payment_tx= - Outbox publication deferred outbox_id=33daed09-5322-4a59-8b97-eb46e58b3adf command_id=7cfaa2bfc30c88ea34a3185a0b38100191f5f260b331a25f58cfd45d79e96660 outcome=RETRYABLE cause=MQCLIENTEXCEPTION
2026-08-11T11:04:57.863+08:00 INFO  d.f.m.outbox.OutboxDispatcher request_id= idempotency_key= order_id= user_id= sku_id= payment_tx= - Outbox publication deferred outbox_id=f72111c8-3c35-42e6-aca5-a572b9bb1472 command_id=19355afae530000cbe277a4662df979c77d8dcc729200f066f26d9e3d497e2c4 outcome=RETRYABLE cause=MQCLIENTEXCEPTION
2026-08-11T11:04:57.867+08:00 INFO  d.f.m.outbox.OutboxDispatcher request_id= idempotency_key= order_id= user_id= sku_id= payment_tx= - Outbox publication deferred outbox_id=e65e4613-ae97-440f-8f51-9e175738b7b9 command_id=8a3bdae335fa61aafe8b8c2974cbf946dc0f8df8b7c4fbcf76788490bbb441a9 outcome=RETRYABLE cause=MQCLIENTEXCEPTION
2026-08-11T11:04:57.870+08:00 INFO  d.f.m.outbox.OutboxDispatcher request_id= idempotency_key= order_id= user_id= sku_id= payment_tx= - Outbox publication deferred outbox_id=2706ed11-9fce-40d3-b6b7-1adb5e5fbdba command_id=1cb579775b67f643e2bc816ef136e854e54e881b50b495702475d85e719e06ec outcome=RETRYABLE cause=MQCLIENTEXCEPTION
2026-08-11T11:04:57.992+08:00 INFO  d.f.m.outbox.OutboxDispatcher request_id= idempotency_key= order_id= user_id= sku_id= payment_tx= - Outbox publication deferred outbox_id=ae93358d-d24e-42bc-812e-3506be408cb3 command_id=18001b2248c5a58c32d15f60ab06b0b2409c3a23c7a1afc649b34cafba2c5cf6 outcome=RETRYABLE cause=MQCLIENTEXCEPTION
2026-08-11T11:04:58.118+08:00 INFO  d.f.m.outbox.OutboxDispatcher request_id= idempotency_key= order_id= user_id= sku_id= payment_tx= - Outbox publication deferred outbox_id=dab4a2de-2a87-40c6-b0f5-d9a25ff6d0bd command_id=d2793eb123735ca77dbcb4cb1fd05912f6fb32d7aa0d919f2eb6af057eb7c72a outcome=RETRYABLE cause=MQCLIENTEXCEPTION
2026-08-11T11:04:58.126+08:00 INFO  d.f.m.outbox.OutboxDispatcher request_id= idempotency_key= order_id= user_id= sku_id= payment_tx= - Outbox publication deferred outbox_id=962bcedd-72ea-4ac6-b6a7-d9c5e5eeb494 command_id=d94b471ebe7c4319e98c92aeda82b0954c0d0c0a7e2b3f9c067c01b2d87dc8fc outcome=RETRYABLE cause=MQCLIENTEXCEPTION
2026-08-11T11:04:58.133+08:00 INFO  d.f.m.outbox.OutboxDispatcher request_id= idempotency_key= order_id= user_id= sku_id= payment_tx= - Outbox publication deferred outbox_id=996e9fdb-16dd-45e6-a544-fddf6b3f626d command_id=3cafedf7dc1bc8e155f13137d1ddc525a4d4fa7b6469019c134a823105dfd9fd outcome=RETRYABLE cause=MQCLIENTEXCEPTION
2026-08-11T11:04:58.258+08:00 INFO  d.f.m.outbox.OutboxDispatcher request_id= idempotency_key= order_id= user_id= sku_id= payment_tx= - Outbox publication deferred outbox_id=8f38c135-649f-4ced-8ca8-dc2138038992 command_id=f78a25f5436fdbfbcde697f8effcad6866df00e73e3c5afcd4f8d06ec00c796d outcome=RETRYABLE cause=MQCLIENTEXCEPTION
2026-08-11T11:04:58.264+08:00 INFO  d.f.m.outbox.OutboxDispatcher request_id= idempotency_key= order_id= user_id= sku_id= payment_tx= - Outbox publication deferred outbox_id=7178a787-7b0e-46c4-8455-8351e1ca1d79 command_id=bd1d4ce6113b6ba1be5f8fbd511368181fd7f8f68f9088cb42fe857a38f2f3fb outcome=RETRYABLE cause=MQCLIENTEXCEPTION
2026-08-11T11:04:58.271+08:00 INFO  d.f.m.outbox.OutboxDispatcher request_id= idempotency_key= order_id= user_id= sku_id= payment_tx= - Outbox publication deferred outbox_id=a5881410-5f1c-44ad-89e2-e0d61bbd5c97 command_id=cdb102245afc48591c3a67ca5f19a98d40112204f595300b5181891d34d6bd42 outcome=RETRYABLE cause=MQCLIENTEXCEPTION
2026-08-11T11:04:58.277+08:00 INFO  d.f.m.outbox.OutboxDispatcher request_id= idempotency_key= order_id= user_id= sku_id= payment_tx= - Outbox publication deferred outbox_id=5ed841ed-346d-4455-9c9f-babd881bc200 command_id=ae249256301a2d2ae5b4a18b1e7db83d4943b801da40cb34b12c9be29f246590 outcome=RETRYABLE cause=MQCLIENTEXCEPTION
2026-08-11T11:04:58.398+08:00 INFO  d.f.m.outbox.OutboxDispatcher request_id= idempotency_key= order_id= user_id= sku_id= payment_tx= - Outbox publication deferred outbox_id=33daed09-5322-4a59-8b97-eb46e58b3adf command_id=7cfaa2bfc30c88ea34a3185a0b38100191f5f260b331a25f58cfd45d79e96660 outcome=RETRYABLE cause=MQCLIENTEXCEPTION
2026-08-11T11:04:58.403+08:00 INFO  d.f.m.outbox.OutboxDispatcher request_id= idempotency_key= order_id= user_id= sku_id= payment_tx= - Outbox publication deferred outbox_id=f72111c8-3c35-42e6-aca5-a572b9bb1472 command_id=19355afae530000cbe277a4662df979c77d8dcc729200f066f26d9e3d497e2c4 outcome=RETRYABLE cause=MQCLIENTEXCEPTION
2026-08-11T11:04:58.408+08:00 INFO  d.f.m.outbox.OutboxDispatcher request_id= idempotency_key= order_id= user_id= sku_id= payment_tx= - Outbox publication deferred outbox_id=e65e4613-ae97-440f-8f51-9e175738b7b9 command_id=8a3bdae335fa61aafe8b8c2974cbf946dc0f8df8b7c4fbcf76788490bbb441a9 outcome=RETRYABLE cause=MQCLIENTEXCEPTION
2026-08-11T11:04:58.414+08:00 INFO  d.f.m.outbox.OutboxDispatcher request_id= idempotency_key= order_id= user_id= sku_id= payment_tx= - Outbox publication deferred outbox_id=2706ed11-9fce-40d3-b6b7-1adb5e5fbdba command_id=1cb579775b67f643e2bc816ef136e854e54e881b50b495702475d85e719e06ec outcome=RETRYABLE cause=MQCLIENTEXCEPTION
2026-08-11T11:04:58.856+08:00 INFO  d.f.m.outbox.OutboxDispatcher request_id= idempotency_key= order_id= user_id= sku_id= payment_tx= - Outbox publication deferred outbox_id=ae93358d-d24e-42bc-812e-3506be408cb3 command_id=18001b2248c5a58c32d15f60ab06b0b2409c3a23c7a1afc649b34cafba2c5cf6 outcome=RETRYABLE cause=MQCLIENTEXCEPTION
2026-08-11T11:04:58.978+08:00 INFO  d.f.m.outbox.OutboxDispatcher request_id= idempotency_key= order_id= user_id= sku_id= payment_tx= - Outbox publication deferred outbox_id=dab4a2de-2a87-40c6-b0f5-d9a25ff6d0bd command_id=d2793eb123735ca77dbcb4cb1fd05912f6fb32d7aa0d919f2eb6af057eb7c72a outcome=RETRYABLE cause=MQCLIENTEXCEPTION
2026-08-11T11:04:58.984+08:00 INFO  d.f.m.outbox.OutboxDispatcher request_id= idempotency_key= order_id= user_id= sku_id= payment_tx= - Outbox publication deferred outbox_id=962bcedd-72ea-4ac6-b6a7-d9c5e5eeb494 command_id=d94b471ebe7c4319e98c92aeda82b0954c0d0c0a7e2b3f9c067c01b2d87dc8fc outcome=RETRYABLE cause=MQCLIENTEXCEPTION
2026-08-11T11:04:58.989+08:00 INFO  d.f.m.outbox.OutboxDispatcher request_id= idempotency_key= order_id= user_id= sku_id= payment_tx= - Outbox publication deferred outbox_id=996e9fdb-16dd-45e6-a544-fddf6b3f626d command_id=3cafedf7dc1bc8e155f13137d1ddc525a4d4fa7b6469019c134a823105dfd9fd outcome=RETRYABLE cause=MQCLIENTEXCEPTION
2026-08-11T11:04:59.113+08:00 INFO  d.f.m.outbox.OutboxDispatcher request_id= idempotency_key= order_id= user_id= sku_id= payment_tx= - Outbox publication deferred outbox_id=8f38c135-649f-4ced-8ca8-dc2138038992 command_id=f78a25f5436fdbfbcde697f8effcad6866df00e73e3c5afcd4f8d06ec00c796d outcome=RETRYABLE cause=MQCLIENTEXCEPTION
2026-08-11T11:04:59.118+08:00 INFO  d.f.m.outbox.OutboxDispatcher request_id= idempotency_key= order_id= user_id= sku_id= payment_tx= - Outbox publication deferred outbox_id=7178a787-7b0e-46c4-8455-8351e1ca1d79 command_id=bd1d4ce6113b6ba1be5f8fbd511368181fd7f8f68f9088cb42fe857a38f2f3fb outcome=RETRYABLE cause=MQCLIENTEXCEPTION
2026-08-11T11:04:59.121+08:00 INFO  d.f.m.outbox.OutboxDispatcher request_id= idempotency_key= order_id= user_id= sku_id= payment_tx= - Outbox publication deferred outbox_id=a5881410-5f1c-44ad-89e2-e0d61bbd5c97 command_id=cdb102245afc48591c3a67ca5f19a98d40112204f595300b5181891d34d6bd42 outcome=RETRYABLE cause=MQCLIENTEXCEPTION
2026-08-11T11:04:59.125+08:00 INFO  d.f.m.outbox.OutboxDispatcher request_id= idempotency_key= order_id= user_id= sku_id= payment_tx= - Outbox publication deferred outbox_id=5ed841ed-346d-4455-9c9f-babd881bc200 command_id=ae249256301a2d2ae5b4a18b1e7db83d4943b801da40cb34b12c9be29f246590 outcome=RETRYABLE cause=MQCLIENTEXCEPTION
2026-08-11T11:04:59.251+08:00 INFO  d.f.m.outbox.OutboxDispatcher request_id= idempotency_key= order_id= user_id= sku_id= payment_tx= - Outbox publication deferred outbox_id=33daed09-5322-4a59-8b97-eb46e58b3adf command_id=7cfaa2bfc30c88ea34a3185a0b38100191f5f260b331a25f58cfd45d79e96660 outcome=RETRYABLE cause=MQCLIENTEXCEPTION
2026-08-11T11:04:59.255+08:00 INFO  d.f.m.outbox.OutboxDispatcher request_id= idempotency_key= order_id= user_id= sku_id= payment_tx= - Outbox publication deferred outbox_id=f72111c8-3c35-42e6-aca5-a572b9bb1472 command_id=19355afae530000cbe277a4662df979c77d8dcc729200f066f26d9e3d497e2c4 outcome=RETRYABLE cause=MQCLIENTEXCEPTION
2026-08-11T11:04:59.262+08:00 INFO  d.f.m.outbox.OutboxDispatcher request_id= idempotency_key= order_id= user_id= sku_id= payment_tx= - Outbox publication deferred outbox_id=e65e4613-ae97-440f-8f51-9e175738b7b9 command_id=8a3bdae335fa61aafe8b8c2974cbf946dc0f8df8b7c4fbcf76788490bbb441a9 outcome=RETRYABLE cause=MQCLIENTEXCEPTION
2026-08-11T11:04:59.267+08:00 INFO  d.f.m.outbox.OutboxDispatcher request_id= idempotency_key= order_id= user_id= sku_id= payment_tx= - Outbox publication deferred outbox_id=2706ed11-9fce-40d3-b6b7-1adb5e5fbdba command_id=1cb579775b67f643e2bc816ef136e854e54e881b50b495702475d85e719e06ec outcome=RETRYABLE cause=MQCLIENTEXCEPTION
2026-08-11T11:04:59.926+08:00 INFO  d.f.m.outbox.OutboxDispatcher request_id= idempotency_key= order_id= user_id= sku_id= payment_tx= - Outbox publication deferred outbox_id=ae93358d-d24e-42bc-812e-3506be408cb3 command_id=18001b2248c5a58c32d15f60ab06b0b2409c3a23c7a1afc649b34cafba2c5cf6 outcome=RETRYABLE cause=MQCLIENTEXCEPTION
2026-08-11T11:05:00.038+08:00 INFO  d.f.m.outbox.OutboxDispatcher request_id= idempotency_key= order_id= user_id= sku_id= payment_tx= - Outbox publication deferred outbox_id=dab4a2de-2a87-40c6-b0f5-d9a25ff6d0bd command_id=d2793eb123735ca77dbcb4cb1fd05912f6fb32d7aa0d919f2eb6af057eb7c72a outcome=RETRYABLE cause=MQCLIENTEXCEPTION
2026-08-11T11:05:00.040+08:00 INFO  d.f.m.outbox.OutboxDispatcher request_id= idempotency_key= order_id= user_id= sku_id= payment_tx= - Outbox publication deferred outbox_id=962bcedd-72ea-4ac6-b6a7-d9c5e5eeb494 command_id=d94b471ebe7c4319e98c92aeda82b0954c0d0c0a7e2b3f9c067c01b2d87dc8fc outcome=RETRYABLE cause=MQCLIENTEXCEPTION
2026-08-11T11:05:00.042+08:00 INFO  d.f.m.outbox.OutboxDispatcher request_id= idempotency_key= order_id= user_id= sku_id= payment_tx= - Outbox publication deferred outbox_id=996e9fdb-16dd-45e6-a544-fddf6b3f626d command_id=3cafedf7dc1bc8e155f13137d1ddc525a4d4fa7b6469019c134a823105dfd9fd outcome=RETRYABLE cause=MQCLIENTEXCEPTION
2026-08-11T11:05:00.153+08:00 INFO  d.f.m.outbox.OutboxDispatcher request_id= idempotency_key= order_id= user_id= sku_id= payment_tx= - Outbox publication deferred outbox_id=8f38c135-649f-4ced-8ca8-dc2138038992 command_id=f78a25f5436fdbfbcde697f8effcad6866df00e73e3c5afcd4f8d06ec00c796d outcome=RETRYABLE cause=MQCLIENTEXCEPTION
2026-08-11T11:05:00.155+08:00 INFO  d.f.m.outbox.OutboxDispatcher request_id= idempotency_key= order_id= user_id= sku_id= payment_tx= - Outbox publication deferred outbox_id=7178a787-7b0e-46c4-8455-8351e1ca1d79 command_id=bd1d4ce6113b6ba1be5f8fbd511368181fd7f8f68f9088cb42fe857a38f2f3fb outcome=RETRYABLE cause=MQCLIENTEXCEPTION
2026-08-11T11:05:00.157+08:00 INFO  d.f.m.outbox.OutboxDispatcher request_id= idempotency_key= order_id= user_id= sku_id= payment_tx= - Outbox publication deferred outbox_id=a5881410-5f1c-44ad-89e2-e0d61bbd5c97 command_id=cdb102245afc48591c3a67ca5f19a98d40112204f595300b5181891d34d6bd42 outcome=RETRYABLE cause=MQCLIENTEXCEPTION
2026-08-11T11:05:00.159+08:00 INFO  d.f.m.outbox.OutboxDispatcher request_id= idempotency_key= order_id= user_id= sku_id= payment_tx= - Outbox publication deferred outbox_id=5ed841ed-346d-4455-9c9f-babd881bc200 command_id=ae249256301a2d2ae5b4a18b1e7db83d4943b801da40cb34b12c9be29f246590 outcome=RETRYABLE cause=MQCLIENTEXCEPTION
2026-08-11T11:05:00.279+08:00 INFO  d.f.m.outbox.OutboxDispatcher request_id= idempotency_key= order_id= user_id= sku_id= payment_tx= - Outbox publication deferred outbox_id=33daed09-5322-4a59-8b97-eb46e58b3adf command_id=7cfaa2bfc30c88ea34a3185a0b38100191f5f260b331a25f58cfd45d79e96660 outcome=RETRYABLE cause=MQCLIENTEXCEPTION
2026-08-11T11:05:00.283+08:00 INFO  d.f.m.outbox.OutboxDispatcher request_id= idempotency_key= order_id= user_id= sku_id= payment_tx= - Outbox publication deferred outbox_id=f72111c8-3c35-42e6-aca5-a572b9bb1472 command_id=19355afae530000cbe277a4662df979c77d8dcc729200f066f26d9e3d497e2c4 outcome=RETRYABLE cause=MQCLIENTEXCEPTION
2026-08-11T11:05:00.286+08:00 INFO  d.f.m.outbox.OutboxDispatcher request_id= idempotency_key= order_id= user_id= sku_id= payment_tx= - Outbox publication deferred outbox_id=e65e4613-ae97-440f-8f51-9e175738b7b9 command_id=8a3bdae335fa61aafe8b8c2974cbf946dc0f8df8b7c4fbcf76788490bbb441a9 outcome=RETRYABLE cause=MQCLIENTEXCEPTION
2026-08-11T11:05:00.289+08:00 INFO  d.f.m.outbox.OutboxDispatcher request_id= idempotency_key= order_id= user_id= sku_id= payment_tx= - Outbox publication deferred outbox_id=2706ed11-9fce-40d3-b6b7-1adb5e5fbdba command_id=1cb579775b67f643e2bc816ef136e854e54e881b50b495702475d85e719e06ec outcome=RETRYABLE cause=MQCLIENTEXCEPTION
2026-08-11T11:05:00.936+08:00 INFO  d.f.m.outbox.OutboxDispatcher request_id= idempotency_key= order_id= user_id= sku_id= payment_tx= - Outbox publication deferred outbox_id=ae93358d-d24e-42bc-812e-3506be408cb3 command_id=18001b2248c5a58c32d15f60ab06b0b2409c3a23c7a1afc649b34cafba2c5cf6 outcome=RETRYABLE cause=MQCLIENTEXCEPTION
2026-08-11T11:05:01.052+08:00 INFO  d.f.m.outbox.OutboxDispatcher request_id= idempotency_key= order_id= user_id= sku_id= payment_tx= - Outbox publication deferred outbox_id=dab4a2de-2a87-40c6-b0f5-d9a25ff6d0bd command_id=d2793eb123735ca77dbcb4cb1fd05912f6fb32d7aa0d919f2eb6af057eb7c72a outcome=RETRYABLE cause=MQCLIENTEXCEPTION
2026-08-11T11:05:01.054+08:00 INFO  d.f.m.outbox.OutboxDispatcher request_id= idempotency_key= order_id= user_id= sku_id= payment_tx= - Outbox publication deferred outbox_id=962bcedd-72ea-4ac6-b6a7-d9c5e5eeb494 command_id=d94b471ebe7c4319e98c92aeda82b0954c0d0c0a7e2b3f9c067c01b2d87dc8fc outcome=RETRYABLE cause=MQCLIENTEXCEPTION
2026-08-11T11:05:01.056+08:00 INFO  d.f.m.outbox.OutboxDispatcher request_id= idempotency_key= order_id= user_id= sku_id= payment_tx= - Outbox publication deferred outbox_id=996e9fdb-16dd-45e6-a544-fddf6b3f626d command_id=3cafedf7dc1bc8e155f13137d1ddc525a4d4fa7b6469019c134a823105dfd9fd outcome=RETRYABLE cause=MQCLIENTEXCEPTION
2026-08-11T11:05:01.172+08:00 INFO  d.f.m.outbox.OutboxDispatcher request_id= idempotency_key= order_id= user_id= sku_id= payment_tx= - Outbox publication deferred outbox_id=8f38c135-649f-4ced-8ca8-dc2138038992 command_id=f78a25f5436fdbfbcde697f8effcad6866df00e73e3c5afcd4f8d06ec00c796d outcome=RETRYABLE cause=MQCLIENTEXCEPTION
2026-08-11T11:05:01.175+08:00 INFO  d.f.m.outbox.OutboxDispatcher request_id= idempotency_key= order_id= user_id= sku_id= payment_tx= - Outbox publication deferred outbox_id=7178a787-7b0e-46c4-8455-8351e1ca1d79 command_id=bd1d4ce6113b6ba1be5f8fbd511368181fd7f8f68f9088cb42fe857a38f2f3fb outcome=RETRYABLE cause=MQCLIENTEXCEPTION
2026-08-11T11:05:01.177+08:00 INFO  d.f.m.outbox.OutboxDispatcher request_id= idempotency_key= order_id= user_id= sku_id= payment_tx= - Outbox publication deferred outbox_id=a5881410-5f1c-44ad-89e2-e0d61bbd5c97 command_id=cdb102245afc48591c3a67ca5f19a98d40112204f595300b5181891d34d6bd42 outcome=RETRYABLE cause=MQCLIENTEXCEPTION
2026-08-11T11:05:01.179+08:00 INFO  d.f.m.outbox.OutboxDispatcher request_id= idempotency_key= order_id= user_id= sku_id= payment_tx= - Outbox publication deferred outbox_id=5ed841ed-346d-4455-9c9f-babd881bc200 command_id=ae249256301a2d2ae5b4a18b1e7db83d4943b801da40cb34b12c9be29f246590 outcome=RETRYABLE cause=MQCLIENTEXCEPTION
2026-08-11T11:05:01.291+08:00 INFO  d.f.m.outbox.OutboxDispatcher request_id= idempotency_key= order_id= user_id= sku_id= payment_tx= - Outbox publication deferred outbox_id=33daed09-5322-4a59-8b97-eb46e58b3adf command_id=7cfaa2bfc30c88ea34a3185a0b38100191f5f260b331a25f58cfd45d79e96660 outcome=RETRYABLE cause=MQCLIENTEXCEPTION
2026-08-11T11:05:01.293+08:00 INFO  d.f.m.outbox.OutboxDispatcher request_id= idempotency_key= order_id= user_id= sku_id= payment_tx= - Outbox publication deferred outbox_id=f72111c8-3c35-42e6-aca5-a572b9bb1472 command_id=19355afae530000cbe277a4662df979c77d8dcc729200f066f26d9e3d497e2c4 outcome=RETRYABLE cause=MQCLIENTEXCEPTION
2026-08-11T11:05:01.406+08:00 INFO  d.f.m.outbox.OutboxDispatcher request_id= idempotency_key= order_id= user_id= sku_id= payment_tx= - Outbox publication deferred outbox_id=e65e4613-ae97-440f-8f51-9e175738b7b9 command_id=8a3bdae335fa61aafe8b8c2974cbf946dc0f8df8b7c4fbcf76788490bbb441a9 outcome=RETRYABLE cause=MQCLIENTEXCEPTION
2026-08-11T11:05:01.409+08:00 INFO  d.f.m.outbox.OutboxDispatcher request_id= idempotency_key= order_id= user_id= sku_id= payment_tx= - Outbox publication deferred outbox_id=2706ed11-9fce-40d3-b6b7-1adb5e5fbdba command_id=1cb579775b67f643e2bc816ef136e854e54e881b50b495702475d85e719e06ec outcome=RETRYABLE cause=MQCLIENTEXCEPTION
2026-08-11T11:05:01.949+08:00 INFO  d.f.m.outbox.OutboxDispatcher request_id= idempotency_key= order_id= user_id= sku_id= payment_tx= - Outbox publication deferred outbox_id=ae93358d-d24e-42bc-812e-3506be408cb3 command_id=18001b2248c5a58c32d15f60ab06b0b2409c3a23c7a1afc649b34cafba2c5cf6 outcome=RETRYABLE cause=MQCLIENTEXCEPTION
2026-08-11T11:05:02.066+08:00 INFO  d.f.m.outbox.OutboxDispatcher request_id= idempotency_key= order_id= user_id= sku_id= payment_tx= - Outbox publication deferred outbox_id=dab4a2de-2a87-40c6-b0f5-d9a25ff6d0bd command_id=d2793eb123735ca77dbcb4cb1fd05912f6fb32d7aa0d919f2eb6af057eb7c72a outcome=RETRYABLE cause=MQCLIENTEXCEPTION
2026-08-11T11:05:02.069+08:00 INFO  d.f.m.outbox.OutboxDispatcher request_id= idempotency_key= order_id= user_id= sku_id= payment_tx= - Outbox publication deferred outbox_id=962bcedd-72ea-4ac6-b6a7-d9c5e5eeb494 command_id=d94b471ebe7c4319e98c92aeda82b0954c0d0c0a7e2b3f9c067c01b2d87dc8fc outcome=RETRYABLE cause=MQCLIENTEXCEPTION
2026-08-11T11:05:02.072+08:00 INFO  d.f.m.outbox.OutboxDispatcher request_id= idempotency_key= order_id= user_id= sku_id= payment_tx= - Outbox publication deferred outbox_id=996e9fdb-16dd-45e6-a544-fddf6b3f626d command_id=3cafedf7dc1bc8e155f13137d1ddc525a4d4fa7b6469019c134a823105dfd9fd outcome=RETRYABLE cause=MQCLIENTEXCEPTION
2026-08-11T11:05:02.186+08:00 INFO  d.f.m.outbox.OutboxDispatcher request_id= idempotency_key= order_id= user_id= sku_id= payment_tx= - Outbox publication deferred outbox_id=8f38c135-649f-4ced-8ca8-dc2138038992 command_id=f78a25f5436fdbfbcde697f8effcad6866df00e73e3c5afcd4f8d06ec00c796d outcome=RETRYABLE cause=MQCLIENTEXCEPTION
2026-08-11T11:05:02.189+08:00 INFO  d.f.m.outbox.OutboxDispatcher request_id= idempotency_key= order_id= user_id= sku_id= payment_tx= - Outbox publication deferred outbox_id=7178a787-7b0e-46c4-8455-8351e1ca1d79 command_id=bd1d4ce6113b6ba1be5f8fbd511368181fd7f8f68f9088cb42fe857a38f2f3fb outcome=RETRYABLE cause=MQCLIENTEXCEPTION
2026-08-11T11:05:02.192+08:00 INFO  d.f.m.outbox.OutboxDispatcher request_id= idempotency_key= order_id= user_id= sku_id= payment_tx= - Outbox publication deferred outbox_id=a5881410-5f1c-44ad-89e2-e0d61bbd5c97 command_id=cdb102245afc48591c3a67ca5f19a98d40112204f595300b5181891d34d6bd42 outcome=RETRYABLE cause=MQCLIENTEXCEPTION
2026-08-11T11:05:02.304+08:00 INFO  d.f.m.outbox.OutboxDispatcher request_id= idempotency_key= order_id= user_id= sku_id= payment_tx= - Outbox publication deferred outbox_id=5ed841ed-346d-4455-9c9f-babd881bc200 command_id=ae249256301a2d2ae5b4a18b1e7db83d4943b801da40cb34b12c9be29f246590 outcome=RETRYABLE cause=MQCLIENTEXCEPTION
2026-08-11T11:05:02.307+08:00 INFO  d.f.m.outbox.OutboxDispatcher request_id= idempotency_key= order_id= user_id= sku_id= payment_tx= - Outbox publication deferred outbox_id=33daed09-5322-4a59-8b97-eb46e58b3adf command_id=7cfaa2bfc30c88ea34a3185a0b38100191f5f260b331a25f58cfd45d79e96660 outcome=RETRYABLE cause=MQCLIENTEXCEPTION
2026-08-11T11:05:02.309+08:00 INFO  d.f.m.outbox.OutboxDispatcher request_id= idempotency_key= order_id= user_id= sku_id= payment_tx= - Outbox publication deferred outbox_id=f72111c8-3c35-42e6-aca5-a572b9bb1472 command_id=19355afae530000cbe277a4662df979c77d8dcc729200f066f26d9e3d497e2c4 outcome=RETRYABLE cause=MQCLIENTEXCEPTION
2026-08-11T11:05:02.428+08:00 INFO  d.f.m.outbox.OutboxDispatcher request_id= idempotency_key= order_id= user_id= sku_id= payment_tx= - Outbox publication deferred outbox_id=e65e4613-ae97-440f-8f51-9e175738b7b9 command_id=8a3bdae335fa61aafe8b8c2974cbf946dc0f8df8b7c4fbcf76788490bbb441a9 outcome=RETRYABLE cause=MQCLIENTEXCEPTION
2026-08-11T11:05:02.433+08:00 INFO  d.f.m.outbox.OutboxDispatcher request_id= idempotency_key= order_id= user_id= sku_id= payment_tx= - Outbox publication deferred outbox_id=2706ed11-9fce-40d3-b6b7-1adb5e5fbdba command_id=1cb579775b67f643e2bc816ef136e854e54e881b50b495702475d85e719e06ec outcome=RETRYABLE cause=MQCLIENTEXCEPTION
2026-08-11T11:05:02.972+08:00 INFO  d.f.m.outbox.OutboxDispatcher request_id= idempotency_key= order_id= user_id= sku_id= payment_tx= - Outbox publication deferred outbox_id=ae93358d-d24e-42bc-812e-3506be408cb3 command_id=18001b2248c5a58c32d15f60ab06b0b2409c3a23c7a1afc649b34cafba2c5cf6 outcome=RETRYABLE cause=MQCLIENTEXCEPTION
2026-08-11T11:05:03.092+08:00 INFO  d.f.m.outbox.OutboxDispatcher request_id= idempotency_key= order_id= user_id= sku_id= payment_tx= - Outbox publication deferred outbox_id=dab4a2de-2a87-40c6-b0f5-d9a25ff6d0bd command_id=d2793eb123735ca77dbcb4cb1fd05912f6fb32d7aa0d919f2eb6af057eb7c72a outcome=RETRYABLE cause=MQCLIENTEXCEPTION
2026-08-11T11:05:03.095+08:00 INFO  d.f.m.outbox.OutboxDispatcher request_id= idempotency_key= order_id= user_id= sku_id= payment_tx= - Outbox publication deferred outbox_id=962bcedd-72ea-4ac6-b6a7-d9c5e5eeb494 command_id=d94b471ebe7c4319e98c92aeda82b0954c0d0c0a7e2b3f9c067c01b2d87dc8fc outcome=RETRYABLE cause=MQCLIENTEXCEPTION
2026-08-11T11:05:03.098+08:00 INFO  d.f.m.outbox.OutboxDispatcher request_id= idempotency_key= order_id= user_id= sku_id= payment_tx= - Outbox publication deferred outbox_id=996e9fdb-16dd-45e6-a544-fddf6b3f626d command_id=3cafedf7dc1bc8e155f13137d1ddc525a4d4fa7b6469019c134a823105dfd9fd outcome=RETRYABLE cause=MQCLIENTEXCEPTION
2026-08-11T11:05:03.211+08:00 INFO  d.f.m.outbox.OutboxDispatcher request_id= idempotency_key= order_id= user_id= sku_id= payment_tx= - Outbox publication deferred outbox_id=8f38c135-649f-4ced-8ca8-dc2138038992 command_id=f78a25f5436fdbfbcde697f8effcad6866df00e73e3c5afcd4f8d06ec00c796d outcome=RETRYABLE cause=MQCLIENTEXCEPTION
2026-08-11T11:05:03.214+08:00 INFO  d.f.m.outbox.OutboxDispatcher request_id= idempotency_key= order_id= user_id= sku_id= payment_tx= - Outbox publication deferred outbox_id=7178a787-7b0e-46c4-8455-8351e1ca1d79 command_id=bd1d4ce6113b6ba1be5f8fbd511368181fd7f8f68f9088cb42fe857a38f2f3fb outcome=RETRYABLE cause=MQCLIENTEXCEPTION
2026-08-11T11:05:03.216+08:00 INFO  d.f.m.outbox.OutboxDispatcher request_id= idempotency_key= order_id= user_id= sku_id= payment_tx= - Outbox publication deferred outbox_id=a5881410-5f1c-44ad-89e2-e0d61bbd5c97 command_id=cdb102245afc48591c3a67ca5f19a98d40112204f595300b5181891d34d6bd42 outcome=RETRYABLE cause=MQCLIENTEXCEPTION
2026-08-11T11:05:03.330+08:00 INFO  d.f.m.outbox.OutboxDispatcher request_id= idempotency_key= order_id= user_id= sku_id= payment_tx= - Outbox publication deferred outbox_id=5ed841ed-346d-4455-9c9f-babd881bc200 command_id=ae249256301a2d2ae5b4a18b1e7db83d4943b801da40cb34b12c9be29f246590 outcome=RETRYABLE cause=MQCLIENTEXCEPTION
2026-08-11T11:05:03.332+08:00 INFO  d.f.m.outbox.OutboxDispatcher request_id= idempotency_key= order_id= user_id= sku_id= payment_tx= - Outbox publication deferred outbox_id=33daed09-5322-4a59-8b97-eb46e58b3adf command_id=7cfaa2bfc30c88ea34a3185a0b38100191f5f260b331a25f58cfd45d79e96660 outcome=RETRYABLE cause=MQCLIENTEXCEPTION
2026-08-11T11:05:03.334+08:00 INFO  d.f.m.outbox.OutboxDispatcher request_id= idempotency_key= order_id= user_id= sku_id= payment_tx= - Outbox publication deferred outbox_id=f72111c8-3c35-42e6-aca5-a572b9bb1472 command_id=19355afae530000cbe277a4662df979c77d8dcc729200f066f26d9e3d497e2c4 outcome=RETRYABLE cause=MQCLIENTEXCEPTION
2026-08-11T11:05:03.446+08:00 INFO  d.f.m.outbox.OutboxDispatcher request_id= idempotency_key= order_id= user_id= sku_id= payment_tx= - Outbox publication deferred outbox_id=e65e4613-ae97-440f-8f51-9e175738b7b9 command_id=8a3bdae335fa61aafe8b8c2974cbf946dc0f8df8b7c4fbcf76788490bbb441a9 outcome=RETRYABLE cause=MQCLIENTEXCEPTION
2026-08-11T11:05:03.449+08:00 INFO  d.f.m.outbox.OutboxDispatcher request_id= idempotency_key= order_id= user_id= sku_id= payment_tx= - Outbox publication deferred outbox_id=2706ed11-9fce-40d3-b6b7-1adb5e5fbdba command_id=1cb579775b67f643e2bc816ef136e854e54e881b50b495702475d85e719e06ec outcome=RETRYABLE cause=MQCLIENTEXCEPTION
2026-08-11T11:05:03.988+08:00 INFO  d.f.m.outbox.OutboxDispatcher request_id= idempotency_key= order_id= user_id= sku_id= payment_tx= - Outbox publication deferred outbox_id=ae93358d-d24e-42bc-812e-3506be408cb3 command_id=18001b2248c5a58c32d15f60ab06b0b2409c3a23c7a1afc649b34cafba2c5cf6 outcome=RETRYABLE cause=MQCLIENTEXCEPTION
2026-08-11T11:05:04.097+08:00 INFO  d.f.m.outbox.OutboxDispatcher request_id= idempotency_key= order_id= user_id= sku_id= payment_tx= - Outbox publication deferred outbox_id=dab4a2de-2a87-40c6-b0f5-d9a25ff6d0bd command_id=d2793eb123735ca77dbcb4cb1fd05912f6fb32d7aa0d919f2eb6af057eb7c72a outcome=RETRYABLE cause=MQCLIENTEXCEPTION
2026-08-11T11:05:04.210+08:00 INFO  d.f.m.outbox.OutboxDispatcher request_id= idempotency_key= order_id= user_id= sku_id= payment_tx= - Outbox publication deferred outbox_id=962bcedd-72ea-4ac6-b6a7-d9c5e5eeb494 command_id=d94b471ebe7c4319e98c92aeda82b0954c0d0c0a7e2b3f9c067c01b2d87dc8fc outcome=RETRYABLE cause=MQCLIENTEXCEPTION
2026-08-11T11:05:04.214+08:00 INFO  d.f.m.outbox.OutboxDispatcher request_id= idempotency_key= order_id= user_id= sku_id= payment_tx= - Outbox publication deferred outbox_id=996e9fdb-16dd-45e6-a544-fddf6b3f626d command_id=3cafedf7dc1bc8e155f13137d1ddc525a4d4fa7b6469019c134a823105dfd9fd outcome=RETRYABLE cause=MQCLIENTEXCEPTION
2026-08-11T11:05:04.330+08:00 INFO  d.f.m.outbox.OutboxDispatcher request_id= idempotency_key= order_id= user_id= sku_id= payment_tx= - Outbox publication deferred outbox_id=8f38c135-649f-4ced-8ca8-dc2138038992 command_id=f78a25f5436fdbfbcde697f8effcad6866df00e73e3c5afcd4f8d06ec00c796d outcome=RETRYABLE cause=MQCLIENTEXCEPTION
2026-08-11T11:05:04.333+08:00 INFO  d.f.m.outbox.OutboxDispatcher request_id= idempotency_key= order_id= user_id= sku_id= payment_tx= - Outbox publication deferred outbox_id=7178a787-7b0e-46c4-8455-8351e1ca1d79 command_id=bd1d4ce6113b6ba1be5f8fbd511368181fd7f8f68f9088cb42fe857a38f2f3fb outcome=RETRYABLE cause=MQCLIENTEXCEPTION
2026-08-11T11:05:04.335+08:00 INFO  d.f.m.outbox.OutboxDispatcher request_id= idempotency_key= order_id= user_id= sku_id= payment_tx= - Outbox publication deferred outbox_id=a5881410-5f1c-44ad-89e2-e0d61bbd5c97 command_id=cdb102245afc48591c3a67ca5f19a98d40112204f595300b5181891d34d6bd42 outcome=RETRYABLE cause=MQCLIENTEXCEPTION
2026-08-11T11:05:04.448+08:00 INFO  d.f.m.outbox.OutboxDispatcher request_id= idempotency_key= order_id= user_id= sku_id= payment_tx= - Outbox publication deferred outbox_id=5ed841ed-346d-4455-9c9f-babd881bc200 command_id=ae249256301a2d2ae5b4a18b1e7db83d4943b801da40cb34b12c9be29f246590 outcome=RETRYABLE cause=MQCLIENTEXCEPTION
2026-08-11T11:05:04.452+08:00 INFO  d.f.m.outbox.OutboxDispatcher request_id= idempotency_key= order_id= user_id= sku_id= payment_tx= - Outbox publication deferred outbox_id=33daed09-5322-4a59-8b97-eb46e58b3adf command_id=7cfaa2bfc30c88ea34a3185a0b38100191f5f260b331a25f58cfd45d79e96660 outcome=RETRYABLE cause=MQCLIENTEXCEPTION
2026-08-11T11:05:04.455+08:00 INFO  d.f.m.outbox.OutboxDispatcher request_id= idempotency_key= order_id= user_id= sku_id= payment_tx= - Outbox publication deferred outbox_id=f72111c8-3c35-42e6-aca5-a572b9bb1472 command_id=19355afae530000cbe277a4662df979c77d8dcc729200f066f26d9e3d497e2c4 outcome=RETRYABLE cause=MQCLIENTEXCEPTION
2026-08-11T11:05:04.569+08:00 INFO  d.f.m.outbox.OutboxDispatcher request_id= idempotency_key= order_id= user_id= sku_id= payment_tx= - Outbox publication deferred outbox_id=e65e4613-ae97-440f-8f51-9e175738b7b9 command_id=8a3bdae335fa61aafe8b8c2974cbf946dc0f8df8b7c4fbcf76788490bbb441a9 outcome=RETRYABLE cause=MQCLIENTEXCEPTION
2026-08-11T11:05:04.572+08:00 INFO  d.f.m.outbox.OutboxDispatcher request_id= idempotency_key= order_id= user_id= sku_id= payment_tx= - Outbox publication deferred outbox_id=2706ed11-9fce-40d3-b6b7-1adb5e5fbdba command_id=1cb579775b67f643e2bc816ef136e854e54e881b50b495702475d85e719e06ec outcome=RETRYABLE cause=MQCLIENTEXCEPTION
2026-08-11T11:05:05.005+08:00 INFO  d.f.m.outbox.OutboxDispatcher request_id= idempotency_key= order_id= user_id= sku_id= payment_tx= - Outbox publication deferred outbox_id=ae93358d-d24e-42bc-812e-3506be408cb3 command_id=18001b2248c5a58c32d15f60ab06b0b2409c3a23c7a1afc649b34cafba2c5cf6 outcome=RETRYABLE cause=MQCLIENTEXCEPTION
2026-08-11T11:05:05.118+08:00 INFO  d.f.m.outbox.OutboxDispatcher request_id= idempotency_key= order_id= user_id= sku_id= payment_tx= - Outbox publication deferred outbox_id=dab4a2de-2a87-40c6-b0f5-d9a25ff6d0bd command_id=d2793eb123735ca77dbcb4cb1fd05912f6fb32d7aa0d919f2eb6af057eb7c72a outcome=RETRYABLE cause=MQCLIENTEXCEPTION
2026-08-11T11:05:05.231+08:00 INFO  d.f.m.outbox.OutboxDispatcher request_id= idempotency_key= order_id= user_id= sku_id= payment_tx= - Outbox publication deferred outbox_id=962bcedd-72ea-4ac6-b6a7-d9c5e5eeb494 command_id=d94b471ebe7c4319e98c92aeda82b0954c0d0c0a7e2b3f9c067c01b2d87dc8fc outcome=RETRYABLE cause=MQCLIENTEXCEPTION
2026-08-11T11:05:05.234+08:00 INFO  d.f.m.outbox.OutboxDispatcher request_id= idempotency_key= order_id= user_id= sku_id= payment_tx= - Outbox publication deferred outbox_id=996e9fdb-16dd-45e6-a544-fddf6b3f626d command_id=3cafedf7dc1bc8e155f13137d1ddc525a4d4fa7b6469019c134a823105dfd9fd outcome=RETRYABLE cause=MQCLIENTEXCEPTION
2026-08-11T11:05:05.344+08:00 INFO  d.f.m.outbox.OutboxDispatcher request_id= idempotency_key= order_id= user_id= sku_id= payment_tx= - Outbox publication deferred outbox_id=8f38c135-649f-4ced-8ca8-dc2138038992 command_id=f78a25f5436fdbfbcde697f8effcad6866df00e73e3c5afcd4f8d06ec00c796d outcome=RETRYABLE cause=MQCLIENTEXCEPTION
2026-08-11T11:05:05.346+08:00 INFO  d.f.m.outbox.OutboxDispatcher request_id= idempotency_key= order_id= user_id= sku_id= payment_tx= - Outbox publication deferred outbox_id=7178a787-7b0e-46c4-8455-8351e1ca1d79 command_id=bd1d4ce6113b6ba1be5f8fbd511368181fd7f8f68f9088cb42fe857a38f2f3fb outcome=RETRYABLE cause=MQCLIENTEXCEPTION
2026-08-11T11:05:05.348+08:00 INFO  d.f.m.outbox.OutboxDispatcher request_id= idempotency_key= order_id= user_id= sku_id= payment_tx= - Outbox publication deferred outbox_id=a5881410-5f1c-44ad-89e2-e0d61bbd5c97 command_id=cdb102245afc48591c3a67ca5f19a98d40112204f595300b5181891d34d6bd42 outcome=RETRYABLE cause=MQCLIENTEXCEPTION
2026-08-11T11:05:05.463+08:00 INFO  d.f.m.outbox.OutboxDispatcher request_id= idempotency_key= order_id= user_id= sku_id= payment_tx= - Outbox publication deferred outbox_id=5ed841ed-346d-4455-9c9f-babd881bc200 command_id=ae249256301a2d2ae5b4a18b1e7db83d4943b801da40cb34b12c9be29f246590 outcome=RETRYABLE cause=MQCLIENTEXCEPTION
2026-08-11T11:05:05.466+08:00 INFO  d.f.m.outbox.OutboxDispatcher request_id= idempotency_key= order_id= user_id= sku_id= payment_tx= - Outbox publication deferred outbox_id=33daed09-5322-4a59-8b97-eb46e58b3adf command_id=7cfaa2bfc30c88ea34a3185a0b38100191f5f260b331a25f58cfd45d79e96660 outcome=RETRYABLE cause=MQCLIENTEXCEPTION
2026-08-11T11:05:05.468+08:00 INFO  d.f.m.outbox.OutboxDispatcher request_id= idempotency_key= order_id= user_id= sku_id= payment_tx= - Outbox publication deferred outbox_id=f72111c8-3c35-42e6-aca5-a572b9bb1472 command_id=19355afae530000cbe277a4662df979c77d8dcc729200f066f26d9e3d497e2c4 outcome=RETRYABLE cause=MQCLIENTEXCEPTION
2026-08-11T11:05:05.581+08:00 INFO  d.f.m.outbox.OutboxDispatcher request_id= idempotency_key= order_id= user_id= sku_id= payment_tx= - Outbox publication deferred outbox_id=e65e4613-ae97-440f-8f51-9e175738b7b9 command_id=8a3bdae335fa61aafe8b8c2974cbf946dc0f8df8b7c4fbcf76788490bbb441a9 outcome=RETRYABLE cause=MQCLIENTEXCEPTION
2026-08-11T11:05:05.584+08:00 INFO  d.f.m.outbox.OutboxDispatcher request_id= idempotency_key= order_id= user_id= sku_id= payment_tx= - Outbox publication deferred outbox_id=2706ed11-9fce-40d3-b6b7-1adb5e5fbdba command_id=1cb579775b67f643e2bc816ef136e854e54e881b50b495702475d85e719e06ec outcome=RETRYABLE cause=MQCLIENTEXCEPTION
2026-08-11T11:05:06.015+08:00 INFO  d.f.m.outbox.OutboxDispatcher request_id= idempotency_key= order_id= user_id= sku_id= payment_tx= - Outbox publication deferred outbox_id=ae93358d-d24e-42bc-812e-3506be408cb3 command_id=18001b2248c5a58c32d15f60ab06b0b2409c3a23c7a1afc649b34cafba2c5cf6 outcome=RETRYABLE cause=MQCLIENTEXCEPTION
2026-08-11T11:05:06.127+08:00 INFO  d.f.m.outbox.OutboxDispatcher request_id= idempotency_key= order_id= user_id= sku_id= payment_tx= - Outbox publication deferred outbox_id=dab4a2de-2a87-40c6-b0f5-d9a25ff6d0bd command_id=d2793eb123735ca77dbcb4cb1fd05912f6fb32d7aa0d919f2eb6af057eb7c72a outcome=RETRYABLE cause=MQCLIENTEXCEPTION
2026-08-11T11:05:06.240+08:00 INFO  d.f.m.outbox.OutboxDispatcher request_id= idempotency_key= order_id= user_id= sku_id= payment_tx= - Outbox publication deferred outbox_id=962bcedd-72ea-4ac6-b6a7-d9c5e5eeb494 command_id=d94b471ebe7c4319e98c92aeda82b0954c0d0c0a7e2b3f9c067c01b2d87dc8fc outcome=RETRYABLE cause=MQCLIENTEXCEPTION
2026-08-11T11:05:06.356+08:00 INFO  d.f.m.outbox.OutboxDispatcher request_id= idempotency_key= order_id= user_id= sku_id= payment_tx= - Outbox publication deferred outbox_id=996e9fdb-16dd-45e6-a544-fddf6b3f626d command_id=3cafedf7dc1bc8e155f13137d1ddc525a4d4fa7b6469019c134a823105dfd9fd outcome=RETRYABLE cause=MQCLIENTEXCEPTION
2026-08-11T11:05:06.359+08:00 INFO  d.f.m.outbox.OutboxDispatcher request_id= idempotency_key= order_id= user_id= sku_id= payment_tx= - Outbox publication deferred outbox_id=8f38c135-649f-4ced-8ca8-dc2138038992 command_id=f78a25f5436fdbfbcde697f8effcad6866df00e73e3c5afcd4f8d06ec00c796d outcome=RETRYABLE cause=MQCLIENTEXCEPTION
2026-08-11T11:05:06.361+08:00 INFO  d.f.m.outbox.OutboxDispatcher request_id= idempotency_key= order_id= user_id= sku_id= payment_tx= - Outbox publication deferred outbox_id=7178a787-7b0e-46c4-8455-8351e1ca1d79 command_id=bd1d4ce6113b6ba1be5f8fbd511368181fd7f8f68f9088cb42fe857a38f2f3fb outcome=RETRYABLE cause=MQCLIENTEXCEPTION
2026-08-11T11:05:06.367+08:00 INFO  d.f.m.outbox.OutboxDispatcher request_id= idempotency_key= order_id= user_id= sku_id= payment_tx= - Outbox publication deferred outbox_id=a5881410-5f1c-44ad-89e2-e0d61bbd5c97 command_id=cdb102245afc48591c3a67ca5f19a98d40112204f595300b5181891d34d6bd42 outcome=RETRYABLE cause=MQCLIENTEXCEPTION
2026-08-11T11:05:06.479+08:00 INFO  d.f.m.outbox.OutboxDispatcher request_id= idempotency_key= order_id= user_id= sku_id= payment_tx= - Outbox publication deferred outbox_id=5ed841ed-346d-4455-9c9f-babd881bc200 command_id=ae249256301a2d2ae5b4a18b1e7db83d4943b801da40cb34b12c9be29f246590 outcome=RETRYABLE cause=MQCLIENTEXCEPTION
2026-08-11T11:05:06.482+08:00 INFO  d.f.m.outbox.OutboxDispatcher request_id= idempotency_key= order_id= user_id= sku_id= payment_tx= - Outbox publication deferred outbox_id=33daed09-5322-4a59-8b97-eb46e58b3adf command_id=7cfaa2bfc30c88ea34a3185a0b38100191f5f260b331a25f58cfd45d79e96660 outcome=RETRYABLE cause=MQCLIENTEXCEPTION
2026-08-11T11:05:06.483+08:00 INFO  d.f.m.outbox.OutboxDispatcher request_id= idempotency_key= order_id= user_id= sku_id= payment_tx= - Outbox publication deferred outbox_id=f72111c8-3c35-42e6-aca5-a572b9bb1472 command_id=19355afae530000cbe277a4662df979c77d8dcc729200f066f26d9e3d497e2c4 outcome=RETRYABLE cause=MQCLIENTEXCEPTION
2026-08-11T11:05:06.597+08:00 INFO  d.f.m.outbox.OutboxDispatcher request_id= idempotency_key= order_id= user_id= sku_id= payment_tx= - Outbox publication deferred outbox_id=e65e4613-ae97-440f-8f51-9e175738b7b9 command_id=8a3bdae335fa61aafe8b8c2974cbf946dc0f8df8b7c4fbcf76788490bbb441a9 outcome=RETRYABLE cause=MQCLIENTEXCEPTION
2026-08-11T11:05:06.601+08:00 INFO  d.f.m.outbox.OutboxDispatcher request_id= idempotency_key= order_id= user_id= sku_id= payment_tx= - Outbox publication deferred outbox_id=2706ed11-9fce-40d3-b6b7-1adb5e5fbdba command_id=1cb579775b67f643e2bc816ef136e854e54e881b50b495702475d85e719e06ec outcome=RETRYABLE cause=MQCLIENTEXCEPTION
2026-08-11T11:05:07.035+08:00 INFO  d.f.m.outbox.OutboxDispatcher request_id= idempotency_key= order_id= user_id= sku_id= payment_tx= - Outbox publication deferred outbox_id=ae93358d-d24e-42bc-812e-3506be408cb3 command_id=18001b2248c5a58c32d15f60ab06b0b2409c3a23c7a1afc649b34cafba2c5cf6 outcome=RETRYABLE cause=MQCLIENTEXCEPTION
2026-08-11T11:05:07.146+08:00 INFO  d.f.m.outbox.OutboxDispatcher request_id= idempotency_key= order_id= user_id= sku_id= payment_tx= - Outbox publication deferred outbox_id=dab4a2de-2a87-40c6-b0f5-d9a25ff6d0bd command_id=d2793eb123735ca77dbcb4cb1fd05912f6fb32d7aa0d919f2eb6af057eb7c72a outcome=RETRYABLE cause=MQCLIENTEXCEPTION
2026-08-11T11:05:07.260+08:00 INFO  d.f.m.outbox.OutboxDispatcher request_id= idempotency_key= order_id= user_id= sku_id= payment_tx= - Outbox publication deferred outbox_id=962bcedd-72ea-4ac6-b6a7-d9c5e5eeb494 command_id=d94b471ebe7c4319e98c92aeda82b0954c0d0c0a7e2b3f9c067c01b2d87dc8fc outcome=RETRYABLE cause=MQCLIENTEXCEPTION
2026-08-11T11:05:07.377+08:00 INFO  d.f.m.outbox.OutboxDispatcher request_id= idempotency_key= order_id= user_id= sku_id= payment_tx= - Outbox publication deferred outbox_id=996e9fdb-16dd-45e6-a544-fddf6b3f626d command_id=3cafedf7dc1bc8e155f13137d1ddc525a4d4fa7b6469019c134a823105dfd9fd outcome=RETRYABLE cause=MQCLIENTEXCEPTION
2026-08-11T11:05:07.379+08:00 INFO  d.f.m.outbox.OutboxDispatcher request_id= idempotency_key= order_id= user_id= sku_id= payment_tx= - Outbox publication deferred outbox_id=8f38c135-649f-4ced-8ca8-dc2138038992 command_id=f78a25f5436fdbfbcde697f8effcad6866df00e73e3c5afcd4f8d06ec00c796d outcome=RETRYABLE cause=MQCLIENTEXCEPTION
2026-08-11T11:05:07.382+08:00 INFO  d.f.m.outbox.OutboxDispatcher request_id= idempotency_key= order_id= user_id= sku_id= payment_tx= - Outbox publication deferred outbox_id=7178a787-7b0e-46c4-8455-8351e1ca1d79 command_id=bd1d4ce6113b6ba1be5f8fbd511368181fd7f8f68f9088cb42fe857a38f2f3fb outcome=RETRYABLE cause=MQCLIENTEXCEPTION
2026-08-11T11:05:07.384+08:00 INFO  d.f.m.outbox.OutboxDispatcher request_id= idempotency_key= order_id= user_id= sku_id= payment_tx= - Outbox publication deferred outbox_id=a5881410-5f1c-44ad-89e2-e0d61bbd5c97 command_id=cdb102245afc48591c3a67ca5f19a98d40112204f595300b5181891d34d6bd42 outcome=RETRYABLE cause=MQCLIENTEXCEPTION
2026-08-11T11:05:07.496+08:00 INFO  d.f.m.outbox.OutboxDispatcher request_id= idempotency_key= order_id= user_id= sku_id= payment_tx= - Outbox publication deferred outbox_id=5ed841ed-346d-4455-9c9f-babd881bc200 command_id=ae249256301a2d2ae5b4a18b1e7db83d4943b801da40cb34b12c9be29f246590 outcome=RETRYABLE cause=MQCLIENTEXCEPTION
2026-08-11T11:05:07.498+08:00 INFO  d.f.m.outbox.OutboxDispatcher request_id= idempotency_key= order_id= user_id= sku_id= payment_tx= - Outbox publication deferred outbox_id=33daed09-5322-4a59-8b97-eb46e58b3adf command_id=7cfaa2bfc30c88ea34a3185a0b38100191f5f260b331a25f58cfd45d79e96660 outcome=RETRYABLE cause=MQCLIENTEXCEPTION
2026-08-11T11:05:07.501+08:00 INFO  d.f.m.outbox.OutboxDispatcher request_id= idempotency_key= order_id= user_id= sku_id= payment_tx= - Outbox publication deferred outbox_id=f72111c8-3c35-42e6-aca5-a572b9bb1472 command_id=19355afae530000cbe277a4662df979c77d8dcc729200f066f26d9e3d497e2c4 outcome=RETRYABLE cause=MQCLIENTEXCEPTION
2026-08-11T11:05:07.614+08:00 INFO  d.f.m.outbox.OutboxDispatcher request_id= idempotency_key= order_id= user_id= sku_id= payment_tx= - Outbox publication deferred outbox_id=e65e4613-ae97-440f-8f51-9e175738b7b9 command_id=8a3bdae335fa61aafe8b8c2974cbf946dc0f8df8b7c4fbcf76788490bbb441a9 outcome=RETRYABLE cause=MQCLIENTEXCEPTION
2026-08-11T11:05:07.617+08:00 INFO  d.f.m.outbox.OutboxDispatcher request_id= idempotency_key= order_id= user_id= sku_id= payment_tx= - Outbox publication deferred outbox_id=2706ed11-9fce-40d3-b6b7-1adb5e5fbdba command_id=1cb579775b67f643e2bc816ef136e854e54e881b50b495702475d85e719e06ec outcome=RETRYABLE cause=MQCLIENTEXCEPTION
2026-08-11T11:05:08.052+08:00 INFO  d.f.m.outbox.OutboxDispatcher request_id= idempotency_key= order_id= user_id= sku_id= payment_tx= - Outbox publication deferred outbox_id=ae93358d-d24e-42bc-812e-3506be408cb3 command_id=18001b2248c5a58c32d15f60ab06b0b2409c3a23c7a1afc649b34cafba2c5cf6 outcome=RETRYABLE cause=MQCLIENTEXCEPTION
2026-08-11T11:05:08.161+08:00 INFO  d.f.m.outbox.OutboxDispatcher request_id= idempotency_key= order_id= user_id= sku_id= payment_tx= - Outbox publication deferred outbox_id=dab4a2de-2a87-40c6-b0f5-d9a25ff6d0bd command_id=d2793eb123735ca77dbcb4cb1fd05912f6fb32d7aa0d919f2eb6af057eb7c72a outcome=RETRYABLE cause=MQCLIENTEXCEPTION
2026-08-11T11:05:08.270+08:00 INFO  d.f.m.outbox.OutboxDispatcher request_id= idempotency_key= order_id= user_id= sku_id= payment_tx= - Outbox publication deferred outbox_id=962bcedd-72ea-4ac6-b6a7-d9c5e5eeb494 command_id=d94b471ebe7c4319e98c92aeda82b0954c0d0c0a7e2b3f9c067c01b2d87dc8fc outcome=RETRYABLE cause=MQCLIENTEXCEPTION
2026-08-11T11:05:08.498+08:00 INFO  d.f.m.outbox.OutboxDispatcher request_id= idempotency_key= order_id= user_id= sku_id= payment_tx= - Outbox publication deferred outbox_id=996e9fdb-16dd-45e6-a544-fddf6b3f626d command_id=3cafedf7dc1bc8e155f13137d1ddc525a4d4fa7b6469019c134a823105dfd9fd outcome=RETRYABLE cause=MQCLIENTEXCEPTION
2026-08-11T11:05:08.502+08:00 INFO  d.f.m.outbox.OutboxDispatcher request_id= idempotency_key= order_id= user_id= sku_id= payment_tx= - Outbox publication deferred outbox_id=8f38c135-649f-4ced-8ca8-dc2138038992 command_id=f78a25f5436fdbfbcde697f8effcad6866df00e73e3c5afcd4f8d06ec00c796d outcome=RETRYABLE cause=MQCLIENTEXCEPTION
2026-08-11T11:05:08.505+08:00 INFO  d.f.m.outbox.OutboxDispatcher request_id= idempotency_key= order_id= user_id= sku_id= payment_tx= - Outbox publication deferred outbox_id=7178a787-7b0e-46c4-8455-8351e1ca1d79 command_id=bd1d4ce6113b6ba1be5f8fbd511368181fd7f8f68f9088cb42fe857a38f2f3fb outcome=RETRYABLE cause=MQCLIENTEXCEPTION
2026-08-11T11:05:08.508+08:00 INFO  d.f.m.outbox.OutboxDispatcher request_id= idempotency_key= order_id= user_id= sku_id= payment_tx= - Outbox publication deferred outbox_id=a5881410-5f1c-44ad-89e2-e0d61bbd5c97 command_id=cdb102245afc48591c3a67ca5f19a98d40112204f595300b5181891d34d6bd42 outcome=RETRYABLE cause=MQCLIENTEXCEPTION
2026-08-11T11:05:08.623+08:00 INFO  d.f.m.outbox.OutboxDispatcher request_id= idempotency_key= order_id= user_id= sku_id= payment_tx= - Outbox publication deferred outbox_id=5ed841ed-346d-4455-9c9f-babd881bc200 command_id=ae249256301a2d2ae5b4a18b1e7db83d4943b801da40cb34b12c9be29f246590 outcome=RETRYABLE cause=MQCLIENTEXCEPTION
2026-08-11T11:05:08.625+08:00 INFO  d.f.m.outbox.OutboxDispatcher request_id= idempotency_key= order_id= user_id= sku_id= payment_tx= - Outbox publication deferred outbox_id=33daed09-5322-4a59-8b97-eb46e58b3adf command_id=7cfaa2bfc30c88ea34a3185a0b38100191f5f260b331a25f58cfd45d79e96660 outcome=RETRYABLE cause=MQCLIENTEXCEPTION
2026-08-11T11:05:08.627+08:00 INFO  d.f.m.outbox.OutboxDispatcher request_id= idempotency_key= order_id= user_id= sku_id= payment_tx= - Outbox publication deferred outbox_id=f72111c8-3c35-42e6-aca5-a572b9bb1472 command_id=19355afae530000cbe277a4662df979c77d8dcc729200f066f26d9e3d497e2c4 outcome=RETRYABLE cause=MQCLIENTEXCEPTION
2026-08-11T11:05:08.630+08:00 INFO  d.f.m.outbox.OutboxDispatcher request_id= idempotency_key= order_id= user_id= sku_id= payment_tx= - Outbox publication deferred outbox_id=e65e4613-ae97-440f-8f51-9e175738b7b9 command_id=8a3bdae335fa61aafe8b8c2974cbf946dc0f8df8b7c4fbcf76788490bbb441a9 outcome=RETRYABLE cause=MQCLIENTEXCEPTION
2026-08-11T11:05:08.738+08:00 INFO  d.f.m.outbox.OutboxDispatcher request_id= idempotency_key= order_id= user_id= sku_id= payment_tx= - Outbox publication deferred outbox_id=2706ed11-9fce-40d3-b6b7-1adb5e5fbdba command_id=1cb579775b67f643e2bc816ef136e854e54e881b50b495702475d85e719e06ec outcome=RETRYABLE cause=MQCLIENTEXCEPTION
2026-08-11T11:05:09.072+08:00 INFO  d.f.m.outbox.OutboxDispatcher request_id= idempotency_key= order_id= user_id= sku_id= payment_tx= - Outbox publication deferred outbox_id=ae93358d-d24e-42bc-812e-3506be408cb3 command_id=18001b2248c5a58c32d15f60ab06b0b2409c3a23c7a1afc649b34cafba2c5cf6 outcome=RETRYABLE cause=MQCLIENTEXCEPTION
2026-08-11T11:05:09.189+08:00 INFO  d.f.m.outbox.OutboxDispatcher request_id= idempotency_key= order_id= user_id= sku_id= payment_tx= - Outbox publication deferred outbox_id=dab4a2de-2a87-40c6-b0f5-d9a25ff6d0bd command_id=d2793eb123735ca77dbcb4cb1fd05912f6fb32d7aa0d919f2eb6af057eb7c72a outcome=RETRYABLE cause=MQCLIENTEXCEPTION
2026-08-11T11:05:09.317+08:00 INFO  d.f.m.outbox.OutboxDispatcher request_id= idempotency_key= order_id= user_id= sku_id= payment_tx= - Outbox publication deferred outbox_id=962bcedd-72ea-4ac6-b6a7-d9c5e5eeb494 command_id=d94b471ebe7c4319e98c92aeda82b0954c0d0c0a7e2b3f9c067c01b2d87dc8fc outcome=RETRYABLE cause=MQCLIENTEXCEPTION
2026-08-11T11:05:09.570+08:00 INFO  d.f.m.outbox.OutboxDispatcher request_id= idempotency_key= order_id= user_id= sku_id= payment_tx= - Outbox publication outbox_id=996e9fdb-16dd-45e6-a544-fddf6b3f626d command_id=3cafedf7dc1bc8e155f13137d1ddc525a4d4fa7b6469019c134a823105dfd9fd outcome=ACKNOWLEDGED
2026-08-11T11:05:09.579+08:00 INFO  d.f.m.outbox.OutboxDispatcher request_id= idempotency_key= order_id= user_id= sku_id= payment_tx= - Outbox publication outbox_id=8f38c135-649f-4ced-8ca8-dc2138038992 command_id=f78a25f5436fdbfbcde697f8effcad6866df00e73e3c5afcd4f8d06ec00c796d outcome=ACKNOWLEDGED
2026-08-11T11:05:09.588+08:00 INFO  d.f.m.outbox.OutboxDispatcher request_id= idempotency_key= order_id= user_id= sku_id= payment_tx= - Outbox publication outbox_id=7178a787-7b0e-46c4-8455-8351e1ca1d79 command_id=bd1d4ce6113b6ba1be5f8fbd511368181fd7f8f68f9088cb42fe857a38f2f3fb outcome=ACKNOWLEDGED
2026-08-11T11:05:09.597+08:00 INFO  d.f.m.outbox.OutboxDispatcher request_id= idempotency_key= order_id= user_id= sku_id= payment_tx= - Outbox publication outbox_id=a5881410-5f1c-44ad-89e2-e0d61bbd5c97 command_id=cdb102245afc48591c3a67ca5f19a98d40112204f595300b5181891d34d6bd42 outcome=ACKNOWLEDGED
2026-08-11T11:05:09.714+08:00 INFO  d.f.m.outbox.OutboxDispatcher request_id= idempotency_key= order_id= user_id= sku_id= payment_tx= - Outbox publication outbox_id=5ed841ed-346d-4455-9c9f-babd881bc200 command_id=ae249256301a2d2ae5b4a18b1e7db83d4943b801da40cb34b12c9be29f246590 outcome=ACKNOWLEDGED
2026-08-11T11:05:09.717+08:00 INFO  d.f.m.outbox.OutboxDispatcher request_id= idempotency_key= order_id= user_id= sku_id= payment_tx= - Outbox publication outbox_id=33daed09-5322-4a59-8b97-eb46e58b3adf command_id=7cfaa2bfc30c88ea34a3185a0b38100191f5f260b331a25f58cfd45d79e96660 outcome=ACKNOWLEDGED
2026-08-11T11:05:09.722+08:00 INFO  d.f.m.outbox.OutboxDispatcher request_id= idempotency_key= order_id= user_id= sku_id= payment_tx= - Outbox publication outbox_id=f72111c8-3c35-42e6-aca5-a572b9bb1472 command_id=19355afae530000cbe277a4662df979c77d8dcc729200f066f26d9e3d497e2c4 outcome=ACKNOWLEDGED
2026-08-11T11:05:09.727+08:00 INFO  d.f.m.outbox.OutboxDispatcher request_id= idempotency_key= order_id= user_id= sku_id= payment_tx= - Outbox publication outbox_id=e65e4613-ae97-440f-8f51-9e175738b7b9 command_id=8a3bdae335fa61aafe8b8c2974cbf946dc0f8df8b7c4fbcf76788490bbb441a9 outcome=ACKNOWLEDGED
2026-08-11T11:05:09.841+08:00 INFO  d.f.m.outbox.OutboxDispatcher request_id= idempotency_key= order_id= user_id= sku_id= payment_tx= - Outbox publication outbox_id=2706ed11-9fce-40d3-b6b7-1adb5e5fbdba command_id=1cb579775b67f643e2bc816ef136e854e54e881b50b495702475d85e719e06ec outcome=ACKNOWLEDGED
2026-08-11T11:05:10.167+08:00 INFO  d.f.m.outbox.OutboxDispatcher request_id= idempotency_key= order_id= user_id= sku_id= payment_tx= - Outbox publication outbox_id=ae93358d-d24e-42bc-812e-3506be408cb3 command_id=18001b2248c5a58c32d15f60ab06b0b2409c3a23c7a1afc649b34cafba2c5cf6 outcome=ACKNOWLEDGED
2026-08-11T11:05:10.284+08:00 INFO  d.f.m.outbox.OutboxDispatcher request_id= idempotency_key= order_id= user_id= sku_id= payment_tx= - Outbox publication outbox_id=dab4a2de-2a87-40c6-b0f5-d9a25ff6d0bd command_id=d2793eb123735ca77dbcb4cb1fd05912f6fb32d7aa0d919f2eb6af057eb7c72a outcome=ACKNOWLEDGED
2026-08-11T11:05:10.412+08:00 INFO  d.f.m.outbox.OutboxDispatcher request_id= idempotency_key= order_id= user_id= sku_id= payment_tx= - Outbox publication outbox_id=962bcedd-72ea-4ac6-b6a7-d9c5e5eeb494 command_id=d94b471ebe7c4319e98c92aeda82b0954c0d0c0a7e2b3f9c067c01b2d87dc8fc outcome=ACKNOWLEDGED
2026-08-11T11:05:10.542+08:00 INFO  o.s.b.w.e.tomcat.GracefulShutdown request_id= idempotency_key= order_id= user_id= sku_id= payment_tx= - Commencing graceful shutdown. Waiting for active requests to complete
2026-08-11T11:05:12.552+08:00 INFO  o.s.b.w.e.tomcat.GracefulShutdown request_id= idempotency_key= order_id= user_id= sku_id= payment_tx= - Graceful shutdown complete
2026-08-11T11:05:12.552+08:00 ERROR org.apache.tomcat.util.net.Acceptor request_id= idempotency_key= order_id= user_id= sku_id= payment_tx= - Socket accept failed
java.nio.channels.AsynchronousCloseException: null
	at java.base/java.nio.channels.spi.AbstractInterruptibleChannel.end(AbstractInterruptibleChannel.java:218)
	at java.base/sun.nio.ch.ServerSocketChannelImpl.end(ServerSocketChannelImpl.java:372)
	at java.base/sun.nio.ch.ServerSocketChannelImpl.accept(ServerSocketChannelImpl.java:397)
	at org.apache.tomcat.util.net.NioEndpoint.serverSocketAccept(NioEndpoint.java:537)
	at org.apache.tomcat.util.net.NioEndpoint.serverSocketAccept(NioEndpoint.java:72)
	at org.apache.tomcat.util.net.Acceptor.run(Acceptor.java:127)
	at java.base/java.lang.Thread.run(Thread.java:1516)
2026-08-11T11:05:13.210+08:00 INFO  com.zaxxer.hikari.HikariDataSource request_id= idempotency_key= order_id= user_id= sku_id= payment_tx= - HikariPool-1 - Shutdown initiated...
2026-08-11T11:05:13.212+08:00 INFO  com.zaxxer.hikari.HikariDataSource request_id= idempotency_key= order_id= user_id= sku_id= payment_tx= - HikariPool-1 - Shutdown completed.
[INFO] Tests run: 1, Failures: 0, Errors: 0, Skipped: 0, Time elapsed: 38.31 s -- in dev.flashflow.V4OutboxBacklogDrainIntegrationTest
[INFO] Running dev.flashflow.ExperimentManifestValidatorTest
[INFO] Tests run: 4, Failures: 0, Errors: 0, Skipped: 0, Time elapsed: 0.014 s -- in dev.flashflow.ExperimentManifestValidatorTest
[INFO] Running dev.flashflow.V4OutboxProducerAckLossIntegrationTest
2026-08-11T11:05:13.239+08:00 INFO  o.s.t.c.s.AnnotationConfigContextLoaderUtils request_id= idempotency_key= order_id= user_id= sku_id= payment_tx= - Could not detect default configuration classes for test class [dev.flashflow.V4OutboxProducerAckLossIntegrationTest]: V4OutboxProducerAckLossIntegrationTest does not declare any static, non-private, non-final, nested classes annotated with @Configuration.
2026-08-11T11:05:13.240+08:00 INFO  o.s.b.t.c.SpringBootTestContextBootstrapper request_id= idempotency_key= order_id= user_id= sku_id= payment_tx= - Found @SpringBootConfiguration dev.flashflow.FlashFlowApplication for test class dev.flashflow.V4OutboxProducerAckLossIntegrationTest

  .   ____          _            __ _ _
 /\\ / ___'_ __ _ _(_)_ __  __ _ \ \ \ \
( ( )\___ | '_ | '_| | '_ \/ _` | \ \ \ \
 \\/  ___)| |_)| | | | | || (_| |  ) ) ) )
  '  |____| .__|_| |_|_| |_\__, | / / / /
 =========|_|==============|___/=/_/_/_/

 :: Spring Boot ::                (v3.5.5)

2026-08-11T11:05:13.258+08:00 INFO  d.f.V4OutboxProducerAckLossIntegrationTest request_id= idempotency_key= order_id= user_id= sku_id= payment_tx= - Starting V4OutboxProducerAckLossIntegrationTest using Java 26.0.2 with PID 79116 (started by yuzheng in /Users/yuzheng/Computeracy/Zhenkun26-GitHub/FlashFlow)
2026-08-11T11:05:13.258+08:00 INFO  d.f.V4OutboxProducerAckLossIntegrationTest request_id= idempotency_key= order_id= user_id= sku_id= payment_tx= - The following 1 profile is active: "test"
2026-08-11T11:05:13.385+08:00 INFO  o.s.d.r.c.RepositoryConfigurationDelegate request_id= idempotency_key= order_id= user_id= sku_id= payment_tx= - Multiple Spring Data modules found, entering strict repository configuration mode
2026-08-11T11:05:13.385+08:00 INFO  o.s.d.r.c.RepositoryConfigurationDelegate request_id= idempotency_key= order_id= user_id= sku_id= payment_tx= - Bootstrapping Spring Data Redis repositories in DEFAULT mode.
2026-08-11T11:05:13.391+08:00 INFO  o.s.d.r.c.RepositoryConfigurationDelegate request_id= idempotency_key= order_id= user_id= sku_id= payment_tx= - Finished Spring Data repository scanning in 4 ms. Found 0 Redis repository interfaces.
2026-08-11T11:05:13.413+08:00 INFO  o.s.b.w.e.tomcat.TomcatWebServer request_id= idempotency_key= order_id= user_id= sku_id= payment_tx= - Tomcat initialized with port 0 (http)
2026-08-11T11:05:13.414+08:00 INFO  o.a.catalina.core.StandardService request_id= idempotency_key= order_id= user_id= sku_id= payment_tx= - Starting service [Tomcat]
2026-08-11T11:05:13.415+08:00 INFO  o.a.catalina.core.StandardEngine request_id= idempotency_key= order_id= user_id= sku_id= payment_tx= - Starting Servlet engine: [Apache Tomcat/10.1.44]
2026-08-11T11:05:13.422+08:00 INFO  o.a.c.c.C.[Tomcat].[localhost].[/] request_id= idempotency_key= order_id= user_id= sku_id= payment_tx= - Initializing Spring embedded WebApplicationContext
2026-08-11T11:05:13.422+08:00 INFO  o.s.b.w.s.c.ServletWebServerApplicationContext request_id= idempotency_key= order_id= user_id= sku_id= payment_tx= - Root WebApplicationContext: initialization completed in 163 ms
Standard Commons Logging discovery in action with spring-jcl: please remove commons-logging.jar from classpath in order to avoid potential conflicts
2026-08-11T11:05:13.456+08:00 INFO  com.zaxxer.hikari.HikariDataSource request_id= idempotency_key= order_id= user_id= sku_id= payment_tx= - HikariPool-2 - Starting...
2026-08-11T11:05:13.468+08:00 INFO  com.zaxxer.hikari.pool.HikariPool request_id= idempotency_key= order_id= user_id= sku_id= payment_tx= - HikariPool-2 - Added connection com.mysql.cj.jdbc.ConnectionImpl@31a89b54
2026-08-11T11:05:13.468+08:00 INFO  com.zaxxer.hikari.HikariDataSource request_id= idempotency_key= order_id= user_id= sku_id= payment_tx= - HikariPool-2 - Start completed.
2026-08-11T11:05:13.472+08:00 INFO  org.flywaydb.core.FlywayExecutor request_id= idempotency_key= order_id= user_id= sku_id= payment_tx= - Database: jdbc:mysql://localhost:63467/flashflow (MySQL 8.4)
2026-08-11T11:05:13.477+08:00 WARN  o.f.c.i.database.base.Database request_id= idempotency_key= order_id= user_id= sku_id= payment_tx= - Flyway upgrade recommended: MySQL 8.4 is newer than this version of Flyway and support has not been tested. The latest supported version of MySQL is 8.1.
2026-08-11T11:05:13.490+08:00 INFO  o.f.core.internal.command.DbValidate request_id= idempotency_key= order_id= user_id= sku_id= payment_tx= - Successfully validated 4 migrations (execution time 00:00.009s)
2026-08-11T11:05:13.493+08:00 INFO  o.f.core.internal.command.DbMigrate request_id= idempotency_key= order_id= user_id= sku_id= payment_tx= - Current version of schema `flashflow`: 4
2026-08-11T11:05:13.493+08:00 INFO  o.f.core.internal.command.DbMigrate request_id= idempotency_key= order_id= user_id= sku_id= payment_tx= - Schema `flashflow` is up to date. No migration necessary.
2026-08-11T11:05:13.646+08:00 INFO  o.s.b.a.e.web.EndpointLinksResolver request_id= idempotency_key= order_id= user_id= sku_id= payment_tx= - Exposing 2 endpoints beneath base path '/actuator'
2026-08-11T11:05:13.652+08:00 INFO  o.s.b.w.e.tomcat.TomcatWebServer request_id= idempotency_key= order_id= user_id= sku_id= payment_tx= - Tomcat started on port 50188 (http) with context path '/'
2026-08-11T11:05:13.654+08:00 INFO  d.f.V4OutboxProducerAckLossIntegrationTest request_id= idempotency_key= order_id= user_id= sku_id= payment_tx= - Started V4OutboxProducerAckLossIntegrationTest in 0.412 seconds (process running for 39.185)
2026-08-11T11:05:15.702+08:00 INFO  o.a.c.c.C.[Tomcat].[localhost].[/] request_id= idempotency_key= order_id= user_id= sku_id= payment_tx= - Initializing Spring DispatcherServlet 'dispatcherServlet'
2026-08-11T11:05:15.702+08:00 INFO  o.s.web.servlet.DispatcherServlet request_id= idempotency_key= order_id= user_id= sku_id= payment_tx= - Initializing Servlet 'dispatcherServlet'
2026-08-11T11:05:15.702+08:00 INFO  o.s.web.servlet.DispatcherServlet request_id= idempotency_key= order_id= user_id= sku_id= payment_tx= - Completed initialization in 0 ms
2026-08-11T11:05:15.728+08:00 INFO  d.f.m.o.OutboxAsyncOrderApplicationService request_id=ba29e5f8-0741-4a3c-8ba8-f8643ef13d94 idempotency_key=key-v4-ack-loss-5f59228f order_id= user_id=user-v4-ack-loss-5f59228f sku_id=sku-v4-ack-loss-5f59228f payment_tx= - Durable Outbox acceptance command_id=b5f4b3e90cc49b5579e972422d098e10e60bfb070457e82b1ede3261f0a71337 status=ACCEPTED
2026-08-11T11:05:15.863+08:00 WARN  d.f.m.outbox.OutboxDispatcher request_id= idempotency_key= order_id= user_id= sku_id= payment_tx= - Outbox dispatch poll failed cause=INJECTEDMESSAGINGFAULT
2026-08-11T11:05:19.878+08:00 INFO  d.f.m.outbox.OutboxDispatcher request_id= idempotency_key= order_id= user_id= sku_id= payment_tx= - Outbox publication outbox_id=9a8b99b4-3d5d-4b6d-b3cb-8bc359d70f0a command_id=b5f4b3e90cc49b5579e972422d098e10e60bfb070457e82b1ede3261f0a71337 outcome=ACKNOWLEDGED
2026-08-11T11:05:19.950+08:00 INFO  o.s.b.w.e.tomcat.GracefulShutdown request_id= idempotency_key= order_id= user_id= sku_id= payment_tx= - Commencing graceful shutdown. Waiting for active requests to complete
2026-08-11T11:05:21.956+08:00 INFO  o.s.b.w.e.tomcat.GracefulShutdown request_id= idempotency_key= order_id= user_id= sku_id= payment_tx= - Graceful shutdown complete
2026-08-11T11:05:21.956+08:00 ERROR org.apache.tomcat.util.net.Acceptor request_id= idempotency_key= order_id= user_id= sku_id= payment_tx= - Socket accept failed
java.nio.channels.AsynchronousCloseException: null
	at java.base/java.nio.channels.spi.AbstractInterruptibleChannel.end(AbstractInterruptibleChannel.java:218) ~[na:na]
	at java.base/sun.nio.ch.ServerSocketChannelImpl.end(ServerSocketChannelImpl.java:372) ~[na:na]
	at java.base/sun.nio.ch.ServerSocketChannelImpl.accept(ServerSocketChannelImpl.java:397) ~[na:na]
	at org.apache.tomcat.util.net.NioEndpoint.serverSocketAccept(NioEndpoint.java:537) ~[tomcat-embed-core-10.1.44.jar:10.1.44]
	at org.apache.tomcat.util.net.NioEndpoint.serverSocketAccept(NioEndpoint.java:72) ~[tomcat-embed-core-10.1.44.jar:10.1.44]
	at org.apache.tomcat.util.net.Acceptor.run(Acceptor.java:127) ~[tomcat-embed-core-10.1.44.jar:10.1.44]
	at java.base/java.lang.Thread.run(Thread.java:1516) ~[na:na]
2026-08-11T11:05:22.017+08:00 INFO  com.zaxxer.hikari.HikariDataSource request_id= idempotency_key= order_id= user_id= sku_id= payment_tx= - HikariPool-2 - Shutdown initiated...
2026-08-11T11:05:22.019+08:00 INFO  com.zaxxer.hikari.HikariDataSource request_id= idempotency_key= order_id= user_id= sku_id= payment_tx= - HikariPool-2 - Shutdown completed.
[INFO] Tests run: 1, Failures: 0, Errors: 0, Skipped: 0, Time elapsed: 8.785 s -- in dev.flashflow.V4OutboxProducerAckLossIntegrationTest
[INFO] Running dev.flashflow.ExpirationRollbackIntegrationTest
2026-08-11T11:05:22.024+08:00 INFO  o.s.t.c.s.AnnotationConfigContextLoaderUtils request_id= idempotency_key= order_id= user_id= sku_id= payment_tx= - Could not detect default configuration classes for test class [dev.flashflow.ExpirationRollbackIntegrationTest]: ExpirationRollbackIntegrationTest does not declare any static, non-private, non-final, nested classes annotated with @Configuration.
2026-08-11T11:05:22.026+08:00 INFO  o.s.b.t.c.SpringBootTestContextBootstrapper request_id= idempotency_key= order_id= user_id= sku_id= payment_tx= - Found @SpringBootConfiguration dev.flashflow.FlashFlowApplication for test class dev.flashflow.ExpirationRollbackIntegrationTest

  .   ____          _            __ _ _
 /\\ / ___'_ __ _ _(_)_ __  __ _ \ \ \ \
( ( )\___ | '_ | '_| | '_ \/ _` | \ \ \ \
 \\/  ___)| |_)| | | | | || (_| |  ) ) ) )
  '  |____| .__|_| |_|_| |_\__, | / / / /
 =========|_|==============|___/=/_/_/_/

 :: Spring Boot ::                (v3.5.5)

2026-08-11T11:05:22.038+08:00 INFO  d.f.ExpirationRollbackIntegrationTest request_id= idempotency_key= order_id= user_id= sku_id= payment_tx= - Starting ExpirationRollbackIntegrationTest using Java 26.0.2 with PID 79116 (started by yuzheng in /Users/yuzheng/Computeracy/Zhenkun26-GitHub/FlashFlow)
2026-08-11T11:05:22.038+08:00 INFO  d.f.ExpirationRollbackIntegrationTest request_id= idempotency_key= order_id= user_id= sku_id= payment_tx= - The following 1 profile is active: "test"
2026-08-11T11:05:22.101+08:00 INFO  o.s.d.r.c.RepositoryConfigurationDelegate request_id= idempotency_key= order_id= user_id= sku_id= payment_tx= - Multiple Spring Data modules found, entering strict repository configuration mode
2026-08-11T11:05:22.101+08:00 INFO  o.s.d.r.c.RepositoryConfigurationDelegate request_id= idempotency_key= order_id= user_id= sku_id= payment_tx= - Bootstrapping Spring Data Redis repositories in DEFAULT mode.
2026-08-11T11:05:22.106+08:00 INFO  o.s.d.r.c.RepositoryConfigurationDelegate request_id= idempotency_key= order_id= user_id= sku_id= payment_tx= - Finished Spring Data repository scanning in 4 ms. Found 0 Redis repository interfaces.
2026-08-11T11:05:22.216+08:00 INFO  com.zaxxer.hikari.HikariDataSource request_id= idempotency_key= order_id= user_id= sku_id= payment_tx= - HikariPool-3 - Starting...
2026-08-11T11:05:22.224+08:00 INFO  com.zaxxer.hikari.pool.HikariPool request_id= idempotency_key= order_id= user_id= sku_id= payment_tx= - HikariPool-3 - Added connection com.mysql.cj.jdbc.ConnectionImpl@1464019a
2026-08-11T11:05:22.225+08:00 INFO  com.zaxxer.hikari.HikariDataSource request_id= idempotency_key= order_id= user_id= sku_id= payment_tx= - HikariPool-3 - Start completed.
2026-08-11T11:05:22.227+08:00 INFO  org.flywaydb.core.FlywayExecutor request_id= idempotency_key= order_id= user_id= sku_id= payment_tx= - Database: jdbc:mysql://localhost:63467/flashflow (MySQL 8.4)
2026-08-11T11:05:22.230+08:00 WARN  o.f.c.i.database.base.Database request_id= idempotency_key= order_id= user_id= sku_id= payment_tx= - Flyway upgrade recommended: MySQL 8.4 is newer than this version of Flyway and support has not been tested. The latest supported version of MySQL is 8.1.
2026-08-11T11:05:22.234+08:00 INFO  o.f.core.internal.command.DbValidate request_id= idempotency_key= order_id= user_id= sku_id= payment_tx= - Successfully validated 4 migrations (execution time 00:00.003s)
2026-08-11T11:05:22.238+08:00 INFO  o.f.core.internal.command.DbMigrate request_id= idempotency_key= order_id= user_id= sku_id= payment_tx= - Current version of schema `flashflow`: 4
2026-08-11T11:05:22.238+08:00 INFO  o.f.core.internal.command.DbMigrate request_id= idempotency_key= order_id= user_id= sku_id= payment_tx= - Schema `flashflow` is up to date. No migration necessary.
2026-08-11T11:05:22.307+08:00 INFO  o.s.b.a.e.web.EndpointLinksResolver request_id= idempotency_key= order_id= user_id= sku_id= payment_tx= - Exposing 2 endpoints beneath base path '/actuator'
2026-08-11T11:05:22.313+08:00 INFO  d.f.ExpirationRollbackIntegrationTest request_id= idempotency_key= order_id= user_id= sku_id= payment_tx= - Started ExpirationRollbackIntegrationTest in 0.284 seconds (process running for 47.843)
[INFO] Tests run: 1, Failures: 0, Errors: 0, Skipped: 0, Time elapsed: 0.348 s -- in dev.flashflow.ExpirationRollbackIntegrationTest
[INFO] Running dev.flashflow.MigrationConstraintTest
2026-08-11T11:05:22.372+08:00 INFO  o.s.t.c.s.AnnotationConfigContextLoaderUtils request_id= idempotency_key= order_id= user_id= sku_id= payment_tx= - Could not detect default configuration classes for test class [dev.flashflow.MigrationConstraintTest]: MigrationConstraintTest does not declare any static, non-private, non-final, nested classes annotated with @Configuration.
2026-08-11T11:05:22.373+08:00 INFO  o.s.b.t.c.SpringBootTestContextBootstrapper request_id= idempotency_key= order_id= user_id= sku_id= payment_tx= - Found @SpringBootConfiguration dev.flashflow.FlashFlowApplication for test class dev.flashflow.MigrationConstraintTest

  .   ____          _            __ _ _
 /\\ / ___'_ __ _ _(_)_ __  __ _ \ \ \ \
( ( )\___ | '_ | '_| | '_ \/ _` | \ \ \ \
 \\/  ___)| |_)| | | | | || (_| |  ) ) ) )
  '  |____| .__|_| |_|_| |_\__, | / / / /
 =========|_|==============|___/=/_/_/_/

 :: Spring Boot ::                (v3.5.5)

2026-08-11T11:05:22.379+08:00 INFO  d.flashflow.MigrationConstraintTest request_id= idempotency_key= order_id= user_id= sku_id= payment_tx= - Starting MigrationConstraintTest using Java 26.0.2 with PID 79116 (started by yuzheng in /Users/yuzheng/Computeracy/Zhenkun26-GitHub/FlashFlow)
2026-08-11T11:05:22.379+08:00 INFO  d.flashflow.MigrationConstraintTest request_id= idempotency_key= order_id= user_id= sku_id= payment_tx= - The following 1 profile is active: "test"
2026-08-11T11:05:22.436+08:00 INFO  o.s.d.r.c.RepositoryConfigurationDelegate request_id= idempotency_key= order_id= user_id= sku_id= payment_tx= - Multiple Spring Data modules found, entering strict repository configuration mode
2026-08-11T11:05:22.436+08:00 INFO  o.s.d.r.c.RepositoryConfigurationDelegate request_id= idempotency_key= order_id= user_id= sku_id= payment_tx= - Bootstrapping Spring Data Redis repositories in DEFAULT mode.
2026-08-11T11:05:22.440+08:00 INFO  o.s.d.r.c.RepositoryConfigurationDelegate request_id= idempotency_key= order_id= user_id= sku_id= payment_tx= - Finished Spring Data repository scanning in 3 ms. Found 0 Redis repository interfaces.
2026-08-11T11:05:22.464+08:00 INFO  com.zaxxer.hikari.HikariDataSource request_id= idempotency_key= order_id= user_id= sku_id= payment_tx= - HikariPool-4 - Starting...
2026-08-11T11:05:22.472+08:00 INFO  com.zaxxer.hikari.pool.HikariPool request_id= idempotency_key= order_id= user_id= sku_id= payment_tx= - HikariPool-4 - Added connection com.mysql.cj.jdbc.ConnectionImpl@68fc6e20
2026-08-11T11:05:22.472+08:00 INFO  com.zaxxer.hikari.HikariDataSource request_id= idempotency_key= order_id= user_id= sku_id= payment_tx= - HikariPool-4 - Start completed.
2026-08-11T11:05:22.475+08:00 INFO  org.flywaydb.core.FlywayExecutor request_id= idempotency_key= order_id= user_id= sku_id= payment_tx= - Database: jdbc:mysql://localhost:63467/flashflow (MySQL 8.4)
2026-08-11T11:05:22.478+08:00 WARN  o.f.c.i.database.base.Database request_id= idempotency_key= order_id= user_id= sku_id= payment_tx= - Flyway upgrade recommended: MySQL 8.4 is newer than this version of Flyway and support has not been tested. The latest supported version of MySQL is 8.1.
2026-08-11T11:05:22.483+08:00 INFO  o.f.core.internal.command.DbValidate request_id= idempotency_key= order_id= user_id= sku_id= payment_tx= - Successfully validated 4 migrations (execution time 00:00.003s)
2026-08-11T11:05:22.486+08:00 INFO  o.f.core.internal.command.DbMigrate request_id= idempotency_key= order_id= user_id= sku_id= payment_tx= - Current version of schema `flashflow`: 4
2026-08-11T11:05:22.486+08:00 INFO  o.f.core.internal.command.DbMigrate request_id= idempotency_key= order_id= user_id= sku_id= payment_tx= - Schema `flashflow` is up to date. No migration necessary.
2026-08-11T11:05:22.553+08:00 INFO  o.s.b.a.e.web.EndpointLinksResolver request_id= idempotency_key= order_id= user_id= sku_id= payment_tx= - Exposing 2 endpoints beneath base path '/actuator'
2026-08-11T11:05:22.558+08:00 INFO  d.flashflow.MigrationConstraintTest request_id= idempotency_key= order_id= user_id= sku_id= payment_tx= - Started MigrationConstraintTest in 0.183 seconds (process running for 48.088)
[INFO] Tests run: 2, Failures: 0, Errors: 0, Skipped: 0, Time elapsed: 0.225 s -- in dev.flashflow.MigrationConstraintTest
[INFO] Running dev.flashflow.DomainStateTest
[INFO] Tests run: 3, Failures: 0, Errors: 0, Skipped: 0, Time elapsed: 0.001 s -- in dev.flashflow.DomainStateTest
[INFO] Running dev.flashflow.PaymentAndExpirationIntegrationTest
2026-08-11T11:05:22.598+08:00 INFO  o.s.t.c.s.AnnotationConfigContextLoaderUtils request_id= idempotency_key= order_id= user_id= sku_id= payment_tx= - Could not detect default configuration classes for test class [dev.flashflow.PaymentAndExpirationIntegrationTest]: PaymentAndExpirationIntegrationTest does not declare any static, non-private, non-final, nested classes annotated with @Configuration.
2026-08-11T11:05:22.599+08:00 INFO  o.s.b.t.c.SpringBootTestContextBootstrapper request_id= idempotency_key= order_id= user_id= sku_id= payment_tx= - Found @SpringBootConfiguration dev.flashflow.FlashFlowApplication for test class dev.flashflow.PaymentAndExpirationIntegrationTest
[INFO] Tests run: 3, Failures: 0, Errors: 0, Skipped: 0, Time elapsed: 0.084 s -- in dev.flashflow.PaymentAndExpirationIntegrationTest
[INFO] Running dev.flashflow.ExpirationAdmissionFailureIntegrationTest
2026-08-11T11:05:22.683+08:00 INFO  o.s.t.c.s.AnnotationConfigContextLoaderUtils request_id= idempotency_key= order_id= user_id= sku_id= payment_tx= - Could not detect default configuration classes for test class [dev.flashflow.ExpirationAdmissionFailureIntegrationTest]: ExpirationAdmissionFailureIntegrationTest does not declare any static, non-private, non-final, nested classes annotated with @Configuration.
2026-08-11T11:05:22.683+08:00 INFO  o.s.b.t.c.SpringBootTestContextBootstrapper request_id= idempotency_key= order_id= user_id= sku_id= payment_tx= - Found @SpringBootConfiguration dev.flashflow.FlashFlowApplication for test class dev.flashflow.ExpirationAdmissionFailureIntegrationTest

  .   ____          _            __ _ _
 /\\ / ___'_ __ _ _(_)_ __  __ _ \ \ \ \
( ( )\___ | '_ | '_| | '_ \/ _` | \ \ \ \
 \\/  ___)| |_)| | | | | || (_| |  ) ) ) )
  '  |____| .__|_| |_|_| |_\__, | / / / /
 =========|_|==============|___/=/_/_/_/

 :: Spring Boot ::                (v3.5.5)

2026-08-11T11:05:22.691+08:00 INFO  d.f.ExpirationAdmissionFailureIntegrationTest request_id= idempotency_key= order_id= user_id= sku_id= payment_tx= - Starting ExpirationAdmissionFailureIntegrationTest using Java 26.0.2 with PID 79116 (started by yuzheng in /Users/yuzheng/Computeracy/Zhenkun26-GitHub/FlashFlow)
2026-08-11T11:05:22.691+08:00 INFO  d.f.ExpirationAdmissionFailureIntegrationTest request_id= idempotency_key= order_id= user_id= sku_id= payment_tx= - The following 1 profile is active: "test"
2026-08-11T11:05:22.745+08:00 INFO  o.s.d.r.c.RepositoryConfigurationDelegate request_id= idempotency_key= order_id= user_id= sku_id= payment_tx= - Multiple Spring Data modules found, entering strict repository configuration mode
2026-08-11T11:05:22.745+08:00 INFO  o.s.d.r.c.RepositoryConfigurationDelegate request_id= idempotency_key= order_id= user_id= sku_id= payment_tx= - Bootstrapping Spring Data Redis repositories in DEFAULT mode.
2026-08-11T11:05:22.749+08:00 INFO  o.s.d.r.c.RepositoryConfigurationDelegate request_id= idempotency_key= order_id= user_id= sku_id= payment_tx= - Finished Spring Data repository scanning in 3 ms. Found 0 Redis repository interfaces.
2026-08-11T11:05:22.927+08:00 INFO  com.zaxxer.hikari.HikariDataSource request_id= idempotency_key= order_id= user_id= sku_id= payment_tx= - HikariPool-5 - Starting...
2026-08-11T11:05:22.939+08:00 INFO  com.zaxxer.hikari.pool.HikariPool request_id= idempotency_key= order_id= user_id= sku_id= payment_tx= - HikariPool-5 - Added connection com.mysql.cj.jdbc.ConnectionImpl@17f192fb
2026-08-11T11:05:22.940+08:00 INFO  com.zaxxer.hikari.HikariDataSource request_id= idempotency_key= order_id= user_id= sku_id= payment_tx= - HikariPool-5 - Start completed.
2026-08-11T11:05:22.944+08:00 INFO  org.flywaydb.core.FlywayExecutor request_id= idempotency_key= order_id= user_id= sku_id= payment_tx= - Database: jdbc:mysql://localhost:63467/flashflow (MySQL 8.4)
2026-08-11T11:05:22.949+08:00 WARN  o.f.c.i.database.base.Database request_id= idempotency_key= order_id= user_id= sku_id= payment_tx= - Flyway upgrade recommended: MySQL 8.4 is newer than this version of Flyway and support has not been tested. The latest supported version of MySQL is 8.1.
2026-08-11T11:05:22.957+08:00 INFO  o.f.core.internal.command.DbValidate request_id= idempotency_key= order_id= user_id= sku_id= payment_tx= - Successfully validated 4 migrations (execution time 00:00.006s)
2026-08-11T11:05:22.965+08:00 INFO  o.f.core.internal.command.DbMigrate request_id= idempotency_key= order_id= user_id= sku_id= payment_tx= - Current version of schema `flashflow`: 4
2026-08-11T11:05:22.966+08:00 INFO  o.f.core.internal.command.DbMigrate request_id= idempotency_key= order_id= user_id= sku_id= payment_tx= - Schema `flashflow` is up to date. No migration necessary.
2026-08-11T11:05:23.129+08:00 INFO  o.s.b.a.e.web.EndpointLinksResolver request_id= idempotency_key= order_id= user_id= sku_id= payment_tx= - Exposing 2 endpoints beneath base path '/actuator'
2026-08-11T11:05:23.146+08:00 INFO  d.f.ExpirationAdmissionFailureIntegrationTest request_id= idempotency_key= order_id= user_id= sku_id= payment_tx= - Started ExpirationAdmissionFailureIntegrationTest in 0.462 seconds (process running for 48.676)
[INFO] Tests run: 1, Failures: 0, Errors: 0, Skipped: 0, Time elapsed: 0.525 s -- in dev.flashflow.ExpirationAdmissionFailureIntegrationTest
[INFO] Running dev.flashflow.DelayedExpirationIntegrationTest
2026-08-11T11:05:23.209+08:00 INFO  o.s.t.c.s.AnnotationConfigContextLoaderUtils request_id= idempotency_key= order_id= user_id= sku_id= payment_tx= - Could not detect default configuration classes for test class [dev.flashflow.DelayedExpirationIntegrationTest]: DelayedExpirationIntegrationTest does not declare any static, non-private, non-final, nested classes annotated with @Configuration.
2026-08-11T11:05:23.210+08:00 INFO  o.s.b.t.c.SpringBootTestContextBootstrapper request_id= idempotency_key= order_id= user_id= sku_id= payment_tx= - Found @SpringBootConfiguration dev.flashflow.FlashFlowApplication for test class dev.flashflow.DelayedExpirationIntegrationTest
[INFO] Tests run: 2, Failures: 0, Errors: 0, Skipped: 0, Time elapsed: 0.148 s -- in dev.flashflow.DelayedExpirationIntegrationTest
[INFO] Running dev.flashflow.ForeignKeyLockUpgradeIntegrationTest
2026-08-11T11:05:23.358+08:00 INFO  o.s.t.c.s.AnnotationConfigContextLoaderUtils request_id= idempotency_key= order_id= user_id= sku_id= payment_tx= - Could not detect default configuration classes for test class [dev.flashflow.ForeignKeyLockUpgradeIntegrationTest]: ForeignKeyLockUpgradeIntegrationTest does not declare any static, non-private, non-final, nested classes annotated with @Configuration.
2026-08-11T11:05:23.359+08:00 INFO  o.s.b.t.c.SpringBootTestContextBootstrapper request_id= idempotency_key= order_id= user_id= sku_id= payment_tx= - Found @SpringBootConfiguration dev.flashflow.FlashFlowApplication for test class dev.flashflow.ForeignKeyLockUpgradeIntegrationTest
[INFO] Tests run: 2, Failures: 0, Errors: 0, Skipped: 0, Time elapsed: 0.130 s -- in dev.flashflow.ForeignKeyLockUpgradeIntegrationTest
[INFO] Running dev.flashflow.MessagingReadinessReporterTest
[INFO] Tests run: 3, Failures: 0, Errors: 0, Skipped: 0, Time elapsed: 0.016 s -- in dev.flashflow.MessagingReadinessReporterTest
[INFO] Running dev.flashflow.ExperimentReporterTest
[INFO] Tests run: 1, Failures: 0, Errors: 0, Skipped: 0, Time elapsed: 0.001 s -- in dev.flashflow.ExperimentReporterTest
[INFO] Running dev.flashflow.admission.AdmissionReconciliationFailureTest
[INFO] Tests run: 1, Failures: 0, Errors: 0, Skipped: 0, Time elapsed: 0.011 s -- in dev.flashflow.admission.AdmissionReconciliationFailureTest
[INFO] Running dev.flashflow.admission.RedisLuaAdmissionFailureTest
[INFO] Tests run: 1, Failures: 0, Errors: 0, Skipped: 0, Time elapsed: 0.164 s -- in dev.flashflow.admission.RedisLuaAdmissionFailureTest
[INFO] Running dev.flashflow.ConcurrentIdempotencyIntegrationTest
2026-08-11T11:05:23.683+08:00 INFO  o.s.t.c.s.AnnotationConfigContextLoaderUtils request_id= idempotency_key= order_id= user_id= sku_id= payment_tx= - Could not detect default configuration classes for test class [dev.flashflow.ConcurrentIdempotencyIntegrationTest]: ConcurrentIdempotencyIntegrationTest does not declare any static, non-private, non-final, nested classes annotated with @Configuration.
2026-08-11T11:05:23.683+08:00 INFO  o.s.b.t.c.SpringBootTestContextBootstrapper request_id= idempotency_key= order_id= user_id= sku_id= payment_tx= - Found @SpringBootConfiguration dev.flashflow.FlashFlowApplication for test class dev.flashflow.ConcurrentIdempotencyIntegrationTest
[INFO] Tests run: 2, Failures: 0, Errors: 0, Skipped: 0, Time elapsed: 0.139 s -- in dev.flashflow.ConcurrentIdempotencyIntegrationTest
[INFO] Running dev.flashflow.OutboxAcceptanceIntegrationTest
2026-08-11T11:05:23.823+08:00 INFO  o.s.t.c.s.AnnotationConfigContextLoaderUtils request_id= idempotency_key= order_id= user_id= sku_id= payment_tx= - Could not detect default configuration classes for test class [dev.flashflow.OutboxAcceptanceIntegrationTest]: OutboxAcceptanceIntegrationTest does not declare any static, non-private, non-final, nested classes annotated with @Configuration.
2026-08-11T11:05:23.825+08:00 INFO  o.s.b.t.c.SpringBootTestContextBootstrapper request_id= idempotency_key= order_id= user_id= sku_id= payment_tx= - Found @SpringBootConfiguration dev.flashflow.FlashFlowApplication for test class dev.flashflow.OutboxAcceptanceIntegrationTest

  .   ____          _            __ _ _
 /\\ / ___'_ __ _ _(_)_ __  __ _ \ \ \ \
( ( )\___ | '_ | '_| | '_ \/ _` | \ \ \ \
 \\/  ___)| |_)| | | | | || (_| |  ) ) ) )
  '  |____| .__|_| |_|_| |_\__, | / / / /
 =========|_|==============|___/=/_/_/_/

 :: Spring Boot ::                (v3.5.5)

2026-08-11T11:05:23.836+08:00 INFO  d.f.OutboxAcceptanceIntegrationTest request_id= idempotency_key= order_id= user_id= sku_id= payment_tx= - Starting OutboxAcceptanceIntegrationTest using Java 26.0.2 with PID 79116 (started by yuzheng in /Users/yuzheng/Computeracy/Zhenkun26-GitHub/FlashFlow)
2026-08-11T11:05:23.836+08:00 INFO  d.f.OutboxAcceptanceIntegrationTest request_id= idempotency_key= order_id= user_id= sku_id= payment_tx= - The following 1 profile is active: "test"
2026-08-11T11:05:23.942+08:00 INFO  o.s.d.r.c.RepositoryConfigurationDelegate request_id= idempotency_key= order_id= user_id= sku_id= payment_tx= - Multiple Spring Data modules found, entering strict repository configuration mode
2026-08-11T11:05:23.942+08:00 INFO  o.s.d.r.c.RepositoryConfigurationDelegate request_id= idempotency_key= order_id= user_id= sku_id= payment_tx= - Bootstrapping Spring Data Redis repositories in DEFAULT mode.
2026-08-11T11:05:23.947+08:00 INFO  o.s.d.r.c.RepositoryConfigurationDelegate request_id= idempotency_key= order_id= user_id= sku_id= payment_tx= - Finished Spring Data repository scanning in 3 ms. Found 0 Redis repository interfaces.
2026-08-11T11:05:24.024+08:00 INFO  com.zaxxer.hikari.HikariDataSource request_id= idempotency_key= order_id= user_id= sku_id= payment_tx= - HikariPool-6 - Starting...
2026-08-11T11:05:24.030+08:00 INFO  com.zaxxer.hikari.pool.HikariPool request_id= idempotency_key= order_id= user_id= sku_id= payment_tx= - HikariPool-6 - Added connection com.mysql.cj.jdbc.ConnectionImpl@7e3a9bf
2026-08-11T11:05:24.031+08:00 INFO  com.zaxxer.hikari.HikariDataSource request_id= idempotency_key= order_id= user_id= sku_id= payment_tx= - HikariPool-6 - Start completed.
2026-08-11T11:05:24.032+08:00 INFO  org.flywaydb.core.FlywayExecutor request_id= idempotency_key= order_id= user_id= sku_id= payment_tx= - Database: jdbc:mysql://localhost:63467/flashflow (MySQL 8.4)
2026-08-11T11:05:24.035+08:00 WARN  o.f.c.i.database.base.Database request_id= idempotency_key= order_id= user_id= sku_id= payment_tx= - Flyway upgrade recommended: MySQL 8.4 is newer than this version of Flyway and support has not been tested. The latest supported version of MySQL is 8.1.
2026-08-11T11:05:24.039+08:00 INFO  o.f.core.internal.command.DbValidate request_id= idempotency_key= order_id= user_id= sku_id= payment_tx= - Successfully validated 4 migrations (execution time 00:00.003s)
2026-08-11T11:05:24.043+08:00 INFO  o.f.core.internal.command.DbMigrate request_id= idempotency_key= order_id= user_id= sku_id= payment_tx= - Current version of schema `flashflow`: 4
2026-08-11T11:05:24.043+08:00 INFO  o.f.core.internal.command.DbMigrate request_id= idempotency_key= order_id= user_id= sku_id= payment_tx= - Schema `flashflow` is up to date. No migration necessary.
2026-08-11T11:05:24.119+08:00 INFO  o.s.b.a.e.web.EndpointLinksResolver request_id= idempotency_key= order_id= user_id= sku_id= payment_tx= - Exposing 2 endpoints beneath base path '/actuator'
2026-08-11T11:05:24.127+08:00 INFO  d.f.OutboxAcceptanceIntegrationTest request_id= idempotency_key= order_id= user_id= sku_id= payment_tx= - Started OutboxAcceptanceIntegrationTest in 0.301 seconds (process running for 49.657)
[INFO] Tests run: 2, Failures: 0, Errors: 0, Skipped: 0, Time elapsed: 0.358 s -- in dev.flashflow.OutboxAcceptanceIntegrationTest
[INFO] Running dev.flashflow.RedisLuaAdmissionIntegrationTest
2026-08-11T11:05:24.183+08:00 INFO  o.s.t.c.s.AnnotationConfigContextLoaderUtils request_id= idempotency_key= order_id= user_id= sku_id= payment_tx= - Could not detect default configuration classes for test class [dev.flashflow.RedisLuaAdmissionIntegrationTest]: RedisLuaAdmissionIntegrationTest does not declare any static, non-private, non-final, nested classes annotated with @Configuration.
2026-08-11T11:05:24.183+08:00 INFO  o.s.b.t.c.SpringBootTestContextBootstrapper request_id= idempotency_key= order_id= user_id= sku_id= payment_tx= - Found @SpringBootConfiguration dev.flashflow.FlashFlowApplication for test class dev.flashflow.RedisLuaAdmissionIntegrationTest

  .   ____          _            __ _ _
 /\\ / ___'_ __ _ _(_)_ __  __ _ \ \ \ \
( ( )\___ | '_ | '_| | '_ \/ _` | \ \ \ \
 \\/  ___)| |_)| | | | | || (_| |  ) ) ) )
  '  |____| .__|_| |_|_| |_\__, | / / / /
 =========|_|==============|___/=/_/_/_/

 :: Spring Boot ::                (v3.5.5)

2026-08-11T11:05:24.191+08:00 INFO  d.f.RedisLuaAdmissionIntegrationTest request_id= idempotency_key= order_id= user_id= sku_id= payment_tx= - Starting RedisLuaAdmissionIntegrationTest using Java 26.0.2 with PID 79116 (started by yuzheng in /Users/yuzheng/Computeracy/Zhenkun26-GitHub/FlashFlow)
2026-08-11T11:05:24.191+08:00 INFO  d.f.RedisLuaAdmissionIntegrationTest request_id= idempotency_key= order_id= user_id= sku_id= payment_tx= - The following 1 profile is active: "test"
2026-08-11T11:05:24.261+08:00 INFO  o.s.d.r.c.RepositoryConfigurationDelegate request_id= idempotency_key= order_id= user_id= sku_id= payment_tx= - Multiple Spring Data modules found, entering strict repository configuration mode
2026-08-11T11:05:24.261+08:00 INFO  o.s.d.r.c.RepositoryConfigurationDelegate request_id= idempotency_key= order_id= user_id= sku_id= payment_tx= - Bootstrapping Spring Data Redis repositories in DEFAULT mode.
2026-08-11T11:05:24.265+08:00 INFO  o.s.d.r.c.RepositoryConfigurationDelegate request_id= idempotency_key= order_id= user_id= sku_id= payment_tx= - Finished Spring Data repository scanning in 4 ms. Found 0 Redis repository interfaces.
2026-08-11T11:05:24.300+08:00 INFO  com.zaxxer.hikari.HikariDataSource request_id= idempotency_key= order_id= user_id= sku_id= payment_tx= - HikariPool-7 - Starting...
2026-08-11T11:05:24.308+08:00 INFO  com.zaxxer.hikari.pool.HikariPool request_id= idempotency_key= order_id= user_id= sku_id= payment_tx= - HikariPool-7 - Added connection com.mysql.cj.jdbc.ConnectionImpl@7797b489
2026-08-11T11:05:24.308+08:00 INFO  com.zaxxer.hikari.HikariDataSource request_id= idempotency_key= order_id= user_id= sku_id= payment_tx= - HikariPool-7 - Start completed.
2026-08-11T11:05:24.311+08:00 INFO  org.flywaydb.core.FlywayExecutor request_id= idempotency_key= order_id= user_id= sku_id= payment_tx= - Database: jdbc:mysql://localhost:63467/flashflow (MySQL 8.4)
2026-08-11T11:05:24.315+08:00 WARN  o.f.c.i.database.base.Database request_id= idempotency_key= order_id= user_id= sku_id= payment_tx= - Flyway upgrade recommended: MySQL 8.4 is newer than this version of Flyway and support has not been tested. The latest supported version of MySQL is 8.1.
2026-08-11T11:05:24.320+08:00 INFO  o.f.core.internal.command.DbValidate request_id= idempotency_key= order_id= user_id= sku_id= payment_tx= - Successfully validated 4 migrations (execution time 00:00.004s)
2026-08-11T11:05:24.327+08:00 INFO  o.f.core.internal.command.DbMigrate request_id= idempotency_key= order_id= user_id= sku_id= payment_tx= - Current version of schema `flashflow`: 4
2026-08-11T11:05:24.327+08:00 INFO  o.f.core.internal.command.DbMigrate request_id= idempotency_key= order_id= user_id= sku_id= payment_tx= - Schema `flashflow` is up to date. No migration necessary.
2026-08-11T11:05:24.409+08:00 INFO  o.s.b.a.e.web.EndpointLinksResolver request_id= idempotency_key= order_id= user_id= sku_id= payment_tx= - Exposing 2 endpoints beneath base path '/actuator'
2026-08-11T11:05:24.426+08:00 INFO  d.f.RedisLuaAdmissionIntegrationTest request_id= idempotency_key= order_id= user_id= sku_id= payment_tx= - Started RedisLuaAdmissionIntegrationTest in 0.242 seconds (process running for 49.956)
[INFO] Tests run: 6, Failures: 0, Errors: 0, Skipped: 0, Time elapsed: 0.370 s -- in dev.flashflow.RedisLuaAdmissionIntegrationTest
[INFO] Running dev.flashflow.AdmissionReconciliationIntegrationTest
2026-08-11T11:05:24.554+08:00 INFO  o.s.t.c.s.AnnotationConfigContextLoaderUtils request_id= idempotency_key= order_id= user_id= sku_id= payment_tx= - Could not detect default configuration classes for test class [dev.flashflow.AdmissionReconciliationIntegrationTest]: AdmissionReconciliationIntegrationTest does not declare any static, non-private, non-final, nested classes annotated with @Configuration.
2026-08-11T11:05:24.555+08:00 INFO  o.s.b.t.c.SpringBootTestContextBootstrapper request_id= idempotency_key= order_id= user_id= sku_id= payment_tx= - Found @SpringBootConfiguration dev.flashflow.FlashFlowApplication for test class dev.flashflow.AdmissionReconciliationIntegrationTest
[INFO] Tests run: 6, Failures: 0, Errors: 0, Skipped: 0, Time elapsed: 0.214 s -- in dev.flashflow.AdmissionReconciliationIntegrationTest
[INFO] Running dev.flashflow.OrderCommandConsumerIntegrationTest
2026-08-11T11:05:24.768+08:00 INFO  o.s.t.c.s.AnnotationConfigContextLoaderUtils request_id= idempotency_key= order_id= user_id= sku_id= payment_tx= - Could not detect default configuration classes for test class [dev.flashflow.OrderCommandConsumerIntegrationTest]: OrderCommandConsumerIntegrationTest does not declare any static, non-private, non-final, nested classes annotated with @Configuration.
2026-08-11T11:05:24.769+08:00 INFO  o.s.b.t.c.SpringBootTestContextBootstrapper request_id= idempotency_key= order_id= user_id= sku_id= payment_tx= - Found @SpringBootConfiguration dev.flashflow.FlashFlowApplication for test class dev.flashflow.OrderCommandConsumerIntegrationTest
[INFO] Tests run: 4, Failures: 0, Errors: 0, Skipped: 0, Time elapsed: 0.130 s -- in dev.flashflow.OrderCommandConsumerIntegrationTest
[INFO] Running dev.flashflow.CommandLedgerIntegrationTest
2026-08-11T11:05:24.899+08:00 INFO  o.s.t.c.s.AnnotationConfigContextLoaderUtils request_id= idempotency_key= order_id= user_id= sku_id= payment_tx= - Could not detect default configuration classes for test class [dev.flashflow.CommandLedgerIntegrationTest]: CommandLedgerIntegrationTest does not declare any static, non-private, non-final, nested classes annotated with @Configuration.
2026-08-11T11:05:24.900+08:00 INFO  o.s.b.t.c.SpringBootTestContextBootstrapper request_id= idempotency_key= order_id= user_id= sku_id= payment_tx= - Found @SpringBootConfiguration dev.flashflow.FlashFlowApplication for test class dev.flashflow.CommandLedgerIntegrationTest
[INFO] Tests run: 2, Failures: 0, Errors: 0, Skipped: 0, Time elapsed: 0.042 s -- in dev.flashflow.CommandLedgerIntegrationTest
[INFO] Running dev.flashflow.V3ControlledComparisonIntegrationTest
2026-08-11T11:05:24.942+08:00 INFO  o.s.t.c.s.AnnotationConfigContextLoaderUtils request_id= idempotency_key= order_id= user_id= sku_id= payment_tx= - Could not detect default configuration classes for test class [dev.flashflow.V3ControlledComparisonIntegrationTest]: V3ControlledComparisonIntegrationTest does not declare any static, non-private, non-final, nested classes annotated with @Configuration.
2026-08-11T11:05:24.942+08:00 INFO  o.s.b.t.c.SpringBootTestContextBootstrapper request_id= idempotency_key= order_id= user_id= sku_id= payment_tx= - Found @SpringBootConfiguration dev.flashflow.FlashFlowApplication for test class dev.flashflow.V3ControlledComparisonIntegrationTest

  .   ____          _            __ _ _
 /\\ / ___'_ __ _ _(_)_ __  __ _ \ \ \ \
( ( )\___ | '_ | '_| | '_ \/ _` | \ \ \ \
 \\/  ___)| |_)| | | | | || (_| |  ) ) ) )
  '  |____| .__|_| |_|_| |_\__, | / / / /
 =========|_|==============|___/=/_/_/_/

 :: Spring Boot ::                (v3.5.5)

2026-08-11T11:05:24.950+08:00 INFO  d.f.V3ControlledComparisonIntegrationTest request_id= idempotency_key= order_id= user_id= sku_id= payment_tx= - Starting V3ControlledComparisonIntegrationTest using Java 26.0.2 with PID 79116 (started by yuzheng in /Users/yuzheng/Computeracy/Zhenkun26-GitHub/FlashFlow)
2026-08-11T11:05:24.950+08:00 INFO  d.f.V3ControlledComparisonIntegrationTest request_id= idempotency_key= order_id= user_id= sku_id= payment_tx= - The following 1 profile is active: "test"
2026-08-11T11:05:25.010+08:00 INFO  o.s.d.r.c.RepositoryConfigurationDelegate request_id= idempotency_key= order_id= user_id= sku_id= payment_tx= - Multiple Spring Data modules found, entering strict repository configuration mode
2026-08-11T11:05:25.010+08:00 INFO  o.s.d.r.c.RepositoryConfigurationDelegate request_id= idempotency_key= order_id= user_id= sku_id= payment_tx= - Bootstrapping Spring Data Redis repositories in DEFAULT mode.
2026-08-11T11:05:25.014+08:00 INFO  o.s.d.r.c.RepositoryConfigurationDelegate request_id= idempotency_key= order_id= user_id= sku_id= payment_tx= - Finished Spring Data repository scanning in 3 ms. Found 0 Redis repository interfaces.
2026-08-11T11:05:25.029+08:00 INFO  o.s.b.w.e.tomcat.TomcatWebServer request_id= idempotency_key= order_id= user_id= sku_id= payment_tx= - Tomcat initialized with port 0 (http)
2026-08-11T11:05:25.029+08:00 INFO  o.a.catalina.core.StandardService request_id= idempotency_key= order_id= user_id= sku_id= payment_tx= - Starting service [Tomcat]
2026-08-11T11:05:25.029+08:00 INFO  o.a.catalina.core.StandardEngine request_id= idempotency_key= order_id= user_id= sku_id= payment_tx= - Starting Servlet engine: [Apache Tomcat/10.1.44]
2026-08-11T11:05:25.036+08:00 INFO  o.a.c.c.C.[Tomcat].[localhost].[/] request_id= idempotency_key= order_id= user_id= sku_id= payment_tx= - Initializing Spring embedded WebApplicationContext
2026-08-11T11:05:25.036+08:00 INFO  o.s.b.w.s.c.ServletWebServerApplicationContext request_id= idempotency_key= order_id= user_id= sku_id= payment_tx= - Root WebApplicationContext: initialization completed in 85 ms
Standard Commons Logging discovery in action with spring-jcl: please remove commons-logging.jar from classpath in order to avoid potential conflicts
2026-08-11T11:05:25.059+08:00 INFO  com.zaxxer.hikari.HikariDataSource request_id= idempotency_key= order_id= user_id= sku_id= payment_tx= - HikariPool-8 - Starting...
2026-08-11T11:05:25.067+08:00 INFO  com.zaxxer.hikari.pool.HikariPool request_id= idempotency_key= order_id= user_id= sku_id= payment_tx= - HikariPool-8 - Added connection com.mysql.cj.jdbc.ConnectionImpl@4d088fd3
2026-08-11T11:05:25.067+08:00 INFO  com.zaxxer.hikari.HikariDataSource request_id= idempotency_key= order_id= user_id= sku_id= payment_tx= - HikariPool-8 - Start completed.
2026-08-11T11:05:25.070+08:00 INFO  org.flywaydb.core.FlywayExecutor request_id= idempotency_key= order_id= user_id= sku_id= payment_tx= - Database: jdbc:mysql://localhost:63467/flashflow (MySQL 8.4)
2026-08-11T11:05:25.073+08:00 WARN  o.f.c.i.database.base.Database request_id= idempotency_key= order_id= user_id= sku_id= payment_tx= - Flyway upgrade recommended: MySQL 8.4 is newer than this version of Flyway and support has not been tested. The latest supported version of MySQL is 8.1.
2026-08-11T11:05:25.078+08:00 INFO  o.f.core.internal.command.DbValidate request_id= idempotency_key= order_id= user_id= sku_id= payment_tx= - Successfully validated 4 migrations (execution time 00:00.003s)
2026-08-11T11:05:25.083+08:00 INFO  o.f.core.internal.command.DbMigrate request_id= idempotency_key= order_id= user_id= sku_id= payment_tx= - Current version of schema `flashflow`: 4
2026-08-11T11:05:25.083+08:00 INFO  o.f.core.internal.command.DbMigrate request_id= idempotency_key= order_id= user_id= sku_id= payment_tx= - Schema `flashflow` is up to date. No migration necessary.
2026-08-11T11:05:25.208+08:00 INFO  o.s.b.a.e.web.EndpointLinksResolver request_id= idempotency_key= order_id= user_id= sku_id= payment_tx= - Exposing 2 endpoints beneath base path '/actuator'
2026-08-11T11:05:25.214+08:00 INFO  o.s.b.w.e.tomcat.TomcatWebServer request_id= idempotency_key= order_id= user_id= sku_id= payment_tx= - Tomcat started on port 50271 (http) with context path '/'
2026-08-11T11:05:25.217+08:00 INFO  d.f.V3ControlledComparisonIntegrationTest request_id= idempotency_key= order_id= user_id= sku_id= payment_tx= - Started V3ControlledComparisonIntegrationTest in 0.274 seconds (process running for 50.746)
2026-08-11T11:05:27.257+08:00 INFO  o.a.c.c.C.[Tomcat].[localhost].[/] request_id= idempotency_key= order_id= user_id= sku_id= payment_tx= - Initializing Spring DispatcherServlet 'dispatcherServlet'
2026-08-11T11:05:27.257+08:00 INFO  o.s.web.servlet.DispatcherServlet request_id= idempotency_key= order_id= user_id= sku_id= payment_tx= - Initializing Servlet 'dispatcherServlet'
2026-08-11T11:05:27.258+08:00 INFO  o.s.web.servlet.DispatcherServlet request_id= idempotency_key= order_id= user_id= sku_id= payment_tx= - Completed initialization in 1 ms
2026-08-11T11:05:27.380+08:00 INFO  o.s.b.w.e.tomcat.GracefulShutdown request_id= idempotency_key= order_id= user_id= sku_id= payment_tx= - Commencing graceful shutdown. Waiting for active requests to complete
2026-08-11T11:05:29.386+08:00 INFO  o.s.b.w.e.tomcat.GracefulShutdown request_id= idempotency_key= order_id= user_id= sku_id= payment_tx= - Graceful shutdown complete
2026-08-11T11:05:29.386+08:00 ERROR org.apache.tomcat.util.net.Acceptor request_id= idempotency_key= order_id= user_id= sku_id= payment_tx= - Socket accept failed
java.nio.channels.AsynchronousCloseException: null
	at java.base/java.nio.channels.spi.AbstractInterruptibleChannel.end(AbstractInterruptibleChannel.java:218) ~[na:na]
	at java.base/sun.nio.ch.ServerSocketChannelImpl.end(ServerSocketChannelImpl.java:372) ~[na:na]
	at java.base/sun.nio.ch.ServerSocketChannelImpl.accept(ServerSocketChannelImpl.java:397) ~[na:na]
	at org.apache.tomcat.util.net.NioEndpoint.serverSocketAccept(NioEndpoint.java:537) ~[tomcat-embed-core-10.1.44.jar:10.1.44]
	at org.apache.tomcat.util.net.NioEndpoint.serverSocketAccept(NioEndpoint.java:72) ~[tomcat-embed-core-10.1.44.jar:10.1.44]
	at org.apache.tomcat.util.net.Acceptor.run(Acceptor.java:127) ~[tomcat-embed-core-10.1.44.jar:10.1.44]
	at java.base/java.lang.Thread.run(Thread.java:1516) ~[na:na]
2026-08-11T11:05:31.118+08:00 INFO  com.zaxxer.hikari.HikariDataSource request_id= idempotency_key= order_id= user_id= sku_id= payment_tx= - HikariPool-8 - Shutdown initiated...
2026-08-11T11:05:31.122+08:00 INFO  com.zaxxer.hikari.HikariDataSource request_id= idempotency_key= order_id= user_id= sku_id= payment_tx= - HikariPool-8 - Shutdown completed.
[ERROR] Tests run: 1, Failures: 1, Errors: 0, Skipped: 0, Time elapsed: 6.188 s <<< FAILURE! -- in dev.flashflow.V3ControlledComparisonIntegrationTest
[ERROR] dev.flashflow.V3ControlledComparisonIntegrationTest.separatesSynchronousCompletionFromV3AcceptanceAndCompletion -- Time elapsed: 2.160 s <<< FAILURE!
java.lang.AssertionError: 

Expecting actual:
  0.0
to be greater than or equal to:
  1.0

	at dev.flashflow.V3ControlledComparisonIntegrationTest.separatesSynchronousCompletionFromV3AcceptanceAndCompletion(V3ControlledComparisonIntegrationTest.java:89)
	at java.base/java.lang.reflect.Method.invoke(Method.java:565)
	at java.base/java.util.ArrayList.forEach(ArrayList.java:1612)
	at java.base/java.util.ArrayList.forEach(ArrayList.java:1612)

[INFO] Running dev.flashflow.shared.config.UnsafeStrategyGuardTest
[INFO] Tests run: 2, Failures: 0, Errors: 0, Skipped: 0, Time elapsed: 0.013 s -- in dev.flashflow.shared.config.UnsafeStrategyGuardTest
[INFO] Running dev.flashflow.shared.config.MessagingConfigurationGuardTest
[INFO] Tests run: 5, Failures: 0, Errors: 0, Skipped: 0, Time elapsed: 0.004 s -- in dev.flashflow.shared.config.MessagingConfigurationGuardTest
[INFO] Running dev.flashflow.shared.config.AdmissionConfigurationGuardTest
[INFO] Tests run: 2, Failures: 0, Errors: 0, Skipped: 0, Time elapsed: 0.002 s -- in dev.flashflow.shared.config.AdmissionConfigurationGuardTest
[INFO] Running dev.flashflow.AdmissionCrossStoreFailureIntegrationTest
2026-08-11T11:05:31.151+08:00 INFO  o.s.t.c.s.AnnotationConfigContextLoaderUtils request_id= idempotency_key= order_id= user_id= sku_id= payment_tx= - Could not detect default configuration classes for test class [dev.flashflow.AdmissionCrossStoreFailureIntegrationTest]: AdmissionCrossStoreFailureIntegrationTest does not declare any static, non-private, non-final, nested classes annotated with @Configuration.
2026-08-11T11:05:31.152+08:00 INFO  o.s.b.t.c.SpringBootTestContextBootstrapper request_id= idempotency_key= order_id= user_id= sku_id= payment_tx= - Found @SpringBootConfiguration dev.flashflow.FlashFlowApplication for test class dev.flashflow.AdmissionCrossStoreFailureIntegrationTest
[INFO] Tests run: 4, Failures: 0, Errors: 0, Skipped: 0, Time elapsed: 0.074 s -- in dev.flashflow.AdmissionCrossStoreFailureIntegrationTest
[INFO] Running dev.flashflow.LiveRocketMqRedeliveryIntegrationTest
2026-08-11T11:05:31.225+08:00 INFO  o.s.t.c.s.AnnotationConfigContextLoaderUtils request_id= idempotency_key= order_id= user_id= sku_id= payment_tx= - Could not detect default configuration classes for test class [dev.flashflow.LiveRocketMqRedeliveryIntegrationTest]: LiveRocketMqRedeliveryIntegrationTest does not declare any static, non-private, non-final, nested classes annotated with @Configuration.
2026-08-11T11:05:31.225+08:00 INFO  o.s.b.t.c.SpringBootTestContextBootstrapper request_id= idempotency_key= order_id= user_id= sku_id= payment_tx= - Found @SpringBootConfiguration dev.flashflow.FlashFlowApplication for test class dev.flashflow.LiveRocketMqRedeliveryIntegrationTest

  .   ____          _            __ _ _
 /\\ / ___'_ __ _ _(_)_ __  __ _ \ \ \ \
( ( )\___ | '_ | '_| | '_ \/ _` | \ \ \ \
 \\/  ___)| |_)| | | | | || (_| |  ) ) ) )
  '  |____| .__|_| |_|_| |_\__, | / / / /
 =========|_|==============|___/=/_/_/_/

 :: Spring Boot ::                (v3.5.5)

2026-08-11T11:05:31.233+08:00 INFO  d.f.LiveRocketMqRedeliveryIntegrationTest request_id= idempotency_key= order_id= user_id= sku_id= payment_tx= - Starting LiveRocketMqRedeliveryIntegrationTest using Java 26.0.2 with PID 79116 (started by yuzheng in /Users/yuzheng/Computeracy/Zhenkun26-GitHub/FlashFlow)
2026-08-11T11:05:31.233+08:00 INFO  d.f.LiveRocketMqRedeliveryIntegrationTest request_id= idempotency_key= order_id= user_id= sku_id= payment_tx= - The following 1 profile is active: "test"
2026-08-11T11:05:31.293+08:00 INFO  o.s.d.r.c.RepositoryConfigurationDelegate request_id= idempotency_key= order_id= user_id= sku_id= payment_tx= - Multiple Spring Data modules found, entering strict repository configuration mode
2026-08-11T11:05:31.293+08:00 INFO  o.s.d.r.c.RepositoryConfigurationDelegate request_id= idempotency_key= order_id= user_id= sku_id= payment_tx= - Bootstrapping Spring Data Redis repositories in DEFAULT mode.
2026-08-11T11:05:31.298+08:00 INFO  o.s.d.r.c.RepositoryConfigurationDelegate request_id= idempotency_key= order_id= user_id= sku_id= payment_tx= - Finished Spring Data repository scanning in 3 ms. Found 0 Redis repository interfaces.
2026-08-11T11:05:31.311+08:00 INFO  o.s.b.w.e.tomcat.TomcatWebServer request_id= idempotency_key= order_id= user_id= sku_id= payment_tx= - Tomcat initialized with port 0 (http)
2026-08-11T11:05:31.311+08:00 INFO  o.a.catalina.core.StandardService request_id= idempotency_key= order_id= user_id= sku_id= payment_tx= - Starting service [Tomcat]
2026-08-11T11:05:31.311+08:00 INFO  o.a.catalina.core.StandardEngine request_id= idempotency_key= order_id= user_id= sku_id= payment_tx= - Starting Servlet engine: [Apache Tomcat/10.1.44]
2026-08-11T11:05:31.317+08:00 INFO  o.a.c.c.C.[Tomcat].[localhost].[/] request_id= idempotency_key= order_id= user_id= sku_id= payment_tx= - Initializing Spring embedded WebApplicationContext
2026-08-11T11:05:31.317+08:00 INFO  o.s.b.w.s.c.ServletWebServerApplicationContext request_id= idempotency_key= order_id= user_id= sku_id= payment_tx= - Root WebApplicationContext: initialization completed in 83 ms
Standard Commons Logging discovery in action with spring-jcl: please remove commons-logging.jar from classpath in order to avoid potential conflicts
2026-08-11T11:05:31.337+08:00 INFO  com.zaxxer.hikari.HikariDataSource request_id= idempotency_key= order_id= user_id= sku_id= payment_tx= - HikariPool-9 - Starting...
2026-08-11T11:05:31.343+08:00 INFO  com.zaxxer.hikari.pool.HikariPool request_id= idempotency_key= order_id= user_id= sku_id= payment_tx= - HikariPool-9 - Added connection com.mysql.cj.jdbc.ConnectionImpl@660979aa
2026-08-11T11:05:31.343+08:00 INFO  com.zaxxer.hikari.HikariDataSource request_id= idempotency_key= order_id= user_id= sku_id= payment_tx= - HikariPool-9 - Start completed.
2026-08-11T11:05:31.345+08:00 INFO  org.flywaydb.core.FlywayExecutor request_id= idempotency_key= order_id= user_id= sku_id= payment_tx= - Database: jdbc:mysql://localhost:63467/flashflow (MySQL 8.4)
2026-08-11T11:05:31.347+08:00 WARN  o.f.c.i.database.base.Database request_id= idempotency_key= order_id= user_id= sku_id= payment_tx= - Flyway upgrade recommended: MySQL 8.4 is newer than this version of Flyway and support has not been tested. The latest supported version of MySQL is 8.1.
2026-08-11T11:05:31.351+08:00 INFO  o.f.core.internal.command.DbValidate request_id= idempotency_key= order_id= user_id= sku_id= payment_tx= - Successfully validated 4 migrations (execution time 00:00.002s)
2026-08-11T11:05:31.353+08:00 INFO  o.f.core.internal.command.DbMigrate request_id= idempotency_key= order_id= user_id= sku_id= payment_tx= - Current version of schema `flashflow`: 4
2026-08-11T11:05:31.353+08:00 INFO  o.f.core.internal.command.DbMigrate request_id= idempotency_key= order_id= user_id= sku_id= payment_tx= - Schema `flashflow` is up to date. No migration necessary.
2026-08-11T11:05:31.457+08:00 INFO  o.s.b.a.e.web.EndpointLinksResolver request_id= idempotency_key= order_id= user_id= sku_id= payment_tx= - Exposing 2 endpoints beneath base path '/actuator'
2026-08-11T11:05:31.461+08:00 INFO  o.s.b.w.e.tomcat.TomcatWebServer request_id= idempotency_key= order_id= user_id= sku_id= payment_tx= - Tomcat started on port 50328 (http) with context path '/'
2026-08-11T11:05:31.464+08:00 INFO  d.f.LiveRocketMqRedeliveryIntegrationTest request_id= idempotency_key= order_id= user_id= sku_id= payment_tx= - Started LiveRocketMqRedeliveryIntegrationTest in 0.237 seconds (process running for 56.993)
2026-08-11T11:05:33.499+08:00 INFO  o.a.c.c.C.[Tomcat].[localhost].[/] request_id= idempotency_key= order_id= user_id= sku_id= payment_tx= - Initializing Spring DispatcherServlet 'dispatcherServlet'
2026-08-11T11:05:33.500+08:00 INFO  o.s.web.servlet.DispatcherServlet request_id= idempotency_key= order_id= user_id= sku_id= payment_tx= - Initializing Servlet 'dispatcherServlet'
2026-08-11T11:05:33.500+08:00 INFO  o.s.web.servlet.DispatcherServlet request_id= idempotency_key= order_id= user_id= sku_id= payment_tx= - Completed initialization in 0 ms
2026-08-11T11:05:33.540+08:00 INFO  d.f.m.AsyncOrderApplicationService request_id=e6a0565d-6e84-41e6-8281-e79e13ac2dc0 idempotency_key=key-redelivery order_id= user_id=user-redelivery sku_id=sku-redelivery payment_tx= - Asynchronous publication command_id=c96a0af58397f512ce41cca417eee9eee47778bff09a3b87e8e8edb9c7e14fe6 outcome=BROKER_ACKNOWLEDGED status=ACCEPTED cause=SEND_OK
2026-08-11T11:05:33.760+08:00 INFO  o.s.b.w.e.tomcat.GracefulShutdown request_id= idempotency_key= order_id= user_id= sku_id= payment_tx= - Commencing graceful shutdown. Waiting for active requests to complete
2026-08-11T11:05:35.767+08:00 INFO  o.s.b.w.e.tomcat.GracefulShutdown request_id= idempotency_key= order_id= user_id= sku_id= payment_tx= - Graceful shutdown complete
2026-08-11T11:05:35.767+08:00 ERROR org.apache.tomcat.util.net.Acceptor request_id= idempotency_key= order_id= user_id= sku_id= payment_tx= - Socket accept failed
java.nio.channels.AsynchronousCloseException: null
	at java.base/java.nio.channels.spi.AbstractInterruptibleChannel.end(AbstractInterruptibleChannel.java:218) ~[na:na]
	at java.base/sun.nio.ch.ServerSocketChannelImpl.end(ServerSocketChannelImpl.java:372) ~[na:na]
	at java.base/sun.nio.ch.ServerSocketChannelImpl.accept(ServerSocketChannelImpl.java:397) ~[na:na]
	at org.apache.tomcat.util.net.NioEndpoint.serverSocketAccept(NioEndpoint.java:537) ~[tomcat-embed-core-10.1.44.jar:10.1.44]
	at org.apache.tomcat.util.net.NioEndpoint.serverSocketAccept(NioEndpoint.java:72) ~[tomcat-embed-core-10.1.44.jar:10.1.44]
	at org.apache.tomcat.util.net.Acceptor.run(Acceptor.java:127) ~[tomcat-embed-core-10.1.44.jar:10.1.44]
	at java.base/java.lang.Thread.run(Thread.java:1516) ~[na:na]
2026-08-11T11:05:38.897+08:00 INFO  com.zaxxer.hikari.HikariDataSource request_id= idempotency_key= order_id= user_id= sku_id= payment_tx= - HikariPool-9 - Shutdown initiated...
2026-08-11T11:05:38.940+08:00 INFO  com.zaxxer.hikari.HikariDataSource request_id= idempotency_key= order_id= user_id= sku_id= payment_tx= - HikariPool-9 - Shutdown completed.
[INFO] Tests run: 1, Failures: 0, Errors: 0, Skipped: 0, Time elapsed: 7.722 s -- in dev.flashflow.LiveRocketMqRedeliveryIntegrationTest
[INFO] Running dev.flashflow.V4OutboxRocketMqEndToEndIntegrationTest
2026-08-11T11:05:38.952+08:00 INFO  o.s.t.c.s.AnnotationConfigContextLoaderUtils request_id= idempotency_key= order_id= user_id= sku_id= payment_tx= - Could not detect default configuration classes for test class [dev.flashflow.V4OutboxRocketMqEndToEndIntegrationTest]: V4OutboxRocketMqEndToEndIntegrationTest does not declare any static, non-private, non-final, nested classes annotated with @Configuration.
2026-08-11T11:05:38.957+08:00 INFO  o.s.b.t.c.SpringBootTestContextBootstrapper request_id= idempotency_key= order_id= user_id= sku_id= payment_tx= - Found @SpringBootConfiguration dev.flashflow.FlashFlowApplication for test class dev.flashflow.V4OutboxRocketMqEndToEndIntegrationTest

  .   ____          _            __ _ _
 /\\ / ___'_ __ _ _(_)_ __  __ _ \ \ \ \
( ( )\___ | '_ | '_| | '_ \/ _` | \ \ \ \
 \\/  ___)| |_)| | | | | || (_| |  ) ) ) )
  '  |____| .__|_| |_|_| |_\__, | / / / /
 =========|_|==============|___/=/_/_/_/

 :: Spring Boot ::                (v3.5.5)

2026-08-11T11:05:38.976+08:00 INFO  d.f.V4OutboxRocketMqEndToEndIntegrationTest request_id= idempotency_key= order_id= user_id= sku_id= payment_tx= - Starting V4OutboxRocketMqEndToEndIntegrationTest using Java 26.0.2 with PID 79116 (started by yuzheng in /Users/yuzheng/Computeracy/Zhenkun26-GitHub/FlashFlow)
2026-08-11T11:05:38.976+08:00 INFO  d.f.V4OutboxRocketMqEndToEndIntegrationTest request_id= idempotency_key= order_id= user_id= sku_id= payment_tx= - The following 1 profile is active: "test"
2026-08-11T11:05:39.075+08:00 INFO  o.s.d.r.c.RepositoryConfigurationDelegate request_id= idempotency_key= order_id= user_id= sku_id= payment_tx= - Multiple Spring Data modules found, entering strict repository configuration mode
2026-08-11T11:05:39.075+08:00 INFO  o.s.d.r.c.RepositoryConfigurationDelegate request_id= idempotency_key= order_id= user_id= sku_id= payment_tx= - Bootstrapping Spring Data Redis repositories in DEFAULT mode.
2026-08-11T11:05:39.079+08:00 INFO  o.s.d.r.c.RepositoryConfigurationDelegate request_id= idempotency_key= order_id= user_id= sku_id= payment_tx= - Finished Spring Data repository scanning in 4 ms. Found 0 Redis repository interfaces.
2026-08-11T11:05:39.102+08:00 INFO  o.s.b.w.e.tomcat.TomcatWebServer request_id= idempotency_key= order_id= user_id= sku_id= payment_tx= - Tomcat initialized with port 0 (http)
2026-08-11T11:05:39.102+08:00 INFO  o.a.catalina.core.StandardService request_id= idempotency_key= order_id= user_id= sku_id= payment_tx= - Starting service [Tomcat]
2026-08-11T11:05:39.102+08:00 INFO  o.a.catalina.core.StandardEngine request_id= idempotency_key= order_id= user_id= sku_id= payment_tx= - Starting Servlet engine: [Apache Tomcat/10.1.44]
2026-08-11T11:05:39.115+08:00 INFO  o.a.c.c.C.[Tomcat].[localhost].[/] request_id= idempotency_key= order_id= user_id= sku_id= payment_tx= - Initializing Spring embedded WebApplicationContext
2026-08-11T11:05:39.115+08:00 INFO  o.s.b.w.s.c.ServletWebServerApplicationContext request_id= idempotency_key= order_id= user_id= sku_id= payment_tx= - Root WebApplicationContext: initialization completed in 139 ms
Standard Commons Logging discovery in action with spring-jcl: please remove commons-logging.jar from classpath in order to avoid potential conflicts
2026-08-11T11:05:39.158+08:00 INFO  com.zaxxer.hikari.HikariDataSource request_id= idempotency_key= order_id= user_id= sku_id= payment_tx= - HikariPool-10 - Starting...
2026-08-11T11:05:39.169+08:00 INFO  com.zaxxer.hikari.pool.HikariPool request_id= idempotency_key= order_id= user_id= sku_id= payment_tx= - HikariPool-10 - Added connection com.mysql.cj.jdbc.ConnectionImpl@199a365c
2026-08-11T11:05:39.169+08:00 INFO  com.zaxxer.hikari.HikariDataSource request_id= idempotency_key= order_id= user_id= sku_id= payment_tx= - HikariPool-10 - Start completed.
2026-08-11T11:05:39.172+08:00 INFO  org.flywaydb.core.FlywayExecutor request_id= idempotency_key= order_id= user_id= sku_id= payment_tx= - Database: jdbc:mysql://localhost:63467/flashflow (MySQL 8.4)
2026-08-11T11:05:39.177+08:00 WARN  o.f.c.i.database.base.Database request_id= idempotency_key= order_id= user_id= sku_id= payment_tx= - Flyway upgrade recommended: MySQL 8.4 is newer than this version of Flyway and support has not been tested. The latest supported version of MySQL is 8.1.
2026-08-11T11:05:39.183+08:00 INFO  o.f.core.internal.command.DbValidate request_id= idempotency_key= order_id= user_id= sku_id= payment_tx= - Successfully validated 4 migrations (execution time 00:00.004s)
2026-08-11T11:05:39.186+08:00 INFO  o.f.core.internal.command.DbMigrate request_id= idempotency_key= order_id= user_id= sku_id= payment_tx= - Current version of schema `flashflow`: 4
2026-08-11T11:05:39.186+08:00 INFO  o.f.core.internal.command.DbMigrate request_id= idempotency_key= order_id= user_id= sku_id= payment_tx= - Schema `flashflow` is up to date. No migration necessary.
2026-08-11T11:05:39.308+08:00 INFO  o.s.b.a.e.web.EndpointLinksResolver request_id= idempotency_key= order_id= user_id= sku_id= payment_tx= - Exposing 2 endpoints beneath base path '/actuator'
2026-08-11T11:05:39.313+08:00 INFO  o.s.b.w.e.tomcat.TomcatWebServer request_id= idempotency_key= order_id= user_id= sku_id= payment_tx= - Tomcat started on port 50393 (http) with context path '/'
2026-08-11T11:05:39.316+08:00 INFO  d.f.V4OutboxRocketMqEndToEndIntegrationTest request_id= idempotency_key= order_id= user_id= sku_id= payment_tx= - Started V4OutboxRocketMqEndToEndIntegrationTest in 0.357 seconds (process running for 64.846)
2026-08-11T11:05:41.390+08:00 INFO  o.a.c.c.C.[Tomcat].[localhost].[/] request_id= idempotency_key= order_id= user_id= sku_id= payment_tx= - Initializing Spring DispatcherServlet 'dispatcherServlet'
2026-08-11T11:05:41.390+08:00 INFO  o.s.web.servlet.DispatcherServlet request_id= idempotency_key= order_id= user_id= sku_id= payment_tx= - Initializing Servlet 'dispatcherServlet'
2026-08-11T11:05:41.390+08:00 INFO  o.s.web.servlet.DispatcherServlet request_id= idempotency_key= order_id= user_id= sku_id= payment_tx= - Completed initialization in 0 ms
2026-08-11T11:05:41.424+08:00 INFO  d.f.m.o.OutboxAsyncOrderApplicationService request_id=c461e633-c8b5-4065-a4e3-312cfe509ecb idempotency_key=key-v4-5a131b9b order_id= user_id=user-v4-5a131b9b sku_id=sku-v4-5a131b9b payment_tx= - Durable Outbox acceptance command_id=dae1b55e551f027cadfd31ea8c3bddef4ed406fb59be3bca578ad677c31fea34 status=ACCEPTED
2026-08-11T11:05:41.464+08:00 INFO  d.f.m.outbox.OutboxDispatcher request_id= idempotency_key= order_id= user_id= sku_id= payment_tx= - Outbox publication outbox_id=69a95ed5-398e-4654-b71d-e52e5c314158 command_id=dae1b55e551f027cadfd31ea8c3bddef4ed406fb59be3bca578ad677c31fea34 outcome=ACKNOWLEDGED
2026-08-11T11:05:54.235+08:00 INFO  d.f.m.o.OutboxAsyncOrderApplicationService request_id=874f7a16-b14d-49ee-8f19-0d4ecdfb8200 idempotency_key=key-v4-outage-5a131b9b order_id= user_id=user-v4-outage-5a131b9b sku_id=sku-v4-outage-5a131b9b payment_tx= - Durable Outbox acceptance command_id=9aa914ed54a60a9f1a01f21629e3193b218c4141c276e13df981c7d5ede43822 status=ACCEPTED
2026-08-11T11:05:54.411+08:00 INFO  d.f.m.outbox.OutboxDispatcher request_id= idempotency_key= order_id= user_id= sku_id= payment_tx= - Outbox publication deferred outbox_id=e2ad05a7-6279-452d-9670-135a63dca3c3 command_id=9aa914ed54a60a9f1a01f21629e3193b218c4141c276e13df981c7d5ede43822 outcome=RETRYABLE cause=MQCLIENTEXCEPTION
2026-08-11T11:05:54.526+08:00 INFO  d.f.m.outbox.OutboxDispatcher request_id= idempotency_key= order_id= user_id= sku_id= payment_tx= - Outbox publication deferred outbox_id=e2ad05a7-6279-452d-9670-135a63dca3c3 command_id=9aa914ed54a60a9f1a01f21629e3193b218c4141c276e13df981c7d5ede43822 outcome=RETRYABLE cause=MQCLIENTEXCEPTION
2026-08-11T11:05:54.743+08:00 INFO  d.f.m.outbox.OutboxDispatcher request_id= idempotency_key= order_id= user_id= sku_id= payment_tx= - Outbox publication deferred outbox_id=e2ad05a7-6279-452d-9670-135a63dca3c3 command_id=9aa914ed54a60a9f1a01f21629e3193b218c4141c276e13df981c7d5ede43822 outcome=RETRYABLE cause=MQCLIENTEXCEPTION
2026-08-11T11:05:55.190+08:00 INFO  d.f.m.outbox.OutboxDispatcher request_id= idempotency_key= order_id= user_id= sku_id= payment_tx= - Outbox publication deferred outbox_id=e2ad05a7-6279-452d-9670-135a63dca3c3 command_id=9aa914ed54a60a9f1a01f21629e3193b218c4141c276e13df981c7d5ede43822 outcome=RETRYABLE cause=MQCLIENTEXCEPTION
2026-08-11T11:05:56.057+08:00 INFO  d.f.m.outbox.OutboxDispatcher request_id= idempotency_key= order_id= user_id= sku_id= payment_tx= - Outbox publication deferred outbox_id=e2ad05a7-6279-452d-9670-135a63dca3c3 command_id=9aa914ed54a60a9f1a01f21629e3193b218c4141c276e13df981c7d5ede43822 outcome=RETRYABLE cause=MQCLIENTEXCEPTION
2026-08-11T11:05:57.161+08:00 INFO  d.f.m.outbox.OutboxDispatcher request_id= idempotency_key= order_id= user_id= sku_id= payment_tx= - Outbox publication outbox_id=e2ad05a7-6279-452d-9670-135a63dca3c3 command_id=9aa914ed54a60a9f1a01f21629e3193b218c4141c276e13df981c7d5ede43822 outcome=ACKNOWLEDGED
2026-08-11T11:05:58.687+08:00 INFO  o.s.b.w.e.tomcat.GracefulShutdown request_id= idempotency_key= order_id= user_id= sku_id= payment_tx= - Commencing graceful shutdown. Waiting for active requests to complete
2026-08-11T11:06:00.692+08:00 INFO  o.s.b.w.e.tomcat.GracefulShutdown request_id= idempotency_key= order_id= user_id= sku_id= payment_tx= - Graceful shutdown complete
2026-08-11T11:06:00.692+08:00 ERROR org.apache.tomcat.util.net.Acceptor request_id= idempotency_key= order_id= user_id= sku_id= payment_tx= - Socket accept failed
java.nio.channels.AsynchronousCloseException: null
	at java.base/java.nio.channels.spi.AbstractInterruptibleChannel.end(AbstractInterruptibleChannel.java:218) ~[na:na]
	at java.base/sun.nio.ch.ServerSocketChannelImpl.end(ServerSocketChannelImpl.java:372) ~[na:na]
	at java.base/sun.nio.ch.ServerSocketChannelImpl.accept(ServerSocketChannelImpl.java:397) ~[na:na]
	at org.apache.tomcat.util.net.NioEndpoint.serverSocketAccept(NioEndpoint.java:537) ~[tomcat-embed-core-10.1.44.jar:10.1.44]
	at org.apache.tomcat.util.net.NioEndpoint.serverSocketAccept(NioEndpoint.java:72) ~[tomcat-embed-core-10.1.44.jar:10.1.44]
	at org.apache.tomcat.util.net.Acceptor.run(Acceptor.java:127) ~[tomcat-embed-core-10.1.44.jar:10.1.44]
	at java.base/java.lang.Thread.run(Thread.java:1516) ~[na:na]
2026-08-11T11:06:00.734+08:00 INFO  com.zaxxer.hikari.HikariDataSource request_id= idempotency_key= order_id= user_id= sku_id= payment_tx= - HikariPool-10 - Shutdown initiated...
2026-08-11T11:06:00.736+08:00 INFO  com.zaxxer.hikari.HikariDataSource request_id= idempotency_key= order_id= user_id= sku_id= payment_tx= - HikariPool-10 - Shutdown completed.
[INFO] Tests run: 2, Failures: 0, Errors: 0, Skipped: 0, Time elapsed: 21.79 s -- in dev.flashflow.V4OutboxRocketMqEndToEndIntegrationTest
[INFO] Running dev.flashflow.V4OutboxConcurrentRedeliveryIntegrationTest
2026-08-11T11:06:00.742+08:00 INFO  o.s.t.c.s.AnnotationConfigContextLoaderUtils request_id= idempotency_key= order_id= user_id= sku_id= payment_tx= - Could not detect default configuration classes for test class [dev.flashflow.V4OutboxConcurrentRedeliveryIntegrationTest]: V4OutboxConcurrentRedeliveryIntegrationTest does not declare any static, non-private, non-final, nested classes annotated with @Configuration.
2026-08-11T11:06:00.744+08:00 INFO  o.s.b.t.c.SpringBootTestContextBootstrapper request_id= idempotency_key= order_id= user_id= sku_id= payment_tx= - Found @SpringBootConfiguration dev.flashflow.FlashFlowApplication for test class dev.flashflow.V4OutboxConcurrentRedeliveryIntegrationTest

  .   ____          _            __ _ _
 /\\ / ___'_ __ _ _(_)_ __  __ _ \ \ \ \
( ( )\___ | '_ | '_| | '_ \/ _` | \ \ \ \
 \\/  ___)| |_)| | | | | || (_| |  ) ) ) )
  '  |____| .__|_| |_|_| |_\__, | / / / /
 =========|_|==============|___/=/_/_/_/

 :: Spring Boot ::                (v3.5.5)

2026-08-11T11:06:00.761+08:00 INFO  d.f.V4OutboxConcurrentRedeliveryIntegrationTest request_id= idempotency_key= order_id= user_id= sku_id= payment_tx= - Starting V4OutboxConcurrentRedeliveryIntegrationTest using Java 26.0.2 with PID 79116 (started by yuzheng in /Users/yuzheng/Computeracy/Zhenkun26-GitHub/FlashFlow)
2026-08-11T11:06:00.761+08:00 INFO  d.f.V4OutboxConcurrentRedeliveryIntegrationTest request_id= idempotency_key= order_id= user_id= sku_id= payment_tx= - The following 1 profile is active: "test"
2026-08-11T11:06:00.841+08:00 INFO  o.s.d.r.c.RepositoryConfigurationDelegate request_id= idempotency_key= order_id= user_id= sku_id= payment_tx= - Multiple Spring Data modules found, entering strict repository configuration mode
2026-08-11T11:06:00.841+08:00 INFO  o.s.d.r.c.RepositoryConfigurationDelegate request_id= idempotency_key= order_id= user_id= sku_id= payment_tx= - Bootstrapping Spring Data Redis repositories in DEFAULT mode.
2026-08-11T11:06:00.845+08:00 INFO  o.s.d.r.c.RepositoryConfigurationDelegate request_id= idempotency_key= order_id= user_id= sku_id= payment_tx= - Finished Spring Data repository scanning in 3 ms. Found 0 Redis repository interfaces.
2026-08-11T11:06:00.863+08:00 INFO  o.s.b.w.e.tomcat.TomcatWebServer request_id= idempotency_key= order_id= user_id= sku_id= payment_tx= - Tomcat initialized with port 0 (http)
2026-08-11T11:06:00.863+08:00 INFO  o.a.catalina.core.StandardService request_id= idempotency_key= order_id= user_id= sku_id= payment_tx= - Starting service [Tomcat]
2026-08-11T11:06:00.863+08:00 INFO  o.a.catalina.core.StandardEngine request_id= idempotency_key= order_id= user_id= sku_id= payment_tx= - Starting Servlet engine: [Apache Tomcat/10.1.44]
2026-08-11T11:06:00.868+08:00 INFO  o.a.c.c.C.[Tomcat].[localhost].[/] request_id= idempotency_key= order_id= user_id= sku_id= payment_tx= - Initializing Spring embedded WebApplicationContext
2026-08-11T11:06:00.868+08:00 INFO  o.s.b.w.s.c.ServletWebServerApplicationContext request_id= idempotency_key= order_id= user_id= sku_id= payment_tx= - Root WebApplicationContext: initialization completed in 107 ms
Standard Commons Logging discovery in action with spring-jcl: please remove commons-logging.jar from classpath in order to avoid potential conflicts
2026-08-11T11:06:00.911+08:00 INFO  com.zaxxer.hikari.HikariDataSource request_id= idempotency_key= order_id= user_id= sku_id= payment_tx= - HikariPool-11 - Starting...
2026-08-11T11:06:00.925+08:00 INFO  com.zaxxer.hikari.pool.HikariPool request_id= idempotency_key= order_id= user_id= sku_id= payment_tx= - HikariPool-11 - Added connection com.mysql.cj.jdbc.ConnectionImpl@3988474b
2026-08-11T11:06:00.925+08:00 INFO  com.zaxxer.hikari.HikariDataSource request_id= idempotency_key= order_id= user_id= sku_id= payment_tx= - HikariPool-11 - Start completed.
2026-08-11T11:06:00.929+08:00 INFO  org.flywaydb.core.FlywayExecutor request_id= idempotency_key= order_id= user_id= sku_id= payment_tx= - Database: jdbc:mysql://localhost:63467/flashflow (MySQL 8.4)
2026-08-11T11:06:00.933+08:00 WARN  o.f.c.i.database.base.Database request_id= idempotency_key= order_id= user_id= sku_id= payment_tx= - Flyway upgrade recommended: MySQL 8.4 is newer than this version of Flyway and support has not been tested. The latest supported version of MySQL is 8.1.
2026-08-11T11:06:00.941+08:00 INFO  o.f.core.internal.command.DbValidate request_id= idempotency_key= order_id= user_id= sku_id= payment_tx= - Successfully validated 4 migrations (execution time 00:00.005s)
2026-08-11T11:06:00.944+08:00 INFO  o.f.core.internal.command.DbMigrate request_id= idempotency_key= order_id= user_id= sku_id= payment_tx= - Current version of schema `flashflow`: 4
2026-08-11T11:06:00.945+08:00 INFO  o.f.core.internal.command.DbMigrate request_id= idempotency_key= order_id= user_id= sku_id= payment_tx= - Schema `flashflow` is up to date. No migration necessary.
2026-08-11T11:06:01.014+08:00 INFO  o.s.b.a.e.web.EndpointLinksResolver request_id= idempotency_key= order_id= user_id= sku_id= payment_tx= - Exposing 2 endpoints beneath base path '/actuator'
2026-08-11T11:06:01.019+08:00 INFO  o.s.b.w.e.tomcat.TomcatWebServer request_id= idempotency_key= order_id= user_id= sku_id= payment_tx= - Tomcat started on port 52178 (http) with context path '/'
2026-08-11T11:06:01.022+08:00 INFO  d.f.V4OutboxConcurrentRedeliveryIntegrationTest request_id= idempotency_key= order_id= user_id= sku_id= payment_tx= - Started V4OutboxConcurrentRedeliveryIntegrationTest in 0.276 seconds (process running for 86.55)
2026-08-11T11:06:03.060+08:00 INFO  o.a.c.c.C.[Tomcat].[localhost].[/] request_id= idempotency_key= order_id= user_id= sku_id= payment_tx= - Initializing Spring DispatcherServlet 'dispatcherServlet'
2026-08-11T11:06:03.060+08:00 INFO  o.s.web.servlet.DispatcherServlet request_id= idempotency_key= order_id= user_id= sku_id= payment_tx= - Initializing Servlet 'dispatcherServlet'
2026-08-11T11:06:03.060+08:00 INFO  o.s.web.servlet.DispatcherServlet request_id= idempotency_key= order_id= user_id= sku_id= payment_tx= - Completed initialization in 0 ms
2026-08-11T11:06:03.072+08:00 INFO  d.f.m.o.OutboxAsyncOrderApplicationService request_id=40745904-bf42-41a5-8f4e-5cb8c2103943 idempotency_key=key-c9ab84c8-0 order_id= user_id=user-c9ab84c8-0 sku_id=sku-v4-concurrent-c9ab84c8 payment_tx= - Durable Outbox acceptance command_id=0813092f8c71043c5fdfb647236ff517a1b5dbf2498e39835c3c063ce33031c7 status=ACCEPTED
2026-08-11T11:06:03.083+08:00 INFO  d.f.m.o.OutboxAsyncOrderApplicationService request_id=9bae88ef-e7a7-48be-a24b-0504f933cc10 idempotency_key=key-c9ab84c8-1 order_id= user_id=user-c9ab84c8-1 sku_id=sku-v4-concurrent-c9ab84c8 payment_tx= - Durable Outbox acceptance command_id=17cc955d1420778801e77da7753096d03870b88b19ff0d06ab0ac9c2df531006 status=ACCEPTED
2026-08-11T11:06:03.086+08:00 INFO  d.f.m.outbox.OutboxDispatcher request_id= idempotency_key= order_id= user_id= sku_id= payment_tx= - Outbox publication deferred outbox_id=6d874920-60f6-4b76-b77f-94b84415bb18 command_id=0813092f8c71043c5fdfb647236ff517a1b5dbf2498e39835c3c063ce33031c7 outcome=RETRYABLE cause=MQCLIENTEXCEPTION
2026-08-11T11:06:03.089+08:00 INFO  d.f.m.o.OutboxAsyncOrderApplicationService request_id=7bc9ed49-0da9-4900-a3fe-bb4a0699d2b5 idempotency_key=key-c9ab84c8-2 order_id= user_id=user-c9ab84c8-2 sku_id=sku-v4-concurrent-c9ab84c8 payment_tx= - Durable Outbox acceptance command_id=07100b447ed2e1d03ae2e71e87f7064308fddf53d0a70e0d94813ab33ce40e88 status=ACCEPTED
2026-08-11T11:06:03.095+08:00 INFO  d.f.m.o.OutboxAsyncOrderApplicationService request_id=95fd0f93-76a9-4629-a60b-37d669ae65e7 idempotency_key=key-c9ab84c8-3 order_id= user_id=user-c9ab84c8-3 sku_id=sku-v4-concurrent-c9ab84c8 payment_tx= - Durable Outbox acceptance command_id=42777e2dfd05808466923c38428b7617a9d16bfb477c6e34f211851c20cdfc02 status=ACCEPTED
2026-08-11T11:06:03.100+08:00 INFO  d.f.m.o.OutboxAsyncOrderApplicationService request_id=265c6e44-183b-4672-b7b3-c9d4dc6b3ae6 idempotency_key=key-c9ab84c8-4 order_id= user_id=user-c9ab84c8-4 sku_id=sku-v4-concurrent-c9ab84c8 payment_tx= - Durable Outbox acceptance command_id=ae5562af493d54cc4bfdffbcbe6a199063591c4f8d3d63ab732e0298d246c4c7 status=ACCEPTED
2026-08-11T11:06:03.105+08:00 INFO  d.f.m.o.OutboxAsyncOrderApplicationService request_id=630f6b13-561f-4a06-86e7-bcc7b402d429 idempotency_key=key-c9ab84c8-5 order_id= user_id=user-c9ab84c8-5 sku_id=sku-v4-concurrent-c9ab84c8 payment_tx= - Durable Outbox acceptance command_id=76499bea156668b01dfad462f03d62986e44691233f619d98858ee679a22b082 status=ACCEPTED
2026-08-11T11:06:03.111+08:00 INFO  d.f.m.o.OutboxAsyncOrderApplicationService request_id=5577e509-f3a8-4c42-bc69-a38ccf2ec6d0 idempotency_key=key-c9ab84c8-6 order_id= user_id=user-c9ab84c8-6 sku_id=sku-v4-concurrent-c9ab84c8 payment_tx= - Durable Outbox acceptance command_id=f75b659bae67ca53fce656a28bf8d2c339cb947a73f4895d1c5fefb097a6ef08 status=ACCEPTED
2026-08-11T11:06:03.116+08:00 INFO  d.f.m.o.OutboxAsyncOrderApplicationService request_id=9592e022-cfe1-4026-a7c4-86658c6c014e idempotency_key=key-c9ab84c8-7 order_id= user_id=user-c9ab84c8-7 sku_id=sku-v4-concurrent-c9ab84c8 payment_tx= - Durable Outbox acceptance command_id=11edf3abe6c0bc3c00d193fba1410127fc4f01e04cbb09b32b06d9fa06a3aa3e status=ACCEPTED
2026-08-11T11:06:03.125+08:00 INFO  d.f.m.outbox.OutboxDispatcher request_id= idempotency_key= order_id= user_id= sku_id= payment_tx= - Outbox publication deferred outbox_id=27d07668-d789-46f1-bd67-7996f44490f4 command_id=17cc955d1420778801e77da7753096d03870b88b19ff0d06ab0ac9c2df531006 outcome=RETRYABLE cause=MQCLIENTEXCEPTION
2026-08-11T11:06:03.127+08:00 INFO  d.f.m.outbox.OutboxDispatcher request_id= idempotency_key= order_id= user_id= sku_id= payment_tx= - Outbox publication deferred outbox_id=d2793644-9e7b-4ff4-8554-7975595a7dfc command_id=07100b447ed2e1d03ae2e71e87f7064308fddf53d0a70e0d94813ab33ce40e88 outcome=RETRYABLE cause=MQCLIENTEXCEPTION
2026-08-11T11:06:03.344+08:00 INFO  d.f.m.outbox.OutboxDispatcher request_id= idempotency_key= order_id= user_id= sku_id= payment_tx= - Outbox publication deferred outbox_id=c6e211b6-5477-42b1-8192-8682b58a2a53 command_id=42777e2dfd05808466923c38428b7617a9d16bfb477c6e34f211851c20cdfc02 outcome=RETRYABLE cause=MQCLIENTEXCEPTION
2026-08-11T11:06:03.347+08:00 INFO  d.f.m.outbox.OutboxDispatcher request_id= idempotency_key= order_id= user_id= sku_id= payment_tx= - Outbox publication deferred outbox_id=aad36b2f-9d74-4871-8d54-a21f25d67c0b command_id=ae5562af493d54cc4bfdffbcbe6a199063591c4f8d3d63ab732e0298d246c4c7 outcome=RETRYABLE cause=MQCLIENTEXCEPTION
2026-08-11T11:06:03.608+08:00 INFO  d.f.m.outbox.OutboxDispatcher request_id= idempotency_key= order_id= user_id= sku_id= payment_tx= - Outbox publication deferred outbox_id=6555a3ff-95fc-45cd-abc0-2698f68cbfc3 command_id=76499bea156668b01dfad462f03d62986e44691233f619d98858ee679a22b082 outcome=RETRYABLE cause=MQCLIENTEXCEPTION
2026-08-11T11:06:03.610+08:00 INFO  d.f.m.outbox.OutboxDispatcher request_id= idempotency_key= order_id= user_id= sku_id= payment_tx= - Outbox publication deferred outbox_id=7d4d6b12-0315-4d26-96df-44ad34decfbd command_id=f75b659bae67ca53fce656a28bf8d2c339cb947a73f4895d1c5fefb097a6ef08 outcome=RETRYABLE cause=MQCLIENTEXCEPTION
2026-08-11T11:06:03.871+08:00 INFO  d.f.m.outbox.OutboxDispatcher request_id= idempotency_key= order_id= user_id= sku_id= payment_tx= - Outbox publication deferred outbox_id=6374da5d-3c02-4813-bcfe-51c6a05f7f25 command_id=11edf3abe6c0bc3c00d193fba1410127fc4f01e04cbb09b32b06d9fa06a3aa3e outcome=RETRYABLE cause=MQCLIENTEXCEPTION
2026-08-11T11:06:03.873+08:00 INFO  d.f.m.outbox.OutboxDispatcher request_id= idempotency_key= order_id= user_id= sku_id= payment_tx= - Outbox publication deferred outbox_id=6d874920-60f6-4b76-b77f-94b84415bb18 command_id=0813092f8c71043c5fdfb647236ff517a1b5dbf2498e39835c3c063ce33031c7 outcome=RETRYABLE cause=MQCLIENTEXCEPTION
2026-08-11T11:06:04.133+08:00 INFO  d.f.m.outbox.OutboxDispatcher request_id= idempotency_key= order_id= user_id= sku_id= payment_tx= - Outbox publication deferred outbox_id=27d07668-d789-46f1-bd67-7996f44490f4 command_id=17cc955d1420778801e77da7753096d03870b88b19ff0d06ab0ac9c2df531006 outcome=RETRYABLE cause=MQCLIENTEXCEPTION
2026-08-11T11:06:04.136+08:00 INFO  d.f.m.outbox.OutboxDispatcher request_id= idempotency_key= order_id= user_id= sku_id= payment_tx= - Outbox publication deferred outbox_id=d2793644-9e7b-4ff4-8554-7975595a7dfc command_id=07100b447ed2e1d03ae2e71e87f7064308fddf53d0a70e0d94813ab33ce40e88 outcome=RETRYABLE cause=MQCLIENTEXCEPTION
2026-08-11T11:06:04.397+08:00 INFO  d.f.m.outbox.OutboxDispatcher request_id= idempotency_key= order_id= user_id= sku_id= payment_tx= - Outbox publication deferred outbox_id=c6e211b6-5477-42b1-8192-8682b58a2a53 command_id=42777e2dfd05808466923c38428b7617a9d16bfb477c6e34f211851c20cdfc02 outcome=RETRYABLE cause=MQCLIENTEXCEPTION
2026-08-11T11:06:04.399+08:00 INFO  d.f.m.outbox.OutboxDispatcher request_id= idempotency_key= order_id= user_id= sku_id= payment_tx= - Outbox publication deferred outbox_id=aad36b2f-9d74-4871-8d54-a21f25d67c0b command_id=ae5562af493d54cc4bfdffbcbe6a199063591c4f8d3d63ab732e0298d246c4c7 outcome=RETRYABLE cause=MQCLIENTEXCEPTION
2026-08-11T11:06:04.661+08:00 INFO  d.f.m.outbox.OutboxDispatcher request_id= idempotency_key= order_id= user_id= sku_id= payment_tx= - Outbox publication deferred outbox_id=6555a3ff-95fc-45cd-abc0-2698f68cbfc3 command_id=76499bea156668b01dfad462f03d62986e44691233f619d98858ee679a22b082 outcome=RETRYABLE cause=MQCLIENTEXCEPTION
2026-08-11T11:06:04.663+08:00 INFO  d.f.m.outbox.OutboxDispatcher request_id= idempotency_key= order_id= user_id= sku_id= payment_tx= - Outbox publication deferred outbox_id=7d4d6b12-0315-4d26-96df-44ad34decfbd command_id=f75b659bae67ca53fce656a28bf8d2c339cb947a73f4895d1c5fefb097a6ef08 outcome=RETRYABLE cause=MQCLIENTEXCEPTION
2026-08-11T11:06:04.925+08:00 INFO  d.f.m.outbox.OutboxDispatcher request_id= idempotency_key= order_id= user_id= sku_id= payment_tx= - Outbox publication deferred outbox_id=6374da5d-3c02-4813-bcfe-51c6a05f7f25 command_id=11edf3abe6c0bc3c00d193fba1410127fc4f01e04cbb09b32b06d9fa06a3aa3e outcome=RETRYABLE cause=MQCLIENTEXCEPTION
2026-08-11T11:06:04.927+08:00 INFO  d.f.m.outbox.OutboxDispatcher request_id= idempotency_key= order_id= user_id= sku_id= payment_tx= - Outbox publication deferred outbox_id=6d874920-60f6-4b76-b77f-94b84415bb18 command_id=0813092f8c71043c5fdfb647236ff517a1b5dbf2498e39835c3c063ce33031c7 outcome=RETRYABLE cause=MQCLIENTEXCEPTION
2026-08-11T11:06:05.186+08:00 INFO  d.f.m.outbox.OutboxDispatcher request_id= idempotency_key= order_id= user_id= sku_id= payment_tx= - Outbox publication deferred outbox_id=27d07668-d789-46f1-bd67-7996f44490f4 command_id=17cc955d1420778801e77da7753096d03870b88b19ff0d06ab0ac9c2df531006 outcome=RETRYABLE cause=MQCLIENTEXCEPTION
2026-08-11T11:06:05.188+08:00 INFO  d.f.m.outbox.OutboxDispatcher request_id= idempotency_key= order_id= user_id= sku_id= payment_tx= - Outbox publication deferred outbox_id=d2793644-9e7b-4ff4-8554-7975595a7dfc command_id=07100b447ed2e1d03ae2e71e87f7064308fddf53d0a70e0d94813ab33ce40e88 outcome=RETRYABLE cause=MQCLIENTEXCEPTION
2026-08-11T11:06:05.449+08:00 INFO  d.f.m.outbox.OutboxDispatcher request_id= idempotency_key= order_id= user_id= sku_id= payment_tx= - Outbox publication deferred outbox_id=c6e211b6-5477-42b1-8192-8682b58a2a53 command_id=42777e2dfd05808466923c38428b7617a9d16bfb477c6e34f211851c20cdfc02 outcome=RETRYABLE cause=MQCLIENTEXCEPTION
2026-08-11T11:06:05.450+08:00 INFO  d.f.m.outbox.OutboxDispatcher request_id= idempotency_key= order_id= user_id= sku_id= payment_tx= - Outbox publication deferred outbox_id=aad36b2f-9d74-4871-8d54-a21f25d67c0b command_id=ae5562af493d54cc4bfdffbcbe6a199063591c4f8d3d63ab732e0298d246c4c7 outcome=RETRYABLE cause=MQCLIENTEXCEPTION
2026-08-11T11:06:05.712+08:00 INFO  d.f.m.outbox.OutboxDispatcher request_id= idempotency_key= order_id= user_id= sku_id= payment_tx= - Outbox publication deferred outbox_id=6555a3ff-95fc-45cd-abc0-2698f68cbfc3 command_id=76499bea156668b01dfad462f03d62986e44691233f619d98858ee679a22b082 outcome=RETRYABLE cause=MQCLIENTEXCEPTION
2026-08-11T11:06:05.714+08:00 INFO  d.f.m.outbox.OutboxDispatcher request_id= idempotency_key= order_id= user_id= sku_id= payment_tx= - Outbox publication deferred outbox_id=7d4d6b12-0315-4d26-96df-44ad34decfbd command_id=f75b659bae67ca53fce656a28bf8d2c339cb947a73f4895d1c5fefb097a6ef08 outcome=RETRYABLE cause=MQCLIENTEXCEPTION
2026-08-11T11:06:05.972+08:00 INFO  d.f.m.outbox.OutboxDispatcher request_id= idempotency_key= order_id= user_id= sku_id= payment_tx= - Outbox publication deferred outbox_id=6374da5d-3c02-4813-bcfe-51c6a05f7f25 command_id=11edf3abe6c0bc3c00d193fba1410127fc4f01e04cbb09b32b06d9fa06a3aa3e outcome=RETRYABLE cause=MQCLIENTEXCEPTION
2026-08-11T11:06:05.974+08:00 INFO  d.f.m.outbox.OutboxDispatcher request_id= idempotency_key= order_id= user_id= sku_id= payment_tx= - Outbox publication deferred outbox_id=6d874920-60f6-4b76-b77f-94b84415bb18 command_id=0813092f8c71043c5fdfb647236ff517a1b5dbf2498e39835c3c063ce33031c7 outcome=RETRYABLE cause=MQCLIENTEXCEPTION
2026-08-11T11:06:06.236+08:00 INFO  d.f.m.outbox.OutboxDispatcher request_id= idempotency_key= order_id= user_id= sku_id= payment_tx= - Outbox publication deferred outbox_id=27d07668-d789-46f1-bd67-7996f44490f4 command_id=17cc955d1420778801e77da7753096d03870b88b19ff0d06ab0ac9c2df531006 outcome=RETRYABLE cause=MQCLIENTEXCEPTION
2026-08-11T11:06:06.238+08:00 INFO  d.f.m.outbox.OutboxDispatcher request_id= idempotency_key= order_id= user_id= sku_id= payment_tx= - Outbox publication deferred outbox_id=d2793644-9e7b-4ff4-8554-7975595a7dfc command_id=07100b447ed2e1d03ae2e71e87f7064308fddf53d0a70e0d94813ab33ce40e88 outcome=RETRYABLE cause=MQCLIENTEXCEPTION
2026-08-11T11:06:06.501+08:00 INFO  d.f.m.outbox.OutboxDispatcher request_id= idempotency_key= order_id= user_id= sku_id= payment_tx= - Outbox publication deferred outbox_id=c6e211b6-5477-42b1-8192-8682b58a2a53 command_id=42777e2dfd05808466923c38428b7617a9d16bfb477c6e34f211851c20cdfc02 outcome=RETRYABLE cause=MQCLIENTEXCEPTION
2026-08-11T11:06:06.504+08:00 INFO  d.f.m.outbox.OutboxDispatcher request_id= idempotency_key= order_id= user_id= sku_id= payment_tx= - Outbox publication deferred outbox_id=aad36b2f-9d74-4871-8d54-a21f25d67c0b command_id=ae5562af493d54cc4bfdffbcbe6a199063591c4f8d3d63ab732e0298d246c4c7 outcome=RETRYABLE cause=MQCLIENTEXCEPTION
2026-08-11T11:06:06.781+08:00 INFO  d.f.m.outbox.OutboxDispatcher request_id= idempotency_key= order_id= user_id= sku_id= payment_tx= - Outbox publication deferred outbox_id=6555a3ff-95fc-45cd-abc0-2698f68cbfc3 command_id=76499bea156668b01dfad462f03d62986e44691233f619d98858ee679a22b082 outcome=RETRYABLE cause=MQCLIENTEXCEPTION
2026-08-11T11:06:06.789+08:00 INFO  d.f.m.outbox.OutboxDispatcher request_id= idempotency_key= order_id= user_id= sku_id= payment_tx= - Outbox publication outbox_id=7d4d6b12-0315-4d26-96df-44ad34decfbd command_id=f75b659bae67ca53fce656a28bf8d2c339cb947a73f4895d1c5fefb097a6ef08 outcome=ACKNOWLEDGED
2026-08-11T11:06:07.058+08:00 INFO  d.f.m.outbox.OutboxDispatcher request_id= idempotency_key= order_id= user_id= sku_id= payment_tx= - Outbox publication outbox_id=6374da5d-3c02-4813-bcfe-51c6a05f7f25 command_id=11edf3abe6c0bc3c00d193fba1410127fc4f01e04cbb09b32b06d9fa06a3aa3e outcome=ACKNOWLEDGED
2026-08-11T11:06:07.062+08:00 INFO  d.f.m.outbox.OutboxDispatcher request_id= idempotency_key= order_id= user_id= sku_id= payment_tx= - Outbox publication outbox_id=6d874920-60f6-4b76-b77f-94b84415bb18 command_id=0813092f8c71043c5fdfb647236ff517a1b5dbf2498e39835c3c063ce33031c7 outcome=ACKNOWLEDGED
2026-08-11T11:06:07.343+08:00 INFO  d.f.m.outbox.OutboxDispatcher request_id= idempotency_key= order_id= user_id= sku_id= payment_tx= - Outbox publication outbox_id=27d07668-d789-46f1-bd67-7996f44490f4 command_id=17cc955d1420778801e77da7753096d03870b88b19ff0d06ab0ac9c2df531006 outcome=ACKNOWLEDGED
2026-08-11T11:06:07.348+08:00 INFO  d.f.m.outbox.OutboxDispatcher request_id= idempotency_key= order_id= user_id= sku_id= payment_tx= - Outbox publication outbox_id=d2793644-9e7b-4ff4-8554-7975595a7dfc command_id=07100b447ed2e1d03ae2e71e87f7064308fddf53d0a70e0d94813ab33ce40e88 outcome=ACKNOWLEDGED
2026-08-11T11:06:07.617+08:00 INFO  d.f.m.outbox.OutboxDispatcher request_id= idempotency_key= order_id= user_id= sku_id= payment_tx= - Outbox publication outbox_id=c6e211b6-5477-42b1-8192-8682b58a2a53 command_id=42777e2dfd05808466923c38428b7617a9d16bfb477c6e34f211851c20cdfc02 outcome=ACKNOWLEDGED
2026-08-11T11:06:07.621+08:00 INFO  d.f.m.outbox.OutboxDispatcher request_id= idempotency_key= order_id= user_id= sku_id= payment_tx= - Outbox publication outbox_id=aad36b2f-9d74-4871-8d54-a21f25d67c0b command_id=ae5562af493d54cc4bfdffbcbe6a199063591c4f8d3d63ab732e0298d246c4c7 outcome=ACKNOWLEDGED
2026-08-11T11:06:07.896+08:00 INFO  d.f.m.outbox.OutboxDispatcher request_id= idempotency_key= order_id= user_id= sku_id= payment_tx= - Outbox publication outbox_id=6555a3ff-95fc-45cd-abc0-2698f68cbfc3 command_id=76499bea156668b01dfad462f03d62986e44691233f619d98858ee679a22b082 outcome=ACKNOWLEDGED
2026-08-11T11:06:43.037+08:00 INFO  o.s.b.w.e.tomcat.GracefulShutdown request_id= idempotency_key= order_id= user_id= sku_id= payment_tx= - Commencing graceful shutdown. Waiting for active requests to complete
2026-08-11T11:06:45.042+08:00 INFO  o.s.b.w.e.tomcat.GracefulShutdown request_id= idempotency_key= order_id= user_id= sku_id= payment_tx= - Graceful shutdown complete
2026-08-11T11:06:45.042+08:00 ERROR org.apache.tomcat.util.net.Acceptor request_id= idempotency_key= order_id= user_id= sku_id= payment_tx= - Socket accept failed
java.nio.channels.AsynchronousCloseException: null
	at java.base/java.nio.channels.spi.AbstractInterruptibleChannel.end(AbstractInterruptibleChannel.java:218) ~[na:na]
	at java.base/sun.nio.ch.ServerSocketChannelImpl.end(ServerSocketChannelImpl.java:372) ~[na:na]
	at java.base/sun.nio.ch.ServerSocketChannelImpl.accept(ServerSocketChannelImpl.java:397) ~[na:na]
	at org.apache.tomcat.util.net.NioEndpoint.serverSocketAccept(NioEndpoint.java:537) ~[tomcat-embed-core-10.1.44.jar:10.1.44]
	at org.apache.tomcat.util.net.NioEndpoint.serverSocketAccept(NioEndpoint.java:72) ~[tomcat-embed-core-10.1.44.jar:10.1.44]
	at org.apache.tomcat.util.net.Acceptor.run(Acceptor.java:127) ~[tomcat-embed-core-10.1.44.jar:10.1.44]
	at java.base/java.lang.Thread.run(Thread.java:1516) ~[na:na]
2026-08-11T11:06:45.100+08:00 INFO  com.zaxxer.hikari.HikariDataSource request_id= idempotency_key= order_id= user_id= sku_id= payment_tx= - HikariPool-11 - Shutdown initiated...
2026-08-11T11:06:45.101+08:00 INFO  com.zaxxer.hikari.HikariDataSource request_id= idempotency_key= order_id= user_id= sku_id= payment_tx= - HikariPool-11 - Shutdown completed.
[INFO] Tests run: 1, Failures: 0, Errors: 0, Skipped: 0, Time elapsed: 44.36 s -- in dev.flashflow.V4OutboxConcurrentRedeliveryIntegrationTest
[INFO] Running dev.flashflow.ExperimentEvidenceReporterTest
[INFO] Tests run: 5, Failures: 0, Errors: 0, Skipped: 0, Time elapsed: 0.024 s -- in dev.flashflow.ExperimentEvidenceReporterTest
[INFO] Running dev.flashflow.ordering.FlashFlowMetricsTest
[INFO] Tests run: 3, Failures: 0, Errors: 0, Skipped: 0, Time elapsed: 0.002 s -- in dev.flashflow.ordering.FlashFlowMetricsTest
[INFO] Running dev.flashflow.OrderIntegrationTest
2026-08-11T11:06:45.133+08:00 INFO  o.s.t.c.s.AnnotationConfigContextLoaderUtils request_id= idempotency_key= order_id= user_id= sku_id= payment_tx= - Could not detect default configuration classes for test class [dev.flashflow.OrderIntegrationTest]: OrderIntegrationTest does not declare any static, non-private, non-final, nested classes annotated with @Configuration.
2026-08-11T11:06:45.134+08:00 INFO  o.s.b.t.c.SpringBootTestContextBootstrapper request_id= idempotency_key= order_id= user_id= sku_id= payment_tx= - Found @SpringBootConfiguration dev.flashflow.FlashFlowApplication for test class dev.flashflow.OrderIntegrationTest
[INFO] Tests run: 2, Failures: 0, Errors: 0, Skipped: 0, Time elapsed: 0.073 s -- in dev.flashflow.OrderIntegrationTest
[INFO] Running dev.flashflow.StrategyInvariantIntegrationTest
2026-08-11T11:06:45.206+08:00 INFO  o.s.t.c.s.AnnotationConfigContextLoaderUtils request_id= idempotency_key= order_id= user_id= sku_id= payment_tx= - Could not detect default configuration classes for test class [dev.flashflow.StrategyInvariantIntegrationTest]: StrategyInvariantIntegrationTest does not declare any static, non-private, non-final, nested classes annotated with @Configuration.
2026-08-11T11:06:45.207+08:00 INFO  o.s.b.t.c.SpringBootTestContextBootstrapper request_id= idempotency_key= order_id= user_id= sku_id= payment_tx= - Found @SpringBootConfiguration dev.flashflow.FlashFlowApplication for test class dev.flashflow.StrategyInvariantIntegrationTest
[INFO] Tests run: 5, Failures: 0, Errors: 0, Skipped: 0, Time elapsed: 0.227 s -- in dev.flashflow.StrategyInvariantIntegrationTest
[INFO] Running dev.flashflow.RedisOrderingIntegrationTest
2026-08-11T11:06:45.434+08:00 INFO  o.s.t.c.s.AnnotationConfigContextLoaderUtils request_id= idempotency_key= order_id= user_id= sku_id= payment_tx= - Could not detect default configuration classes for test class [dev.flashflow.RedisOrderingIntegrationTest]: RedisOrderingIntegrationTest does not declare any static, non-private, non-final, nested classes annotated with @Configuration.
2026-08-11T11:06:45.435+08:00 INFO  o.s.b.t.c.SpringBootTestContextBootstrapper request_id= idempotency_key= order_id= user_id= sku_id= payment_tx= - Found @SpringBootConfiguration dev.flashflow.FlashFlowApplication for test class dev.flashflow.RedisOrderingIntegrationTest
[INFO] Tests run: 4, Failures: 0, Errors: 0, Skipped: 0, Time elapsed: 0.099 s -- in dev.flashflow.RedisOrderingIntegrationTest
[INFO] Running dev.flashflow.UnsafeInterleavingTest
[INFO] Tests run: 1, Failures: 0, Errors: 0, Skipped: 0, Time elapsed: 0.064 s -- in dev.flashflow.UnsafeInterleavingTest
[INFO] Running dev.flashflow.LiveRocketMqScannerRecoveryIntegrationTest
2026-08-11T11:06:45.598+08:00 INFO  o.s.t.c.s.AnnotationConfigContextLoaderUtils request_id= idempotency_key= order_id= user_id= sku_id= payment_tx= - Could not detect default configuration classes for test class [dev.flashflow.LiveRocketMqScannerRecoveryIntegrationTest]: LiveRocketMqScannerRecoveryIntegrationTest does not declare any static, non-private, non-final, nested classes annotated with @Configuration.
2026-08-11T11:06:45.599+08:00 INFO  o.s.b.t.c.SpringBootTestContextBootstrapper request_id= idempotency_key= order_id= user_id= sku_id= payment_tx= - Found @SpringBootConfiguration dev.flashflow.FlashFlowApplication for test class dev.flashflow.LiveRocketMqScannerRecoveryIntegrationTest

  .   ____          _            __ _ _
 /\\ / ___'_ __ _ _(_)_ __  __ _ \ \ \ \
( ( )\___ | '_ | '_| | '_ \/ _` | \ \ \ \
 \\/  ___)| |_)| | | | | || (_| |  ) ) ) )
  '  |____| .__|_| |_|_| |_\__, | / / / /
 =========|_|==============|___/=/_/_/_/

 :: Spring Boot ::                (v3.5.5)

2026-08-11T11:06:45.608+08:00 INFO  d.f.LiveRocketMqScannerRecoveryIntegrationTest request_id= idempotency_key= order_id= user_id= sku_id= payment_tx= - Starting LiveRocketMqScannerRecoveryIntegrationTest using Java 26.0.2 with PID 79116 (started by yuzheng in /Users/yuzheng/Computeracy/Zhenkun26-GitHub/FlashFlow)
2026-08-11T11:06:45.608+08:00 INFO  d.f.LiveRocketMqScannerRecoveryIntegrationTest request_id= idempotency_key= order_id= user_id= sku_id= payment_tx= - The following 1 profile is active: "test"
2026-08-11T11:06:45.683+08:00 INFO  o.s.d.r.c.RepositoryConfigurationDelegate request_id= idempotency_key= order_id= user_id= sku_id= payment_tx= - Multiple Spring Data modules found, entering strict repository configuration mode
2026-08-11T11:06:45.683+08:00 INFO  o.s.d.r.c.RepositoryConfigurationDelegate request_id= idempotency_key= order_id= user_id= sku_id= payment_tx= - Bootstrapping Spring Data Redis repositories in DEFAULT mode.
2026-08-11T11:06:45.687+08:00 INFO  o.s.d.r.c.RepositoryConfigurationDelegate request_id= idempotency_key= order_id= user_id= sku_id= payment_tx= - Finished Spring Data repository scanning in 3 ms. Found 0 Redis repository interfaces.
2026-08-11T11:06:45.701+08:00 INFO  o.s.b.w.e.tomcat.TomcatWebServer request_id= idempotency_key= order_id= user_id= sku_id= payment_tx= - Tomcat initialized with port 0 (http)
2026-08-11T11:06:45.701+08:00 INFO  o.a.catalina.core.StandardService request_id= idempotency_key= order_id= user_id= sku_id= payment_tx= - Starting service [Tomcat]
2026-08-11T11:06:45.701+08:00 INFO  o.a.catalina.core.StandardEngine request_id= idempotency_key= order_id= user_id= sku_id= payment_tx= - Starting Servlet engine: [Apache Tomcat/10.1.44]
2026-08-11T11:06:45.707+08:00 INFO  o.a.c.c.C.[Tomcat].[localhost].[/] request_id= idempotency_key= order_id= user_id= sku_id= payment_tx= - Initializing Spring embedded WebApplicationContext
2026-08-11T11:06:45.707+08:00 INFO  o.s.b.w.s.c.ServletWebServerApplicationContext request_id= idempotency_key= order_id= user_id= sku_id= payment_tx= - Root WebApplicationContext: initialization completed in 98 ms
Standard Commons Logging discovery in action with spring-jcl: please remove commons-logging.jar from classpath in order to avoid potential conflicts
2026-08-11T11:06:45.779+08:00 INFO  com.zaxxer.hikari.HikariDataSource request_id= idempotency_key= order_id= user_id= sku_id= payment_tx= - HikariPool-12 - Starting...
2026-08-11T11:06:45.788+08:00 INFO  com.zaxxer.hikari.pool.HikariPool request_id= idempotency_key= order_id= user_id= sku_id= payment_tx= - HikariPool-12 - Added connection com.mysql.cj.jdbc.ConnectionImpl@7cefea48
2026-08-11T11:06:45.788+08:00 INFO  com.zaxxer.hikari.HikariDataSource request_id= idempotency_key= order_id= user_id= sku_id= payment_tx= - HikariPool-12 - Start completed.
2026-08-11T11:06:45.791+08:00 INFO  org.flywaydb.core.FlywayExecutor request_id= idempotency_key= order_id= user_id= sku_id= payment_tx= - Database: jdbc:mysql://localhost:63467/flashflow (MySQL 8.4)
2026-08-11T11:06:45.794+08:00 WARN  o.f.c.i.database.base.Database request_id= idempotency_key= order_id= user_id= sku_id= payment_tx= - Flyway upgrade recommended: MySQL 8.4 is newer than this version of Flyway and support has not been tested. The latest supported version of MySQL is 8.1.
2026-08-11T11:06:45.798+08:00 INFO  o.f.core.internal.command.DbValidate request_id= idempotency_key= order_id= user_id= sku_id= payment_tx= - Successfully validated 4 migrations (execution time 00:00.003s)
2026-08-11T11:06:45.801+08:00 INFO  o.f.core.internal.command.DbMigrate request_id= idempotency_key= order_id= user_id= sku_id= payment_tx= - Current version of schema `flashflow`: 4
2026-08-11T11:06:45.801+08:00 INFO  o.f.core.internal.command.DbMigrate request_id= idempotency_key= order_id= user_id= sku_id= payment_tx= - Schema `flashflow` is up to date. No migration necessary.
2026-08-11T11:06:45.889+08:00 INFO  o.s.b.a.e.web.EndpointLinksResolver request_id= idempotency_key= order_id= user_id= sku_id= payment_tx= - Exposing 2 endpoints beneath base path '/actuator'
2026-08-11T11:06:45.894+08:00 INFO  o.s.b.w.e.tomcat.TomcatWebServer request_id= idempotency_key= order_id= user_id= sku_id= payment_tx= - Tomcat started on port 52354 (http) with context path '/'
2026-08-11T11:06:45.896+08:00 INFO  d.f.LiveRocketMqScannerRecoveryIntegrationTest request_id= idempotency_key= order_id= user_id= sku_id= payment_tx= - Started LiveRocketMqScannerRecoveryIntegrationTest in 0.295 seconds (process running for 131.423)
2026-08-11T11:06:47.927+08:00 INFO  o.a.c.c.C.[Tomcat].[localhost].[/] request_id= idempotency_key= order_id= user_id= sku_id= payment_tx= - Initializing Spring DispatcherServlet 'dispatcherServlet'
2026-08-11T11:06:47.927+08:00 INFO  o.s.web.servlet.DispatcherServlet request_id= idempotency_key= order_id= user_id= sku_id= payment_tx= - Initializing Servlet 'dispatcherServlet'
2026-08-11T11:06:47.928+08:00 INFO  o.s.web.servlet.DispatcherServlet request_id= idempotency_key= order_id= user_id= sku_id= payment_tx= - Completed initialization in 1 ms
2026-08-11T11:06:47.958+08:00 INFO  d.f.m.AsyncOrderApplicationService request_id=a0b0fca7-0a1d-485e-8b39-e54be1c13826 idempotency_key=key-scanner order_id= user_id=user-scanner sku_id=sku-scanner payment_tx= - Asynchronous publication command_id=eee0647f195fc7bb6cf1d451c8d87694596e127a8cb53b317cb43388331adfa0 outcome=BROKER_ACKNOWLEDGED status=ACCEPTED cause=SEND_OK
2026-08-11T11:06:49.116+08:00 INFO  o.s.b.w.e.tomcat.GracefulShutdown request_id= idempotency_key= order_id= user_id= sku_id= payment_tx= - Commencing graceful shutdown. Waiting for active requests to complete
2026-08-11T11:06:51.120+08:00 INFO  o.s.b.w.e.tomcat.GracefulShutdown request_id= idempotency_key= order_id= user_id= sku_id= payment_tx= - Graceful shutdown complete
2026-08-11T11:06:51.120+08:00 ERROR org.apache.tomcat.util.net.Acceptor request_id= idempotency_key= order_id= user_id= sku_id= payment_tx= - Socket accept failed
java.nio.channels.AsynchronousCloseException: null
	at java.base/java.nio.channels.spi.AbstractInterruptibleChannel.end(AbstractInterruptibleChannel.java:218) ~[na:na]
	at java.base/sun.nio.ch.ServerSocketChannelImpl.end(ServerSocketChannelImpl.java:372) ~[na:na]
	at java.base/sun.nio.ch.ServerSocketChannelImpl.accept(ServerSocketChannelImpl.java:397) ~[na:na]
	at org.apache.tomcat.util.net.NioEndpoint.serverSocketAccept(NioEndpoint.java:537) ~[tomcat-embed-core-10.1.44.jar:10.1.44]
	at org.apache.tomcat.util.net.NioEndpoint.serverSocketAccept(NioEndpoint.java:72) ~[tomcat-embed-core-10.1.44.jar:10.1.44]
	at org.apache.tomcat.util.net.Acceptor.run(Acceptor.java:127) ~[tomcat-embed-core-10.1.44.jar:10.1.44]
	at java.base/java.lang.Thread.run(Thread.java:1516) ~[na:na]
2026-08-11T11:06:51.169+08:00 INFO  com.zaxxer.hikari.HikariDataSource request_id= idempotency_key= order_id= user_id= sku_id= payment_tx= - HikariPool-12 - Shutdown initiated...
2026-08-11T11:06:51.171+08:00 INFO  com.zaxxer.hikari.HikariDataSource request_id= idempotency_key= order_id= user_id= sku_id= payment_tx= - HikariPool-12 - Shutdown completed.
[INFO] Tests run: 1, Failures: 0, Errors: 0, Skipped: 0, Time elapsed: 5.575 s -- in dev.flashflow.LiveRocketMqScannerRecoveryIntegrationTest
[INFO] Running dev.flashflow.LiveRocketMqExpirationAckLossIntegrationTest
2026-08-11T11:06:51.174+08:00 INFO  o.s.t.c.s.AnnotationConfigContextLoaderUtils request_id= idempotency_key= order_id= user_id= sku_id= payment_tx= - Could not detect default configuration classes for test class [dev.flashflow.LiveRocketMqExpirationAckLossIntegrationTest]: LiveRocketMqExpirationAckLossIntegrationTest does not declare any static, non-private, non-final, nested classes annotated with @Configuration.
2026-08-11T11:06:51.175+08:00 INFO  o.s.b.t.c.SpringBootTestContextBootstrapper request_id= idempotency_key= order_id= user_id= sku_id= payment_tx= - Found @SpringBootConfiguration dev.flashflow.FlashFlowApplication for test class dev.flashflow.LiveRocketMqExpirationAckLossIntegrationTest

  .   ____          _            __ _ _
 /\\ / ___'_ __ _ _(_)_ __  __ _ \ \ \ \
( ( )\___ | '_ | '_| | '_ \/ _` | \ \ \ \
 \\/  ___)| |_)| | | | | || (_| |  ) ) ) )
  '  |____| .__|_| |_|_| |_\__, | / / / /
 =========|_|==============|___/=/_/_/_/

 :: Spring Boot ::                (v3.5.5)

2026-08-11T11:06:51.184+08:00 INFO  d.f.LiveRocketMqExpirationAckLossIntegrationTest request_id= idempotency_key= order_id= user_id= sku_id= payment_tx= - Starting LiveRocketMqExpirationAckLossIntegrationTest using Java 26.0.2 with PID 79116 (started by yuzheng in /Users/yuzheng/Computeracy/Zhenkun26-GitHub/FlashFlow)
2026-08-11T11:06:51.184+08:00 INFO  d.f.LiveRocketMqExpirationAckLossIntegrationTest request_id= idempotency_key= order_id= user_id= sku_id= payment_tx= - The following 1 profile is active: "test"
2026-08-11T11:06:51.237+08:00 INFO  o.s.d.r.c.RepositoryConfigurationDelegate request_id= idempotency_key= order_id= user_id= sku_id= payment_tx= - Multiple Spring Data modules found, entering strict repository configuration mode
2026-08-11T11:06:51.238+08:00 INFO  o.s.d.r.c.RepositoryConfigurationDelegate request_id= idempotency_key= order_id= user_id= sku_id= payment_tx= - Bootstrapping Spring Data Redis repositories in DEFAULT mode.
2026-08-11T11:06:51.241+08:00 INFO  o.s.d.r.c.RepositoryConfigurationDelegate request_id= idempotency_key= order_id= user_id= sku_id= payment_tx= - Finished Spring Data repository scanning in 3 ms. Found 0 Redis repository interfaces.
2026-08-11T11:06:51.254+08:00 INFO  o.s.b.w.e.tomcat.TomcatWebServer request_id= idempotency_key= order_id= user_id= sku_id= payment_tx= - Tomcat initialized with port 0 (http)
2026-08-11T11:06:51.254+08:00 INFO  o.a.catalina.core.StandardService request_id= idempotency_key= order_id= user_id= sku_id= payment_tx= - Starting service [Tomcat]
2026-08-11T11:06:51.255+08:00 INFO  o.a.catalina.core.StandardEngine request_id= idempotency_key= order_id= user_id= sku_id= payment_tx= - Starting Servlet engine: [Apache Tomcat/10.1.44]
2026-08-11T11:06:51.259+08:00 INFO  o.a.c.c.C.[Tomcat].[localhost].[/] request_id= idempotency_key= order_id= user_id= sku_id= payment_tx= - Initializing Spring embedded WebApplicationContext
2026-08-11T11:06:51.259+08:00 INFO  o.s.b.w.s.c.ServletWebServerApplicationContext request_id= idempotency_key= order_id= user_id= sku_id= payment_tx= - Root WebApplicationContext: initialization completed in 75 ms
Standard Commons Logging discovery in action with spring-jcl: please remove commons-logging.jar from classpath in order to avoid potential conflicts
2026-08-11T11:06:51.285+08:00 INFO  com.zaxxer.hikari.HikariDataSource request_id= idempotency_key= order_id= user_id= sku_id= payment_tx= - HikariPool-13 - Starting...
2026-08-11T11:06:51.295+08:00 INFO  com.zaxxer.hikari.pool.HikariPool request_id= idempotency_key= order_id= user_id= sku_id= payment_tx= - HikariPool-13 - Added connection com.mysql.cj.jdbc.ConnectionImpl@31ccad75
2026-08-11T11:06:51.295+08:00 INFO  com.zaxxer.hikari.HikariDataSource request_id= idempotency_key= order_id= user_id= sku_id= payment_tx= - HikariPool-13 - Start completed.
2026-08-11T11:06:51.297+08:00 INFO  org.flywaydb.core.FlywayExecutor request_id= idempotency_key= order_id= user_id= sku_id= payment_tx= - Database: jdbc:mysql://localhost:63467/flashflow (MySQL 8.4)
2026-08-11T11:06:51.301+08:00 WARN  o.f.c.i.database.base.Database request_id= idempotency_key= order_id= user_id= sku_id= payment_tx= - Flyway upgrade recommended: MySQL 8.4 is newer than this version of Flyway and support has not been tested. The latest supported version of MySQL is 8.1.
2026-08-11T11:06:51.307+08:00 INFO  o.f.core.internal.command.DbValidate request_id= idempotency_key= order_id= user_id= sku_id= payment_tx= - Successfully validated 4 migrations (execution time 00:00.005s)
2026-08-11T11:06:51.312+08:00 INFO  o.f.core.internal.command.DbMigrate request_id= idempotency_key= order_id= user_id= sku_id= payment_tx= - Current version of schema `flashflow`: 4
2026-08-11T11:06:51.313+08:00 INFO  o.f.core.internal.command.DbMigrate request_id= idempotency_key= order_id= user_id= sku_id= payment_tx= - Schema `flashflow` is up to date. No migration necessary.
2026-08-11T11:06:51.421+08:00 INFO  o.s.b.a.e.web.EndpointLinksResolver request_id= idempotency_key= order_id= user_id= sku_id= payment_tx= - Exposing 2 endpoints beneath base path '/actuator'
2026-08-11T11:06:51.426+08:00 INFO  o.s.b.w.e.tomcat.TomcatWebServer request_id= idempotency_key= order_id= user_id= sku_id= payment_tx= - Tomcat started on port 52403 (http) with context path '/'
2026-08-11T11:06:51.427+08:00 INFO  d.f.LiveRocketMqExpirationAckLossIntegrationTest request_id= idempotency_key= order_id= user_id= sku_id= payment_tx= - Started LiveRocketMqExpirationAckLossIntegrationTest in 0.251 seconds (process running for 136.954)
2026-08-11T11:06:53.469+08:00 INFO  o.a.c.c.C.[Tomcat].[localhost].[/] request_id= idempotency_key= order_id= user_id= sku_id= payment_tx= - Initializing Spring DispatcherServlet 'dispatcherServlet'
2026-08-11T11:06:53.469+08:00 INFO  o.s.web.servlet.DispatcherServlet request_id= idempotency_key= order_id= user_id= sku_id= payment_tx= - Initializing Servlet 'dispatcherServlet'
2026-08-11T11:06:53.469+08:00 INFO  o.s.web.servlet.DispatcherServlet request_id= idempotency_key= order_id= user_id= sku_id= payment_tx= - Completed initialization in 0 ms
2026-08-11T11:07:12.975+08:00 INFO  o.s.b.w.e.tomcat.GracefulShutdown request_id= idempotency_key= order_id= user_id= sku_id= payment_tx= - Commencing graceful shutdown. Waiting for active requests to complete
2026-08-11T11:07:14.982+08:00 INFO  o.s.b.w.e.tomcat.GracefulShutdown request_id= idempotency_key= order_id= user_id= sku_id= payment_tx= - Graceful shutdown complete
2026-08-11T11:07:14.983+08:00 ERROR org.apache.tomcat.util.net.Acceptor request_id= idempotency_key= order_id= user_id= sku_id= payment_tx= - Socket accept failed
java.nio.channels.AsynchronousCloseException: null
	at java.base/java.nio.channels.spi.AbstractInterruptibleChannel.end(AbstractInterruptibleChannel.java:218) ~[na:na]
	at java.base/sun.nio.ch.ServerSocketChannelImpl.end(ServerSocketChannelImpl.java:372) ~[na:na]
	at java.base/sun.nio.ch.ServerSocketChannelImpl.accept(ServerSocketChannelImpl.java:397) ~[na:na]
	at org.apache.tomcat.util.net.NioEndpoint.serverSocketAccept(NioEndpoint.java:537) ~[tomcat-embed-core-10.1.44.jar:10.1.44]
	at org.apache.tomcat.util.net.NioEndpoint.serverSocketAccept(NioEndpoint.java:72) ~[tomcat-embed-core-10.1.44.jar:10.1.44]
	at org.apache.tomcat.util.net.Acceptor.run(Acceptor.java:127) ~[tomcat-embed-core-10.1.44.jar:10.1.44]
	at java.base/java.lang.Thread.run(Thread.java:1516) ~[na:na]
2026-08-11T11:07:15.375+08:00 INFO  com.zaxxer.hikari.HikariDataSource request_id= idempotency_key= order_id= user_id= sku_id= payment_tx= - HikariPool-13 - Shutdown initiated...
2026-08-11T11:07:15.379+08:00 INFO  com.zaxxer.hikari.HikariDataSource request_id= idempotency_key= order_id= user_id= sku_id= payment_tx= - HikariPool-13 - Shutdown completed.
[INFO] Tests run: 1, Failures: 0, Errors: 0, Skipped: 0, Time elapsed: 24.21 s -- in dev.flashflow.LiveRocketMqExpirationAckLossIntegrationTest
[INFO] Running dev.flashflow.OrderingClaimRaceIntegrationTest
2026-08-11T11:07:15.395+08:00 INFO  o.s.t.c.s.AnnotationConfigContextLoaderUtils request_id= idempotency_key= order_id= user_id= sku_id= payment_tx= - Could not detect default configuration classes for test class [dev.flashflow.OrderingClaimRaceIntegrationTest]: OrderingClaimRaceIntegrationTest does not declare any static, non-private, non-final, nested classes annotated with @Configuration.
2026-08-11T11:07:15.397+08:00 INFO  o.s.b.t.c.SpringBootTestContextBootstrapper request_id= idempotency_key= order_id= user_id= sku_id= payment_tx= - Found @SpringBootConfiguration dev.flashflow.FlashFlowApplication for test class dev.flashflow.OrderingClaimRaceIntegrationTest
[INFO] Tests run: 3, Failures: 0, Errors: 0, Skipped: 0, Time elapsed: 0.092 s -- in dev.flashflow.OrderingClaimRaceIntegrationTest
[INFO] Running dev.flashflow.ApplicationSmokeTest
2026-08-11T11:07:15.485+08:00 INFO  o.s.t.c.s.AnnotationConfigContextLoaderUtils request_id= idempotency_key= order_id= user_id= sku_id= payment_tx= - Could not detect default configuration classes for test class [dev.flashflow.ApplicationSmokeTest]: ApplicationSmokeTest does not declare any static, non-private, non-final, nested classes annotated with @Configuration.
2026-08-11T11:07:15.485+08:00 INFO  o.s.b.t.c.SpringBootTestContextBootstrapper request_id= idempotency_key= order_id= user_id= sku_id= payment_tx= - Found @SpringBootConfiguration dev.flashflow.FlashFlowApplication for test class dev.flashflow.ApplicationSmokeTest
[INFO] Tests run: 1, Failures: 0, Errors: 0, Skipped: 0, Time elapsed: 0.010 s -- in dev.flashflow.ApplicationSmokeTest
[INFO] Running dev.flashflow.messaging.AsyncOrderApplicationServiceTest
2026-08-11T11:07:15.498+08:00 INFO  d.f.m.AsyncOrderApplicationService request_id= idempotency_key=key-2 order_id= user_id=user-2 sku_id=sku-1 payment_tx= - Asynchronous publication command_id=01f6edbdbcb069068af0743c4a6c1cdf608ddb350e20c922f2699fa0232ba5f4 outcome=DEFINITELY_NOT_PUBLISHED status=RETRYABLE cause=CONNECT_FAILED
2026-08-11T11:07:15.498+08:00 INFO  d.f.m.AsyncOrderApplicationService request_id= idempotency_key=key-3 order_id= user_id=user-3 sku_id=sku-1 payment_tx= - Asynchronous publication command_id=1cc3cdc8f3519b00083f110b3605cd4a5b770b7e5245fbd4722e3d69cc876121 outcome=AMBIGUOUS status=UNRESOLVED cause=REMOTING_TIMEOUT
2026-08-11T11:07:15.498+08:00 INFO  d.f.m.AsyncOrderApplicationService request_id= idempotency_key=key-3 order_id= user_id=user-3 sku_id=sku-1 payment_tx= - Asynchronous publication command_id=1cc3cdc8f3519b00083f110b3605cd4a5b770b7e5245fbd4722e3d69cc876121 outcome=AMBIGUOUS status=UNRESOLVED cause=REMOTING_TIMEOUT
2026-08-11T11:07:15.499+08:00 INFO  d.f.m.AsyncOrderApplicationService request_id= idempotency_key=key-1 order_id= user_id=user-1 sku_id=sku-1 payment_tx= - Asynchronous publication command_id=eb5faa2199474e8f5bc1a28fb0121e6030966fc10dd104d1a1406803200ea69a outcome=BROKER_ACKNOWLEDGED status=ACCEPTED cause=SEND_OK
[INFO] Tests run: 3, Failures: 0, Errors: 0, Skipped: 0, Time elapsed: 0.005 s -- in dev.flashflow.messaging.AsyncOrderApplicationServiceTest
[INFO] Running dev.flashflow.messaging.RocketMqListenerContractTest
[INFO] Tests run: 1, Failures: 0, Errors: 0, Skipped: 0, Time elapsed: 0.005 s -- in dev.flashflow.messaging.RocketMqListenerContractTest
[INFO] Running dev.flashflow.messaging.OutboxAsyncOrderApplicationServiceTest
2026-08-11T11:07:15.586+08:00 INFO  d.f.m.o.OutboxAsyncOrderApplicationService request_id= idempotency_key=key-1 order_id= user_id=user-1 sku_id=sku-1 payment_tx= - Durable Outbox acceptance command_id=a7e3407f561a93b1e814e8043a124494518c72dc766988244ddc280fe0b281c4 status=ACCEPTED
2026-08-11T11:07:15.592+08:00 WARN  d.f.m.o.OutboxAsyncOrderApplicationService request_id= idempotency_key=key-1 order_id= user_id=user-1 sku_id=sku-1 payment_tx= - Durable Outbox acceptance unresolved command_id=a7e3407f561a93b1e814e8043a124494518c72dc766988244ddc280fe0b281c4 cause=IllegalStateException
[INFO] Tests run: 2, Failures: 0, Errors: 0, Skipped: 0, Time elapsed: 0.088 s -- in dev.flashflow.messaging.OutboxAsyncOrderApplicationServiceTest
[INFO] Running dev.flashflow.messaging.OrderCommandContractTest
[INFO] Tests run: 2, Failures: 0, Errors: 0, Skipped: 0, Time elapsed: 0.002 s -- in dev.flashflow.messaging.OrderCommandContractTest
[INFO] Running dev.flashflow.messaging.SyntheticMessagingSpikeTest
[INFO] Tests run: 2, Failures: 0, Errors: 0, Skipped: 0, Time elapsed: 0.002 s -- in dev.flashflow.messaging.SyntheticMessagingSpikeTest
[INFO] Running dev.flashflow.messaging.DeterministicPublicationCoordinatorTest
[INFO] Tests run: 3, Failures: 0, Errors: 0, Skipped: 0, Time elapsed: 0.001 s -- in dev.flashflow.messaging.DeterministicPublicationCoordinatorTest
[INFO] Running dev.flashflow.messaging.InProcessOrderCommandConsumerTest
[INFO] Tests run: 2, Failures: 0, Errors: 0, Skipped: 0, Time elapsed: 0.002 s -- in dev.flashflow.messaging.InProcessOrderCommandConsumerTest
[INFO] Running dev.flashflow.messaging.OutboxDispatcherTest
2026-08-11T11:07:15.677+08:00 INFO  d.f.m.outbox.OutboxDispatcher request_id= idempotency_key=key-1 order_id= user_id=user-1 sku_id=sku-1 payment_tx= - Outbox publication deferred outbox_id=outbox command_id=aaaaaaaaaaaaaaaaaaaaaaaaaaaaaaaaaaaaaaaaaaaaaaaaaaaaaaaaaaaaaaaa outcome=RETRYABLE cause=REMOTING_TIMEOUT
2026-08-11T11:07:15.678+08:00 WARN  d.f.m.outbox.OutboxDispatcher request_id= idempotency_key=key-1 order_id= user_id=user-1 sku_id=sku-1 payment_tx= - Outbox publication exhausted outbox_id=outbox command_id=aaaaaaaaaaaaaaaaaaaaaaaaaaaaaaaaaaaaaaaaaaaaaaaaaaaaaaaaaaaaaaaa cause=CONNECT_FAILED
2026-08-11T11:07:15.679+08:00 INFO  d.f.m.outbox.OutboxDispatcher request_id= idempotency_key=key-1 order_id= user_id=user-1 sku_id=sku-1 payment_tx= - Outbox publication outbox_id=outbox command_id=aaaaaaaaaaaaaaaaaaaaaaaaaaaaaaaaaaaaaaaaaaaaaaaaaaaaaaaaaaaaaaaa outcome=ACKNOWLEDGED
[INFO] Tests run: 3, Failures: 0, Errors: 0, Skipped: 0, Time elapsed: 0.077 s -- in dev.flashflow.messaging.OutboxDispatcherTest
[INFO] Running dev.flashflow.OutboxPersistenceIntegrationTest
2026-08-11T11:07:15.680+08:00 INFO  o.s.t.c.s.AnnotationConfigContextLoaderUtils request_id= idempotency_key=key-1 order_id= user_id=user-1 sku_id=sku-1 payment_tx= - Could not detect default configuration classes for test class [dev.flashflow.OutboxPersistenceIntegrationTest]: OutboxPersistenceIntegrationTest does not declare any static, non-private, non-final, nested classes annotated with @Configuration.
2026-08-11T11:07:15.681+08:00 INFO  o.s.b.t.c.SpringBootTestContextBootstrapper request_id= idempotency_key=key-1 order_id= user_id=user-1 sku_id=sku-1 payment_tx= - Found @SpringBootConfiguration dev.flashflow.FlashFlowApplication for test class dev.flashflow.OutboxPersistenceIntegrationTest
[INFO] Tests run: 6, Failures: 0, Errors: 0, Skipped: 0, Time elapsed: 0.108 s -- in dev.flashflow.OutboxPersistenceIntegrationTest
[INFO] Running dev.flashflow.LiveRocketMqRetryExhaustionIntegrationTest
2026-08-11T11:07:15.790+08:00 INFO  o.s.t.c.s.AnnotationConfigContextLoaderUtils request_id= idempotency_key=key-1 order_id= user_id=user-1 sku_id=sku-1 payment_tx= - Could not detect default configuration classes for test class [dev.flashflow.LiveRocketMqRetryExhaustionIntegrationTest]: LiveRocketMqRetryExhaustionIntegrationTest does not declare any static, non-private, non-final, nested classes annotated with @Configuration.
2026-08-11T11:07:15.791+08:00 INFO  o.s.b.t.c.SpringBootTestContextBootstrapper request_id= idempotency_key=key-1 order_id= user_id=user-1 sku_id=sku-1 payment_tx= - Found @SpringBootConfiguration dev.flashflow.FlashFlowApplication for test class dev.flashflow.LiveRocketMqRetryExhaustionIntegrationTest

  .   ____          _            __ _ _
 /\\ / ___'_ __ _ _(_)_ __  __ _ \ \ \ \
( ( )\___ | '_ | '_| | '_ \/ _` | \ \ \ \
 \\/  ___)| |_)| | | | | || (_| |  ) ) ) )
  '  |____| .__|_| |_|_| |_\__, | / / / /
 =========|_|==============|___/=/_/_/_/

 :: Spring Boot ::                (v3.5.5)

2026-08-11T11:07:15.804+08:00 INFO  d.f.LiveRocketMqRetryExhaustionIntegrationTest request_id= idempotency_key=key-1 order_id= user_id=user-1 sku_id=sku-1 payment_tx= - Starting LiveRocketMqRetryExhaustionIntegrationTest using Java 26.0.2 with PID 79116 (started by yuzheng in /Users/yuzheng/Computeracy/Zhenkun26-GitHub/FlashFlow)
2026-08-11T11:07:15.804+08:00 INFO  d.f.LiveRocketMqRetryExhaustionIntegrationTest request_id= idempotency_key=key-1 order_id= user_id=user-1 sku_id=sku-1 payment_tx= - The following 1 profile is active: "test"
2026-08-11T11:07:15.895+08:00 INFO  o.s.d.r.c.RepositoryConfigurationDelegate request_id= idempotency_key=key-1 order_id= user_id=user-1 sku_id=sku-1 payment_tx= - Multiple Spring Data modules found, entering strict repository configuration mode
2026-08-11T11:07:15.895+08:00 INFO  o.s.d.r.c.RepositoryConfigurationDelegate request_id= idempotency_key=key-1 order_id= user_id=user-1 sku_id=sku-1 payment_tx= - Bootstrapping Spring Data Redis repositories in DEFAULT mode.
2026-08-11T11:07:15.899+08:00 INFO  o.s.d.r.c.RepositoryConfigurationDelegate request_id= idempotency_key=key-1 order_id= user_id=user-1 sku_id=sku-1 payment_tx= - Finished Spring Data repository scanning in 3 ms. Found 0 Redis repository interfaces.
2026-08-11T11:07:15.912+08:00 INFO  o.s.b.w.e.tomcat.TomcatWebServer request_id= idempotency_key=key-1 order_id= user_id=user-1 sku_id=sku-1 payment_tx= - Tomcat initialized with port 0 (http)
2026-08-11T11:07:15.912+08:00 INFO  o.a.catalina.core.StandardService request_id= idempotency_key=key-1 order_id= user_id=user-1 sku_id=sku-1 payment_tx= - Starting service [Tomcat]
2026-08-11T11:07:15.912+08:00 INFO  o.a.catalina.core.StandardEngine request_id= idempotency_key=key-1 order_id= user_id=user-1 sku_id=sku-1 payment_tx= - Starting Servlet engine: [Apache Tomcat/10.1.44]
2026-08-11T11:07:15.917+08:00 INFO  o.a.c.c.C.[Tomcat].[localhost].[/] request_id= idempotency_key=key-1 order_id= user_id=user-1 sku_id=sku-1 payment_tx= - Initializing Spring embedded WebApplicationContext
2026-08-11T11:07:15.917+08:00 INFO  o.s.b.w.s.c.ServletWebServerApplicationContext request_id= idempotency_key=key-1 order_id= user_id=user-1 sku_id=sku-1 payment_tx= - Root WebApplicationContext: initialization completed in 113 ms
Standard Commons Logging discovery in action with spring-jcl: please remove commons-logging.jar from classpath in order to avoid potential conflicts
2026-08-11T11:07:15.936+08:00 INFO  com.zaxxer.hikari.HikariDataSource request_id= idempotency_key=key-1 order_id= user_id=user-1 sku_id=sku-1 payment_tx= - HikariPool-14 - Starting...
2026-08-11T11:07:15.943+08:00 INFO  com.zaxxer.hikari.pool.HikariPool request_id= idempotency_key=key-1 order_id= user_id=user-1 sku_id=sku-1 payment_tx= - HikariPool-14 - Added connection com.mysql.cj.jdbc.ConnectionImpl@4322eeba
2026-08-11T11:07:15.943+08:00 INFO  com.zaxxer.hikari.HikariDataSource request_id= idempotency_key=key-1 order_id= user_id=user-1 sku_id=sku-1 payment_tx= - HikariPool-14 - Start completed.
2026-08-11T11:07:15.944+08:00 INFO  org.flywaydb.core.FlywayExecutor request_id= idempotency_key=key-1 order_id= user_id=user-1 sku_id=sku-1 payment_tx= - Database: jdbc:mysql://localhost:63467/flashflow (MySQL 8.4)
2026-08-11T11:07:15.946+08:00 WARN  o.f.c.i.database.base.Database request_id= idempotency_key=key-1 order_id= user_id=user-1 sku_id=sku-1 payment_tx= - Flyway upgrade recommended: MySQL 8.4 is newer than this version of Flyway and support has not been tested. The latest supported version of MySQL is 8.1.
2026-08-11T11:07:15.950+08:00 INFO  o.f.core.internal.command.DbValidate request_id= idempotency_key=key-1 order_id= user_id=user-1 sku_id=sku-1 payment_tx= - Successfully validated 4 migrations (execution time 00:00.003s)
2026-08-11T11:07:15.953+08:00 INFO  o.f.core.internal.command.DbMigrate request_id= idempotency_key=key-1 order_id= user_id=user-1 sku_id=sku-1 payment_tx= - Current version of schema `flashflow`: 4
2026-08-11T11:07:15.953+08:00 INFO  o.f.core.internal.command.DbMigrate request_id= idempotency_key=key-1 order_id= user_id=user-1 sku_id=sku-1 payment_tx= - Schema `flashflow` is up to date. No migration necessary.
2026-08-11T11:07:16.034+08:00 INFO  o.s.b.a.e.web.EndpointLinksResolver request_id= idempotency_key=key-1 order_id= user_id=user-1 sku_id=sku-1 payment_tx= - Exposing 2 endpoints beneath base path '/actuator'
2026-08-11T11:07:16.038+08:00 INFO  o.s.b.w.e.tomcat.TomcatWebServer request_id= idempotency_key=key-1 order_id= user_id=user-1 sku_id=sku-1 payment_tx= - Tomcat started on port 52501 (http) with context path '/'
2026-08-11T11:07:16.040+08:00 INFO  d.f.LiveRocketMqRetryExhaustionIntegrationTest request_id= idempotency_key=key-1 order_id= user_id=user-1 sku_id=sku-1 payment_tx= - Started LiveRocketMqRetryExhaustionIntegrationTest in 0.248 seconds (process running for 161.567)
2026-08-11T11:07:18.070+08:00 INFO  o.a.c.c.C.[Tomcat].[localhost].[/] request_id= idempotency_key= order_id= user_id= sku_id= payment_tx= - Initializing Spring DispatcherServlet 'dispatcherServlet'
2026-08-11T11:07:18.070+08:00 INFO  o.s.web.servlet.DispatcherServlet request_id= idempotency_key= order_id= user_id= sku_id= payment_tx= - Initializing Servlet 'dispatcherServlet'
2026-08-11T11:07:18.071+08:00 INFO  o.s.web.servlet.DispatcherServlet request_id= idempotency_key= order_id= user_id= sku_id= payment_tx= - Completed initialization in 1 ms
2026-08-11T11:07:18.095+08:00 INFO  d.f.m.AsyncOrderApplicationService request_id=29f10720-b0e9-4004-93ba-19462d6ba059 idempotency_key=key-exhaustion order_id= user_id=user-exhaustion sku_id=sku-exhaustion payment_tx= - Asynchronous publication command_id=376c29b67fdb29614b85c23214fb61aff7f3c58a83fd98b5832fbff2e0e36777 outcome=BROKER_ACKNOWLEDGED status=ACCEPTED cause=SEND_OK
2026-08-11T11:07:27.793+08:00 INFO  d.f.m.AsyncOrderApplicationService request_id=47a8eb67-7a48-4bca-9248-d668abca907b idempotency_key=key-exhaustion order_id= user_id=user-exhaustion sku_id=sku-exhaustion payment_tx= - Asynchronous publication command_id=376c29b67fdb29614b85c23214fb61aff7f3c58a83fd98b5832fbff2e0e36777 outcome=BROKER_ACKNOWLEDGED status=ACCEPTED cause=SEND_OK
2026-08-11T11:07:27.800+08:00 INFO  o.s.b.w.e.tomcat.GracefulShutdown request_id= idempotency_key=key-1 order_id= user_id=user-1 sku_id=sku-1 payment_tx= - Commencing graceful shutdown. Waiting for active requests to complete
2026-08-11T11:07:29.805+08:00 INFO  o.s.b.w.e.tomcat.GracefulShutdown request_id= idempotency_key= order_id= user_id= sku_id= payment_tx= - Graceful shutdown complete
2026-08-11T11:07:29.805+08:00 ERROR org.apache.tomcat.util.net.Acceptor request_id= idempotency_key= order_id= user_id= sku_id= payment_tx= - Socket accept failed
java.nio.channels.AsynchronousCloseException: null
	at java.base/java.nio.channels.spi.AbstractInterruptibleChannel.end(AbstractInterruptibleChannel.java:218) ~[na:na]
	at java.base/sun.nio.ch.ServerSocketChannelImpl.end(ServerSocketChannelImpl.java:372) ~[na:na]
	at java.base/sun.nio.ch.ServerSocketChannelImpl.accept(ServerSocketChannelImpl.java:397) ~[na:na]
	at org.apache.tomcat.util.net.NioEndpoint.serverSocketAccept(NioEndpoint.java:537) ~[tomcat-embed-core-10.1.44.jar:10.1.44]
	at org.apache.tomcat.util.net.NioEndpoint.serverSocketAccept(NioEndpoint.java:72) ~[tomcat-embed-core-10.1.44.jar:10.1.44]
	at org.apache.tomcat.util.net.Acceptor.run(Acceptor.java:127) ~[tomcat-embed-core-10.1.44.jar:10.1.44]
	at java.base/java.lang.Thread.run(Thread.java:1516) ~[na:na]
2026-08-11T11:07:31.027+08:00 INFO  com.zaxxer.hikari.HikariDataSource request_id= idempotency_key=key-1 order_id= user_id=user-1 sku_id=sku-1 payment_tx= - HikariPool-14 - Shutdown initiated...
2026-08-11T11:07:31.031+08:00 INFO  com.zaxxer.hikari.HikariDataSource request_id= idempotency_key=key-1 order_id= user_id=user-1 sku_id=sku-1 payment_tx= - HikariPool-14 - Shutdown completed.
[INFO] Tests run: 1, Failures: 0, Errors: 0, Skipped: 0, Time elapsed: 15.25 s -- in dev.flashflow.LiveRocketMqRetryExhaustionIntegrationTest
[INFO] Running dev.flashflow.LiveRocketMqEndToEndIntegrationTest
2026-08-11T11:07:31.042+08:00 INFO  o.s.t.c.s.AnnotationConfigContextLoaderUtils request_id= idempotency_key=key-1 order_id= user_id=user-1 sku_id=sku-1 payment_tx= - Could not detect default configuration classes for test class [dev.flashflow.LiveRocketMqEndToEndIntegrationTest]: LiveRocketMqEndToEndIntegrationTest does not declare any static, non-private, non-final, nested classes annotated with @Configuration.
2026-08-11T11:07:31.045+08:00 INFO  o.s.b.t.c.SpringBootTestContextBootstrapper request_id= idempotency_key=key-1 order_id= user_id=user-1 sku_id=sku-1 payment_tx= - Found @SpringBootConfiguration dev.flashflow.FlashFlowApplication for test class dev.flashflow.LiveRocketMqEndToEndIntegrationTest

  .   ____          _            __ _ _
 /\\ / ___'_ __ _ _(_)_ __  __ _ \ \ \ \
( ( )\___ | '_ | '_| | '_ \/ _` | \ \ \ \
 \\/  ___)| |_)| | | | | || (_| |  ) ) ) )
  '  |____| .__|_| |_|_| |_\__, | / / / /
 =========|_|==============|___/=/_/_/_/

 :: Spring Boot ::                (v3.5.5)

2026-08-11T11:07:31.060+08:00 INFO  d.f.LiveRocketMqEndToEndIntegrationTest request_id= idempotency_key=key-1 order_id= user_id=user-1 sku_id=sku-1 payment_tx= - Starting LiveRocketMqEndToEndIntegrationTest using Java 26.0.2 with PID 79116 (started by yuzheng in /Users/yuzheng/Computeracy/Zhenkun26-GitHub/FlashFlow)
2026-08-11T11:07:31.060+08:00 INFO  d.f.LiveRocketMqEndToEndIntegrationTest request_id= idempotency_key=key-1 order_id= user_id=user-1 sku_id=sku-1 payment_tx= - The following 1 profile is active: "test"
2026-08-11T11:07:31.136+08:00 INFO  o.s.d.r.c.RepositoryConfigurationDelegate request_id= idempotency_key=key-1 order_id= user_id=user-1 sku_id=sku-1 payment_tx= - Multiple Spring Data modules found, entering strict repository configuration mode
2026-08-11T11:07:31.136+08:00 INFO  o.s.d.r.c.RepositoryConfigurationDelegate request_id= idempotency_key=key-1 order_id= user_id=user-1 sku_id=sku-1 payment_tx= - Bootstrapping Spring Data Redis repositories in DEFAULT mode.
2026-08-11T11:07:31.140+08:00 INFO  o.s.d.r.c.RepositoryConfigurationDelegate request_id= idempotency_key=key-1 order_id= user_id=user-1 sku_id=sku-1 payment_tx= - Finished Spring Data repository scanning in 3 ms. Found 0 Redis repository interfaces.
2026-08-11T11:07:31.151+08:00 INFO  o.s.b.w.e.tomcat.TomcatWebServer request_id= idempotency_key=key-1 order_id= user_id=user-1 sku_id=sku-1 payment_tx= - Tomcat initialized with port 0 (http)
2026-08-11T11:07:31.152+08:00 INFO  o.a.catalina.core.StandardService request_id= idempotency_key=key-1 order_id= user_id=user-1 sku_id=sku-1 payment_tx= - Starting service [Tomcat]
2026-08-11T11:07:31.152+08:00 INFO  o.a.catalina.core.StandardEngine request_id= idempotency_key=key-1 order_id= user_id=user-1 sku_id=sku-1 payment_tx= - Starting Servlet engine: [Apache Tomcat/10.1.44]
2026-08-11T11:07:31.156+08:00 INFO  o.a.c.c.C.[Tomcat].[localhost].[/] request_id= idempotency_key=key-1 order_id= user_id=user-1 sku_id=sku-1 payment_tx= - Initializing Spring embedded WebApplicationContext
2026-08-11T11:07:31.156+08:00 INFO  o.s.b.w.s.c.ServletWebServerApplicationContext request_id= idempotency_key=key-1 order_id= user_id=user-1 sku_id=sku-1 payment_tx= - Root WebApplicationContext: initialization completed in 96 ms
Standard Commons Logging discovery in action with spring-jcl: please remove commons-logging.jar from classpath in order to avoid potential conflicts
2026-08-11T11:07:31.175+08:00 INFO  com.zaxxer.hikari.HikariDataSource request_id= idempotency_key=key-1 order_id= user_id=user-1 sku_id=sku-1 payment_tx= - HikariPool-15 - Starting...
2026-08-11T11:07:31.184+08:00 INFO  com.zaxxer.hikari.pool.HikariPool request_id= idempotency_key=key-1 order_id= user_id=user-1 sku_id=sku-1 payment_tx= - HikariPool-15 - Added connection com.mysql.cj.jdbc.ConnectionImpl@55bc3eab
2026-08-11T11:07:31.184+08:00 INFO  com.zaxxer.hikari.HikariDataSource request_id= idempotency_key=key-1 order_id= user_id=user-1 sku_id=sku-1 payment_tx= - HikariPool-15 - Start completed.
2026-08-11T11:07:31.188+08:00 INFO  org.flywaydb.core.FlywayExecutor request_id= idempotency_key=key-1 order_id= user_id=user-1 sku_id=sku-1 payment_tx= - Database: jdbc:mysql://localhost:63467/flashflow (MySQL 8.4)
2026-08-11T11:07:31.192+08:00 WARN  o.f.c.i.database.base.Database request_id= idempotency_key=key-1 order_id= user_id=user-1 sku_id=sku-1 payment_tx= - Flyway upgrade recommended: MySQL 8.4 is newer than this version of Flyway and support has not been tested. The latest supported version of MySQL is 8.1.
2026-08-11T11:07:31.201+08:00 INFO  o.f.core.internal.command.DbValidate request_id= idempotency_key=key-1 order_id= user_id=user-1 sku_id=sku-1 payment_tx= - Successfully validated 4 migrations (execution time 00:00.006s)
2026-08-11T11:07:31.206+08:00 INFO  o.f.core.internal.command.DbMigrate request_id= idempotency_key=key-1 order_id= user_id=user-1 sku_id=sku-1 payment_tx= - Current version of schema `flashflow`: 4
2026-08-11T11:07:31.207+08:00 INFO  o.f.core.internal.command.DbMigrate request_id= idempotency_key=key-1 order_id= user_id=user-1 sku_id=sku-1 payment_tx= - Schema `flashflow` is up to date. No migration necessary.
2026-08-11T11:07:31.299+08:00 INFO  o.s.b.a.e.web.EndpointLinksResolver request_id= idempotency_key=key-1 order_id= user_id=user-1 sku_id=sku-1 payment_tx= - Exposing 2 endpoints beneath base path '/actuator'
2026-08-11T11:07:31.303+08:00 INFO  o.s.b.w.e.tomcat.TomcatWebServer request_id= idempotency_key=key-1 order_id= user_id=user-1 sku_id=sku-1 payment_tx= - Tomcat started on port 52591 (http) with context path '/'
2026-08-11T11:07:31.305+08:00 INFO  d.f.LiveRocketMqEndToEndIntegrationTest request_id= idempotency_key=key-1 order_id= user_id=user-1 sku_id=sku-1 payment_tx= - Started LiveRocketMqEndToEndIntegrationTest in 0.257 seconds (process running for 176.831)
2026-08-11T11:07:33.339+08:00 INFO  o.a.c.c.C.[Tomcat].[localhost].[/] request_id= idempotency_key= order_id= user_id= sku_id= payment_tx= - Initializing Spring DispatcherServlet 'dispatcherServlet'
2026-08-11T11:07:33.339+08:00 INFO  o.s.web.servlet.DispatcherServlet request_id= idempotency_key= order_id= user_id= sku_id= payment_tx= - Initializing Servlet 'dispatcherServlet'
2026-08-11T11:07:33.339+08:00 INFO  o.s.web.servlet.DispatcherServlet request_id= idempotency_key= order_id= user_id= sku_id= payment_tx= - Completed initialization in 0 ms
2026-08-11T11:07:33.384+08:00 INFO  d.f.m.AsyncOrderApplicationService request_id=70862be4-9c33-4c79-8eb5-02fecc624827 idempotency_key=key-live order_id= user_id=user-live sku_id=sku-live payment_tx= - Asynchronous publication command_id=e2b2c6feda34496e10ea7b5ef6bac451b4866cb9855d6437ce0a2391eb523024 outcome=BROKER_ACKNOWLEDGED status=ACCEPTED cause=SEND_OK
2026-08-11T11:07:38.685+08:00 INFO  d.f.m.AsyncOrderApplicationService request_id=396b0409-afbb-4d71-8107-f1549d0278e3 idempotency_key=key-contract order_id= user_id=user-contract sku_id=sku-contract-a payment_tx= - Asynchronous publication command_id=1d32e54b7bda4a365a35f17783a2bfbf36e9b66768e6a459d06acbb43229669e outcome=BROKER_ACKNOWLEDGED status=ACCEPTED cause=SEND_OK
2026-08-11T11:07:55.931+08:00 INFO  d.f.m.AsyncOrderApplicationService request_id=bbfd4bb2-4da0-46bb-afea-cae61defc934 idempotency_key=key-restart-d880b990 order_id= user_id=user-restart-d880b990 sku_id=sku-restart-d880b990 payment_tx= - Asynchronous publication command_id=83c6db7322514fd2892d65292459cce8305f9b8cfd5379e27fc6306e584d07b9 outcome=DEFINITELY_NOT_PUBLISHED status=RETRYABLE cause=MQCLIENTEXCEPTION
2026-08-11T11:07:56.043+08:00 INFO  d.f.m.AsyncOrderApplicationService request_id=c22ee4c0-a235-46d5-978b-73015f91ead9 idempotency_key=key-restart-d880b990 order_id= user_id=user-restart-d880b990 sku_id=sku-restart-d880b990 payment_tx= - Asynchronous publication command_id=83c6db7322514fd2892d65292459cce8305f9b8cfd5379e27fc6306e584d07b9 outcome=DEFINITELY_NOT_PUBLISHED status=RETRYABLE cause=MQCLIENTEXCEPTION
2026-08-11T11:07:56.156+08:00 INFO  d.f.m.AsyncOrderApplicationService request_id=f87655fe-ac02-4bd4-9570-348649166bd6 idempotency_key=key-restart-d880b990 order_id= user_id=user-restart-d880b990 sku_id=sku-restart-d880b990 payment_tx= - Asynchronous publication command_id=83c6db7322514fd2892d65292459cce8305f9b8cfd5379e27fc6306e584d07b9 outcome=DEFINITELY_NOT_PUBLISHED status=RETRYABLE cause=MQCLIENTEXCEPTION
2026-08-11T11:07:56.267+08:00 INFO  d.f.m.AsyncOrderApplicationService request_id=d30c85b4-3255-483c-948d-d31c34316160 idempotency_key=key-restart-d880b990 order_id= user_id=user-restart-d880b990 sku_id=sku-restart-d880b990 payment_tx= - Asynchronous publication command_id=83c6db7322514fd2892d65292459cce8305f9b8cfd5379e27fc6306e584d07b9 outcome=DEFINITELY_NOT_PUBLISHED status=RETRYABLE cause=MQCLIENTEXCEPTION
2026-08-11T11:07:56.382+08:00 INFO  d.f.m.AsyncOrderApplicationService request_id=91355730-3819-4845-9278-88cce1f1275d idempotency_key=key-restart-d880b990 order_id= user_id=user-restart-d880b990 sku_id=sku-restart-d880b990 payment_tx= - Asynchronous publication command_id=83c6db7322514fd2892d65292459cce8305f9b8cfd5379e27fc6306e584d07b9 outcome=DEFINITELY_NOT_PUBLISHED status=RETRYABLE cause=MQCLIENTEXCEPTION
2026-08-11T11:07:56.500+08:00 INFO  d.f.m.AsyncOrderApplicationService request_id=a739a450-a001-4db8-9b62-8b9818281457 idempotency_key=key-restart-d880b990 order_id= user_id=user-restart-d880b990 sku_id=sku-restart-d880b990 payment_tx= - Asynchronous publication command_id=83c6db7322514fd2892d65292459cce8305f9b8cfd5379e27fc6306e584d07b9 outcome=DEFINITELY_NOT_PUBLISHED status=RETRYABLE cause=MQCLIENTEXCEPTION
2026-08-11T11:07:56.621+08:00 INFO  d.f.m.AsyncOrderApplicationService request_id=3ae83550-3520-4c71-95ce-9753b954fce2 idempotency_key=key-restart-d880b990 order_id= user_id=user-restart-d880b990 sku_id=sku-restart-d880b990 payment_tx= - Asynchronous publication command_id=83c6db7322514fd2892d65292459cce8305f9b8cfd5379e27fc6306e584d07b9 outcome=DEFINITELY_NOT_PUBLISHED status=RETRYABLE cause=MQCLIENTEXCEPTION
2026-08-11T11:07:56.740+08:00 INFO  d.f.m.AsyncOrderApplicationService request_id=0290276f-9373-4aec-99dd-2a2a0cd72fdb idempotency_key=key-restart-d880b990 order_id= user_id=user-restart-d880b990 sku_id=sku-restart-d880b990 payment_tx= - Asynchronous publication command_id=83c6db7322514fd2892d65292459cce8305f9b8cfd5379e27fc6306e584d07b9 outcome=DEFINITELY_NOT_PUBLISHED status=RETRYABLE cause=MQCLIENTEXCEPTION
2026-08-11T11:07:56.859+08:00 INFO  d.f.m.AsyncOrderApplicationService request_id=f6e6c93b-2407-458f-bd44-f971d4113272 idempotency_key=key-restart-d880b990 order_id= user_id=user-restart-d880b990 sku_id=sku-restart-d880b990 payment_tx= - Asynchronous publication command_id=83c6db7322514fd2892d65292459cce8305f9b8cfd5379e27fc6306e584d07b9 outcome=DEFINITELY_NOT_PUBLISHED status=RETRYABLE cause=MQCLIENTEXCEPTION
2026-08-11T11:07:56.982+08:00 INFO  d.f.m.AsyncOrderApplicationService request_id=94d76841-019f-418e-87b9-4203189d4f78 idempotency_key=key-restart-d880b990 order_id= user_id=user-restart-d880b990 sku_id=sku-restart-d880b990 payment_tx= - Asynchronous publication command_id=83c6db7322514fd2892d65292459cce8305f9b8cfd5379e27fc6306e584d07b9 outcome=DEFINITELY_NOT_PUBLISHED status=RETRYABLE cause=MQCLIENTEXCEPTION
2026-08-11T11:07:57.099+08:00 INFO  d.f.m.AsyncOrderApplicationService request_id=6069da29-e42c-4f91-8993-cf7b9c8f8404 idempotency_key=key-restart-d880b990 order_id= user_id=user-restart-d880b990 sku_id=sku-restart-d880b990 payment_tx= - Asynchronous publication command_id=83c6db7322514fd2892d65292459cce8305f9b8cfd5379e27fc6306e584d07b9 outcome=DEFINITELY_NOT_PUBLISHED status=RETRYABLE cause=MQCLIENTEXCEPTION
2026-08-11T11:07:57.214+08:00 INFO  d.f.m.AsyncOrderApplicationService request_id=23eb3191-35d6-4f44-a8a8-086d08827464 idempotency_key=key-restart-d880b990 order_id= user_id=user-restart-d880b990 sku_id=sku-restart-d880b990 payment_tx= - Asynchronous publication command_id=83c6db7322514fd2892d65292459cce8305f9b8cfd5379e27fc6306e584d07b9 outcome=DEFINITELY_NOT_PUBLISHED status=RETRYABLE cause=MQCLIENTEXCEPTION
2026-08-11T11:07:57.333+08:00 INFO  d.f.m.AsyncOrderApplicationService request_id=36ec4a53-5f1b-4f6d-a12a-04858d5bac6f idempotency_key=key-restart-d880b990 order_id= user_id=user-restart-d880b990 sku_id=sku-restart-d880b990 payment_tx= - Asynchronous publication command_id=83c6db7322514fd2892d65292459cce8305f9b8cfd5379e27fc6306e584d07b9 outcome=DEFINITELY_NOT_PUBLISHED status=RETRYABLE cause=MQCLIENTEXCEPTION
2026-08-11T11:07:57.448+08:00 INFO  d.f.m.AsyncOrderApplicationService request_id=fc344b0c-7a32-4da7-a71e-e01a62d75f8e idempotency_key=key-restart-d880b990 order_id= user_id=user-restart-d880b990 sku_id=sku-restart-d880b990 payment_tx= - Asynchronous publication command_id=83c6db7322514fd2892d65292459cce8305f9b8cfd5379e27fc6306e584d07b9 outcome=DEFINITELY_NOT_PUBLISHED status=RETRYABLE cause=MQCLIENTEXCEPTION
2026-08-11T11:07:57.565+08:00 INFO  d.f.m.AsyncOrderApplicationService request_id=d9f70e72-91bd-420c-98f2-f18237048a1b idempotency_key=key-restart-d880b990 order_id= user_id=user-restart-d880b990 sku_id=sku-restart-d880b990 payment_tx= - Asynchronous publication command_id=83c6db7322514fd2892d65292459cce8305f9b8cfd5379e27fc6306e584d07b9 outcome=DEFINITELY_NOT_PUBLISHED status=RETRYABLE cause=MQCLIENTEXCEPTION
2026-08-11T11:07:57.681+08:00 INFO  d.f.m.AsyncOrderApplicationService request_id=94c00fe6-203d-42d3-9ced-0ef01660993f idempotency_key=key-restart-d880b990 order_id= user_id=user-restart-d880b990 sku_id=sku-restart-d880b990 payment_tx= - Asynchronous publication command_id=83c6db7322514fd2892d65292459cce8305f9b8cfd5379e27fc6306e584d07b9 outcome=DEFINITELY_NOT_PUBLISHED status=RETRYABLE cause=MQCLIENTEXCEPTION
2026-08-11T11:07:57.793+08:00 INFO  d.f.m.AsyncOrderApplicationService request_id=0f7cb14e-2ea9-4f79-bcb8-b375aad343a2 idempotency_key=key-restart-d880b990 order_id= user_id=user-restart-d880b990 sku_id=sku-restart-d880b990 payment_tx= - Asynchronous publication command_id=83c6db7322514fd2892d65292459cce8305f9b8cfd5379e27fc6306e584d07b9 outcome=DEFINITELY_NOT_PUBLISHED status=RETRYABLE cause=MQCLIENTEXCEPTION
2026-08-11T11:07:57.910+08:00 INFO  d.f.m.AsyncOrderApplicationService request_id=ad7fa847-25b7-46f6-9cbb-211a3b03bb58 idempotency_key=key-restart-d880b990 order_id= user_id=user-restart-d880b990 sku_id=sku-restart-d880b990 payment_tx= - Asynchronous publication command_id=83c6db7322514fd2892d65292459cce8305f9b8cfd5379e27fc6306e584d07b9 outcome=DEFINITELY_NOT_PUBLISHED status=RETRYABLE cause=MQCLIENTEXCEPTION
2026-08-11T11:07:58.045+08:00 INFO  d.f.m.AsyncOrderApplicationService request_id=c27fc9da-aff0-4312-a3da-d4012ba810a3 idempotency_key=key-restart-d880b990 order_id= user_id=user-restart-d880b990 sku_id=sku-restart-d880b990 payment_tx= - Asynchronous publication command_id=83c6db7322514fd2892d65292459cce8305f9b8cfd5379e27fc6306e584d07b9 outcome=BROKER_ACKNOWLEDGED status=ACCEPTED cause=SEND_OK
2026-08-11T11:07:59.609+08:00 INFO  o.s.b.w.e.tomcat.GracefulShutdown request_id= idempotency_key=key-1 order_id= user_id=user-1 sku_id=sku-1 payment_tx= - Commencing graceful shutdown. Waiting for active requests to complete
2026-08-11T11:08:01.617+08:00 INFO  o.s.b.w.e.tomcat.GracefulShutdown request_id= idempotency_key= order_id= user_id= sku_id= payment_tx= - Graceful shutdown complete
2026-08-11T11:08:01.617+08:00 ERROR org.apache.tomcat.util.net.Acceptor request_id= idempotency_key= order_id= user_id= sku_id= payment_tx= - Socket accept failed
java.nio.channels.AsynchronousCloseException: null
	at java.base/java.nio.channels.spi.AbstractInterruptibleChannel.end(AbstractInterruptibleChannel.java:218) ~[na:na]
	at java.base/sun.nio.ch.ServerSocketChannelImpl.end(ServerSocketChannelImpl.java:372) ~[na:na]
	at java.base/sun.nio.ch.ServerSocketChannelImpl.accept(ServerSocketChannelImpl.java:397) ~[na:na]
	at org.apache.tomcat.util.net.NioEndpoint.serverSocketAccept(NioEndpoint.java:537) ~[tomcat-embed-core-10.1.44.jar:10.1.44]
	at org.apache.tomcat.util.net.NioEndpoint.serverSocketAccept(NioEndpoint.java:72) ~[tomcat-embed-core-10.1.44.jar:10.1.44]
	at org.apache.tomcat.util.net.Acceptor.run(Acceptor.java:127) ~[tomcat-embed-core-10.1.44.jar:10.1.44]
	at java.base/java.lang.Thread.run(Thread.java:1516) ~[na:na]
2026-08-11T11:08:01.664+08:00 INFO  com.zaxxer.hikari.HikariDataSource request_id= idempotency_key=key-1 order_id= user_id=user-1 sku_id=sku-1 payment_tx= - HikariPool-15 - Shutdown initiated...
2026-08-11T11:08:01.666+08:00 INFO  com.zaxxer.hikari.HikariDataSource request_id= idempotency_key=key-1 order_id= user_id=user-1 sku_id=sku-1 payment_tx= - HikariPool-15 - Shutdown completed.
[INFO] Tests run: 5, Failures: 0, Errors: 0, Skipped: 0, Time elapsed: 30.63 s -- in dev.flashflow.LiveRocketMqEndToEndIntegrationTest
[INFO] 
[INFO] Results:
[INFO] 
[ERROR] Failures: 
[ERROR]   V3ControlledComparisonIntegrationTest.separatesSynchronousCompletionFromV3AcceptanceAndCompletion:89 
Expecting actual:
  0.0
to be greater than or equal to:
  1.0

[INFO] 
[ERROR] Tests run: 124, Failures: 1, Errors: 0, Skipped: 0
[INFO] 
[INFO] ------------------------------------------------------------------------
[INFO] BUILD FAILURE
[INFO] ------------------------------------------------------------------------
[INFO] Total time:  03:29 min
[INFO] Finished at: 2026-08-11T11:08:02+08:00
[INFO] ------------------------------------------------------------------------
[ERROR] Failed to execute goal org.apache.maven.plugins:maven-surefire-plugin:3.5.3:test (default-test) on project flashflow: There are test failures.
[ERROR] 
[ERROR] See /Users/yuzheng/Computeracy/Zhenkun26-GitHub/FlashFlow/target/surefire-reports for the individual test results.
[ERROR] See dump files (if any exist) [date].dump, [date]-jvmRun[N].dump and [date].dumpstream.
[ERROR] -> [Help 1]
[ERROR] 
[ERROR] To see the full stack trace of the errors, re-run Maven with the -e switch.
[ERROR] Re-run Maven using the -X switch to enable full debug logging.
[ERROR] 
[ERROR] For more information about the errors and possible solutions, please read the following articles:
[ERROR] [Help 1] http://cwiki.apache.org/confluence/display/MAVEN/MojoFailureException
