[INFO] Scanning for projects...
[INFO] 
[INFO] ----------------------< dev.flashflow:flashflow >-----------------------
[INFO] Building FlashFlow 0.1.0-SNAPSHOT
[INFO]   from pom.xml
[INFO] --------------------------------[ jar ]---------------------------------
[WARNING] 1 problem was encountered while building the effective model for org.javassist:javassist:jar:3.21.0-GA during dependency collection step for project (use -X to see details)
[INFO] 
[INFO] --- resources:3.3.1:resources (default-resources) @ flashflow ---
[INFO] Copying 5 resources from src/main/resources to target/classes
[INFO] Copying 11 resources from src/main/resources to target/classes
[INFO] 
[INFO] --- compiler:3.14.0:compile (default-compile) @ flashflow ---
[INFO] Nothing to compile - all classes are up to date.
[INFO] 
[INFO] --- resources:3.3.1:testResources (default-testResources) @ flashflow ---
[INFO] skip non existing resourceDirectory /Users/yuzheng/Computeracy/Zhenkun26-GitHub/FlashFlow/src/test/resources
[INFO] 
[INFO] --- compiler:3.14.0:testCompile (default-testCompile) @ flashflow ---
[INFO] Recompiling the module because of changed source code.
[INFO] Compiling 54 source files with javac [debug parameters release 21] to target/test-classes
[WARNING] /Users/yuzheng/Computeracy/Zhenkun26-GitHub/FlashFlow/src/test/java/dev/flashflow/ExpirationAdmissionFailureIntegrationTest.java:[26,6] org.springframework.boot.test.mock.mockito 中的 org.springframework.boot.test.mock.mockito.MockBean 已过时, 且标记为待删除
[WARNING] /Users/yuzheng/Computeracy/Zhenkun26-GitHub/FlashFlow/src/test/java/dev/flashflow/ExpirationRollbackIntegrationTest.java:[21,6] org.springframework.boot.test.mock.mockito 中的 org.springframework.boot.test.mock.mockito.MockBean 已过时, 且标记为待删除
[INFO] /Users/yuzheng/Computeracy/Zhenkun26-GitHub/FlashFlow/src/test/java/dev/flashflow/admission/RedisLuaAdmissionFailureTest.java: /Users/yuzheng/Computeracy/Zhenkun26-GitHub/FlashFlow/src/test/java/dev/flashflow/admission/RedisLuaAdmissionFailureTest.java使用了未经检查或不安全的操作。
[INFO] /Users/yuzheng/Computeracy/Zhenkun26-GitHub/FlashFlow/src/test/java/dev/flashflow/admission/RedisLuaAdmissionFailureTest.java: 有关详细信息, 请使用 -Xlint:unchecked 重新编译。
[INFO] 
[INFO] --- surefire:3.5.3:test (default-test) @ flashflow ---
[INFO] Using auto detected provider org.apache.maven.surefire.junitplatform.JUnitPlatformProvider
[INFO] 
[INFO] -------------------------------------------------------
[INFO]  T E S T S
[INFO] -------------------------------------------------------
[INFO] Running dev.flashflow.V4OutboxBacklogDrainIntegrationTest
Standard Commons Logging discovery in action with spring-jcl: please remove commons-logging.jar from classpath in order to avoid potential conflicts
11:02:34.025 [main] INFO org.springframework.test.context.support.AnnotationConfigContextLoaderUtils -- Could not detect default configuration classes for test class [dev.flashflow.V4OutboxBacklogDrainIntegrationTest]: V4OutboxBacklogDrainIntegrationTest does not declare any static, non-private, non-final, nested classes annotated with @Configuration.
11:02:34.078 [main] INFO org.springframework.boot.test.context.SpringBootTestContextBootstrapper -- Found @SpringBootConfiguration dev.flashflow.FlashFlowApplication for test class dev.flashflow.V4OutboxBacklogDrainIntegrationTest
11:02:34.117 [main] INFO org.testcontainers.images.PullPolicy -- Image pull policy will be performed by: DefaultPullPolicy()
11:02:34.118 [main] INFO org.testcontainers.utility.ImageNameSubstitutor -- Image name substitution will be performed by: DefaultImageNameSubstitutor (composite of 'ConfigurationFileImageNameSubstitutor' and 'PrefixingImageNameSubstitutor')
11:02:34.124 [main] INFO org.testcontainers.DockerClientFactory -- Testcontainers version: 1.21.3
11:02:34.201 [main] INFO org.testcontainers.dockerclient.DockerClientProviderStrategy -- Loaded org.testcontainers.dockerclient.UnixSocketClientProviderStrategy from ~/.testcontainers.properties, will try it first
11:02:34.293 [main] INFO org.testcontainers.dockerclient.DockerClientProviderStrategy -- Found Docker environment with local Unix socket (unix:///var/run/docker.sock)
11:02:34.294 [main] INFO org.testcontainers.DockerClientFactory -- Docker host IP address is localhost
11:02:34.304 [main] INFO org.testcontainers.DockerClientFactory -- Connected to docker: 
  Server Version: 29.4.1
  API Version: 1.54
  Operating System: Docker Desktop
  Total Memory: 7936 MB
  Labels: 
    com.docker.desktop.address=unix:///Users/yuzheng/Library/Containers/com.docker.docker/Data/docker-cli.sock
11:02:34.384 [main] INFO tc.testcontainers/ryuk:0.12.0 -- Creating container for image: testcontainers/ryuk:0.12.0
11:02:34.404 [main] INFO org.testcontainers.utility.RegistryAuthLocator -- Credential helper/store (docker-credential-osxkeychain) does not have credentials for https://index.docker.io/v1/
11:02:34.452 [main] INFO tc.testcontainers/ryuk:0.12.0 -- Container testcontainers/ryuk:0.12.0 is starting: 2fda751e397c7f34f552a3f9201be8b3e95f8cd49cbc74e22f113fbd92aec6ac
11:02:34.582 [main] INFO tc.testcontainers/ryuk:0.12.0 -- Container testcontainers/ryuk:0.12.0 started in PT0.19845S
11:02:34.585 [main] INFO org.testcontainers.utility.RyukResourceReaper -- Ryuk started - will monitor and terminate Testcontainers containers on JVM exit
11:02:34.585 [main] INFO org.testcontainers.DockerClientFactory -- Checking the system...
11:02:34.585 [main] INFO org.testcontainers.DockerClientFactory -- ✔︎ Docker server version should be at least 1.6.0
11:02:34.587 [main] INFO tc.mysql:8.4.6 -- Creating container for image: mysql:8.4.6
11:02:34.624 [main] INFO tc.mysql:8.4.6 -- Container mysql:8.4.6 is starting: eb26c1561dd3e05e8bc2f75f8e95e83cbd1c8ecf043db31449b2dedcbb675d32
11:02:34.729 [main] INFO tc.mysql:8.4.6 -- Waiting for database connection to become available at jdbc:mysql://localhost:60454/flashflow using query 'SELECT 1'
11:02:39.457 [main] INFO tc.mysql:8.4.6 -- Container mysql:8.4.6 started in PT4.870301S
11:02:39.457 [main] INFO tc.mysql:8.4.6 -- Container is started (JDBC URL: jdbc:mysql://localhost:60454/flashflow)
11:02:39.458 [main] INFO tc.redis:7.4.2-alpine -- Creating container for image: redis:7.4.2-alpine
11:02:39.487 [main] INFO tc.redis:7.4.2-alpine -- Container redis:7.4.2-alpine is starting: e91f1221d3b48df557829818cd394c62c214b8ca8e36c81d9da03155cac2537e
11:02:39.649 [main] INFO tc.redis:7.4.2-alpine -- Container redis:7.4.2-alpine started in PT0.191657S

  .   ____          _            __ _ _
 /\\ / ___'_ __ _ _(_)_ __  __ _ \ \ \ \
( ( )\___ | '_ | '_| | '_ \/ _` | \ \ \ \
 \\/  ___)| |_)| | | | | || (_| |  ) ) ) )
  '  |____| .__|_| |_|_| |_\__, | / / / /
 =========|_|==============|___/=/_/_/_/

 :: Spring Boot ::                (v3.5.5)

2026-08-11T11:02:39.766+08:00 INFO  d.f.V4OutboxBacklogDrainIntegrationTest request_id= idempotency_key= order_id= user_id= sku_id= payment_tx= - Starting V4OutboxBacklogDrainIntegrationTest using Java 26.0.2 with PID 78237 (started by yuzheng in /Users/yuzheng/Computeracy/Zhenkun26-GitHub/FlashFlow)
2026-08-11T11:02:39.766+08:00 INFO  d.f.V4OutboxBacklogDrainIntegrationTest request_id= idempotency_key= order_id= user_id= sku_id= payment_tx= - The following 1 profile is active: "test"
2026-08-11T11:02:40.167+08:00 INFO  o.s.d.r.c.RepositoryConfigurationDelegate request_id= idempotency_key= order_id= user_id= sku_id= payment_tx= - Multiple Spring Data modules found, entering strict repository configuration mode
2026-08-11T11:02:40.168+08:00 INFO  o.s.d.r.c.RepositoryConfigurationDelegate request_id= idempotency_key= order_id= user_id= sku_id= payment_tx= - Bootstrapping Spring Data Redis repositories in DEFAULT mode.
2026-08-11T11:02:40.187+08:00 INFO  o.s.d.r.c.RepositoryConfigurationDelegate request_id= idempotency_key= order_id= user_id= sku_id= payment_tx= - Finished Spring Data repository scanning in 12 ms. Found 0 Redis repository interfaces.
2026-08-11T11:02:40.437+08:00 INFO  o.s.b.w.e.tomcat.TomcatWebServer request_id= idempotency_key= order_id= user_id= sku_id= payment_tx= - Tomcat initialized with port 0 (http)
2026-08-11T11:02:40.443+08:00 INFO  o.a.catalina.core.StandardService request_id= idempotency_key= order_id= user_id= sku_id= payment_tx= - Starting service [Tomcat]
2026-08-11T11:02:40.444+08:00 INFO  o.a.catalina.core.StandardEngine request_id= idempotency_key= order_id= user_id= sku_id= payment_tx= - Starting Servlet engine: [Apache Tomcat/10.1.44]
2026-08-11T11:02:40.460+08:00 INFO  o.a.c.c.C.[Tomcat].[localhost].[/] request_id= idempotency_key= order_id= user_id= sku_id= payment_tx= - Initializing Spring embedded WebApplicationContext
2026-08-11T11:02:40.460+08:00 INFO  o.s.b.w.s.c.ServletWebServerApplicationContext request_id= idempotency_key= order_id= user_id= sku_id= payment_tx= - Root WebApplicationContext: initialization completed in 679 ms
Standard Commons Logging discovery in action with spring-jcl: please remove commons-logging.jar from classpath in order to avoid potential conflicts
WARNING: A terminally deprecated method in sun.misc.Unsafe has been called
WARNING: sun.misc.Unsafe::allocateMemory has been called by io.netty.util.internal.PlatformDependent0$2 (file:/Users/yuzheng/.m2/repository/io/netty/netty-common/4.1.124.Final/netty-common-4.1.124.Final.jar)
WARNING: Please consider reporting this to the maintainers of class io.netty.util.internal.PlatformDependent0$2
WARNING: sun.misc.Unsafe::allocateMemory will be removed in a future release
WARNING: A restricted method in java.lang.System has been called
WARNING: java.lang.System::loadLibrary has been called by io.netty.util.internal.NativeLibraryUtil in an unnamed module (file:/Users/yuzheng/.m2/repository/io/netty/netty-common/4.1.124.Final/netty-common-4.1.124.Final.jar)
WARNING: Use --enable-native-access=ALL-UNNAMED to avoid a warning for callers in this module
WARNING: Restricted methods will be blocked in a future release unless native access is enabled

2026-08-11T11:02:41.370+08:00 INFO  com.zaxxer.hikari.HikariDataSource request_id= idempotency_key= order_id= user_id= sku_id= payment_tx= - HikariPool-1 - Starting...
2026-08-11T11:02:41.462+08:00 INFO  com.zaxxer.hikari.pool.HikariPool request_id= idempotency_key= order_id= user_id= sku_id= payment_tx= - HikariPool-1 - Added connection com.mysql.cj.jdbc.ConnectionImpl@5799b8a2
2026-08-11T11:02:41.463+08:00 INFO  com.zaxxer.hikari.HikariDataSource request_id= idempotency_key= order_id= user_id= sku_id= payment_tx= - HikariPool-1 - Start completed.
2026-08-11T11:02:41.481+08:00 INFO  org.flywaydb.core.FlywayExecutor request_id= idempotency_key= order_id= user_id= sku_id= payment_tx= - Database: jdbc:mysql://localhost:60454/flashflow (MySQL 8.4)
2026-08-11T11:02:41.500+08:00 WARN  o.f.c.i.database.base.Database request_id= idempotency_key= order_id= user_id= sku_id= payment_tx= - Flyway upgrade recommended: MySQL 8.4 is newer than this version of Flyway and support has not been tested. The latest supported version of MySQL is 8.1.
2026-08-11T11:02:41.513+08:00 INFO  o.f.c.i.s.JdbcTableSchemaHistory request_id= idempotency_key= order_id= user_id= sku_id= payment_tx= - Schema history table `flashflow`.`flyway_schema_history` does not exist yet
2026-08-11T11:02:41.514+08:00 INFO  o.f.core.internal.command.DbValidate request_id= idempotency_key= order_id= user_id= sku_id= payment_tx= - Successfully validated 4 migrations (execution time 00:00.010s)
2026-08-11T11:02:41.529+08:00 INFO  o.f.c.i.s.JdbcTableSchemaHistory request_id= idempotency_key= order_id= user_id= sku_id= payment_tx= - Creating Schema History table `flashflow`.`flyway_schema_history` ...
2026-08-11T11:02:41.603+08:00 INFO  o.f.core.internal.command.DbMigrate request_id= idempotency_key= order_id= user_id= sku_id= payment_tx= - Current version of schema `flashflow`: << Empty Schema >>
2026-08-11T11:02:41.616+08:00 INFO  o.f.core.internal.command.DbMigrate request_id= idempotency_key= order_id= user_id= sku_id= payment_tx= - Migrating schema `flashflow` to version "1 - create flashflow v1 schema"
2026-08-11T11:02:41.797+08:00 INFO  o.f.core.internal.command.DbMigrate request_id= idempotency_key= order_id= user_id= sku_id= payment_tx= - Migrating schema `flashflow` to version "2 - create order command ledger"
2026-08-11T11:02:41.823+08:00 INFO  o.f.core.internal.command.DbMigrate request_id= idempotency_key= order_id= user_id= sku_id= payment_tx= - Migrating schema `flashflow` to version "3 - extend order command transport evidence"
2026-08-11T11:02:41.880+08:00 INFO  o.f.core.internal.command.DbMigrate request_id= idempotency_key= order_id= user_id= sku_id= payment_tx= - Migrating schema `flashflow` to version "4 - create order command outbox"
2026-08-11T11:02:41.906+08:00 INFO  o.f.core.internal.command.DbMigrate request_id= idempotency_key= order_id= user_id= sku_id= payment_tx= - Successfully applied 4 migrations to schema `flashflow`, now at version v4 (execution time 00:00.231s)
2026-08-11T11:02:42.491+08:00 INFO  o.s.b.a.e.web.EndpointLinksResolver request_id= idempotency_key= order_id= user_id= sku_id= payment_tx= - Exposing 2 endpoints beneath base path '/actuator'
2026-08-11T11:02:42.556+08:00 INFO  o.s.b.w.e.tomcat.TomcatWebServer request_id= idempotency_key= order_id= user_id= sku_id= payment_tx= - Tomcat started on port 60535 (http) with context path '/'
2026-08-11T11:02:42.563+08:00 INFO  d.f.V4OutboxBacklogDrainIntegrationTest request_id= idempotency_key= order_id= user_id= sku_id= payment_tx= - Started V4OutboxBacklogDrainIntegrationTest in 2.901 seconds (process running for 8.786)
Mockito is currently self-attaching to enable the inline-mock-maker. This will no longer work in future releases of the JDK. Please add Mockito as an agent to your build as described in Mockito's documentation: https://javadoc.io/doc/org.mockito/mockito-core/latest/org.mockito/org/mockito/Mockito.html#0.3
OpenJDK 64-Bit Server VM warning: Sharing is only supported for boot loader classes because bootstrap classpath has been appended
WARNING: A Java agent has been loaded dynamically (/Users/yuzheng/.m2/repository/net/bytebuddy/byte-buddy-agent/1.17.7/byte-buddy-agent-1.17.7.jar)
WARNING: If a serviceability tool is in use, please run with -XX:+EnableDynamicAgentLoading to hide this warning
WARNING: If a serviceability tool is not in use, please run with -Djdk.instrument.traceUsage for more information
WARNING: Dynamic loading of agents will be disallowed by default in a future release
2026-08-11T11:02:55.516+08:00 INFO  o.a.c.c.C.[Tomcat].[localhost].[/] request_id= idempotency_key= order_id= user_id= sku_id= payment_tx= - Initializing Spring DispatcherServlet 'dispatcherServlet'
2026-08-11T11:02:55.516+08:00 INFO  o.s.web.servlet.DispatcherServlet request_id= idempotency_key= order_id= user_id= sku_id= payment_tx= - Initializing Servlet 'dispatcherServlet'
2026-08-11T11:02:55.517+08:00 INFO  o.s.web.servlet.DispatcherServlet request_id= idempotency_key= order_id= user_id= sku_id= payment_tx= - Completed initialization in 1 ms
2026-08-11T11:02:55.560+08:00 INFO  d.f.m.o.OutboxAsyncOrderApplicationService request_id=a9931866-f0d9-4ba0-8ae2-aecf64cde253 idempotency_key=key-20b578d5-0 order_id= user_id=user-20b578d5-0 sku_id=sku-v4-backlog-20b578d5 payment_tx= - Durable Outbox acceptance command_id=4ffc054dfe8fd84e79d2dbd3e9ac434f7e5af4baccc5c467c3240e5368fc50f6 status=ACCEPTED
2026-08-11T11:02:55.589+08:00 INFO  d.f.m.o.OutboxAsyncOrderApplicationService request_id=1e7ff78a-9fad-4242-973e-08b8cb353f4d idempotency_key=key-20b578d5-1 order_id= user_id=user-20b578d5-1 sku_id=sku-v4-backlog-20b578d5 payment_tx= - Durable Outbox acceptance command_id=f6e2852f162d9f419e95e173f21074cb8deacd62345e7644431fcc352d8d390e status=ACCEPTED
2026-08-11T11:02:55.605+08:00 INFO  d.f.m.o.OutboxAsyncOrderApplicationService request_id=d2febf99-e80a-42c4-a74f-6881f49209bf idempotency_key=key-20b578d5-2 order_id= user_id=user-20b578d5-2 sku_id=sku-v4-backlog-20b578d5 payment_tx= - Durable Outbox acceptance command_id=c2ded18434758a2ab02fc8164713875826a3fc4070cb8b5bf81b26dd7dccea8d status=ACCEPTED
2026-08-11T11:02:55.610+08:00 INFO  d.f.m.outbox.OutboxDispatcher request_id= idempotency_key= order_id= user_id= sku_id= payment_tx= - Outbox publication deferred outbox_id=6b8667f8-a796-4df6-a7a8-22ef0aa9e6d7 command_id=4ffc054dfe8fd84e79d2dbd3e9ac434f7e5af4baccc5c467c3240e5368fc50f6 outcome=RETRYABLE cause=MQCLIENTEXCEPTION
2026-08-11T11:02:55.616+08:00 INFO  d.f.m.outbox.OutboxDispatcher request_id= idempotency_key= order_id= user_id= sku_id= payment_tx= - Outbox publication deferred outbox_id=4b317792-61b1-48aa-83a4-c679308e56a7 command_id=f6e2852f162d9f419e95e173f21074cb8deacd62345e7644431fcc352d8d390e outcome=RETRYABLE cause=MQCLIENTEXCEPTION
2026-08-11T11:02:55.622+08:00 INFO  d.f.m.o.OutboxAsyncOrderApplicationService request_id=b9903f04-a81f-4fa0-99fe-af63eb41c891 idempotency_key=key-20b578d5-3 order_id= user_id=user-20b578d5-3 sku_id=sku-v4-backlog-20b578d5 payment_tx= - Durable Outbox acceptance command_id=6c181b5607f1594d3725e4a21e785e072fdae98a5677e6a16a67af8a45904ffb status=ACCEPTED
2026-08-11T11:02:55.633+08:00 INFO  d.f.m.o.OutboxAsyncOrderApplicationService request_id=c47aa80c-65ae-4ba2-83b2-faa67590068d idempotency_key=key-20b578d5-4 order_id= user_id=user-20b578d5-4 sku_id=sku-v4-backlog-20b578d5 payment_tx= - Durable Outbox acceptance command_id=d527002e95b3f4e728a4649a5cee6045f749e44634d16cc31ca274b06fa61df6 status=ACCEPTED
2026-08-11T11:02:55.649+08:00 INFO  d.f.m.o.OutboxAsyncOrderApplicationService request_id=40300172-4b6a-4598-8eb2-271e6a4cdac5 idempotency_key=key-20b578d5-5 order_id= user_id=user-20b578d5-5 sku_id=sku-v4-backlog-20b578d5 payment_tx= - Durable Outbox acceptance command_id=c0c689b8ca7ef5df77a2bde4ee579129c85a66316a418c9f0b02bada366360ea status=ACCEPTED
2026-08-11T11:02:55.661+08:00 INFO  d.f.m.o.OutboxAsyncOrderApplicationService request_id=e00f353f-b52f-402d-8e77-9460e5e8aef8 idempotency_key=key-20b578d5-6 order_id= user_id=user-20b578d5-6 sku_id=sku-v4-backlog-20b578d5 payment_tx= - Durable Outbox acceptance command_id=5a682ef2d17e1d378f5c9e7b0440f0a4d77d8623d608f664fafe9e1070908c44 status=ACCEPTED
2026-08-11T11:02:55.673+08:00 INFO  d.f.m.o.OutboxAsyncOrderApplicationService request_id=4ec4dcb9-f1d1-44ed-8789-d1941fbde3e4 idempotency_key=key-20b578d5-7 order_id= user_id=user-20b578d5-7 sku_id=sku-v4-backlog-20b578d5 payment_tx= - Durable Outbox acceptance command_id=ea5ba3fcdc72c520e25d6b999d308cd408a1484cdbcf2cfd870a930e539e17cb status=ACCEPTED
2026-08-11T11:02:55.684+08:00 INFO  d.f.m.o.OutboxAsyncOrderApplicationService request_id=d3fe1920-0ced-45ef-a718-2aefaeda561d idempotency_key=key-20b578d5-8 order_id= user_id=user-20b578d5-8 sku_id=sku-v4-backlog-20b578d5 payment_tx= - Durable Outbox acceptance command_id=501750cd7d7bf336a040b55f39648dc22d956703ad271ff4209d12a78643c27b status=ACCEPTED
2026-08-11T11:02:55.694+08:00 INFO  d.f.m.o.OutboxAsyncOrderApplicationService request_id=5b5d3502-2eda-4219-b6b1-2dffc4b4d59a idempotency_key=key-20b578d5-9 order_id= user_id=user-20b578d5-9 sku_id=sku-v4-backlog-20b578d5 payment_tx= - Durable Outbox acceptance command_id=0a13349f37d394d10b5d1f200087f1fd0567a5dad40e0d7f32f16dbaf80d86b0 status=ACCEPTED
2026-08-11T11:02:55.704+08:00 INFO  d.f.m.o.OutboxAsyncOrderApplicationService request_id=b711ad07-e098-4e5b-bda0-2eb9d7983fea idempotency_key=key-20b578d5-10 order_id= user_id=user-20b578d5-10 sku_id=sku-v4-backlog-20b578d5 payment_tx= - Durable Outbox acceptance command_id=45a6a3a329efa849ee4ab3390e8469510749d28382f2c893f6e18abb11921977 status=ACCEPTED
2026-08-11T11:02:55.713+08:00 INFO  d.f.m.o.OutboxAsyncOrderApplicationService request_id=b5b1d768-a2f1-4785-97c7-aa8251294ab1 idempotency_key=key-20b578d5-11 order_id= user_id=user-20b578d5-11 sku_id=sku-v4-backlog-20b578d5 payment_tx= - Durable Outbox acceptance command_id=607be66b326f6168b99757c7200c270440893471588fb9f6aec1c9218b3d24ed status=ACCEPTED
2026-08-11T11:02:55.735+08:00 INFO  d.f.m.outbox.OutboxDispatcher request_id= idempotency_key= order_id= user_id= sku_id= payment_tx= - Outbox publication deferred outbox_id=26ea2dbf-48ce-47e9-81af-5e1fa34e7f7b command_id=c2ded18434758a2ab02fc8164713875826a3fc4070cb8b5bf81b26dd7dccea8d outcome=RETRYABLE cause=MQCLIENTEXCEPTION
2026-08-11T11:02:55.739+08:00 INFO  d.f.m.outbox.OutboxDispatcher request_id= idempotency_key= order_id= user_id= sku_id= payment_tx= - Outbox publication deferred outbox_id=3a7c6b99-cce8-42ba-85a7-a54a052fbd88 command_id=6c181b5607f1594d3725e4a21e785e072fdae98a5677e6a16a67af8a45904ffb outcome=RETRYABLE cause=MQCLIENTEXCEPTION
2026-08-11T11:02:55.744+08:00 INFO  d.f.m.outbox.OutboxDispatcher request_id= idempotency_key= order_id= user_id= sku_id= payment_tx= - Outbox publication deferred outbox_id=495af8ae-8fd8-4490-82c5-2b197876f9b5 command_id=d527002e95b3f4e728a4649a5cee6045f749e44634d16cc31ca274b06fa61df6 outcome=RETRYABLE cause=MQCLIENTEXCEPTION
2026-08-11T11:02:55.748+08:00 INFO  d.f.m.outbox.OutboxDispatcher request_id= idempotency_key= order_id= user_id= sku_id= payment_tx= - Outbox publication deferred outbox_id=fd853458-43dc-40ce-8fbc-003f90d01e0c command_id=c0c689b8ca7ef5df77a2bde4ee579129c85a66316a418c9f0b02bada366360ea outcome=RETRYABLE cause=MQCLIENTEXCEPTION
2026-08-11T11:02:55.866+08:00 INFO  d.f.m.outbox.OutboxDispatcher request_id= idempotency_key= order_id= user_id= sku_id= payment_tx= - Outbox publication deferred outbox_id=18b50479-5ee9-4b56-9709-cf31ee5abd18 command_id=5a682ef2d17e1d378f5c9e7b0440f0a4d77d8623d608f664fafe9e1070908c44 outcome=RETRYABLE cause=MQCLIENTEXCEPTION
2026-08-11T11:02:55.870+08:00 INFO  d.f.m.outbox.OutboxDispatcher request_id= idempotency_key= order_id= user_id= sku_id= payment_tx= - Outbox publication deferred outbox_id=cbae32ac-03dc-4c86-a8d0-3caf7a727826 command_id=ea5ba3fcdc72c520e25d6b999d308cd408a1484cdbcf2cfd870a930e539e17cb outcome=RETRYABLE cause=MQCLIENTEXCEPTION
2026-08-11T11:02:55.875+08:00 INFO  d.f.m.outbox.OutboxDispatcher request_id= idempotency_key= order_id= user_id= sku_id= payment_tx= - Outbox publication deferred outbox_id=f737cc83-373f-4363-bd9e-1617e42193f1 command_id=501750cd7d7bf336a040b55f39648dc22d956703ad271ff4209d12a78643c27b outcome=RETRYABLE cause=MQCLIENTEXCEPTION
2026-08-11T11:02:55.881+08:00 INFO  d.f.m.outbox.OutboxDispatcher request_id= idempotency_key= order_id= user_id= sku_id= payment_tx= - Outbox publication deferred outbox_id=e7a435dd-0a6f-4c33-9ace-82e347737653 command_id=0a13349f37d394d10b5d1f200087f1fd0567a5dad40e0d7f32f16dbaf80d86b0 outcome=RETRYABLE cause=MQCLIENTEXCEPTION
2026-08-11T11:02:56.000+08:00 INFO  d.f.m.outbox.OutboxDispatcher request_id= idempotency_key= order_id= user_id= sku_id= payment_tx= - Outbox publication deferred outbox_id=ba0338a9-c548-4341-9f50-92a1343db40e command_id=45a6a3a329efa849ee4ab3390e8469510749d28382f2c893f6e18abb11921977 outcome=RETRYABLE cause=MQCLIENTEXCEPTION
2026-08-11T11:02:56.005+08:00 INFO  d.f.m.outbox.OutboxDispatcher request_id= idempotency_key= order_id= user_id= sku_id= payment_tx= - Outbox publication deferred outbox_id=6b8667f8-a796-4df6-a7a8-22ef0aa9e6d7 command_id=4ffc054dfe8fd84e79d2dbd3e9ac434f7e5af4baccc5c467c3240e5368fc50f6 outcome=RETRYABLE cause=MQCLIENTEXCEPTION
2026-08-11T11:02:56.009+08:00 INFO  d.f.m.outbox.OutboxDispatcher request_id= idempotency_key= order_id= user_id= sku_id= payment_tx= - Outbox publication deferred outbox_id=67598963-9fa2-4a61-a695-181aa64d8f43 command_id=607be66b326f6168b99757c7200c270440893471588fb9f6aec1c9218b3d24ed outcome=RETRYABLE cause=MQCLIENTEXCEPTION
2026-08-11T11:02:56.013+08:00 INFO  d.f.m.outbox.OutboxDispatcher request_id= idempotency_key= order_id= user_id= sku_id= payment_tx= - Outbox publication deferred outbox_id=4b317792-61b1-48aa-83a4-c679308e56a7 command_id=f6e2852f162d9f419e95e173f21074cb8deacd62345e7644431fcc352d8d390e outcome=RETRYABLE cause=MQCLIENTEXCEPTION
2026-08-11T11:02:56.131+08:00 INFO  d.f.m.outbox.OutboxDispatcher request_id= idempotency_key= order_id= user_id= sku_id= payment_tx= - Outbox publication deferred outbox_id=26ea2dbf-48ce-47e9-81af-5e1fa34e7f7b command_id=c2ded18434758a2ab02fc8164713875826a3fc4070cb8b5bf81b26dd7dccea8d outcome=RETRYABLE cause=MQCLIENTEXCEPTION
2026-08-11T11:02:56.135+08:00 INFO  d.f.m.outbox.OutboxDispatcher request_id= idempotency_key= order_id= user_id= sku_id= payment_tx= - Outbox publication deferred outbox_id=3a7c6b99-cce8-42ba-85a7-a54a052fbd88 command_id=6c181b5607f1594d3725e4a21e785e072fdae98a5677e6a16a67af8a45904ffb outcome=RETRYABLE cause=MQCLIENTEXCEPTION
2026-08-11T11:02:56.139+08:00 INFO  d.f.m.outbox.OutboxDispatcher request_id= idempotency_key= order_id= user_id= sku_id= payment_tx= - Outbox publication deferred outbox_id=495af8ae-8fd8-4490-82c5-2b197876f9b5 command_id=d527002e95b3f4e728a4649a5cee6045f749e44634d16cc31ca274b06fa61df6 outcome=RETRYABLE cause=MQCLIENTEXCEPTION
2026-08-11T11:02:56.143+08:00 INFO  d.f.m.outbox.OutboxDispatcher request_id= idempotency_key= order_id= user_id= sku_id= payment_tx= - Outbox publication deferred outbox_id=fd853458-43dc-40ce-8fbc-003f90d01e0c command_id=c0c689b8ca7ef5df77a2bde4ee579129c85a66316a418c9f0b02bada366360ea outcome=RETRYABLE cause=MQCLIENTEXCEPTION
2026-08-11T11:02:56.272+08:00 INFO  d.f.m.outbox.OutboxDispatcher request_id= idempotency_key= order_id= user_id= sku_id= payment_tx= - Outbox publication deferred outbox_id=18b50479-5ee9-4b56-9709-cf31ee5abd18 command_id=5a682ef2d17e1d378f5c9e7b0440f0a4d77d8623d608f664fafe9e1070908c44 outcome=RETRYABLE cause=MQCLIENTEXCEPTION
2026-08-11T11:02:56.278+08:00 INFO  d.f.m.outbox.OutboxDispatcher request_id= idempotency_key= order_id= user_id= sku_id= payment_tx= - Outbox publication deferred outbox_id=cbae32ac-03dc-4c86-a8d0-3caf7a727826 command_id=ea5ba3fcdc72c520e25d6b999d308cd408a1484cdbcf2cfd870a930e539e17cb outcome=RETRYABLE cause=MQCLIENTEXCEPTION
2026-08-11T11:02:56.285+08:00 INFO  d.f.m.outbox.OutboxDispatcher request_id= idempotency_key= order_id= user_id= sku_id= payment_tx= - Outbox publication deferred outbox_id=f737cc83-373f-4363-bd9e-1617e42193f1 command_id=501750cd7d7bf336a040b55f39648dc22d956703ad271ff4209d12a78643c27b outcome=RETRYABLE cause=MQCLIENTEXCEPTION
2026-08-11T11:02:56.291+08:00 INFO  d.f.m.outbox.OutboxDispatcher request_id= idempotency_key= order_id= user_id= sku_id= payment_tx= - Outbox publication deferred outbox_id=e7a435dd-0a6f-4c33-9ace-82e347737653 command_id=0a13349f37d394d10b5d1f200087f1fd0567a5dad40e0d7f32f16dbaf80d86b0 outcome=RETRYABLE cause=MQCLIENTEXCEPTION
2026-08-11T11:02:56.416+08:00 INFO  d.f.m.outbox.OutboxDispatcher request_id= idempotency_key= order_id= user_id= sku_id= payment_tx= - Outbox publication deferred outbox_id=ba0338a9-c548-4341-9f50-92a1343db40e command_id=45a6a3a329efa849ee4ab3390e8469510749d28382f2c893f6e18abb11921977 outcome=RETRYABLE cause=MQCLIENTEXCEPTION
2026-08-11T11:02:56.423+08:00 INFO  d.f.m.outbox.OutboxDispatcher request_id= idempotency_key= order_id= user_id= sku_id= payment_tx= - Outbox publication deferred outbox_id=67598963-9fa2-4a61-a695-181aa64d8f43 command_id=607be66b326f6168b99757c7200c270440893471588fb9f6aec1c9218b3d24ed outcome=RETRYABLE cause=MQCLIENTEXCEPTION
2026-08-11T11:02:56.429+08:00 INFO  d.f.m.outbox.OutboxDispatcher request_id= idempotency_key= order_id= user_id= sku_id= payment_tx= - Outbox publication deferred outbox_id=6b8667f8-a796-4df6-a7a8-22ef0aa9e6d7 command_id=4ffc054dfe8fd84e79d2dbd3e9ac434f7e5af4baccc5c467c3240e5368fc50f6 outcome=RETRYABLE cause=MQCLIENTEXCEPTION
2026-08-11T11:02:56.434+08:00 INFO  d.f.m.outbox.OutboxDispatcher request_id= idempotency_key= order_id= user_id= sku_id= payment_tx= - Outbox publication deferred outbox_id=4b317792-61b1-48aa-83a4-c679308e56a7 command_id=f6e2852f162d9f419e95e173f21074cb8deacd62345e7644431fcc352d8d390e outcome=RETRYABLE cause=MQCLIENTEXCEPTION
2026-08-11T11:02:56.568+08:00 INFO  d.f.m.outbox.OutboxDispatcher request_id= idempotency_key= order_id= user_id= sku_id= payment_tx= - Outbox publication deferred outbox_id=26ea2dbf-48ce-47e9-81af-5e1fa34e7f7b command_id=c2ded18434758a2ab02fc8164713875826a3fc4070cb8b5bf81b26dd7dccea8d outcome=RETRYABLE cause=MQCLIENTEXCEPTION
2026-08-11T11:02:56.574+08:00 INFO  d.f.m.outbox.OutboxDispatcher request_id= idempotency_key= order_id= user_id= sku_id= payment_tx= - Outbox publication deferred outbox_id=3a7c6b99-cce8-42ba-85a7-a54a052fbd88 command_id=6c181b5607f1594d3725e4a21e785e072fdae98a5677e6a16a67af8a45904ffb outcome=RETRYABLE cause=MQCLIENTEXCEPTION
2026-08-11T11:02:56.581+08:00 INFO  d.f.m.outbox.OutboxDispatcher request_id= idempotency_key= order_id= user_id= sku_id= payment_tx= - Outbox publication deferred outbox_id=495af8ae-8fd8-4490-82c5-2b197876f9b5 command_id=d527002e95b3f4e728a4649a5cee6045f749e44634d16cc31ca274b06fa61df6 outcome=RETRYABLE cause=MQCLIENTEXCEPTION
2026-08-11T11:02:56.587+08:00 INFO  d.f.m.outbox.OutboxDispatcher request_id= idempotency_key= order_id= user_id= sku_id= payment_tx= - Outbox publication deferred outbox_id=fd853458-43dc-40ce-8fbc-003f90d01e0c command_id=c0c689b8ca7ef5df77a2bde4ee579129c85a66316a418c9f0b02bada366360ea outcome=RETRYABLE cause=MQCLIENTEXCEPTION
2026-08-11T11:02:56.720+08:00 INFO  d.f.m.outbox.OutboxDispatcher request_id= idempotency_key= order_id= user_id= sku_id= payment_tx= - Outbox publication deferred outbox_id=18b50479-5ee9-4b56-9709-cf31ee5abd18 command_id=5a682ef2d17e1d378f5c9e7b0440f0a4d77d8623d608f664fafe9e1070908c44 outcome=RETRYABLE cause=MQCLIENTEXCEPTION
2026-08-11T11:02:56.729+08:00 INFO  d.f.m.outbox.OutboxDispatcher request_id= idempotency_key= order_id= user_id= sku_id= payment_tx= - Outbox publication deferred outbox_id=cbae32ac-03dc-4c86-a8d0-3caf7a727826 command_id=ea5ba3fcdc72c520e25d6b999d308cd408a1484cdbcf2cfd870a930e539e17cb outcome=RETRYABLE cause=MQCLIENTEXCEPTION
2026-08-11T11:02:56.735+08:00 INFO  d.f.m.outbox.OutboxDispatcher request_id= idempotency_key= order_id= user_id= sku_id= payment_tx= - Outbox publication deferred outbox_id=f737cc83-373f-4363-bd9e-1617e42193f1 command_id=501750cd7d7bf336a040b55f39648dc22d956703ad271ff4209d12a78643c27b outcome=RETRYABLE cause=MQCLIENTEXCEPTION
2026-08-11T11:02:56.742+08:00 INFO  d.f.m.outbox.OutboxDispatcher request_id= idempotency_key= order_id= user_id= sku_id= payment_tx= - Outbox publication deferred outbox_id=e7a435dd-0a6f-4c33-9ace-82e347737653 command_id=0a13349f37d394d10b5d1f200087f1fd0567a5dad40e0d7f32f16dbaf80d86b0 outcome=RETRYABLE cause=MQCLIENTEXCEPTION
2026-08-11T11:02:56.861+08:00 INFO  d.f.m.outbox.OutboxDispatcher request_id= idempotency_key= order_id= user_id= sku_id= payment_tx= - Outbox publication deferred outbox_id=ba0338a9-c548-4341-9f50-92a1343db40e command_id=45a6a3a329efa849ee4ab3390e8469510749d28382f2c893f6e18abb11921977 outcome=RETRYABLE cause=MQCLIENTEXCEPTION
2026-08-11T11:02:56.865+08:00 INFO  d.f.m.outbox.OutboxDispatcher request_id= idempotency_key= order_id= user_id= sku_id= payment_tx= - Outbox publication deferred outbox_id=67598963-9fa2-4a61-a695-181aa64d8f43 command_id=607be66b326f6168b99757c7200c270440893471588fb9f6aec1c9218b3d24ed outcome=RETRYABLE cause=MQCLIENTEXCEPTION
2026-08-11T11:02:56.870+08:00 INFO  d.f.m.outbox.OutboxDispatcher request_id= idempotency_key= order_id= user_id= sku_id= payment_tx= - Outbox publication deferred outbox_id=6b8667f8-a796-4df6-a7a8-22ef0aa9e6d7 command_id=4ffc054dfe8fd84e79d2dbd3e9ac434f7e5af4baccc5c467c3240e5368fc50f6 outcome=RETRYABLE cause=MQCLIENTEXCEPTION
2026-08-11T11:02:56.880+08:00 INFO  d.f.m.outbox.OutboxDispatcher request_id= idempotency_key= order_id= user_id= sku_id= payment_tx= - Outbox publication deferred outbox_id=4b317792-61b1-48aa-83a4-c679308e56a7 command_id=f6e2852f162d9f419e95e173f21074cb8deacd62345e7644431fcc352d8d390e outcome=RETRYABLE cause=MQCLIENTEXCEPTION
2026-08-11T11:02:57.019+08:00 INFO  d.f.m.outbox.OutboxDispatcher request_id= idempotency_key= order_id= user_id= sku_id= payment_tx= - Outbox publication deferred outbox_id=26ea2dbf-48ce-47e9-81af-5e1fa34e7f7b command_id=c2ded18434758a2ab02fc8164713875826a3fc4070cb8b5bf81b26dd7dccea8d outcome=RETRYABLE cause=MQCLIENTEXCEPTION
2026-08-11T11:02:57.024+08:00 INFO  d.f.m.outbox.OutboxDispatcher request_id= idempotency_key= order_id= user_id= sku_id= payment_tx= - Outbox publication deferred outbox_id=3a7c6b99-cce8-42ba-85a7-a54a052fbd88 command_id=6c181b5607f1594d3725e4a21e785e072fdae98a5677e6a16a67af8a45904ffb outcome=RETRYABLE cause=MQCLIENTEXCEPTION
2026-08-11T11:02:57.028+08:00 INFO  d.f.m.outbox.OutboxDispatcher request_id= idempotency_key= order_id= user_id= sku_id= payment_tx= - Outbox publication deferred outbox_id=495af8ae-8fd8-4490-82c5-2b197876f9b5 command_id=d527002e95b3f4e728a4649a5cee6045f749e44634d16cc31ca274b06fa61df6 outcome=RETRYABLE cause=MQCLIENTEXCEPTION
2026-08-11T11:02:57.033+08:00 INFO  d.f.m.outbox.OutboxDispatcher request_id= idempotency_key= order_id= user_id= sku_id= payment_tx= - Outbox publication deferred outbox_id=fd853458-43dc-40ce-8fbc-003f90d01e0c command_id=c0c689b8ca7ef5df77a2bde4ee579129c85a66316a418c9f0b02bada366360ea outcome=RETRYABLE cause=MQCLIENTEXCEPTION
2026-08-11T11:02:57.161+08:00 INFO  d.f.m.outbox.OutboxDispatcher request_id= idempotency_key= order_id= user_id= sku_id= payment_tx= - Outbox publication deferred outbox_id=18b50479-5ee9-4b56-9709-cf31ee5abd18 command_id=5a682ef2d17e1d378f5c9e7b0440f0a4d77d8623d608f664fafe9e1070908c44 outcome=RETRYABLE cause=MQCLIENTEXCEPTION
2026-08-11T11:02:57.166+08:00 INFO  d.f.m.outbox.OutboxDispatcher request_id= idempotency_key= order_id= user_id= sku_id= payment_tx= - Outbox publication deferred outbox_id=cbae32ac-03dc-4c86-a8d0-3caf7a727826 command_id=ea5ba3fcdc72c520e25d6b999d308cd408a1484cdbcf2cfd870a930e539e17cb outcome=RETRYABLE cause=MQCLIENTEXCEPTION
2026-08-11T11:02:57.172+08:00 INFO  d.f.m.outbox.OutboxDispatcher request_id= idempotency_key= order_id= user_id= sku_id= payment_tx= - Outbox publication deferred outbox_id=f737cc83-373f-4363-bd9e-1617e42193f1 command_id=501750cd7d7bf336a040b55f39648dc22d956703ad271ff4209d12a78643c27b outcome=RETRYABLE cause=MQCLIENTEXCEPTION
2026-08-11T11:02:57.177+08:00 INFO  d.f.m.outbox.OutboxDispatcher request_id= idempotency_key= order_id= user_id= sku_id= payment_tx= - Outbox publication deferred outbox_id=e7a435dd-0a6f-4c33-9ace-82e347737653 command_id=0a13349f37d394d10b5d1f200087f1fd0567a5dad40e0d7f32f16dbaf80d86b0 outcome=RETRYABLE cause=MQCLIENTEXCEPTION
2026-08-11T11:02:57.300+08:00 INFO  d.f.m.outbox.OutboxDispatcher request_id= idempotency_key= order_id= user_id= sku_id= payment_tx= - Outbox publication deferred outbox_id=ba0338a9-c548-4341-9f50-92a1343db40e command_id=45a6a3a329efa849ee4ab3390e8469510749d28382f2c893f6e18abb11921977 outcome=RETRYABLE cause=MQCLIENTEXCEPTION
2026-08-11T11:02:57.307+08:00 INFO  d.f.m.outbox.OutboxDispatcher request_id= idempotency_key= order_id= user_id= sku_id= payment_tx= - Outbox publication deferred outbox_id=67598963-9fa2-4a61-a695-181aa64d8f43 command_id=607be66b326f6168b99757c7200c270440893471588fb9f6aec1c9218b3d24ed outcome=RETRYABLE cause=MQCLIENTEXCEPTION
2026-08-11T11:02:57.746+08:00 INFO  d.f.m.outbox.OutboxDispatcher request_id= idempotency_key= order_id= user_id= sku_id= payment_tx= - Outbox publication deferred outbox_id=6b8667f8-a796-4df6-a7a8-22ef0aa9e6d7 command_id=4ffc054dfe8fd84e79d2dbd3e9ac434f7e5af4baccc5c467c3240e5368fc50f6 outcome=RETRYABLE cause=MQCLIENTEXCEPTION
2026-08-11T11:02:57.751+08:00 INFO  d.f.m.outbox.OutboxDispatcher request_id= idempotency_key= order_id= user_id= sku_id= payment_tx= - Outbox publication deferred outbox_id=4b317792-61b1-48aa-83a4-c679308e56a7 command_id=f6e2852f162d9f419e95e173f21074cb8deacd62345e7644431fcc352d8d390e outcome=RETRYABLE cause=MQCLIENTEXCEPTION
2026-08-11T11:02:57.879+08:00 INFO  d.f.m.outbox.OutboxDispatcher request_id= idempotency_key= order_id= user_id= sku_id= payment_tx= - Outbox publication deferred outbox_id=26ea2dbf-48ce-47e9-81af-5e1fa34e7f7b command_id=c2ded18434758a2ab02fc8164713875826a3fc4070cb8b5bf81b26dd7dccea8d outcome=RETRYABLE cause=MQCLIENTEXCEPTION
2026-08-11T11:02:57.884+08:00 INFO  d.f.m.outbox.OutboxDispatcher request_id= idempotency_key= order_id= user_id= sku_id= payment_tx= - Outbox publication deferred outbox_id=3a7c6b99-cce8-42ba-85a7-a54a052fbd88 command_id=6c181b5607f1594d3725e4a21e785e072fdae98a5677e6a16a67af8a45904ffb outcome=RETRYABLE cause=MQCLIENTEXCEPTION
2026-08-11T11:02:57.890+08:00 INFO  d.f.m.outbox.OutboxDispatcher request_id= idempotency_key= order_id= user_id= sku_id= payment_tx= - Outbox publication deferred outbox_id=495af8ae-8fd8-4490-82c5-2b197876f9b5 command_id=d527002e95b3f4e728a4649a5cee6045f749e44634d16cc31ca274b06fa61df6 outcome=RETRYABLE cause=MQCLIENTEXCEPTION
2026-08-11T11:02:57.895+08:00 INFO  d.f.m.outbox.OutboxDispatcher request_id= idempotency_key= order_id= user_id= sku_id= payment_tx= - Outbox publication deferred outbox_id=fd853458-43dc-40ce-8fbc-003f90d01e0c command_id=c0c689b8ca7ef5df77a2bde4ee579129c85a66316a418c9f0b02bada366360ea outcome=RETRYABLE cause=MQCLIENTEXCEPTION
2026-08-11T11:02:58.023+08:00 INFO  d.f.m.outbox.OutboxDispatcher request_id= idempotency_key= order_id= user_id= sku_id= payment_tx= - Outbox publication deferred outbox_id=18b50479-5ee9-4b56-9709-cf31ee5abd18 command_id=5a682ef2d17e1d378f5c9e7b0440f0a4d77d8623d608f664fafe9e1070908c44 outcome=RETRYABLE cause=MQCLIENTEXCEPTION
2026-08-11T11:02:58.026+08:00 INFO  d.f.m.outbox.OutboxDispatcher request_id= idempotency_key= order_id= user_id= sku_id= payment_tx= - Outbox publication deferred outbox_id=cbae32ac-03dc-4c86-a8d0-3caf7a727826 command_id=ea5ba3fcdc72c520e25d6b999d308cd408a1484cdbcf2cfd870a930e539e17cb outcome=RETRYABLE cause=MQCLIENTEXCEPTION
2026-08-11T11:02:58.029+08:00 INFO  d.f.m.outbox.OutboxDispatcher request_id= idempotency_key= order_id= user_id= sku_id= payment_tx= - Outbox publication deferred outbox_id=f737cc83-373f-4363-bd9e-1617e42193f1 command_id=501750cd7d7bf336a040b55f39648dc22d956703ad271ff4209d12a78643c27b outcome=RETRYABLE cause=MQCLIENTEXCEPTION
2026-08-11T11:02:58.032+08:00 INFO  d.f.m.outbox.OutboxDispatcher request_id= idempotency_key= order_id= user_id= sku_id= payment_tx= - Outbox publication deferred outbox_id=e7a435dd-0a6f-4c33-9ace-82e347737653 command_id=0a13349f37d394d10b5d1f200087f1fd0567a5dad40e0d7f32f16dbaf80d86b0 outcome=RETRYABLE cause=MQCLIENTEXCEPTION
2026-08-11T11:02:58.167+08:00 INFO  d.f.m.outbox.OutboxDispatcher request_id= idempotency_key= order_id= user_id= sku_id= payment_tx= - Outbox publication deferred outbox_id=ba0338a9-c548-4341-9f50-92a1343db40e command_id=45a6a3a329efa849ee4ab3390e8469510749d28382f2c893f6e18abb11921977 outcome=RETRYABLE cause=MQCLIENTEXCEPTION
2026-08-11T11:02:58.176+08:00 INFO  d.f.m.outbox.OutboxDispatcher request_id= idempotency_key= order_id= user_id= sku_id= payment_tx= - Outbox publication deferred outbox_id=67598963-9fa2-4a61-a695-181aa64d8f43 command_id=607be66b326f6168b99757c7200c270440893471588fb9f6aec1c9218b3d24ed outcome=RETRYABLE cause=MQCLIENTEXCEPTION
2026-08-11T11:02:58.826+08:00 INFO  d.f.m.outbox.OutboxDispatcher request_id= idempotency_key= order_id= user_id= sku_id= payment_tx= - Outbox publication deferred outbox_id=6b8667f8-a796-4df6-a7a8-22ef0aa9e6d7 command_id=4ffc054dfe8fd84e79d2dbd3e9ac434f7e5af4baccc5c467c3240e5368fc50f6 outcome=RETRYABLE cause=MQCLIENTEXCEPTION
2026-08-11T11:02:58.829+08:00 INFO  d.f.m.outbox.OutboxDispatcher request_id= idempotency_key= order_id= user_id= sku_id= payment_tx= - Outbox publication deferred outbox_id=4b317792-61b1-48aa-83a4-c679308e56a7 command_id=f6e2852f162d9f419e95e173f21074cb8deacd62345e7644431fcc352d8d390e outcome=RETRYABLE cause=MQCLIENTEXCEPTION
2026-08-11T11:02:58.946+08:00 INFO  d.f.m.outbox.OutboxDispatcher request_id= idempotency_key= order_id= user_id= sku_id= payment_tx= - Outbox publication deferred outbox_id=26ea2dbf-48ce-47e9-81af-5e1fa34e7f7b command_id=c2ded18434758a2ab02fc8164713875826a3fc4070cb8b5bf81b26dd7dccea8d outcome=RETRYABLE cause=MQCLIENTEXCEPTION
2026-08-11T11:02:58.949+08:00 INFO  d.f.m.outbox.OutboxDispatcher request_id= idempotency_key= order_id= user_id= sku_id= payment_tx= - Outbox publication deferred outbox_id=3a7c6b99-cce8-42ba-85a7-a54a052fbd88 command_id=6c181b5607f1594d3725e4a21e785e072fdae98a5677e6a16a67af8a45904ffb outcome=RETRYABLE cause=MQCLIENTEXCEPTION
2026-08-11T11:02:58.952+08:00 INFO  d.f.m.outbox.OutboxDispatcher request_id= idempotency_key= order_id= user_id= sku_id= payment_tx= - Outbox publication deferred outbox_id=495af8ae-8fd8-4490-82c5-2b197876f9b5 command_id=d527002e95b3f4e728a4649a5cee6045f749e44634d16cc31ca274b06fa61df6 outcome=RETRYABLE cause=MQCLIENTEXCEPTION
2026-08-11T11:02:58.955+08:00 INFO  d.f.m.outbox.OutboxDispatcher request_id= idempotency_key= order_id= user_id= sku_id= payment_tx= - Outbox publication deferred outbox_id=fd853458-43dc-40ce-8fbc-003f90d01e0c command_id=c0c689b8ca7ef5df77a2bde4ee579129c85a66316a418c9f0b02bada366360ea outcome=RETRYABLE cause=MQCLIENTEXCEPTION
2026-08-11T11:02:59.071+08:00 INFO  d.f.m.outbox.OutboxDispatcher request_id= idempotency_key= order_id= user_id= sku_id= payment_tx= - Outbox publication deferred outbox_id=18b50479-5ee9-4b56-9709-cf31ee5abd18 command_id=5a682ef2d17e1d378f5c9e7b0440f0a4d77d8623d608f664fafe9e1070908c44 outcome=RETRYABLE cause=MQCLIENTEXCEPTION
2026-08-11T11:02:59.073+08:00 INFO  d.f.m.outbox.OutboxDispatcher request_id= idempotency_key= order_id= user_id= sku_id= payment_tx= - Outbox publication deferred outbox_id=cbae32ac-03dc-4c86-a8d0-3caf7a727826 command_id=ea5ba3fcdc72c520e25d6b999d308cd408a1484cdbcf2cfd870a930e539e17cb outcome=RETRYABLE cause=MQCLIENTEXCEPTION
2026-08-11T11:02:59.076+08:00 INFO  d.f.m.outbox.OutboxDispatcher request_id= idempotency_key= order_id= user_id= sku_id= payment_tx= - Outbox publication deferred outbox_id=f737cc83-373f-4363-bd9e-1617e42193f1 command_id=501750cd7d7bf336a040b55f39648dc22d956703ad271ff4209d12a78643c27b outcome=RETRYABLE cause=MQCLIENTEXCEPTION
2026-08-11T11:02:59.079+08:00 INFO  d.f.m.outbox.OutboxDispatcher request_id= idempotency_key= order_id= user_id= sku_id= payment_tx= - Outbox publication deferred outbox_id=e7a435dd-0a6f-4c33-9ace-82e347737653 command_id=0a13349f37d394d10b5d1f200087f1fd0567a5dad40e0d7f32f16dbaf80d86b0 outcome=RETRYABLE cause=MQCLIENTEXCEPTION
2026-08-11T11:02:59.198+08:00 INFO  d.f.m.outbox.OutboxDispatcher request_id= idempotency_key= order_id= user_id= sku_id= payment_tx= - Outbox publication deferred outbox_id=ba0338a9-c548-4341-9f50-92a1343db40e command_id=45a6a3a329efa849ee4ab3390e8469510749d28382f2c893f6e18abb11921977 outcome=RETRYABLE cause=MQCLIENTEXCEPTION
2026-08-11T11:02:59.202+08:00 INFO  d.f.m.outbox.OutboxDispatcher request_id= idempotency_key= order_id= user_id= sku_id= payment_tx= - Outbox publication deferred outbox_id=67598963-9fa2-4a61-a695-181aa64d8f43 command_id=607be66b326f6168b99757c7200c270440893471588fb9f6aec1c9218b3d24ed outcome=RETRYABLE cause=MQCLIENTEXCEPTION
2026-08-11T11:02:59.857+08:00 INFO  d.f.m.outbox.OutboxDispatcher request_id= idempotency_key= order_id= user_id= sku_id= payment_tx= - Outbox publication deferred outbox_id=6b8667f8-a796-4df6-a7a8-22ef0aa9e6d7 command_id=4ffc054dfe8fd84e79d2dbd3e9ac434f7e5af4baccc5c467c3240e5368fc50f6 outcome=RETRYABLE cause=MQCLIENTEXCEPTION
2026-08-11T11:02:59.862+08:00 INFO  d.f.m.outbox.OutboxDispatcher request_id= idempotency_key= order_id= user_id= sku_id= payment_tx= - Outbox publication deferred outbox_id=4b317792-61b1-48aa-83a4-c679308e56a7 command_id=f6e2852f162d9f419e95e173f21074cb8deacd62345e7644431fcc352d8d390e outcome=RETRYABLE cause=MQCLIENTEXCEPTION
2026-08-11T11:02:59.981+08:00 INFO  d.f.m.outbox.OutboxDispatcher request_id= idempotency_key= order_id= user_id= sku_id= payment_tx= - Outbox publication deferred outbox_id=26ea2dbf-48ce-47e9-81af-5e1fa34e7f7b command_id=c2ded18434758a2ab02fc8164713875826a3fc4070cb8b5bf81b26dd7dccea8d outcome=RETRYABLE cause=MQCLIENTEXCEPTION
2026-08-11T11:02:59.983+08:00 INFO  d.f.m.outbox.OutboxDispatcher request_id= idempotency_key= order_id= user_id= sku_id= payment_tx= - Outbox publication deferred outbox_id=3a7c6b99-cce8-42ba-85a7-a54a052fbd88 command_id=6c181b5607f1594d3725e4a21e785e072fdae98a5677e6a16a67af8a45904ffb outcome=RETRYABLE cause=MQCLIENTEXCEPTION
2026-08-11T11:02:59.985+08:00 INFO  d.f.m.outbox.OutboxDispatcher request_id= idempotency_key= order_id= user_id= sku_id= payment_tx= - Outbox publication deferred outbox_id=495af8ae-8fd8-4490-82c5-2b197876f9b5 command_id=d527002e95b3f4e728a4649a5cee6045f749e44634d16cc31ca274b06fa61df6 outcome=RETRYABLE cause=MQCLIENTEXCEPTION
2026-08-11T11:02:59.988+08:00 INFO  d.f.m.outbox.OutboxDispatcher request_id= idempotency_key= order_id= user_id= sku_id= payment_tx= - Outbox publication deferred outbox_id=fd853458-43dc-40ce-8fbc-003f90d01e0c command_id=c0c689b8ca7ef5df77a2bde4ee579129c85a66316a418c9f0b02bada366360ea outcome=RETRYABLE cause=MQCLIENTEXCEPTION
2026-08-11T11:03:00.105+08:00 INFO  d.f.m.outbox.OutboxDispatcher request_id= idempotency_key= order_id= user_id= sku_id= payment_tx= - Outbox publication deferred outbox_id=18b50479-5ee9-4b56-9709-cf31ee5abd18 command_id=5a682ef2d17e1d378f5c9e7b0440f0a4d77d8623d608f664fafe9e1070908c44 outcome=RETRYABLE cause=MQCLIENTEXCEPTION
2026-08-11T11:03:00.108+08:00 INFO  d.f.m.outbox.OutboxDispatcher request_id= idempotency_key= order_id= user_id= sku_id= payment_tx= - Outbox publication deferred outbox_id=cbae32ac-03dc-4c86-a8d0-3caf7a727826 command_id=ea5ba3fcdc72c520e25d6b999d308cd408a1484cdbcf2cfd870a930e539e17cb outcome=RETRYABLE cause=MQCLIENTEXCEPTION
2026-08-11T11:03:00.111+08:00 INFO  d.f.m.outbox.OutboxDispatcher request_id= idempotency_key= order_id= user_id= sku_id= payment_tx= - Outbox publication deferred outbox_id=f737cc83-373f-4363-bd9e-1617e42193f1 command_id=501750cd7d7bf336a040b55f39648dc22d956703ad271ff4209d12a78643c27b outcome=RETRYABLE cause=MQCLIENTEXCEPTION
2026-08-11T11:03:00.113+08:00 INFO  d.f.m.outbox.OutboxDispatcher request_id= idempotency_key= order_id= user_id= sku_id= payment_tx= - Outbox publication deferred outbox_id=e7a435dd-0a6f-4c33-9ace-82e347737653 command_id=0a13349f37d394d10b5d1f200087f1fd0567a5dad40e0d7f32f16dbaf80d86b0 outcome=RETRYABLE cause=MQCLIENTEXCEPTION
2026-08-11T11:03:00.223+08:00 INFO  d.f.m.outbox.OutboxDispatcher request_id= idempotency_key= order_id= user_id= sku_id= payment_tx= - Outbox publication deferred outbox_id=ba0338a9-c548-4341-9f50-92a1343db40e command_id=45a6a3a329efa849ee4ab3390e8469510749d28382f2c893f6e18abb11921977 outcome=RETRYABLE cause=MQCLIENTEXCEPTION
2026-08-11T11:03:00.226+08:00 INFO  d.f.m.outbox.OutboxDispatcher request_id= idempotency_key= order_id= user_id= sku_id= payment_tx= - Outbox publication deferred outbox_id=67598963-9fa2-4a61-a695-181aa64d8f43 command_id=607be66b326f6168b99757c7200c270440893471588fb9f6aec1c9218b3d24ed outcome=RETRYABLE cause=MQCLIENTEXCEPTION
2026-08-11T11:03:00.875+08:00 INFO  d.f.m.outbox.OutboxDispatcher request_id= idempotency_key= order_id= user_id= sku_id= payment_tx= - Outbox publication deferred outbox_id=6b8667f8-a796-4df6-a7a8-22ef0aa9e6d7 command_id=4ffc054dfe8fd84e79d2dbd3e9ac434f7e5af4baccc5c467c3240e5368fc50f6 outcome=RETRYABLE cause=MQCLIENTEXCEPTION
2026-08-11T11:03:00.878+08:00 INFO  d.f.m.outbox.OutboxDispatcher request_id= idempotency_key= order_id= user_id= sku_id= payment_tx= - Outbox publication deferred outbox_id=4b317792-61b1-48aa-83a4-c679308e56a7 command_id=f6e2852f162d9f419e95e173f21074cb8deacd62345e7644431fcc352d8d390e outcome=RETRYABLE cause=MQCLIENTEXCEPTION
2026-08-11T11:03:00.994+08:00 INFO  d.f.m.outbox.OutboxDispatcher request_id= idempotency_key= order_id= user_id= sku_id= payment_tx= - Outbox publication deferred outbox_id=26ea2dbf-48ce-47e9-81af-5e1fa34e7f7b command_id=c2ded18434758a2ab02fc8164713875826a3fc4070cb8b5bf81b26dd7dccea8d outcome=RETRYABLE cause=MQCLIENTEXCEPTION
2026-08-11T11:03:00.997+08:00 INFO  d.f.m.outbox.OutboxDispatcher request_id= idempotency_key= order_id= user_id= sku_id= payment_tx= - Outbox publication deferred outbox_id=3a7c6b99-cce8-42ba-85a7-a54a052fbd88 command_id=6c181b5607f1594d3725e4a21e785e072fdae98a5677e6a16a67af8a45904ffb outcome=RETRYABLE cause=MQCLIENTEXCEPTION
2026-08-11T11:03:00.999+08:00 INFO  d.f.m.outbox.OutboxDispatcher request_id= idempotency_key= order_id= user_id= sku_id= payment_tx= - Outbox publication deferred outbox_id=495af8ae-8fd8-4490-82c5-2b197876f9b5 command_id=d527002e95b3f4e728a4649a5cee6045f749e44634d16cc31ca274b06fa61df6 outcome=RETRYABLE cause=MQCLIENTEXCEPTION
2026-08-11T11:03:01.115+08:00 INFO  d.f.m.outbox.OutboxDispatcher request_id= idempotency_key= order_id= user_id= sku_id= payment_tx= - Outbox publication deferred outbox_id=fd853458-43dc-40ce-8fbc-003f90d01e0c command_id=c0c689b8ca7ef5df77a2bde4ee579129c85a66316a418c9f0b02bada366360ea outcome=RETRYABLE cause=MQCLIENTEXCEPTION
2026-08-11T11:03:01.117+08:00 INFO  d.f.m.outbox.OutboxDispatcher request_id= idempotency_key= order_id= user_id= sku_id= payment_tx= - Outbox publication deferred outbox_id=18b50479-5ee9-4b56-9709-cf31ee5abd18 command_id=5a682ef2d17e1d378f5c9e7b0440f0a4d77d8623d608f664fafe9e1070908c44 outcome=RETRYABLE cause=MQCLIENTEXCEPTION
2026-08-11T11:03:01.233+08:00 INFO  d.f.m.outbox.OutboxDispatcher request_id= idempotency_key= order_id= user_id= sku_id= payment_tx= - Outbox publication deferred outbox_id=cbae32ac-03dc-4c86-a8d0-3caf7a727826 command_id=ea5ba3fcdc72c520e25d6b999d308cd408a1484cdbcf2cfd870a930e539e17cb outcome=RETRYABLE cause=MQCLIENTEXCEPTION
2026-08-11T11:03:01.236+08:00 INFO  d.f.m.outbox.OutboxDispatcher request_id= idempotency_key= order_id= user_id= sku_id= payment_tx= - Outbox publication deferred outbox_id=f737cc83-373f-4363-bd9e-1617e42193f1 command_id=501750cd7d7bf336a040b55f39648dc22d956703ad271ff4209d12a78643c27b outcome=RETRYABLE cause=MQCLIENTEXCEPTION
2026-08-11T11:03:01.239+08:00 INFO  d.f.m.outbox.OutboxDispatcher request_id= idempotency_key= order_id= user_id= sku_id= payment_tx= - Outbox publication deferred outbox_id=e7a435dd-0a6f-4c33-9ace-82e347737653 command_id=0a13349f37d394d10b5d1f200087f1fd0567a5dad40e0d7f32f16dbaf80d86b0 outcome=RETRYABLE cause=MQCLIENTEXCEPTION
2026-08-11T11:03:01.241+08:00 INFO  d.f.m.outbox.OutboxDispatcher request_id= idempotency_key= order_id= user_id= sku_id= payment_tx= - Outbox publication deferred outbox_id=ba0338a9-c548-4341-9f50-92a1343db40e command_id=45a6a3a329efa849ee4ab3390e8469510749d28382f2c893f6e18abb11921977 outcome=RETRYABLE cause=MQCLIENTEXCEPTION
2026-08-11T11:03:01.354+08:00 INFO  d.f.m.outbox.OutboxDispatcher request_id= idempotency_key= order_id= user_id= sku_id= payment_tx= - Outbox publication deferred outbox_id=67598963-9fa2-4a61-a695-181aa64d8f43 command_id=607be66b326f6168b99757c7200c270440893471588fb9f6aec1c9218b3d24ed outcome=RETRYABLE cause=MQCLIENTEXCEPTION
2026-08-11T11:03:01.897+08:00 INFO  d.f.m.outbox.OutboxDispatcher request_id= idempotency_key= order_id= user_id= sku_id= payment_tx= - Outbox publication deferred outbox_id=6b8667f8-a796-4df6-a7a8-22ef0aa9e6d7 command_id=4ffc054dfe8fd84e79d2dbd3e9ac434f7e5af4baccc5c467c3240e5368fc50f6 outcome=RETRYABLE cause=MQCLIENTEXCEPTION
2026-08-11T11:03:01.899+08:00 INFO  d.f.m.outbox.OutboxDispatcher request_id= idempotency_key= order_id= user_id= sku_id= payment_tx= - Outbox publication deferred outbox_id=4b317792-61b1-48aa-83a4-c679308e56a7 command_id=f6e2852f162d9f419e95e173f21074cb8deacd62345e7644431fcc352d8d390e outcome=RETRYABLE cause=MQCLIENTEXCEPTION
2026-08-11T11:03:02.013+08:00 INFO  d.f.m.outbox.OutboxDispatcher request_id= idempotency_key= order_id= user_id= sku_id= payment_tx= - Outbox publication deferred outbox_id=26ea2dbf-48ce-47e9-81af-5e1fa34e7f7b command_id=c2ded18434758a2ab02fc8164713875826a3fc4070cb8b5bf81b26dd7dccea8d outcome=RETRYABLE cause=MQCLIENTEXCEPTION
2026-08-11T11:03:02.016+08:00 INFO  d.f.m.outbox.OutboxDispatcher request_id= idempotency_key= order_id= user_id= sku_id= payment_tx= - Outbox publication deferred outbox_id=3a7c6b99-cce8-42ba-85a7-a54a052fbd88 command_id=6c181b5607f1594d3725e4a21e785e072fdae98a5677e6a16a67af8a45904ffb outcome=RETRYABLE cause=MQCLIENTEXCEPTION
2026-08-11T11:03:02.019+08:00 INFO  d.f.m.outbox.OutboxDispatcher request_id= idempotency_key= order_id= user_id= sku_id= payment_tx= - Outbox publication deferred outbox_id=495af8ae-8fd8-4490-82c5-2b197876f9b5 command_id=d527002e95b3f4e728a4649a5cee6045f749e44634d16cc31ca274b06fa61df6 outcome=RETRYABLE cause=MQCLIENTEXCEPTION
2026-08-11T11:03:02.130+08:00 INFO  d.f.m.outbox.OutboxDispatcher request_id= idempotency_key= order_id= user_id= sku_id= payment_tx= - Outbox publication deferred outbox_id=fd853458-43dc-40ce-8fbc-003f90d01e0c command_id=c0c689b8ca7ef5df77a2bde4ee579129c85a66316a418c9f0b02bada366360ea outcome=RETRYABLE cause=MQCLIENTEXCEPTION
2026-08-11T11:03:02.132+08:00 INFO  d.f.m.outbox.OutboxDispatcher request_id= idempotency_key= order_id= user_id= sku_id= payment_tx= - Outbox publication deferred outbox_id=18b50479-5ee9-4b56-9709-cf31ee5abd18 command_id=5a682ef2d17e1d378f5c9e7b0440f0a4d77d8623d608f664fafe9e1070908c44 outcome=RETRYABLE cause=MQCLIENTEXCEPTION
2026-08-11T11:03:02.244+08:00 INFO  d.f.m.outbox.OutboxDispatcher request_id= idempotency_key= order_id= user_id= sku_id= payment_tx= - Outbox publication deferred outbox_id=cbae32ac-03dc-4c86-a8d0-3caf7a727826 command_id=ea5ba3fcdc72c520e25d6b999d308cd408a1484cdbcf2cfd870a930e539e17cb outcome=RETRYABLE cause=MQCLIENTEXCEPTION
2026-08-11T11:03:02.246+08:00 INFO  d.f.m.outbox.OutboxDispatcher request_id= idempotency_key= order_id= user_id= sku_id= payment_tx= - Outbox publication deferred outbox_id=f737cc83-373f-4363-bd9e-1617e42193f1 command_id=501750cd7d7bf336a040b55f39648dc22d956703ad271ff4209d12a78643c27b outcome=RETRYABLE cause=MQCLIENTEXCEPTION
2026-08-11T11:03:02.358+08:00 INFO  d.f.m.outbox.OutboxDispatcher request_id= idempotency_key= order_id= user_id= sku_id= payment_tx= - Outbox publication deferred outbox_id=e7a435dd-0a6f-4c33-9ace-82e347737653 command_id=0a13349f37d394d10b5d1f200087f1fd0567a5dad40e0d7f32f16dbaf80d86b0 outcome=RETRYABLE cause=MQCLIENTEXCEPTION
2026-08-11T11:03:02.361+08:00 INFO  d.f.m.outbox.OutboxDispatcher request_id= idempotency_key= order_id= user_id= sku_id= payment_tx= - Outbox publication deferred outbox_id=ba0338a9-c548-4341-9f50-92a1343db40e command_id=45a6a3a329efa849ee4ab3390e8469510749d28382f2c893f6e18abb11921977 outcome=RETRYABLE cause=MQCLIENTEXCEPTION
2026-08-11T11:03:02.473+08:00 INFO  d.f.m.outbox.OutboxDispatcher request_id= idempotency_key= order_id= user_id= sku_id= payment_tx= - Outbox publication deferred outbox_id=67598963-9fa2-4a61-a695-181aa64d8f43 command_id=607be66b326f6168b99757c7200c270440893471588fb9f6aec1c9218b3d24ed outcome=RETRYABLE cause=MQCLIENTEXCEPTION
2026-08-11T11:03:03.008+08:00 INFO  d.f.m.outbox.OutboxDispatcher request_id= idempotency_key= order_id= user_id= sku_id= payment_tx= - Outbox publication deferred outbox_id=6b8667f8-a796-4df6-a7a8-22ef0aa9e6d7 command_id=4ffc054dfe8fd84e79d2dbd3e9ac434f7e5af4baccc5c467c3240e5368fc50f6 outcome=RETRYABLE cause=MQCLIENTEXCEPTION
2026-08-11T11:03:03.011+08:00 INFO  d.f.m.outbox.OutboxDispatcher request_id= idempotency_key= order_id= user_id= sku_id= payment_tx= - Outbox publication deferred outbox_id=4b317792-61b1-48aa-83a4-c679308e56a7 command_id=f6e2852f162d9f419e95e173f21074cb8deacd62345e7644431fcc352d8d390e outcome=RETRYABLE cause=MQCLIENTEXCEPTION
2026-08-11T11:03:03.128+08:00 INFO  d.f.m.outbox.OutboxDispatcher request_id= idempotency_key= order_id= user_id= sku_id= payment_tx= - Outbox publication deferred outbox_id=26ea2dbf-48ce-47e9-81af-5e1fa34e7f7b command_id=c2ded18434758a2ab02fc8164713875826a3fc4070cb8b5bf81b26dd7dccea8d outcome=RETRYABLE cause=MQCLIENTEXCEPTION
2026-08-11T11:03:03.131+08:00 INFO  d.f.m.outbox.OutboxDispatcher request_id= idempotency_key= order_id= user_id= sku_id= payment_tx= - Outbox publication deferred outbox_id=3a7c6b99-cce8-42ba-85a7-a54a052fbd88 command_id=6c181b5607f1594d3725e4a21e785e072fdae98a5677e6a16a67af8a45904ffb outcome=RETRYABLE cause=MQCLIENTEXCEPTION
2026-08-11T11:03:03.134+08:00 INFO  d.f.m.outbox.OutboxDispatcher request_id= idempotency_key= order_id= user_id= sku_id= payment_tx= - Outbox publication deferred outbox_id=495af8ae-8fd8-4490-82c5-2b197876f9b5 command_id=d527002e95b3f4e728a4649a5cee6045f749e44634d16cc31ca274b06fa61df6 outcome=RETRYABLE cause=MQCLIENTEXCEPTION
2026-08-11T11:03:03.245+08:00 INFO  d.f.m.outbox.OutboxDispatcher request_id= idempotency_key= order_id= user_id= sku_id= payment_tx= - Outbox publication deferred outbox_id=fd853458-43dc-40ce-8fbc-003f90d01e0c command_id=c0c689b8ca7ef5df77a2bde4ee579129c85a66316a418c9f0b02bada366360ea outcome=RETRYABLE cause=MQCLIENTEXCEPTION
2026-08-11T11:03:03.247+08:00 INFO  d.f.m.outbox.OutboxDispatcher request_id= idempotency_key= order_id= user_id= sku_id= payment_tx= - Outbox publication deferred outbox_id=18b50479-5ee9-4b56-9709-cf31ee5abd18 command_id=5a682ef2d17e1d378f5c9e7b0440f0a4d77d8623d608f664fafe9e1070908c44 outcome=RETRYABLE cause=MQCLIENTEXCEPTION
2026-08-11T11:03:03.359+08:00 INFO  d.f.m.outbox.OutboxDispatcher request_id= idempotency_key= order_id= user_id= sku_id= payment_tx= - Outbox publication deferred outbox_id=cbae32ac-03dc-4c86-a8d0-3caf7a727826 command_id=ea5ba3fcdc72c520e25d6b999d308cd408a1484cdbcf2cfd870a930e539e17cb outcome=RETRYABLE cause=MQCLIENTEXCEPTION
2026-08-11T11:03:03.362+08:00 INFO  d.f.m.outbox.OutboxDispatcher request_id= idempotency_key= order_id= user_id= sku_id= payment_tx= - Outbox publication deferred outbox_id=f737cc83-373f-4363-bd9e-1617e42193f1 command_id=501750cd7d7bf336a040b55f39648dc22d956703ad271ff4209d12a78643c27b outcome=RETRYABLE cause=MQCLIENTEXCEPTION
2026-08-11T11:03:03.476+08:00 INFO  d.f.m.outbox.OutboxDispatcher request_id= idempotency_key= order_id= user_id= sku_id= payment_tx= - Outbox publication deferred outbox_id=e7a435dd-0a6f-4c33-9ace-82e347737653 command_id=0a13349f37d394d10b5d1f200087f1fd0567a5dad40e0d7f32f16dbaf80d86b0 outcome=RETRYABLE cause=MQCLIENTEXCEPTION
2026-08-11T11:03:03.479+08:00 INFO  d.f.m.outbox.OutboxDispatcher request_id= idempotency_key= order_id= user_id= sku_id= payment_tx= - Outbox publication deferred outbox_id=ba0338a9-c548-4341-9f50-92a1343db40e command_id=45a6a3a329efa849ee4ab3390e8469510749d28382f2c893f6e18abb11921977 outcome=RETRYABLE cause=MQCLIENTEXCEPTION
2026-08-11T11:03:03.592+08:00 INFO  d.f.m.outbox.OutboxDispatcher request_id= idempotency_key= order_id= user_id= sku_id= payment_tx= - Outbox publication deferred outbox_id=67598963-9fa2-4a61-a695-181aa64d8f43 command_id=607be66b326f6168b99757c7200c270440893471588fb9f6aec1c9218b3d24ed outcome=RETRYABLE cause=MQCLIENTEXCEPTION
2026-08-11T11:03:04.024+08:00 INFO  d.f.m.outbox.OutboxDispatcher request_id= idempotency_key= order_id= user_id= sku_id= payment_tx= - Outbox publication deferred outbox_id=6b8667f8-a796-4df6-a7a8-22ef0aa9e6d7 command_id=4ffc054dfe8fd84e79d2dbd3e9ac434f7e5af4baccc5c467c3240e5368fc50f6 outcome=RETRYABLE cause=MQCLIENTEXCEPTION
2026-08-11T11:03:04.026+08:00 INFO  d.f.m.outbox.OutboxDispatcher request_id= idempotency_key= order_id= user_id= sku_id= payment_tx= - Outbox publication deferred outbox_id=4b317792-61b1-48aa-83a4-c679308e56a7 command_id=f6e2852f162d9f419e95e173f21074cb8deacd62345e7644431fcc352d8d390e outcome=RETRYABLE cause=MQCLIENTEXCEPTION
2026-08-11T11:03:04.140+08:00 INFO  d.f.m.outbox.OutboxDispatcher request_id= idempotency_key= order_id= user_id= sku_id= payment_tx= - Outbox publication deferred outbox_id=26ea2dbf-48ce-47e9-81af-5e1fa34e7f7b command_id=c2ded18434758a2ab02fc8164713875826a3fc4070cb8b5bf81b26dd7dccea8d outcome=RETRYABLE cause=MQCLIENTEXCEPTION
2026-08-11T11:03:04.143+08:00 INFO  d.f.m.outbox.OutboxDispatcher request_id= idempotency_key= order_id= user_id= sku_id= payment_tx= - Outbox publication deferred outbox_id=3a7c6b99-cce8-42ba-85a7-a54a052fbd88 command_id=6c181b5607f1594d3725e4a21e785e072fdae98a5677e6a16a67af8a45904ffb outcome=RETRYABLE cause=MQCLIENTEXCEPTION
2026-08-11T11:03:04.256+08:00 INFO  d.f.m.outbox.OutboxDispatcher request_id= idempotency_key= order_id= user_id= sku_id= payment_tx= - Outbox publication deferred outbox_id=495af8ae-8fd8-4490-82c5-2b197876f9b5 command_id=d527002e95b3f4e728a4649a5cee6045f749e44634d16cc31ca274b06fa61df6 outcome=RETRYABLE cause=MQCLIENTEXCEPTION
2026-08-11T11:03:04.259+08:00 INFO  d.f.m.outbox.OutboxDispatcher request_id= idempotency_key= order_id= user_id= sku_id= payment_tx= - Outbox publication deferred outbox_id=fd853458-43dc-40ce-8fbc-003f90d01e0c command_id=c0c689b8ca7ef5df77a2bde4ee579129c85a66316a418c9f0b02bada366360ea outcome=RETRYABLE cause=MQCLIENTEXCEPTION
2026-08-11T11:03:04.261+08:00 INFO  d.f.m.outbox.OutboxDispatcher request_id= idempotency_key= order_id= user_id= sku_id= payment_tx= - Outbox publication deferred outbox_id=18b50479-5ee9-4b56-9709-cf31ee5abd18 command_id=5a682ef2d17e1d378f5c9e7b0440f0a4d77d8623d608f664fafe9e1070908c44 outcome=RETRYABLE cause=MQCLIENTEXCEPTION
2026-08-11T11:03:04.377+08:00 INFO  d.f.m.outbox.OutboxDispatcher request_id= idempotency_key= order_id= user_id= sku_id= payment_tx= - Outbox publication deferred outbox_id=cbae32ac-03dc-4c86-a8d0-3caf7a727826 command_id=ea5ba3fcdc72c520e25d6b999d308cd408a1484cdbcf2cfd870a930e539e17cb outcome=RETRYABLE cause=MQCLIENTEXCEPTION
2026-08-11T11:03:04.379+08:00 INFO  d.f.m.outbox.OutboxDispatcher request_id= idempotency_key= order_id= user_id= sku_id= payment_tx= - Outbox publication deferred outbox_id=f737cc83-373f-4363-bd9e-1617e42193f1 command_id=501750cd7d7bf336a040b55f39648dc22d956703ad271ff4209d12a78643c27b outcome=RETRYABLE cause=MQCLIENTEXCEPTION
2026-08-11T11:03:04.491+08:00 INFO  d.f.m.outbox.OutboxDispatcher request_id= idempotency_key= order_id= user_id= sku_id= payment_tx= - Outbox publication deferred outbox_id=e7a435dd-0a6f-4c33-9ace-82e347737653 command_id=0a13349f37d394d10b5d1f200087f1fd0567a5dad40e0d7f32f16dbaf80d86b0 outcome=RETRYABLE cause=MQCLIENTEXCEPTION
2026-08-11T11:03:04.493+08:00 INFO  d.f.m.outbox.OutboxDispatcher request_id= idempotency_key= order_id= user_id= sku_id= payment_tx= - Outbox publication deferred outbox_id=ba0338a9-c548-4341-9f50-92a1343db40e command_id=45a6a3a329efa849ee4ab3390e8469510749d28382f2c893f6e18abb11921977 outcome=RETRYABLE cause=MQCLIENTEXCEPTION
2026-08-11T11:03:04.605+08:00 INFO  d.f.m.outbox.OutboxDispatcher request_id= idempotency_key= order_id= user_id= sku_id= payment_tx= - Outbox publication deferred outbox_id=67598963-9fa2-4a61-a695-181aa64d8f43 command_id=607be66b326f6168b99757c7200c270440893471588fb9f6aec1c9218b3d24ed outcome=RETRYABLE cause=MQCLIENTEXCEPTION
2026-08-11T11:03:05.036+08:00 INFO  d.f.m.outbox.OutboxDispatcher request_id= idempotency_key= order_id= user_id= sku_id= payment_tx= - Outbox publication deferred outbox_id=6b8667f8-a796-4df6-a7a8-22ef0aa9e6d7 command_id=4ffc054dfe8fd84e79d2dbd3e9ac434f7e5af4baccc5c467c3240e5368fc50f6 outcome=RETRYABLE cause=MQCLIENTEXCEPTION
2026-08-11T11:03:05.038+08:00 INFO  d.f.m.outbox.OutboxDispatcher request_id= idempotency_key= order_id= user_id= sku_id= payment_tx= - Outbox publication deferred outbox_id=4b317792-61b1-48aa-83a4-c679308e56a7 command_id=f6e2852f162d9f419e95e173f21074cb8deacd62345e7644431fcc352d8d390e outcome=RETRYABLE cause=MQCLIENTEXCEPTION
2026-08-11T11:03:05.153+08:00 INFO  d.f.m.outbox.OutboxDispatcher request_id= idempotency_key= order_id= user_id= sku_id= payment_tx= - Outbox publication deferred outbox_id=26ea2dbf-48ce-47e9-81af-5e1fa34e7f7b command_id=c2ded18434758a2ab02fc8164713875826a3fc4070cb8b5bf81b26dd7dccea8d outcome=RETRYABLE cause=MQCLIENTEXCEPTION
2026-08-11T11:03:05.155+08:00 INFO  d.f.m.outbox.OutboxDispatcher request_id= idempotency_key= order_id= user_id= sku_id= payment_tx= - Outbox publication deferred outbox_id=3a7c6b99-cce8-42ba-85a7-a54a052fbd88 command_id=6c181b5607f1594d3725e4a21e785e072fdae98a5677e6a16a67af8a45904ffb outcome=RETRYABLE cause=MQCLIENTEXCEPTION
2026-08-11T11:03:05.269+08:00 INFO  d.f.m.outbox.OutboxDispatcher request_id= idempotency_key= order_id= user_id= sku_id= payment_tx= - Outbox publication deferred outbox_id=495af8ae-8fd8-4490-82c5-2b197876f9b5 command_id=d527002e95b3f4e728a4649a5cee6045f749e44634d16cc31ca274b06fa61df6 outcome=RETRYABLE cause=MQCLIENTEXCEPTION
2026-08-11T11:03:05.272+08:00 INFO  d.f.m.outbox.OutboxDispatcher request_id= idempotency_key= order_id= user_id= sku_id= payment_tx= - Outbox publication deferred outbox_id=fd853458-43dc-40ce-8fbc-003f90d01e0c command_id=c0c689b8ca7ef5df77a2bde4ee579129c85a66316a418c9f0b02bada366360ea outcome=RETRYABLE cause=MQCLIENTEXCEPTION
2026-08-11T11:03:05.274+08:00 INFO  d.f.m.outbox.OutboxDispatcher request_id= idempotency_key= order_id= user_id= sku_id= payment_tx= - Outbox publication deferred outbox_id=18b50479-5ee9-4b56-9709-cf31ee5abd18 command_id=5a682ef2d17e1d378f5c9e7b0440f0a4d77d8623d608f664fafe9e1070908c44 outcome=RETRYABLE cause=MQCLIENTEXCEPTION
2026-08-11T11:03:05.388+08:00 INFO  d.f.m.outbox.OutboxDispatcher request_id= idempotency_key= order_id= user_id= sku_id= payment_tx= - Outbox publication deferred outbox_id=cbae32ac-03dc-4c86-a8d0-3caf7a727826 command_id=ea5ba3fcdc72c520e25d6b999d308cd408a1484cdbcf2cfd870a930e539e17cb outcome=RETRYABLE cause=MQCLIENTEXCEPTION
2026-08-11T11:03:05.390+08:00 INFO  d.f.m.outbox.OutboxDispatcher request_id= idempotency_key= order_id= user_id= sku_id= payment_tx= - Outbox publication deferred outbox_id=f737cc83-373f-4363-bd9e-1617e42193f1 command_id=501750cd7d7bf336a040b55f39648dc22d956703ad271ff4209d12a78643c27b outcome=RETRYABLE cause=MQCLIENTEXCEPTION
2026-08-11T11:03:05.502+08:00 INFO  d.f.m.outbox.OutboxDispatcher request_id= idempotency_key= order_id= user_id= sku_id= payment_tx= - Outbox publication deferred outbox_id=e7a435dd-0a6f-4c33-9ace-82e347737653 command_id=0a13349f37d394d10b5d1f200087f1fd0567a5dad40e0d7f32f16dbaf80d86b0 outcome=RETRYABLE cause=MQCLIENTEXCEPTION
2026-08-11T11:03:05.504+08:00 INFO  d.f.m.outbox.OutboxDispatcher request_id= idempotency_key= order_id= user_id= sku_id= payment_tx= - Outbox publication deferred outbox_id=ba0338a9-c548-4341-9f50-92a1343db40e command_id=45a6a3a329efa849ee4ab3390e8469510749d28382f2c893f6e18abb11921977 outcome=RETRYABLE cause=MQCLIENTEXCEPTION
2026-08-11T11:03:05.617+08:00 INFO  d.f.m.outbox.OutboxDispatcher request_id= idempotency_key= order_id= user_id= sku_id= payment_tx= - Outbox publication deferred outbox_id=67598963-9fa2-4a61-a695-181aa64d8f43 command_id=607be66b326f6168b99757c7200c270440893471588fb9f6aec1c9218b3d24ed outcome=RETRYABLE cause=MQCLIENTEXCEPTION
2026-08-11T11:03:06.045+08:00 INFO  d.f.m.outbox.OutboxDispatcher request_id= idempotency_key= order_id= user_id= sku_id= payment_tx= - Outbox publication deferred outbox_id=6b8667f8-a796-4df6-a7a8-22ef0aa9e6d7 command_id=4ffc054dfe8fd84e79d2dbd3e9ac434f7e5af4baccc5c467c3240e5368fc50f6 outcome=RETRYABLE cause=MQCLIENTEXCEPTION
2026-08-11T11:03:06.158+08:00 INFO  d.f.m.outbox.OutboxDispatcher request_id= idempotency_key= order_id= user_id= sku_id= payment_tx= - Outbox publication deferred outbox_id=4b317792-61b1-48aa-83a4-c679308e56a7 command_id=f6e2852f162d9f419e95e173f21074cb8deacd62345e7644431fcc352d8d390e outcome=RETRYABLE cause=MQCLIENTEXCEPTION
2026-08-11T11:03:06.161+08:00 INFO  d.f.m.outbox.OutboxDispatcher request_id= idempotency_key= order_id= user_id= sku_id= payment_tx= - Outbox publication deferred outbox_id=26ea2dbf-48ce-47e9-81af-5e1fa34e7f7b command_id=c2ded18434758a2ab02fc8164713875826a3fc4070cb8b5bf81b26dd7dccea8d outcome=RETRYABLE cause=MQCLIENTEXCEPTION
2026-08-11T11:03:06.273+08:00 INFO  d.f.m.outbox.OutboxDispatcher request_id= idempotency_key= order_id= user_id= sku_id= payment_tx= - Outbox publication deferred outbox_id=3a7c6b99-cce8-42ba-85a7-a54a052fbd88 command_id=6c181b5607f1594d3725e4a21e785e072fdae98a5677e6a16a67af8a45904ffb outcome=RETRYABLE cause=MQCLIENTEXCEPTION
2026-08-11T11:03:06.387+08:00 INFO  d.f.m.outbox.OutboxDispatcher request_id= idempotency_key= order_id= user_id= sku_id= payment_tx= - Outbox publication deferred outbox_id=495af8ae-8fd8-4490-82c5-2b197876f9b5 command_id=d527002e95b3f4e728a4649a5cee6045f749e44634d16cc31ca274b06fa61df6 outcome=RETRYABLE cause=MQCLIENTEXCEPTION
2026-08-11T11:03:06.390+08:00 INFO  d.f.m.outbox.OutboxDispatcher request_id= idempotency_key= order_id= user_id= sku_id= payment_tx= - Outbox publication deferred outbox_id=fd853458-43dc-40ce-8fbc-003f90d01e0c command_id=c0c689b8ca7ef5df77a2bde4ee579129c85a66316a418c9f0b02bada366360ea outcome=RETRYABLE cause=MQCLIENTEXCEPTION
2026-08-11T11:03:06.392+08:00 INFO  d.f.m.outbox.OutboxDispatcher request_id= idempotency_key= order_id= user_id= sku_id= payment_tx= - Outbox publication deferred outbox_id=18b50479-5ee9-4b56-9709-cf31ee5abd18 command_id=5a682ef2d17e1d378f5c9e7b0440f0a4d77d8623d608f664fafe9e1070908c44 outcome=RETRYABLE cause=MQCLIENTEXCEPTION
2026-08-11T11:03:06.507+08:00 INFO  d.f.m.outbox.OutboxDispatcher request_id= idempotency_key= order_id= user_id= sku_id= payment_tx= - Outbox publication deferred outbox_id=cbae32ac-03dc-4c86-a8d0-3caf7a727826 command_id=ea5ba3fcdc72c520e25d6b999d308cd408a1484cdbcf2cfd870a930e539e17cb outcome=RETRYABLE cause=MQCLIENTEXCEPTION
2026-08-11T11:03:06.510+08:00 INFO  d.f.m.outbox.OutboxDispatcher request_id= idempotency_key= order_id= user_id= sku_id= payment_tx= - Outbox publication deferred outbox_id=f737cc83-373f-4363-bd9e-1617e42193f1 command_id=501750cd7d7bf336a040b55f39648dc22d956703ad271ff4209d12a78643c27b outcome=RETRYABLE cause=MQCLIENTEXCEPTION
2026-08-11T11:03:06.623+08:00 INFO  d.f.m.outbox.OutboxDispatcher request_id= idempotency_key= order_id= user_id= sku_id= payment_tx= - Outbox publication deferred outbox_id=e7a435dd-0a6f-4c33-9ace-82e347737653 command_id=0a13349f37d394d10b5d1f200087f1fd0567a5dad40e0d7f32f16dbaf80d86b0 outcome=RETRYABLE cause=MQCLIENTEXCEPTION
2026-08-11T11:03:06.626+08:00 INFO  d.f.m.outbox.OutboxDispatcher request_id= idempotency_key= order_id= user_id= sku_id= payment_tx= - Outbox publication deferred outbox_id=ba0338a9-c548-4341-9f50-92a1343db40e command_id=45a6a3a329efa849ee4ab3390e8469510749d28382f2c893f6e18abb11921977 outcome=RETRYABLE cause=MQCLIENTEXCEPTION
2026-08-11T11:03:06.628+08:00 INFO  d.f.m.outbox.OutboxDispatcher request_id= idempotency_key= order_id= user_id= sku_id= payment_tx= - Outbox publication deferred outbox_id=67598963-9fa2-4a61-a695-181aa64d8f43 command_id=607be66b326f6168b99757c7200c270440893471588fb9f6aec1c9218b3d24ed outcome=RETRYABLE cause=MQCLIENTEXCEPTION
2026-08-11T11:03:07.055+08:00 INFO  d.f.m.outbox.OutboxDispatcher request_id= idempotency_key= order_id= user_id= sku_id= payment_tx= - Outbox publication deferred outbox_id=6b8667f8-a796-4df6-a7a8-22ef0aa9e6d7 command_id=4ffc054dfe8fd84e79d2dbd3e9ac434f7e5af4baccc5c467c3240e5368fc50f6 outcome=RETRYABLE cause=MQCLIENTEXCEPTION
2026-08-11T11:03:07.167+08:00 INFO  d.f.m.outbox.OutboxDispatcher request_id= idempotency_key= order_id= user_id= sku_id= payment_tx= - Outbox publication deferred outbox_id=4b317792-61b1-48aa-83a4-c679308e56a7 command_id=f6e2852f162d9f419e95e173f21074cb8deacd62345e7644431fcc352d8d390e outcome=RETRYABLE cause=MQCLIENTEXCEPTION
2026-08-11T11:03:07.169+08:00 INFO  d.f.m.outbox.OutboxDispatcher request_id= idempotency_key= order_id= user_id= sku_id= payment_tx= - Outbox publication deferred outbox_id=26ea2dbf-48ce-47e9-81af-5e1fa34e7f7b command_id=c2ded18434758a2ab02fc8164713875826a3fc4070cb8b5bf81b26dd7dccea8d outcome=RETRYABLE cause=MQCLIENTEXCEPTION
2026-08-11T11:03:07.280+08:00 INFO  d.f.m.outbox.OutboxDispatcher request_id= idempotency_key= order_id= user_id= sku_id= payment_tx= - Outbox publication deferred outbox_id=3a7c6b99-cce8-42ba-85a7-a54a052fbd88 command_id=6c181b5607f1594d3725e4a21e785e072fdae98a5677e6a16a67af8a45904ffb outcome=RETRYABLE cause=MQCLIENTEXCEPTION
2026-08-11T11:03:07.503+08:00 INFO  d.f.m.outbox.OutboxDispatcher request_id= idempotency_key= order_id= user_id= sku_id= payment_tx= - Outbox publication deferred outbox_id=495af8ae-8fd8-4490-82c5-2b197876f9b5 command_id=d527002e95b3f4e728a4649a5cee6045f749e44634d16cc31ca274b06fa61df6 outcome=RETRYABLE cause=MQCLIENTEXCEPTION
2026-08-11T11:03:07.505+08:00 INFO  d.f.m.outbox.OutboxDispatcher request_id= idempotency_key= order_id= user_id= sku_id= payment_tx= - Outbox publication deferred outbox_id=fd853458-43dc-40ce-8fbc-003f90d01e0c command_id=c0c689b8ca7ef5df77a2bde4ee579129c85a66316a418c9f0b02bada366360ea outcome=RETRYABLE cause=MQCLIENTEXCEPTION
2026-08-11T11:03:07.507+08:00 INFO  d.f.m.outbox.OutboxDispatcher request_id= idempotency_key= order_id= user_id= sku_id= payment_tx= - Outbox publication deferred outbox_id=18b50479-5ee9-4b56-9709-cf31ee5abd18 command_id=5a682ef2d17e1d378f5c9e7b0440f0a4d77d8623d608f664fafe9e1070908c44 outcome=RETRYABLE cause=MQCLIENTEXCEPTION
2026-08-11T11:03:07.619+08:00 INFO  d.f.m.outbox.OutboxDispatcher request_id= idempotency_key= order_id= user_id= sku_id= payment_tx= - Outbox publication deferred outbox_id=cbae32ac-03dc-4c86-a8d0-3caf7a727826 command_id=ea5ba3fcdc72c520e25d6b999d308cd408a1484cdbcf2cfd870a930e539e17cb outcome=RETRYABLE cause=MQCLIENTEXCEPTION
2026-08-11T11:03:07.622+08:00 INFO  d.f.m.outbox.OutboxDispatcher request_id= idempotency_key= order_id= user_id= sku_id= payment_tx= - Outbox publication deferred outbox_id=f737cc83-373f-4363-bd9e-1617e42193f1 command_id=501750cd7d7bf336a040b55f39648dc22d956703ad271ff4209d12a78643c27b outcome=RETRYABLE cause=MQCLIENTEXCEPTION
2026-08-11T11:03:07.740+08:00 INFO  d.f.m.outbox.OutboxDispatcher request_id= idempotency_key= order_id= user_id= sku_id= payment_tx= - Outbox publication deferred outbox_id=e7a435dd-0a6f-4c33-9ace-82e347737653 command_id=0a13349f37d394d10b5d1f200087f1fd0567a5dad40e0d7f32f16dbaf80d86b0 outcome=RETRYABLE cause=MQCLIENTEXCEPTION
2026-08-11T11:03:07.743+08:00 INFO  d.f.m.outbox.OutboxDispatcher request_id= idempotency_key= order_id= user_id= sku_id= payment_tx= - Outbox publication deferred outbox_id=ba0338a9-c548-4341-9f50-92a1343db40e command_id=45a6a3a329efa849ee4ab3390e8469510749d28382f2c893f6e18abb11921977 outcome=RETRYABLE cause=MQCLIENTEXCEPTION
2026-08-11T11:03:07.746+08:00 INFO  d.f.m.outbox.OutboxDispatcher request_id= idempotency_key= order_id= user_id= sku_id= payment_tx= - Outbox publication deferred outbox_id=67598963-9fa2-4a61-a695-181aa64d8f43 command_id=607be66b326f6168b99757c7200c270440893471588fb9f6aec1c9218b3d24ed outcome=RETRYABLE cause=MQCLIENTEXCEPTION
2026-08-11T11:03:08.096+08:00 INFO  d.f.m.outbox.OutboxDispatcher request_id= idempotency_key= order_id= user_id= sku_id= payment_tx= - Outbox publication deferred outbox_id=6b8667f8-a796-4df6-a7a8-22ef0aa9e6d7 command_id=4ffc054dfe8fd84e79d2dbd3e9ac434f7e5af4baccc5c467c3240e5368fc50f6 outcome=RETRYABLE cause=MQCLIENTEXCEPTION
2026-08-11T11:03:08.227+08:00 INFO  d.f.m.outbox.OutboxDispatcher request_id= idempotency_key= order_id= user_id= sku_id= payment_tx= - Outbox publication outbox_id=4b317792-61b1-48aa-83a4-c679308e56a7 command_id=f6e2852f162d9f419e95e173f21074cb8deacd62345e7644431fcc352d8d390e outcome=ACKNOWLEDGED
2026-08-11T11:03:08.232+08:00 INFO  d.f.m.outbox.OutboxDispatcher request_id= idempotency_key= order_id= user_id= sku_id= payment_tx= - Outbox publication outbox_id=26ea2dbf-48ce-47e9-81af-5e1fa34e7f7b command_id=c2ded18434758a2ab02fc8164713875826a3fc4070cb8b5bf81b26dd7dccea8d outcome=ACKNOWLEDGED
2026-08-11T11:03:08.348+08:00 INFO  d.f.m.outbox.OutboxDispatcher request_id= idempotency_key= order_id= user_id= sku_id= payment_tx= - Outbox publication outbox_id=3a7c6b99-cce8-42ba-85a7-a54a052fbd88 command_id=6c181b5607f1594d3725e4a21e785e072fdae98a5677e6a16a67af8a45904ffb outcome=ACKNOWLEDGED
2026-08-11T11:03:08.598+08:00 INFO  d.f.m.outbox.OutboxDispatcher request_id= idempotency_key= order_id= user_id= sku_id= payment_tx= - Outbox publication outbox_id=495af8ae-8fd8-4490-82c5-2b197876f9b5 command_id=d527002e95b3f4e728a4649a5cee6045f749e44634d16cc31ca274b06fa61df6 outcome=ACKNOWLEDGED
2026-08-11T11:03:08.609+08:00 INFO  d.f.m.outbox.OutboxDispatcher request_id= idempotency_key= order_id= user_id= sku_id= payment_tx= - Outbox publication outbox_id=fd853458-43dc-40ce-8fbc-003f90d01e0c command_id=c0c689b8ca7ef5df77a2bde4ee579129c85a66316a418c9f0b02bada366360ea outcome=ACKNOWLEDGED
2026-08-11T11:03:08.617+08:00 INFO  d.f.m.outbox.OutboxDispatcher request_id= idempotency_key= order_id= user_id= sku_id= payment_tx= - Outbox publication outbox_id=18b50479-5ee9-4b56-9709-cf31ee5abd18 command_id=5a682ef2d17e1d378f5c9e7b0440f0a4d77d8623d608f664fafe9e1070908c44 outcome=ACKNOWLEDGED
2026-08-11T11:03:08.731+08:00 INFO  d.f.m.outbox.OutboxDispatcher request_id= idempotency_key= order_id= user_id= sku_id= payment_tx= - Outbox publication outbox_id=cbae32ac-03dc-4c86-a8d0-3caf7a727826 command_id=ea5ba3fcdc72c520e25d6b999d308cd408a1484cdbcf2cfd870a930e539e17cb outcome=ACKNOWLEDGED
2026-08-11T11:03:08.739+08:00 INFO  d.f.m.outbox.OutboxDispatcher request_id= idempotency_key= order_id= user_id= sku_id= payment_tx= - Outbox publication outbox_id=f737cc83-373f-4363-bd9e-1617e42193f1 command_id=501750cd7d7bf336a040b55f39648dc22d956703ad271ff4209d12a78643c27b outcome=ACKNOWLEDGED
2026-08-11T11:03:08.882+08:00 INFO  d.f.m.outbox.OutboxDispatcher request_id= idempotency_key= order_id= user_id= sku_id= payment_tx= - Outbox publication outbox_id=e7a435dd-0a6f-4c33-9ace-82e347737653 command_id=0a13349f37d394d10b5d1f200087f1fd0567a5dad40e0d7f32f16dbaf80d86b0 outcome=ACKNOWLEDGED
2026-08-11T11:03:08.887+08:00 INFO  d.f.m.outbox.OutboxDispatcher request_id= idempotency_key= order_id= user_id= sku_id= payment_tx= - Outbox publication outbox_id=ba0338a9-c548-4341-9f50-92a1343db40e command_id=45a6a3a329efa849ee4ab3390e8469510749d28382f2c893f6e18abb11921977 outcome=ACKNOWLEDGED
2026-08-11T11:03:08.894+08:00 INFO  d.f.m.outbox.OutboxDispatcher request_id= idempotency_key= order_id= user_id= sku_id= payment_tx= - Outbox publication outbox_id=67598963-9fa2-4a61-a695-181aa64d8f43 command_id=607be66b326f6168b99757c7200c270440893471588fb9f6aec1c9218b3d24ed outcome=ACKNOWLEDGED
2026-08-11T11:03:09.118+08:00 INFO  d.f.m.outbox.OutboxDispatcher request_id= idempotency_key= order_id= user_id= sku_id= payment_tx= - Outbox publication outbox_id=6b8667f8-a796-4df6-a7a8-22ef0aa9e6d7 command_id=4ffc054dfe8fd84e79d2dbd3e9ac434f7e5af4baccc5c467c3240e5368fc50f6 outcome=ACKNOWLEDGED
2026-08-11T11:03:09.176+08:00 INFO  o.s.b.w.e.tomcat.GracefulShutdown request_id= idempotency_key= order_id= user_id= sku_id= payment_tx= - Commencing graceful shutdown. Waiting for active requests to complete
2026-08-11T11:03:11.182+08:00 INFO  o.s.b.w.e.tomcat.GracefulShutdown request_id= idempotency_key= order_id= user_id= sku_id= payment_tx= - Graceful shutdown complete
2026-08-11T11:03:11.183+08:00 ERROR org.apache.tomcat.util.net.Acceptor request_id= idempotency_key= order_id= user_id= sku_id= payment_tx= - Socket accept failed
java.nio.channels.AsynchronousCloseException: null
	at java.base/java.nio.channels.spi.AbstractInterruptibleChannel.end(AbstractInterruptibleChannel.java:218)
	at java.base/sun.nio.ch.ServerSocketChannelImpl.end(ServerSocketChannelImpl.java:372)
	at java.base/sun.nio.ch.ServerSocketChannelImpl.accept(ServerSocketChannelImpl.java:397)
	at org.apache.tomcat.util.net.NioEndpoint.serverSocketAccept(NioEndpoint.java:537)
	at org.apache.tomcat.util.net.NioEndpoint.serverSocketAccept(NioEndpoint.java:72)
	at org.apache.tomcat.util.net.Acceptor.run(Acceptor.java:127)
	at java.base/java.lang.Thread.run(Thread.java:1516)
2026-08-11T11:03:12.198+08:00 INFO  com.zaxxer.hikari.HikariDataSource request_id= idempotency_key= order_id= user_id= sku_id= payment_tx= - HikariPool-1 - Shutdown initiated...
2026-08-11T11:03:12.202+08:00 INFO  com.zaxxer.hikari.HikariDataSource request_id= idempotency_key= order_id= user_id= sku_id= payment_tx= - HikariPool-1 - Shutdown completed.
[INFO] Tests run: 1, Failures: 0, Errors: 0, Skipped: 0, Time elapsed: 38.24 s -- in dev.flashflow.V4OutboxBacklogDrainIntegrationTest
[INFO] Running dev.flashflow.V4OutboxProducerAckLossIntegrationTest
2026-08-11T11:03:12.221+08:00 INFO  o.s.t.c.s.AnnotationConfigContextLoaderUtils request_id= idempotency_key= order_id= user_id= sku_id= payment_tx= - Could not detect default configuration classes for test class [dev.flashflow.V4OutboxProducerAckLossIntegrationTest]: V4OutboxProducerAckLossIntegrationTest does not declare any static, non-private, non-final, nested classes annotated with @Configuration.
2026-08-11T11:03:12.223+08:00 INFO  o.s.b.t.c.SpringBootTestContextBootstrapper request_id= idempotency_key= order_id= user_id= sku_id= payment_tx= - Found @SpringBootConfiguration dev.flashflow.FlashFlowApplication for test class dev.flashflow.V4OutboxProducerAckLossIntegrationTest

  .   ____          _            __ _ _
 /\\ / ___'_ __ _ _(_)_ __  __ _ \ \ \ \
( ( )\___ | '_ | '_| | '_ \/ _` | \ \ \ \
 \\/  ___)| |_)| | | | | || (_| |  ) ) ) )
  '  |____| .__|_| |_|_| |_\__, | / / / /
 =========|_|==============|___/=/_/_/_/

 :: Spring Boot ::                (v3.5.5)

2026-08-11T11:03:12.243+08:00 INFO  d.f.V4OutboxProducerAckLossIntegrationTest request_id= idempotency_key= order_id= user_id= sku_id= payment_tx= - Starting V4OutboxProducerAckLossIntegrationTest using Java 26.0.2 with PID 78237 (started by yuzheng in /Users/yuzheng/Computeracy/Zhenkun26-GitHub/FlashFlow)
2026-08-11T11:03:12.244+08:00 INFO  d.f.V4OutboxProducerAckLossIntegrationTest request_id= idempotency_key= order_id= user_id= sku_id= payment_tx= - The following 1 profile is active: "test"
2026-08-11T11:03:12.379+08:00 INFO  o.s.d.r.c.RepositoryConfigurationDelegate request_id= idempotency_key= order_id= user_id= sku_id= payment_tx= - Multiple Spring Data modules found, entering strict repository configuration mode
2026-08-11T11:03:12.379+08:00 INFO  o.s.d.r.c.RepositoryConfigurationDelegate request_id= idempotency_key= order_id= user_id= sku_id= payment_tx= - Bootstrapping Spring Data Redis repositories in DEFAULT mode.
2026-08-11T11:03:12.386+08:00 INFO  o.s.d.r.c.RepositoryConfigurationDelegate request_id= idempotency_key= order_id= user_id= sku_id= payment_tx= - Finished Spring Data repository scanning in 5 ms. Found 0 Redis repository interfaces.
2026-08-11T11:03:12.412+08:00 INFO  o.s.b.w.e.tomcat.TomcatWebServer request_id= idempotency_key= order_id= user_id= sku_id= payment_tx= - Tomcat initialized with port 0 (http)
2026-08-11T11:03:12.412+08:00 INFO  o.a.catalina.core.StandardService request_id= idempotency_key= order_id= user_id= sku_id= payment_tx= - Starting service [Tomcat]
2026-08-11T11:03:12.412+08:00 INFO  o.a.catalina.core.StandardEngine request_id= idempotency_key= order_id= user_id= sku_id= payment_tx= - Starting Servlet engine: [Apache Tomcat/10.1.44]
2026-08-11T11:03:12.420+08:00 INFO  o.a.c.c.C.[Tomcat].[localhost].[/] request_id= idempotency_key= order_id= user_id= sku_id= payment_tx= - Initializing Spring embedded WebApplicationContext
2026-08-11T11:03:12.420+08:00 INFO  o.s.b.w.s.c.ServletWebServerApplicationContext request_id= idempotency_key= order_id= user_id= sku_id= payment_tx= - Root WebApplicationContext: initialization completed in 173 ms
Standard Commons Logging discovery in action with spring-jcl: please remove commons-logging.jar from classpath in order to avoid potential conflicts
2026-08-11T11:03:12.456+08:00 INFO  com.zaxxer.hikari.HikariDataSource request_id= idempotency_key= order_id= user_id= sku_id= payment_tx= - HikariPool-2 - Starting...
2026-08-11T11:03:12.465+08:00 INFO  com.zaxxer.hikari.pool.HikariPool request_id= idempotency_key= order_id= user_id= sku_id= payment_tx= - HikariPool-2 - Added connection com.mysql.cj.jdbc.ConnectionImpl@568b7ec6
2026-08-11T11:03:12.465+08:00 INFO  com.zaxxer.hikari.HikariDataSource request_id= idempotency_key= order_id= user_id= sku_id= payment_tx= - HikariPool-2 - Start completed.
2026-08-11T11:03:12.467+08:00 INFO  org.flywaydb.core.FlywayExecutor request_id= idempotency_key= order_id= user_id= sku_id= payment_tx= - Database: jdbc:mysql://localhost:60454/flashflow (MySQL 8.4)
2026-08-11T11:03:12.470+08:00 WARN  o.f.c.i.database.base.Database request_id= idempotency_key= order_id= user_id= sku_id= payment_tx= - Flyway upgrade recommended: MySQL 8.4 is newer than this version of Flyway and support has not been tested. The latest supported version of MySQL is 8.1.
2026-08-11T11:03:12.476+08:00 INFO  o.f.core.internal.command.DbValidate request_id= idempotency_key= order_id= user_id= sku_id= payment_tx= - Successfully validated 4 migrations (execution time 00:00.005s)
2026-08-11T11:03:12.480+08:00 INFO  o.f.core.internal.command.DbMigrate request_id= idempotency_key= order_id= user_id= sku_id= payment_tx= - Current version of schema `flashflow`: 4
2026-08-11T11:03:12.480+08:00 INFO  o.f.core.internal.command.DbMigrate request_id= idempotency_key= order_id= user_id= sku_id= payment_tx= - Schema `flashflow` is up to date. No migration necessary.
2026-08-11T11:03:12.633+08:00 INFO  o.s.b.a.e.web.EndpointLinksResolver request_id= idempotency_key= order_id= user_id= sku_id= payment_tx= - Exposing 2 endpoints beneath base path '/actuator'
2026-08-11T11:03:12.640+08:00 INFO  o.s.b.w.e.tomcat.TomcatWebServer request_id= idempotency_key= order_id= user_id= sku_id= payment_tx= - Tomcat started on port 62958 (http) with context path '/'
2026-08-11T11:03:12.644+08:00 INFO  d.f.V4OutboxProducerAckLossIntegrationTest request_id= idempotency_key= order_id= user_id= sku_id= payment_tx= - Started V4OutboxProducerAckLossIntegrationTest in 0.419 seconds (process running for 38.866)
2026-08-11T11:03:14.696+08:00 INFO  o.a.c.c.C.[Tomcat].[localhost].[/] request_id= idempotency_key= order_id= user_id= sku_id= payment_tx= - Initializing Spring DispatcherServlet 'dispatcherServlet'
2026-08-11T11:03:14.696+08:00 INFO  o.s.web.servlet.DispatcherServlet request_id= idempotency_key= order_id= user_id= sku_id= payment_tx= - Initializing Servlet 'dispatcherServlet'
2026-08-11T11:03:14.696+08:00 INFO  o.s.web.servlet.DispatcherServlet request_id= idempotency_key= order_id= user_id= sku_id= payment_tx= - Completed initialization in 0 ms
2026-08-11T11:03:14.724+08:00 INFO  d.f.m.o.OutboxAsyncOrderApplicationService request_id=f29e7e04-8e43-4b5d-90ca-b8a79f0a3555 idempotency_key=key-v4-ack-loss-088492ba order_id= user_id=user-v4-ack-loss-088492ba sku_id=sku-v4-ack-loss-088492ba payment_tx= - Durable Outbox acceptance command_id=3dc0f35cab92a8ba8e7f39668028cd8ae7351bf5dcc2c2ddb3a6cf18df7ae511 status=ACCEPTED
2026-08-11T11:03:14.778+08:00 WARN  d.f.m.outbox.OutboxDispatcher request_id= idempotency_key= order_id= user_id= sku_id= payment_tx= - Outbox dispatch poll failed cause=INJECTEDMESSAGINGFAULT
2026-08-11T11:03:18.795+08:00 INFO  d.f.m.outbox.OutboxDispatcher request_id= idempotency_key= order_id= user_id= sku_id= payment_tx= - Outbox publication outbox_id=a584979c-db60-44dc-b2e6-abb8dfc389b2 command_id=3dc0f35cab92a8ba8e7f39668028cd8ae7351bf5dcc2c2ddb3a6cf18df7ae511 outcome=ACKNOWLEDGED
2026-08-11T11:03:18.950+08:00 INFO  o.s.b.w.e.tomcat.GracefulShutdown request_id= idempotency_key= order_id= user_id= sku_id= payment_tx= - Commencing graceful shutdown. Waiting for active requests to complete
2026-08-11T11:03:20.954+08:00 INFO  o.s.b.w.e.tomcat.GracefulShutdown request_id= idempotency_key= order_id= user_id= sku_id= payment_tx= - Graceful shutdown complete
2026-08-11T11:03:20.954+08:00 ERROR org.apache.tomcat.util.net.Acceptor request_id= idempotency_key= order_id= user_id= sku_id= payment_tx= - Socket accept failed
java.nio.channels.AsynchronousCloseException: null
	at java.base/java.nio.channels.spi.AbstractInterruptibleChannel.end(AbstractInterruptibleChannel.java:218) ~[na:na]
	at java.base/sun.nio.ch.ServerSocketChannelImpl.end(ServerSocketChannelImpl.java:372) ~[na:na]
	at java.base/sun.nio.ch.ServerSocketChannelImpl.accept(ServerSocketChannelImpl.java:397) ~[na:na]
	at org.apache.tomcat.util.net.NioEndpoint.serverSocketAccept(NioEndpoint.java:537) ~[tomcat-embed-core-10.1.44.jar:10.1.44]
	at org.apache.tomcat.util.net.NioEndpoint.serverSocketAccept(NioEndpoint.java:72) ~[tomcat-embed-core-10.1.44.jar:10.1.44]
	at org.apache.tomcat.util.net.Acceptor.run(Acceptor.java:127) ~[tomcat-embed-core-10.1.44.jar:10.1.44]
	at java.base/java.lang.Thread.run(Thread.java:1516) ~[na:na]
2026-08-11T11:03:21.013+08:00 INFO  com.zaxxer.hikari.HikariDataSource request_id= idempotency_key= order_id= user_id= sku_id= payment_tx= - HikariPool-2 - Shutdown initiated...
2026-08-11T11:03:21.014+08:00 INFO  com.zaxxer.hikari.HikariDataSource request_id= idempotency_key= order_id= user_id= sku_id= payment_tx= - HikariPool-2 - Shutdown completed.
[INFO] Tests run: 1, Failures: 0, Errors: 0, Skipped: 0, Time elapsed: 8.797 s -- in dev.flashflow.V4OutboxProducerAckLossIntegrationTest
[INFO] Running dev.flashflow.V4OutboxRocketMqEndToEndIntegrationTest
2026-08-11T11:03:21.019+08:00 INFO  o.s.t.c.s.AnnotationConfigContextLoaderUtils request_id= idempotency_key= order_id= user_id= sku_id= payment_tx= - Could not detect default configuration classes for test class [dev.flashflow.V4OutboxRocketMqEndToEndIntegrationTest]: V4OutboxRocketMqEndToEndIntegrationTest does not declare any static, non-private, non-final, nested classes annotated with @Configuration.
2026-08-11T11:03:21.020+08:00 INFO  o.s.b.t.c.SpringBootTestContextBootstrapper request_id= idempotency_key= order_id= user_id= sku_id= payment_tx= - Found @SpringBootConfiguration dev.flashflow.FlashFlowApplication for test class dev.flashflow.V4OutboxRocketMqEndToEndIntegrationTest

  .   ____          _            __ _ _
 /\\ / ___'_ __ _ _(_)_ __  __ _ \ \ \ \
( ( )\___ | '_ | '_| | '_ \/ _` | \ \ \ \
 \\/  ___)| |_)| | | | | || (_| |  ) ) ) )
  '  |____| .__|_| |_|_| |_\__, | / / / /
 =========|_|==============|___/=/_/_/_/

 :: Spring Boot ::                (v3.5.5)

2026-08-11T11:03:21.034+08:00 INFO  d.f.V4OutboxRocketMqEndToEndIntegrationTest request_id= idempotency_key= order_id= user_id= sku_id= payment_tx= - Starting V4OutboxRocketMqEndToEndIntegrationTest using Java 26.0.2 with PID 78237 (started by yuzheng in /Users/yuzheng/Computeracy/Zhenkun26-GitHub/FlashFlow)
2026-08-11T11:03:21.034+08:00 INFO  d.f.V4OutboxRocketMqEndToEndIntegrationTest request_id= idempotency_key= order_id= user_id= sku_id= payment_tx= - The following 1 profile is active: "test"
2026-08-11T11:03:21.118+08:00 INFO  o.s.d.r.c.RepositoryConfigurationDelegate request_id= idempotency_key= order_id= user_id= sku_id= payment_tx= - Multiple Spring Data modules found, entering strict repository configuration mode
2026-08-11T11:03:21.118+08:00 INFO  o.s.d.r.c.RepositoryConfigurationDelegate request_id= idempotency_key= order_id= user_id= sku_id= payment_tx= - Bootstrapping Spring Data Redis repositories in DEFAULT mode.
2026-08-11T11:03:21.123+08:00 INFO  o.s.d.r.c.RepositoryConfigurationDelegate request_id= idempotency_key= order_id= user_id= sku_id= payment_tx= - Finished Spring Data repository scanning in 3 ms. Found 0 Redis repository interfaces.
2026-08-11T11:03:21.140+08:00 INFO  o.s.b.w.e.tomcat.TomcatWebServer request_id= idempotency_key= order_id= user_id= sku_id= payment_tx= - Tomcat initialized with port 0 (http)
2026-08-11T11:03:21.140+08:00 INFO  o.a.catalina.core.StandardService request_id= idempotency_key= order_id= user_id= sku_id= payment_tx= - Starting service [Tomcat]
2026-08-11T11:03:21.140+08:00 INFO  o.a.catalina.core.StandardEngine request_id= idempotency_key= order_id= user_id= sku_id= payment_tx= - Starting Servlet engine: [Apache Tomcat/10.1.44]
2026-08-11T11:03:21.151+08:00 INFO  o.a.c.c.C.[Tomcat].[localhost].[/] request_id= idempotency_key= order_id= user_id= sku_id= payment_tx= - Initializing Spring embedded WebApplicationContext
2026-08-11T11:03:21.151+08:00 INFO  o.s.b.w.s.c.ServletWebServerApplicationContext request_id= idempotency_key= order_id= user_id= sku_id= payment_tx= - Root WebApplicationContext: initialization completed in 116 ms
Standard Commons Logging discovery in action with spring-jcl: please remove commons-logging.jar from classpath in order to avoid potential conflicts
2026-08-11T11:03:21.195+08:00 INFO  com.zaxxer.hikari.HikariDataSource request_id= idempotency_key= order_id= user_id= sku_id= payment_tx= - HikariPool-3 - Starting...
2026-08-11T11:03:21.206+08:00 INFO  com.zaxxer.hikari.pool.HikariPool request_id= idempotency_key= order_id= user_id= sku_id= payment_tx= - HikariPool-3 - Added connection com.mysql.cj.jdbc.ConnectionImpl@afb7791
2026-08-11T11:03:21.206+08:00 INFO  com.zaxxer.hikari.HikariDataSource request_id= idempotency_key= order_id= user_id= sku_id= payment_tx= - HikariPool-3 - Start completed.
2026-08-11T11:03:21.210+08:00 INFO  org.flywaydb.core.FlywayExecutor request_id= idempotency_key= order_id= user_id= sku_id= payment_tx= - Database: jdbc:mysql://localhost:60454/flashflow (MySQL 8.4)
2026-08-11T11:03:21.214+08:00 WARN  o.f.c.i.database.base.Database request_id= idempotency_key= order_id= user_id= sku_id= payment_tx= - Flyway upgrade recommended: MySQL 8.4 is newer than this version of Flyway and support has not been tested. The latest supported version of MySQL is 8.1.
2026-08-11T11:03:21.222+08:00 INFO  o.f.core.internal.command.DbValidate request_id= idempotency_key= order_id= user_id= sku_id= payment_tx= - Successfully validated 4 migrations (execution time 00:00.006s)
2026-08-11T11:03:21.227+08:00 INFO  o.f.core.internal.command.DbMigrate request_id= idempotency_key= order_id= user_id= sku_id= payment_tx= - Current version of schema `flashflow`: 4
2026-08-11T11:03:21.227+08:00 INFO  o.f.core.internal.command.DbMigrate request_id= idempotency_key= order_id= user_id= sku_id= payment_tx= - Schema `flashflow` is up to date. No migration necessary.
2026-08-11T11:03:21.340+08:00 INFO  o.s.b.a.e.web.EndpointLinksResolver request_id= idempotency_key= order_id= user_id= sku_id= payment_tx= - Exposing 2 endpoints beneath base path '/actuator'
2026-08-11T11:03:21.345+08:00 INFO  o.s.b.w.e.tomcat.TomcatWebServer request_id= idempotency_key= order_id= user_id= sku_id= payment_tx= - Tomcat started on port 63021 (http) with context path '/'
2026-08-11T11:03:21.346+08:00 INFO  d.f.V4OutboxRocketMqEndToEndIntegrationTest request_id= idempotency_key= order_id= user_id= sku_id= payment_tx= - Started V4OutboxRocketMqEndToEndIntegrationTest in 0.325 seconds (process running for 47.568)
2026-08-11T11:03:23.401+08:00 INFO  o.a.c.c.C.[Tomcat].[localhost].[/] request_id= idempotency_key= order_id= user_id= sku_id= payment_tx= - Initializing Spring DispatcherServlet 'dispatcherServlet'
2026-08-11T11:03:23.401+08:00 INFO  o.s.web.servlet.DispatcherServlet request_id= idempotency_key= order_id= user_id= sku_id= payment_tx= - Initializing Servlet 'dispatcherServlet'
2026-08-11T11:03:23.402+08:00 INFO  o.s.web.servlet.DispatcherServlet request_id= idempotency_key= order_id= user_id= sku_id= payment_tx= - Completed initialization in 1 ms
2026-08-11T11:03:23.426+08:00 INFO  d.f.m.o.OutboxAsyncOrderApplicationService request_id=659f6946-5862-4d79-9afa-6000b753c2b4 idempotency_key=key-v4-ee2491ba order_id= user_id=user-v4-ee2491ba sku_id=sku-v4-ee2491ba payment_tx= - Durable Outbox acceptance command_id=1487f6821cafcc48dfbb592236b554c9add2d00c996f22dcf76ede7b4213f1d7 status=ACCEPTED
2026-08-11T11:03:23.507+08:00 INFO  d.f.m.outbox.OutboxDispatcher request_id= idempotency_key= order_id= user_id= sku_id= payment_tx= - Outbox publication outbox_id=4a4c98d8-d035-4d79-9196-9980f5e4aacf command_id=1487f6821cafcc48dfbb592236b554c9add2d00c996f22dcf76ede7b4213f1d7 outcome=ACKNOWLEDGED
2026-08-11T11:03:36.328+08:00 INFO  d.f.m.o.OutboxAsyncOrderApplicationService request_id=25fb06d6-5a0f-47d4-8d16-6663bd33288a idempotency_key=key-v4-outage-ee2491ba order_id= user_id=user-v4-outage-ee2491ba sku_id=sku-v4-outage-ee2491ba payment_tx= - Durable Outbox acceptance command_id=1ebd3549d9757c1cf20999e6398acfa95c0d3d10f3d9a5b64474cd1663675364 status=ACCEPTED
2026-08-11T11:03:36.348+08:00 INFO  d.f.m.outbox.OutboxDispatcher request_id= idempotency_key= order_id= user_id= sku_id= payment_tx= - Outbox publication deferred outbox_id=697d4d01-733c-4a09-af59-94dd74211273 command_id=1ebd3549d9757c1cf20999e6398acfa95c0d3d10f3d9a5b64474cd1663675364 outcome=RETRYABLE cause=MQCLIENTEXCEPTION
2026-08-11T11:03:36.464+08:00 INFO  d.f.m.outbox.OutboxDispatcher request_id= idempotency_key= order_id= user_id= sku_id= payment_tx= - Outbox publication deferred outbox_id=697d4d01-733c-4a09-af59-94dd74211273 command_id=1ebd3549d9757c1cf20999e6398acfa95c0d3d10f3d9a5b64474cd1663675364 outcome=RETRYABLE cause=MQCLIENTEXCEPTION
2026-08-11T11:03:36.686+08:00 INFO  d.f.m.outbox.OutboxDispatcher request_id= idempotency_key= order_id= user_id= sku_id= payment_tx= - Outbox publication deferred outbox_id=697d4d01-733c-4a09-af59-94dd74211273 command_id=1ebd3549d9757c1cf20999e6398acfa95c0d3d10f3d9a5b64474cd1663675364 outcome=RETRYABLE cause=MQCLIENTEXCEPTION
2026-08-11T11:03:37.126+08:00 INFO  d.f.m.outbox.OutboxDispatcher request_id= idempotency_key= order_id= user_id= sku_id= payment_tx= - Outbox publication deferred outbox_id=697d4d01-733c-4a09-af59-94dd74211273 command_id=1ebd3549d9757c1cf20999e6398acfa95c0d3d10f3d9a5b64474cd1663675364 outcome=RETRYABLE cause=MQCLIENTEXCEPTION
2026-08-11T11:03:38.003+08:00 INFO  d.f.m.outbox.OutboxDispatcher request_id= idempotency_key= order_id= user_id= sku_id= payment_tx= - Outbox publication deferred outbox_id=697d4d01-733c-4a09-af59-94dd74211273 command_id=1ebd3549d9757c1cf20999e6398acfa95c0d3d10f3d9a5b64474cd1663675364 outcome=RETRYABLE cause=MQCLIENTEXCEPTION
2026-08-11T11:03:39.085+08:00 INFO  d.f.m.outbox.OutboxDispatcher request_id= idempotency_key= order_id= user_id= sku_id= payment_tx= - Outbox publication outbox_id=697d4d01-733c-4a09-af59-94dd74211273 command_id=1ebd3549d9757c1cf20999e6398acfa95c0d3d10f3d9a5b64474cd1663675364 outcome=ACKNOWLEDGED
2026-08-11T11:03:41.520+08:00 INFO  o.s.b.w.e.tomcat.GracefulShutdown request_id= idempotency_key= order_id= user_id= sku_id= payment_tx= - Commencing graceful shutdown. Waiting for active requests to complete
2026-08-11T11:03:43.524+08:00 INFO  o.s.b.w.e.tomcat.GracefulShutdown request_id= idempotency_key= order_id= user_id= sku_id= payment_tx= - Graceful shutdown complete
2026-08-11T11:03:43.524+08:00 ERROR org.apache.tomcat.util.net.Acceptor request_id= idempotency_key= order_id= user_id= sku_id= payment_tx= - Socket accept failed
java.nio.channels.AsynchronousCloseException: null
	at java.base/java.nio.channels.spi.AbstractInterruptibleChannel.end(AbstractInterruptibleChannel.java:218) ~[na:na]
	at java.base/sun.nio.ch.ServerSocketChannelImpl.end(ServerSocketChannelImpl.java:372) ~[na:na]
	at java.base/sun.nio.ch.ServerSocketChannelImpl.accept(ServerSocketChannelImpl.java:397) ~[na:na]
	at org.apache.tomcat.util.net.NioEndpoint.serverSocketAccept(NioEndpoint.java:537) ~[tomcat-embed-core-10.1.44.jar:10.1.44]
	at org.apache.tomcat.util.net.NioEndpoint.serverSocketAccept(NioEndpoint.java:72) ~[tomcat-embed-core-10.1.44.jar:10.1.44]
	at org.apache.tomcat.util.net.Acceptor.run(Acceptor.java:127) ~[tomcat-embed-core-10.1.44.jar:10.1.44]
	at java.base/java.lang.Thread.run(Thread.java:1516) ~[na:na]
2026-08-11T11:03:43.567+08:00 INFO  com.zaxxer.hikari.HikariDataSource request_id= idempotency_key= order_id= user_id= sku_id= payment_tx= - HikariPool-3 - Shutdown initiated...
2026-08-11T11:03:43.569+08:00 INFO  com.zaxxer.hikari.HikariDataSource request_id= idempotency_key= order_id= user_id= sku_id= payment_tx= - HikariPool-3 - Shutdown completed.
[INFO] Tests run: 2, Failures: 0, Errors: 0, Skipped: 0, Time elapsed: 22.56 s -- in dev.flashflow.V4OutboxRocketMqEndToEndIntegrationTest
[INFO] Running dev.flashflow.V4OutboxConcurrentRedeliveryIntegrationTest
2026-08-11T11:03:43.576+08:00 INFO  o.s.t.c.s.AnnotationConfigContextLoaderUtils request_id= idempotency_key= order_id= user_id= sku_id= payment_tx= - Could not detect default configuration classes for test class [dev.flashflow.V4OutboxConcurrentRedeliveryIntegrationTest]: V4OutboxConcurrentRedeliveryIntegrationTest does not declare any static, non-private, non-final, nested classes annotated with @Configuration.
2026-08-11T11:03:43.578+08:00 INFO  o.s.b.t.c.SpringBootTestContextBootstrapper request_id= idempotency_key= order_id= user_id= sku_id= payment_tx= - Found @SpringBootConfiguration dev.flashflow.FlashFlowApplication for test class dev.flashflow.V4OutboxConcurrentRedeliveryIntegrationTest

  .   ____          _            __ _ _
 /\\ / ___'_ __ _ _(_)_ __  __ _ \ \ \ \
( ( )\___ | '_ | '_| | '_ \/ _` | \ \ \ \
 \\/  ___)| |_)| | | | | || (_| |  ) ) ) )
  '  |____| .__|_| |_|_| |_\__, | / / / /
 =========|_|==============|___/=/_/_/_/

 :: Spring Boot ::                (v3.5.5)

2026-08-11T11:03:43.594+08:00 INFO  d.f.V4OutboxConcurrentRedeliveryIntegrationTest request_id= idempotency_key= order_id= user_id= sku_id= payment_tx= - Starting V4OutboxConcurrentRedeliveryIntegrationTest using Java 26.0.2 with PID 78237 (started by yuzheng in /Users/yuzheng/Computeracy/Zhenkun26-GitHub/FlashFlow)
2026-08-11T11:03:43.594+08:00 INFO  d.f.V4OutboxConcurrentRedeliveryIntegrationTest request_id= idempotency_key= order_id= user_id= sku_id= payment_tx= - The following 1 profile is active: "test"
2026-08-11T11:03:43.691+08:00 INFO  o.s.d.r.c.RepositoryConfigurationDelegate request_id= idempotency_key= order_id= user_id= sku_id= payment_tx= - Multiple Spring Data modules found, entering strict repository configuration mode
2026-08-11T11:03:43.691+08:00 INFO  o.s.d.r.c.RepositoryConfigurationDelegate request_id= idempotency_key= order_id= user_id= sku_id= payment_tx= - Bootstrapping Spring Data Redis repositories in DEFAULT mode.
2026-08-11T11:03:43.696+08:00 INFO  o.s.d.r.c.RepositoryConfigurationDelegate request_id= idempotency_key= order_id= user_id= sku_id= payment_tx= - Finished Spring Data repository scanning in 4 ms. Found 0 Redis repository interfaces.
2026-08-11T11:03:43.719+08:00 INFO  o.s.b.w.e.tomcat.TomcatWebServer request_id= idempotency_key= order_id= user_id= sku_id= payment_tx= - Tomcat initialized with port 0 (http)
2026-08-11T11:03:43.720+08:00 INFO  o.a.catalina.core.StandardService request_id= idempotency_key= order_id= user_id= sku_id= payment_tx= - Starting service [Tomcat]
2026-08-11T11:03:43.720+08:00 INFO  o.a.catalina.core.StandardEngine request_id= idempotency_key= order_id= user_id= sku_id= payment_tx= - Starting Servlet engine: [Apache Tomcat/10.1.44]
2026-08-11T11:03:43.725+08:00 INFO  o.a.c.c.C.[Tomcat].[localhost].[/] request_id= idempotency_key= order_id= user_id= sku_id= payment_tx= - Initializing Spring embedded WebApplicationContext
2026-08-11T11:03:43.725+08:00 INFO  o.s.b.w.s.c.ServletWebServerApplicationContext request_id= idempotency_key= order_id= user_id= sku_id= payment_tx= - Root WebApplicationContext: initialization completed in 130 ms
Standard Commons Logging discovery in action with spring-jcl: please remove commons-logging.jar from classpath in order to avoid potential conflicts
2026-08-11T11:03:43.776+08:00 INFO  com.zaxxer.hikari.HikariDataSource request_id= idempotency_key= order_id= user_id= sku_id= payment_tx= - HikariPool-4 - Starting...
2026-08-11T11:03:43.785+08:00 INFO  com.zaxxer.hikari.pool.HikariPool request_id= idempotency_key= order_id= user_id= sku_id= payment_tx= - HikariPool-4 - Added connection com.mysql.cj.jdbc.ConnectionImpl@1105a7e0
2026-08-11T11:03:43.785+08:00 INFO  com.zaxxer.hikari.HikariDataSource request_id= idempotency_key= order_id= user_id= sku_id= payment_tx= - HikariPool-4 - Start completed.
2026-08-11T11:03:43.788+08:00 INFO  org.flywaydb.core.FlywayExecutor request_id= idempotency_key= order_id= user_id= sku_id= payment_tx= - Database: jdbc:mysql://localhost:60454/flashflow (MySQL 8.4)
2026-08-11T11:03:43.791+08:00 WARN  o.f.c.i.database.base.Database request_id= idempotency_key= order_id= user_id= sku_id= payment_tx= - Flyway upgrade recommended: MySQL 8.4 is newer than this version of Flyway and support has not been tested. The latest supported version of MySQL is 8.1.
2026-08-11T11:03:43.798+08:00 INFO  o.f.core.internal.command.DbValidate request_id= idempotency_key= order_id= user_id= sku_id= payment_tx= - Successfully validated 4 migrations (execution time 00:00.005s)
2026-08-11T11:03:43.800+08:00 INFO  o.f.core.internal.command.DbMigrate request_id= idempotency_key= order_id= user_id= sku_id= payment_tx= - Current version of schema `flashflow`: 4
2026-08-11T11:03:43.801+08:00 INFO  o.f.core.internal.command.DbMigrate request_id= idempotency_key= order_id= user_id= sku_id= payment_tx= - Schema `flashflow` is up to date. No migration necessary.
2026-08-11T11:03:43.878+08:00 INFO  o.s.b.a.e.web.EndpointLinksResolver request_id= idempotency_key= order_id= user_id= sku_id= payment_tx= - Exposing 2 endpoints beneath base path '/actuator'
2026-08-11T11:03:43.883+08:00 INFO  o.s.b.w.e.tomcat.TomcatWebServer request_id= idempotency_key= order_id= user_id= sku_id= payment_tx= - Tomcat started on port 63232 (http) with context path '/'
2026-08-11T11:03:43.884+08:00 INFO  d.f.V4OutboxConcurrentRedeliveryIntegrationTest request_id= idempotency_key= order_id= user_id= sku_id= payment_tx= - Started V4OutboxConcurrentRedeliveryIntegrationTest in 0.302 seconds (process running for 70.106)
2026-08-11T11:03:45.922+08:00 INFO  o.a.c.c.C.[Tomcat].[localhost].[/] request_id= idempotency_key= order_id= user_id= sku_id= payment_tx= - Initializing Spring DispatcherServlet 'dispatcherServlet'
2026-08-11T11:03:45.922+08:00 INFO  o.s.web.servlet.DispatcherServlet request_id= idempotency_key= order_id= user_id= sku_id= payment_tx= - Initializing Servlet 'dispatcherServlet'
2026-08-11T11:03:45.922+08:00 INFO  o.s.web.servlet.DispatcherServlet request_id= idempotency_key= order_id= user_id= sku_id= payment_tx= - Completed initialization in 0 ms
2026-08-11T11:03:45.936+08:00 INFO  d.f.m.o.OutboxAsyncOrderApplicationService request_id=a3752b1b-c28a-45be-85ba-e00be7e6de52 idempotency_key=key-6700b434-0 order_id= user_id=user-6700b434-0 sku_id=sku-v4-concurrent-6700b434 payment_tx= - Durable Outbox acceptance command_id=6c2a8618c560791243d828d337daa6da6f56bc72145cfa7d02556b12ab6c3460 status=ACCEPTED
2026-08-11T11:03:45.945+08:00 INFO  d.f.m.o.OutboxAsyncOrderApplicationService request_id=ab18099f-e304-431b-a249-fda5eead7dc1 idempotency_key=key-6700b434-1 order_id= user_id=user-6700b434-1 sku_id=sku-v4-concurrent-6700b434 payment_tx= - Durable Outbox acceptance command_id=23644ff4823873854dc73fbffdbb6d57cbae269d8c413f1765ca65e606a15d93 status=ACCEPTED
2026-08-11T11:03:45.948+08:00 INFO  d.f.m.outbox.OutboxDispatcher request_id= idempotency_key= order_id= user_id= sku_id= payment_tx= - Outbox publication deferred outbox_id=dfe1c0f5-51eb-41e5-9a28-2ab731cfb773 command_id=6c2a8618c560791243d828d337daa6da6f56bc72145cfa7d02556b12ab6c3460 outcome=RETRYABLE cause=MQCLIENTEXCEPTION
2026-08-11T11:03:45.952+08:00 INFO  d.f.m.o.OutboxAsyncOrderApplicationService request_id=44acd258-7faa-4960-b256-c6115a35707a idempotency_key=key-6700b434-2 order_id= user_id=user-6700b434-2 sku_id=sku-v4-concurrent-6700b434 payment_tx= - Durable Outbox acceptance command_id=5ef07ed722a74c7a242ca5744c2f4d130cc2d8e5948e8b4915dbd553e5f2e84e status=ACCEPTED
2026-08-11T11:03:45.959+08:00 INFO  d.f.m.o.OutboxAsyncOrderApplicationService request_id=2daacbec-51aa-4ca4-8f03-43e5f7ca192c idempotency_key=key-6700b434-3 order_id= user_id=user-6700b434-3 sku_id=sku-v4-concurrent-6700b434 payment_tx= - Durable Outbox acceptance command_id=031fa44af42cc4ff772c23b16fe4e83848246af20bb53b2607d4bd2a10d53e4b status=ACCEPTED
2026-08-11T11:03:45.966+08:00 INFO  d.f.m.o.OutboxAsyncOrderApplicationService request_id=a6c5b6c1-ff0c-4b6b-90cd-b801fbea2805 idempotency_key=key-6700b434-4 order_id= user_id=user-6700b434-4 sku_id=sku-v4-concurrent-6700b434 payment_tx= - Durable Outbox acceptance command_id=4a274f8e209713507516422cf00eea07f5f7f190dde172d61551292209c4286c status=ACCEPTED
2026-08-11T11:03:45.974+08:00 INFO  d.f.m.o.OutboxAsyncOrderApplicationService request_id=f14c6e22-859e-4850-aa42-cd0570d2fe47 idempotency_key=key-6700b434-5 order_id= user_id=user-6700b434-5 sku_id=sku-v4-concurrent-6700b434 payment_tx= - Durable Outbox acceptance command_id=3fcb7155adb9286b69605b5307d42dd79a570f21ed9181804ce2ae792eb3cf1d status=ACCEPTED
2026-08-11T11:03:45.984+08:00 INFO  d.f.m.o.OutboxAsyncOrderApplicationService request_id=e600e676-a2e0-4f38-8737-8719e171b50a idempotency_key=key-6700b434-6 order_id= user_id=user-6700b434-6 sku_id=sku-v4-concurrent-6700b434 payment_tx= - Durable Outbox acceptance command_id=433e6161bd4434b2a75c93c0b344e490f0116d9bb1f616b13332a930fd93513c status=ACCEPTED
2026-08-11T11:03:45.991+08:00 INFO  d.f.m.o.OutboxAsyncOrderApplicationService request_id=abbd9266-3b84-4157-85d6-4f8e12db515e idempotency_key=key-6700b434-7 order_id= user_id=user-6700b434-7 sku_id=sku-v4-concurrent-6700b434 payment_tx= - Durable Outbox acceptance command_id=20b07b6b9987e36c22d9bc7909ed75bddb00af26151e627cc4cfff4c95bf9c8c status=ACCEPTED
2026-08-11T11:03:46.008+08:00 INFO  d.f.m.outbox.OutboxDispatcher request_id= idempotency_key= order_id= user_id= sku_id= payment_tx= - Outbox publication deferred outbox_id=9f0ca171-1967-4445-9667-703806150cb5 command_id=4a274f8e209713507516422cf00eea07f5f7f190dde172d61551292209c4286c outcome=RETRYABLE cause=MQCLIENTEXCEPTION
2026-08-11T11:03:46.008+08:00 INFO  d.f.m.outbox.OutboxDispatcher request_id= idempotency_key= order_id= user_id= sku_id= payment_tx= - Outbox publication deferred outbox_id=aa868eee-9d4c-4889-8ffb-71ff2dd68e6d command_id=23644ff4823873854dc73fbffdbb6d57cbae269d8c413f1765ca65e606a15d93 outcome=RETRYABLE cause=MQCLIENTEXCEPTION
2026-08-11T11:03:46.009+08:00 INFO  d.f.m.outbox.OutboxDispatcher request_id= idempotency_key= order_id= user_id= sku_id= payment_tx= - Outbox publication deferred outbox_id=636a4b6f-fc8a-4688-83b9-14172225250c command_id=433e6161bd4434b2a75c93c0b344e490f0116d9bb1f616b13332a930fd93513c outcome=RETRYABLE cause=MQCLIENTEXCEPTION
2026-08-11T11:03:46.010+08:00 INFO  d.f.m.outbox.OutboxDispatcher request_id= idempotency_key= order_id= user_id= sku_id= payment_tx= - Outbox publication deferred outbox_id=900273bf-a923-4bd4-b816-45a5373ab22a command_id=031fa44af42cc4ff772c23b16fe4e83848246af20bb53b2607d4bd2a10d53e4b outcome=RETRYABLE cause=MQCLIENTEXCEPTION
2026-08-11T11:03:46.011+08:00 INFO  d.f.m.outbox.OutboxDispatcher request_id= idempotency_key= order_id= user_id= sku_id= payment_tx= - Outbox publication deferred outbox_id=815320ed-ed8e-4627-85cf-2d2f9c117276 command_id=3fcb7155adb9286b69605b5307d42dd79a570f21ed9181804ce2ae792eb3cf1d outcome=RETRYABLE cause=MQCLIENTEXCEPTION
2026-08-11T11:03:46.012+08:00 INFO  d.f.m.outbox.OutboxDispatcher request_id= idempotency_key= order_id= user_id= sku_id= payment_tx= - Outbox publication deferred outbox_id=da85c28a-6b6a-4f74-811d-4732ab9d9201 command_id=5ef07ed722a74c7a242ca5744c2f4d130cc2d8e5948e8b4915dbd553e5f2e84e outcome=RETRYABLE cause=MQCLIENTEXCEPTION
2026-08-11T11:03:46.013+08:00 INFO  d.f.m.outbox.OutboxDispatcher request_id= idempotency_key= order_id= user_id= sku_id= payment_tx= - Outbox publication deferred outbox_id=fbf4cba6-6c4e-4aa4-b224-aff274346f91 command_id=20b07b6b9987e36c22d9bc7909ed75bddb00af26151e627cc4cfff4c95bf9c8c outcome=RETRYABLE cause=MQCLIENTEXCEPTION
2026-08-11T11:03:46.208+08:00 INFO  d.f.m.outbox.OutboxDispatcher request_id= idempotency_key= order_id= user_id= sku_id= payment_tx= - Outbox publication deferred outbox_id=dfe1c0f5-51eb-41e5-9a28-2ab731cfb773 command_id=6c2a8618c560791243d828d337daa6da6f56bc72145cfa7d02556b12ab6c3460 outcome=RETRYABLE cause=MQCLIENTEXCEPTION
2026-08-11T11:03:46.210+08:00 INFO  d.f.m.outbox.OutboxDispatcher request_id= idempotency_key= order_id= user_id= sku_id= payment_tx= - Outbox publication deferred outbox_id=aa868eee-9d4c-4889-8ffb-71ff2dd68e6d command_id=23644ff4823873854dc73fbffdbb6d57cbae269d8c413f1765ca65e606a15d93 outcome=RETRYABLE cause=MQCLIENTEXCEPTION
2026-08-11T11:03:46.469+08:00 INFO  d.f.m.outbox.OutboxDispatcher request_id= idempotency_key= order_id= user_id= sku_id= payment_tx= - Outbox publication deferred outbox_id=9f0ca171-1967-4445-9667-703806150cb5 command_id=4a274f8e209713507516422cf00eea07f5f7f190dde172d61551292209c4286c outcome=RETRYABLE cause=MQCLIENTEXCEPTION
2026-08-11T11:03:46.471+08:00 INFO  d.f.m.outbox.OutboxDispatcher request_id= idempotency_key= order_id= user_id= sku_id= payment_tx= - Outbox publication deferred outbox_id=636a4b6f-fc8a-4688-83b9-14172225250c command_id=433e6161bd4434b2a75c93c0b344e490f0116d9bb1f616b13332a930fd93513c outcome=RETRYABLE cause=MQCLIENTEXCEPTION
2026-08-11T11:03:46.734+08:00 INFO  d.f.m.outbox.OutboxDispatcher request_id= idempotency_key= order_id= user_id= sku_id= payment_tx= - Outbox publication deferred outbox_id=900273bf-a923-4bd4-b816-45a5373ab22a command_id=031fa44af42cc4ff772c23b16fe4e83848246af20bb53b2607d4bd2a10d53e4b outcome=RETRYABLE cause=MQCLIENTEXCEPTION
2026-08-11T11:03:46.736+08:00 INFO  d.f.m.outbox.OutboxDispatcher request_id= idempotency_key= order_id= user_id= sku_id= payment_tx= - Outbox publication deferred outbox_id=815320ed-ed8e-4627-85cf-2d2f9c117276 command_id=3fcb7155adb9286b69605b5307d42dd79a570f21ed9181804ce2ae792eb3cf1d outcome=RETRYABLE cause=MQCLIENTEXCEPTION
2026-08-11T11:03:46.998+08:00 INFO  d.f.m.outbox.OutboxDispatcher request_id= idempotency_key= order_id= user_id= sku_id= payment_tx= - Outbox publication deferred outbox_id=da85c28a-6b6a-4f74-811d-4732ab9d9201 command_id=5ef07ed722a74c7a242ca5744c2f4d130cc2d8e5948e8b4915dbd553e5f2e84e outcome=RETRYABLE cause=MQCLIENTEXCEPTION
2026-08-11T11:03:47.001+08:00 INFO  d.f.m.outbox.OutboxDispatcher request_id= idempotency_key= order_id= user_id= sku_id= payment_tx= - Outbox publication deferred outbox_id=fbf4cba6-6c4e-4aa4-b224-aff274346f91 command_id=20b07b6b9987e36c22d9bc7909ed75bddb00af26151e627cc4cfff4c95bf9c8c outcome=RETRYABLE cause=MQCLIENTEXCEPTION
2026-08-11T11:03:47.259+08:00 INFO  d.f.m.outbox.OutboxDispatcher request_id= idempotency_key= order_id= user_id= sku_id= payment_tx= - Outbox publication deferred outbox_id=dfe1c0f5-51eb-41e5-9a28-2ab731cfb773 command_id=6c2a8618c560791243d828d337daa6da6f56bc72145cfa7d02556b12ab6c3460 outcome=RETRYABLE cause=MQCLIENTEXCEPTION
2026-08-11T11:03:47.262+08:00 INFO  d.f.m.outbox.OutboxDispatcher request_id= idempotency_key= order_id= user_id= sku_id= payment_tx= - Outbox publication deferred outbox_id=aa868eee-9d4c-4889-8ffb-71ff2dd68e6d command_id=23644ff4823873854dc73fbffdbb6d57cbae269d8c413f1765ca65e606a15d93 outcome=RETRYABLE cause=MQCLIENTEXCEPTION
2026-08-11T11:03:47.523+08:00 INFO  d.f.m.outbox.OutboxDispatcher request_id= idempotency_key= order_id= user_id= sku_id= payment_tx= - Outbox publication deferred outbox_id=9f0ca171-1967-4445-9667-703806150cb5 command_id=4a274f8e209713507516422cf00eea07f5f7f190dde172d61551292209c4286c outcome=RETRYABLE cause=MQCLIENTEXCEPTION
2026-08-11T11:03:47.525+08:00 INFO  d.f.m.outbox.OutboxDispatcher request_id= idempotency_key= order_id= user_id= sku_id= payment_tx= - Outbox publication deferred outbox_id=636a4b6f-fc8a-4688-83b9-14172225250c command_id=433e6161bd4434b2a75c93c0b344e490f0116d9bb1f616b13332a930fd93513c outcome=RETRYABLE cause=MQCLIENTEXCEPTION
2026-08-11T11:03:47.785+08:00 INFO  d.f.m.outbox.OutboxDispatcher request_id= idempotency_key= order_id= user_id= sku_id= payment_tx= - Outbox publication deferred outbox_id=900273bf-a923-4bd4-b816-45a5373ab22a command_id=031fa44af42cc4ff772c23b16fe4e83848246af20bb53b2607d4bd2a10d53e4b outcome=RETRYABLE cause=MQCLIENTEXCEPTION
2026-08-11T11:03:47.788+08:00 INFO  d.f.m.outbox.OutboxDispatcher request_id= idempotency_key= order_id= user_id= sku_id= payment_tx= - Outbox publication deferred outbox_id=815320ed-ed8e-4627-85cf-2d2f9c117276 command_id=3fcb7155adb9286b69605b5307d42dd79a570f21ed9181804ce2ae792eb3cf1d outcome=RETRYABLE cause=MQCLIENTEXCEPTION
2026-08-11T11:03:48.047+08:00 INFO  d.f.m.outbox.OutboxDispatcher request_id= idempotency_key= order_id= user_id= sku_id= payment_tx= - Outbox publication deferred outbox_id=da85c28a-6b6a-4f74-811d-4732ab9d9201 command_id=5ef07ed722a74c7a242ca5744c2f4d130cc2d8e5948e8b4915dbd553e5f2e84e outcome=RETRYABLE cause=MQCLIENTEXCEPTION
2026-08-11T11:03:48.049+08:00 INFO  d.f.m.outbox.OutboxDispatcher request_id= idempotency_key= order_id= user_id= sku_id= payment_tx= - Outbox publication deferred outbox_id=fbf4cba6-6c4e-4aa4-b224-aff274346f91 command_id=20b07b6b9987e36c22d9bc7909ed75bddb00af26151e627cc4cfff4c95bf9c8c outcome=RETRYABLE cause=MQCLIENTEXCEPTION
2026-08-11T11:03:48.317+08:00 INFO  d.f.m.outbox.OutboxDispatcher request_id= idempotency_key= order_id= user_id= sku_id= payment_tx= - Outbox publication deferred outbox_id=dfe1c0f5-51eb-41e5-9a28-2ab731cfb773 command_id=6c2a8618c560791243d828d337daa6da6f56bc72145cfa7d02556b12ab6c3460 outcome=RETRYABLE cause=MQCLIENTEXCEPTION
2026-08-11T11:03:48.321+08:00 INFO  d.f.m.outbox.OutboxDispatcher request_id= idempotency_key= order_id= user_id= sku_id= payment_tx= - Outbox publication deferred outbox_id=aa868eee-9d4c-4889-8ffb-71ff2dd68e6d command_id=23644ff4823873854dc73fbffdbb6d57cbae269d8c413f1765ca65e606a15d93 outcome=RETRYABLE cause=MQCLIENTEXCEPTION
2026-08-11T11:03:48.594+08:00 INFO  d.f.m.outbox.OutboxDispatcher request_id= idempotency_key= order_id= user_id= sku_id= payment_tx= - Outbox publication outbox_id=9f0ca171-1967-4445-9667-703806150cb5 command_id=4a274f8e209713507516422cf00eea07f5f7f190dde172d61551292209c4286c outcome=ACKNOWLEDGED
2026-08-11T11:03:48.598+08:00 INFO  d.f.m.outbox.OutboxDispatcher request_id= idempotency_key= order_id= user_id= sku_id= payment_tx= - Outbox publication outbox_id=636a4b6f-fc8a-4688-83b9-14172225250c command_id=433e6161bd4434b2a75c93c0b344e490f0116d9bb1f616b13332a930fd93513c outcome=ACKNOWLEDGED
2026-08-11T11:03:48.870+08:00 INFO  d.f.m.outbox.OutboxDispatcher request_id= idempotency_key= order_id= user_id= sku_id= payment_tx= - Outbox publication outbox_id=900273bf-a923-4bd4-b816-45a5373ab22a command_id=031fa44af42cc4ff772c23b16fe4e83848246af20bb53b2607d4bd2a10d53e4b outcome=ACKNOWLEDGED
2026-08-11T11:03:48.876+08:00 INFO  d.f.m.outbox.OutboxDispatcher request_id= idempotency_key= order_id= user_id= sku_id= payment_tx= - Outbox publication outbox_id=815320ed-ed8e-4627-85cf-2d2f9c117276 command_id=3fcb7155adb9286b69605b5307d42dd79a570f21ed9181804ce2ae792eb3cf1d outcome=ACKNOWLEDGED
2026-08-11T11:03:49.145+08:00 INFO  d.f.m.outbox.OutboxDispatcher request_id= idempotency_key= order_id= user_id= sku_id= payment_tx= - Outbox publication outbox_id=da85c28a-6b6a-4f74-811d-4732ab9d9201 command_id=5ef07ed722a74c7a242ca5744c2f4d130cc2d8e5948e8b4915dbd553e5f2e84e outcome=ACKNOWLEDGED
2026-08-11T11:03:49.148+08:00 INFO  d.f.m.outbox.OutboxDispatcher request_id= idempotency_key= order_id= user_id= sku_id= payment_tx= - Outbox publication outbox_id=fbf4cba6-6c4e-4aa4-b224-aff274346f91 command_id=20b07b6b9987e36c22d9bc7909ed75bddb00af26151e627cc4cfff4c95bf9c8c outcome=ACKNOWLEDGED
2026-08-11T11:03:49.424+08:00 INFO  d.f.m.outbox.OutboxDispatcher request_id= idempotency_key= order_id= user_id= sku_id= payment_tx= - Outbox publication outbox_id=dfe1c0f5-51eb-41e5-9a28-2ab731cfb773 command_id=6c2a8618c560791243d828d337daa6da6f56bc72145cfa7d02556b12ab6c3460 outcome=ACKNOWLEDGED
2026-08-11T11:03:49.433+08:00 INFO  d.f.m.outbox.OutboxDispatcher request_id= idempotency_key= order_id= user_id= sku_id= payment_tx= - Outbox publication outbox_id=aa868eee-9d4c-4889-8ffb-71ff2dd68e6d command_id=23644ff4823873854dc73fbffdbb6d57cbae269d8c413f1765ca65e606a15d93 outcome=ACKNOWLEDGED
2026-08-11T11:04:25.923+08:00 INFO  o.s.b.w.e.tomcat.GracefulShutdown request_id= idempotency_key= order_id= user_id= sku_id= payment_tx= - Commencing graceful shutdown. Waiting for active requests to complete
2026-08-11T11:04:27.929+08:00 INFO  o.s.b.w.e.tomcat.GracefulShutdown request_id= idempotency_key= order_id= user_id= sku_id= payment_tx= - Graceful shutdown complete
2026-08-11T11:04:27.929+08:00 ERROR org.apache.tomcat.util.net.Acceptor request_id= idempotency_key= order_id= user_id= sku_id= payment_tx= - Socket accept failed
java.nio.channels.AsynchronousCloseException: null
	at java.base/java.nio.channels.spi.AbstractInterruptibleChannel.end(AbstractInterruptibleChannel.java:218) ~[na:na]
	at java.base/sun.nio.ch.ServerSocketChannelImpl.end(ServerSocketChannelImpl.java:372) ~[na:na]
	at java.base/sun.nio.ch.ServerSocketChannelImpl.accept(ServerSocketChannelImpl.java:397) ~[na:na]
	at org.apache.tomcat.util.net.NioEndpoint.serverSocketAccept(NioEndpoint.java:537) ~[tomcat-embed-core-10.1.44.jar:10.1.44]
	at org.apache.tomcat.util.net.NioEndpoint.serverSocketAccept(NioEndpoint.java:72) ~[tomcat-embed-core-10.1.44.jar:10.1.44]
	at org.apache.tomcat.util.net.Acceptor.run(Acceptor.java:127) ~[tomcat-embed-core-10.1.44.jar:10.1.44]
	at java.base/java.lang.Thread.run(Thread.java:1516) ~[na:na]
2026-08-11T11:04:27.988+08:00 INFO  com.zaxxer.hikari.HikariDataSource request_id= idempotency_key= order_id= user_id= sku_id= payment_tx= - HikariPool-4 - Shutdown initiated...
2026-08-11T11:04:27.989+08:00 INFO  com.zaxxer.hikari.HikariDataSource request_id= idempotency_key= order_id= user_id= sku_id= payment_tx= - HikariPool-4 - Shutdown completed.
[INFO] Tests run: 1, Failures: 0, Errors: 0, Skipped: 0, Time elapsed: 44.42 s -- in dev.flashflow.V4OutboxConcurrentRedeliveryIntegrationTest
[INFO] 
[INFO] Results:
[INFO] 
[INFO] Tests run: 5, Failures: 0, Errors: 0, Skipped: 0
[INFO] 
[INFO] ------------------------------------------------------------------------
[INFO] BUILD SUCCESS
[INFO] ------------------------------------------------------------------------
[INFO] Total time:  01:56 min
[INFO] Finished at: 2026-08-11T11:04:28+08:00
[INFO] ------------------------------------------------------------------------
