[INFO] Scanning for projects...
[INFO] 
[INFO] ----------------------< dev.flashflow:flashflow >-----------------------
[INFO] Building FlashFlow 0.1.0-SNAPSHOT
[INFO]   from pom.xml
[INFO] --------------------------------[ jar ]---------------------------------
[WARNING] 1 problem was encountered while building the effective model for org.javassist:javassist:jar:3.21.0-GA during dependency collection step for project (use -X to see details)
[INFO] 
[INFO] --- resources:3.3.1:resources (default-resources) @ flashflow ---
[INFO] Copying 5 resources from src/main/resources to target/classes
[INFO] Copying 11 resources from src/main/resources to target/classes
[INFO] 
[INFO] --- compiler:3.14.0:compile (default-compile) @ flashflow ---
[INFO] Nothing to compile - all classes are up to date.
[INFO] 
[INFO] --- resources:3.3.1:testResources (default-testResources) @ flashflow ---
[INFO] skip non existing resourceDirectory /Users/yuzheng/Computeracy/Zhenkun26-GitHub/FlashFlow/src/test/resources
[INFO] 
[INFO] --- compiler:3.14.0:testCompile (default-testCompile) @ flashflow ---
[INFO] Recompiling the module because of changed source code.
[INFO] Compiling 54 source files with javac [debug parameters release 21] to target/test-classes
[WARNING] /Users/yuzheng/Computeracy/Zhenkun26-GitHub/FlashFlow/src/test/java/dev/flashflow/ExpirationAdmissionFailureIntegrationTest.java:[26,6] org.springframework.boot.test.mock.mockito 中的 org.springframework.boot.test.mock.mockito.MockBean 已过时, 且标记为待删除
[WARNING] /Users/yuzheng/Computeracy/Zhenkun26-GitHub/FlashFlow/src/test/java/dev/flashflow/ExpirationRollbackIntegrationTest.java:[21,6] org.springframework.boot.test.mock.mockito 中的 org.springframework.boot.test.mock.mockito.MockBean 已过时, 且标记为待删除
[INFO] /Users/yuzheng/Computeracy/Zhenkun26-GitHub/FlashFlow/src/test/java/dev/flashflow/admission/RedisLuaAdmissionFailureTest.java: /Users/yuzheng/Computeracy/Zhenkun26-GitHub/FlashFlow/src/test/java/dev/flashflow/admission/RedisLuaAdmissionFailureTest.java使用了未经检查或不安全的操作。
[INFO] /Users/yuzheng/Computeracy/Zhenkun26-GitHub/FlashFlow/src/test/java/dev/flashflow/admission/RedisLuaAdmissionFailureTest.java: 有关详细信息, 请使用 -Xlint:unchecked 重新编译。
[INFO] 
[INFO] --- surefire:3.5.3:test (default-test) @ flashflow ---
[INFO] Using auto detected provider org.apache.maven.surefire.junitplatform.JUnitPlatformProvider
[INFO] 
[INFO] -------------------------------------------------------
[INFO]  T E S T S
[INFO] -------------------------------------------------------
[INFO] Running dev.flashflow.MessagingBoundaryTest
[INFO] Tests run: 2, Failures: 0, Errors: 0, Skipped: 0, Time elapsed: 0.048 s -- in dev.flashflow.MessagingBoundaryTest
[INFO] Running dev.flashflow.V4OutboxBacklogDrainIntegrationTest
Standard Commons Logging discovery in action with spring-jcl: please remove commons-logging.jar from classpath in order to avoid potential conflicts
11:12:47.271 [main] INFO org.springframework.test.context.support.AnnotationConfigContextLoaderUtils -- Could not detect default configuration classes for test class [dev.flashflow.V4OutboxBacklogDrainIntegrationTest]: V4OutboxBacklogDrainIntegrationTest does not declare any static, non-private, non-final, nested classes annotated with @Configuration.
11:12:47.318 [main] INFO org.springframework.boot.test.context.SpringBootTestContextBootstrapper -- Found @SpringBootConfiguration dev.flashflow.FlashFlowApplication for test class dev.flashflow.V4OutboxBacklogDrainIntegrationTest
11:12:47.359 [main] INFO org.testcontainers.images.PullPolicy -- Image pull policy will be performed by: DefaultPullPolicy()
11:12:47.360 [main] INFO org.testcontainers.utility.ImageNameSubstitutor -- Image name substitution will be performed by: DefaultImageNameSubstitutor (composite of 'ConfigurationFileImageNameSubstitutor' and 'PrefixingImageNameSubstitutor')
11:12:47.367 [main] INFO org.testcontainers.DockerClientFactory -- Testcontainers version: 1.21.3
11:12:47.440 [main] INFO org.testcontainers.dockerclient.DockerClientProviderStrategy -- Loaded org.testcontainers.dockerclient.UnixSocketClientProviderStrategy from ~/.testcontainers.properties, will try it first
11:12:47.538 [main] INFO org.testcontainers.dockerclient.DockerClientProviderStrategy -- Found Docker environment with local Unix socket (unix:///var/run/docker.sock)
11:12:47.539 [main] INFO org.testcontainers.DockerClientFactory -- Docker host IP address is localhost
11:12:47.550 [main] INFO org.testcontainers.DockerClientFactory -- Connected to docker: 
  Server Version: 29.4.1
  API Version: 1.54
  Operating System: Docker Desktop
  Total Memory: 7936 MB
  Labels: 
    com.docker.desktop.address=unix:///Users/yuzheng/Library/Containers/com.docker.docker/Data/docker-cli.sock
11:12:47.637 [main] INFO tc.testcontainers/ryuk:0.12.0 -- Creating container for image: testcontainers/ryuk:0.12.0
11:12:47.662 [main] INFO org.testcontainers.utility.RegistryAuthLocator -- Credential helper/store (docker-credential-osxkeychain) does not have credentials for https://index.docker.io/v1/
11:12:47.743 [main] INFO tc.testcontainers/ryuk:0.12.0 -- Container testcontainers/ryuk:0.12.0 is starting: c6107bda09ef16f8d88386d08387094c3d3189e24105238e7d82ed258362ca2a
11:12:47.881 [main] INFO tc.testcontainers/ryuk:0.12.0 -- Container testcontainers/ryuk:0.12.0 started in PT0.243619S
11:12:47.883 [main] INFO org.testcontainers.utility.RyukResourceReaper -- Ryuk started - will monitor and terminate Testcontainers containers on JVM exit
11:12:47.884 [main] INFO org.testcontainers.DockerClientFactory -- Checking the system...
11:12:47.884 [main] INFO org.testcontainers.DockerClientFactory -- ✔︎ Docker server version should be at least 1.6.0
11:12:47.885 [main] INFO tc.mysql:8.4.6 -- Creating container for image: mysql:8.4.6
11:12:47.922 [main] INFO tc.mysql:8.4.6 -- Container mysql:8.4.6 is starting: d4ac437db55176ff84affdd14c2b21b02fa2250777f7dc7bbb293e62da136df9
11:12:48.033 [main] INFO tc.mysql:8.4.6 -- Waiting for database connection to become available at jdbc:mysql://localhost:56550/flashflow using query 'SELECT 1'
11:12:52.936 [main] INFO tc.mysql:8.4.6 -- Container mysql:8.4.6 started in PT5.051588S
11:12:52.937 [main] INFO tc.mysql:8.4.6 -- Container is started (JDBC URL: jdbc:mysql://localhost:56550/flashflow)
11:12:52.937 [main] INFO tc.redis:7.4.2-alpine -- Creating container for image: redis:7.4.2-alpine
11:12:52.968 [main] INFO tc.redis:7.4.2-alpine -- Container redis:7.4.2-alpine is starting: 8493a96605e649e2abf5cb0b52a3ba2009a77e31364e47efe2553f49927e6f37
11:12:53.113 [main] INFO tc.redis:7.4.2-alpine -- Container redis:7.4.2-alpine started in PT0.176123S

  .   ____          _            __ _ _
 /\\ / ___'_ __ _ _(_)_ __  __ _ \ \ \ \
( ( )\___ | '_ | '_| | '_ \/ _` | \ \ \ \
 \\/  ___)| |_)| | | | | || (_| |  ) ) ) )
  '  |____| .__|_| |_|_| |_\__, | / / / /
 =========|_|==============|___/=/_/_/_/

 :: Spring Boot ::                (v3.5.5)

2026-08-11T11:12:53.249+08:00 INFO  d.f.V4OutboxBacklogDrainIntegrationTest request_id= idempotency_key= order_id= user_id= sku_id= payment_tx= - Starting V4OutboxBacklogDrainIntegrationTest using Java 26.0.2 with PID 83717 (started by yuzheng in /Users/yuzheng/Computeracy/Zhenkun26-GitHub/FlashFlow)
2026-08-11T11:12:53.250+08:00 INFO  d.f.V4OutboxBacklogDrainIntegrationTest request_id= idempotency_key= order_id= user_id= sku_id= payment_tx= - The following 1 profile is active: "test"
2026-08-11T11:12:53.614+08:00 INFO  o.s.d.r.c.RepositoryConfigurationDelegate request_id= idempotency_key= order_id= user_id= sku_id= payment_tx= - Multiple Spring Data modules found, entering strict repository configuration mode
2026-08-11T11:12:53.615+08:00 INFO  o.s.d.r.c.RepositoryConfigurationDelegate request_id= idempotency_key= order_id= user_id= sku_id= payment_tx= - Bootstrapping Spring Data Redis repositories in DEFAULT mode.
2026-08-11T11:12:53.633+08:00 INFO  o.s.d.r.c.RepositoryConfigurationDelegate request_id= idempotency_key= order_id= user_id= sku_id= payment_tx= - Finished Spring Data repository scanning in 11 ms. Found 0 Redis repository interfaces.
2026-08-11T11:12:53.869+08:00 INFO  o.s.b.w.e.tomcat.TomcatWebServer request_id= idempotency_key= order_id= user_id= sku_id= payment_tx= - Tomcat initialized with port 0 (http)
2026-08-11T11:12:53.875+08:00 INFO  o.a.catalina.core.StandardService request_id= idempotency_key= order_id= user_id= sku_id= payment_tx= - Starting service [Tomcat]
2026-08-11T11:12:53.875+08:00 INFO  o.a.catalina.core.StandardEngine request_id= idempotency_key= order_id= user_id= sku_id= payment_tx= - Starting Servlet engine: [Apache Tomcat/10.1.44]
2026-08-11T11:12:53.890+08:00 INFO  o.a.c.c.C.[Tomcat].[localhost].[/] request_id= idempotency_key= order_id= user_id= sku_id= payment_tx= - Initializing Spring embedded WebApplicationContext
2026-08-11T11:12:53.891+08:00 INFO  o.s.b.w.s.c.ServletWebServerApplicationContext request_id= idempotency_key= order_id= user_id= sku_id= payment_tx= - Root WebApplicationContext: initialization completed in 631 ms
Standard Commons Logging discovery in action with spring-jcl: please remove commons-logging.jar from classpath in order to avoid potential conflicts
WARNING: A terminally deprecated method in sun.misc.Unsafe has been called
WARNING: sun.misc.Unsafe::allocateMemory has been called by io.netty.util.internal.PlatformDependent0$2 (file:/Users/yuzheng/.m2/repository/io/netty/netty-common/4.1.124.Final/netty-common-4.1.124.Final.jar)
WARNING: Please consider reporting this to the maintainers of class io.netty.util.internal.PlatformDependent0$2
WARNING: sun.misc.Unsafe::allocateMemory will be removed in a future release
WARNING: A restricted method in java.lang.System has been called
WARNING: java.lang.System::loadLibrary has been called by io.netty.util.internal.NativeLibraryUtil in an unnamed module (file:/Users/yuzheng/.m2/repository/io/netty/netty-common/4.1.124.Final/netty-common-4.1.124.Final.jar)
WARNING: Use --enable-native-access=ALL-UNNAMED to avoid a warning for callers in this module
WARNING: Restricted methods will be blocked in a future release unless native access is enabled

2026-08-11T11:12:55.012+08:00 INFO  com.zaxxer.hikari.HikariDataSource request_id= idempotency_key= order_id= user_id= sku_id= payment_tx= - HikariPool-1 - Starting...
2026-08-11T11:12:55.097+08:00 INFO  com.zaxxer.hikari.pool.HikariPool request_id= idempotency_key= order_id= user_id= sku_id= payment_tx= - HikariPool-1 - Added connection com.mysql.cj.jdbc.ConnectionImpl@1c0ec502
2026-08-11T11:12:55.097+08:00 INFO  com.zaxxer.hikari.HikariDataSource request_id= idempotency_key= order_id= user_id= sku_id= payment_tx= - HikariPool-1 - Start completed.
2026-08-11T11:12:55.120+08:00 INFO  org.flywaydb.core.FlywayExecutor request_id= idempotency_key= order_id= user_id= sku_id= payment_tx= - Database: jdbc:mysql://localhost:56550/flashflow (MySQL 8.4)
2026-08-11T11:12:55.144+08:00 WARN  o.f.c.i.database.base.Database request_id= idempotency_key= order_id= user_id= sku_id= payment_tx= - Flyway upgrade recommended: MySQL 8.4 is newer than this version of Flyway and support has not been tested. The latest supported version of MySQL is 8.1.
2026-08-11T11:12:55.166+08:00 INFO  o.f.c.i.s.JdbcTableSchemaHistory request_id= idempotency_key= order_id= user_id= sku_id= payment_tx= - Schema history table `flashflow`.`flyway_schema_history` does not exist yet
2026-08-11T11:12:55.169+08:00 INFO  o.f.core.internal.command.DbValidate request_id= idempotency_key= order_id= user_id= sku_id= payment_tx= - Successfully validated 4 migrations (execution time 00:00.017s)
2026-08-11T11:12:55.191+08:00 INFO  o.f.c.i.s.JdbcTableSchemaHistory request_id= idempotency_key= order_id= user_id= sku_id= payment_tx= - Creating Schema History table `flashflow`.`flyway_schema_history` ...
2026-08-11T11:12:55.229+08:00 INFO  o.f.core.internal.command.DbMigrate request_id= idempotency_key= order_id= user_id= sku_id= payment_tx= - Current version of schema `flashflow`: << Empty Schema >>
2026-08-11T11:12:55.241+08:00 INFO  o.f.core.internal.command.DbMigrate request_id= idempotency_key= order_id= user_id= sku_id= payment_tx= - Migrating schema `flashflow` to version "1 - create flashflow v1 schema"
2026-08-11T11:12:55.357+08:00 INFO  o.f.core.internal.command.DbMigrate request_id= idempotency_key= order_id= user_id= sku_id= payment_tx= - Migrating schema `flashflow` to version "2 - create order command ledger"
2026-08-11T11:12:55.381+08:00 INFO  o.f.core.internal.command.DbMigrate request_id= idempotency_key= order_id= user_id= sku_id= payment_tx= - Migrating schema `flashflow` to version "3 - extend order command transport evidence"
2026-08-11T11:12:55.409+08:00 INFO  o.f.core.internal.command.DbMigrate request_id= idempotency_key= order_id= user_id= sku_id= payment_tx= - Migrating schema `flashflow` to version "4 - create order command outbox"
2026-08-11T11:12:55.430+08:00 INFO  o.f.core.internal.command.DbMigrate request_id= idempotency_key= order_id= user_id= sku_id= payment_tx= - Successfully applied 4 migrations to schema `flashflow`, now at version v4 (execution time 00:00.147s)
2026-08-11T11:12:56.064+08:00 INFO  o.s.b.a.e.web.EndpointLinksResolver request_id= idempotency_key= order_id= user_id= sku_id= payment_tx= - Exposing 2 endpoints beneath base path '/actuator'
2026-08-11T11:12:56.127+08:00 INFO  o.s.b.w.e.tomcat.TomcatWebServer request_id= idempotency_key= order_id= user_id= sku_id= payment_tx= - Tomcat started on port 56631 (http) with context path '/'
2026-08-11T11:12:56.137+08:00 INFO  d.f.V4OutboxBacklogDrainIntegrationTest request_id= idempotency_key= order_id= user_id= sku_id= payment_tx= - Started V4OutboxBacklogDrainIntegrationTest in 3.011 seconds (process running for 9.241)
Mockito is currently self-attaching to enable the inline-mock-maker. This will no longer work in future releases of the JDK. Please add Mockito as an agent to your build as described in Mockito's documentation: https://javadoc.io/doc/org.mockito/mockito-core/latest/org.mockito/org/mockito/Mockito.html#0.3
OpenJDK 64-Bit Server VM warning: Sharing is only supported for boot loader classes because bootstrap classpath has been appended
WARNING: A Java agent has been loaded dynamically (/Users/yuzheng/.m2/repository/net/bytebuddy/byte-buddy-agent/1.17.7/byte-buddy-agent-1.17.7.jar)
WARNING: If a serviceability tool is in use, please run with -XX:+EnableDynamicAgentLoading to hide this warning
WARNING: If a serviceability tool is not in use, please run with -Djdk.instrument.traceUsage for more information
WARNING: Dynamic loading of agents will be disallowed by default in a future release
2026-08-11T11:13:09.172+08:00 INFO  o.a.c.c.C.[Tomcat].[localhost].[/] request_id= idempotency_key= order_id= user_id= sku_id= payment_tx= - Initializing Spring DispatcherServlet 'dispatcherServlet'
2026-08-11T11:13:09.173+08:00 INFO  o.s.web.servlet.DispatcherServlet request_id= idempotency_key= order_id= user_id= sku_id= payment_tx= - Initializing Servlet 'dispatcherServlet'
2026-08-11T11:13:09.173+08:00 INFO  o.s.web.servlet.DispatcherServlet request_id= idempotency_key= order_id= user_id= sku_id= payment_tx= - Completed initialization in 0 ms
2026-08-11T11:13:09.214+08:00 INFO  d.f.m.o.OutboxAsyncOrderApplicationService request_id=6b35ffd9-2ed6-4217-a06b-b91a3f530274 idempotency_key=key-b7281b58-0 order_id= user_id=user-b7281b58-0 sku_id=sku-v4-backlog-b7281b58 payment_tx= - Durable Outbox acceptance command_id=f5ebc4a6fd079994b0c87ded00058d8925c10861b14aa44d8416e7cf91230933 status=ACCEPTED
2026-08-11T11:13:09.239+08:00 INFO  d.f.m.o.OutboxAsyncOrderApplicationService request_id=61d1a7a2-f5b3-4460-9320-a2aee60f1881 idempotency_key=key-b7281b58-1 order_id= user_id=user-b7281b58-1 sku_id=sku-v4-backlog-b7281b58 payment_tx= - Durable Outbox acceptance command_id=67416ec44aebe78ee1a52cb7ec4f9fc91b724bdc678ac19870e350e3130b8847 status=ACCEPTED
2026-08-11T11:13:09.248+08:00 INFO  d.f.m.o.OutboxAsyncOrderApplicationService request_id=c6a009b7-7821-4a91-b21e-76d6b8b896fe idempotency_key=key-b7281b58-2 order_id= user_id=user-b7281b58-2 sku_id=sku-v4-backlog-b7281b58 payment_tx= - Durable Outbox acceptance command_id=dbe557affdecdc5ea134721b562556e24614eee0d48b6f50bb557bdac75beb5e status=ACCEPTED
2026-08-11T11:13:09.257+08:00 INFO  d.f.m.o.OutboxAsyncOrderApplicationService request_id=8b47874e-ef23-431b-b9e0-886f92fef8d7 idempotency_key=key-b7281b58-3 order_id= user_id=user-b7281b58-3 sku_id=sku-v4-backlog-b7281b58 payment_tx= - Durable Outbox acceptance command_id=c475f18b2182724a7220ac3f590697b1282da4bc9019dea906f22fd3876818dc status=ACCEPTED
2026-08-11T11:13:09.274+08:00 INFO  d.f.m.o.OutboxAsyncOrderApplicationService request_id=d3744651-5ba6-402e-afa8-b892be23be33 idempotency_key=key-b7281b58-4 order_id= user_id=user-b7281b58-4 sku_id=sku-v4-backlog-b7281b58 payment_tx= - Durable Outbox acceptance command_id=7088fd023c485e51130e2075fe9c0888718cc4d2456df8e170dca0bbd2ac8900 status=ACCEPTED
2026-08-11T11:13:09.283+08:00 INFO  d.f.m.outbox.OutboxDispatcher request_id= idempotency_key= order_id= user_id= sku_id= payment_tx= - Outbox publication deferred outbox_id=8b011284-2e5d-4946-9308-10ca53c10d77 command_id=f5ebc4a6fd079994b0c87ded00058d8925c10861b14aa44d8416e7cf91230933 outcome=RETRYABLE cause=MQCLIENTEXCEPTION
2026-08-11T11:13:09.287+08:00 INFO  d.f.m.outbox.OutboxDispatcher request_id= idempotency_key= order_id= user_id= sku_id= payment_tx= - Outbox publication deferred outbox_id=9ab296e0-fbb3-4dce-be11-c33ff62a0ad4 command_id=67416ec44aebe78ee1a52cb7ec4f9fc91b724bdc678ac19870e350e3130b8847 outcome=RETRYABLE cause=MQCLIENTEXCEPTION
2026-08-11T11:13:09.289+08:00 INFO  d.f.m.o.OutboxAsyncOrderApplicationService request_id=0fa44e71-e4e7-4d85-b9b3-9e9b9d3219b5 idempotency_key=key-b7281b58-5 order_id= user_id=user-b7281b58-5 sku_id=sku-v4-backlog-b7281b58 payment_tx= - Durable Outbox acceptance command_id=1920b12c9f63713bcc4a9b53f1dbc4c095b760525a1b83d1c04857243fcf9f55 status=ACCEPTED
2026-08-11T11:13:09.292+08:00 INFO  d.f.m.outbox.OutboxDispatcher request_id= idempotency_key= order_id= user_id= sku_id= payment_tx= - Outbox publication deferred outbox_id=612660b9-ee70-4cec-b8f3-d2fa22da391a command_id=dbe557affdecdc5ea134721b562556e24614eee0d48b6f50bb557bdac75beb5e outcome=RETRYABLE cause=MQCLIENTEXCEPTION
2026-08-11T11:13:09.299+08:00 INFO  d.f.m.outbox.OutboxDispatcher request_id= idempotency_key= order_id= user_id= sku_id= payment_tx= - Outbox publication deferred outbox_id=228f96ca-387c-4cee-a16d-ea92ea5e11d9 command_id=c475f18b2182724a7220ac3f590697b1282da4bc9019dea906f22fd3876818dc outcome=RETRYABLE cause=MQCLIENTEXCEPTION
2026-08-11T11:13:09.303+08:00 INFO  d.f.m.o.OutboxAsyncOrderApplicationService request_id=437cdb03-9bf1-4637-aa2a-13d49f4a1d58 idempotency_key=key-b7281b58-6 order_id= user_id=user-b7281b58-6 sku_id=sku-v4-backlog-b7281b58 payment_tx= - Durable Outbox acceptance command_id=8f05d4fc350da3a38dce7727d5dceb258a8e28984427b6080564d19e7503b20f status=ACCEPTED
2026-08-11T11:13:09.317+08:00 INFO  d.f.m.o.OutboxAsyncOrderApplicationService request_id=0daa734c-46c0-4ade-af38-2d3f9f3ec9af idempotency_key=key-b7281b58-7 order_id= user_id=user-b7281b58-7 sku_id=sku-v4-backlog-b7281b58 payment_tx= - Durable Outbox acceptance command_id=52bd587d82f398ddf109d00c412f12ba4363483adeb9279f6df727fd95f161d7 status=ACCEPTED
2026-08-11T11:13:09.329+08:00 INFO  d.f.m.o.OutboxAsyncOrderApplicationService request_id=c861b829-45b7-48dd-9105-aad16521f7b5 idempotency_key=key-b7281b58-8 order_id= user_id=user-b7281b58-8 sku_id=sku-v4-backlog-b7281b58 payment_tx= - Durable Outbox acceptance command_id=d109e52079b2c43954f200ea58df8ca8a70af9b774c83f9e8802e05a22f751e5 status=ACCEPTED
2026-08-11T11:13:09.339+08:00 INFO  d.f.m.o.OutboxAsyncOrderApplicationService request_id=b2563de4-e3b3-48aa-9ebd-3e6dc0dcd569 idempotency_key=key-b7281b58-9 order_id= user_id=user-b7281b58-9 sku_id=sku-v4-backlog-b7281b58 payment_tx= - Durable Outbox acceptance command_id=1b25cd58b79edebc8a6187c722511ba69498483e8dece716eb1782865760c287 status=ACCEPTED
2026-08-11T11:13:09.348+08:00 INFO  d.f.m.o.OutboxAsyncOrderApplicationService request_id=c05c4c80-cf29-4ce0-9353-62ba1a162b19 idempotency_key=key-b7281b58-10 order_id= user_id=user-b7281b58-10 sku_id=sku-v4-backlog-b7281b58 payment_tx= - Durable Outbox acceptance command_id=0c7aa41f0d18f403e7638455d22a4d598ea88c807702c7fc26884a0cad9e0559 status=ACCEPTED
2026-08-11T11:13:09.357+08:00 INFO  d.f.m.o.OutboxAsyncOrderApplicationService request_id=85a8f1ec-dd98-40cb-92a7-ee8758df5ab8 idempotency_key=key-b7281b58-11 order_id= user_id=user-b7281b58-11 sku_id=sku-v4-backlog-b7281b58 payment_tx= - Durable Outbox acceptance command_id=016cee1aee6c2c899bef6b3dcfd6a8bc962a41b423147b0dde0637ec9920c7be status=ACCEPTED
2026-08-11T11:13:09.426+08:00 INFO  d.f.m.outbox.OutboxDispatcher request_id= idempotency_key= order_id= user_id= sku_id= payment_tx= - Outbox publication deferred outbox_id=dc445a73-c44d-4447-8b6a-e3b53e4549ac command_id=7088fd023c485e51130e2075fe9c0888718cc4d2456df8e170dca0bbd2ac8900 outcome=RETRYABLE cause=MQCLIENTEXCEPTION
2026-08-11T11:13:09.432+08:00 INFO  d.f.m.outbox.OutboxDispatcher request_id= idempotency_key= order_id= user_id= sku_id= payment_tx= - Outbox publication deferred outbox_id=b0917ce7-1f18-42fb-915f-0012e7a9280a command_id=1920b12c9f63713bcc4a9b53f1dbc4c095b760525a1b83d1c04857243fcf9f55 outcome=RETRYABLE cause=MQCLIENTEXCEPTION
2026-08-11T11:13:09.436+08:00 INFO  d.f.m.outbox.OutboxDispatcher request_id= idempotency_key= order_id= user_id= sku_id= payment_tx= - Outbox publication deferred outbox_id=95a25712-f438-4333-9e0e-cdd18b218bf6 command_id=8f05d4fc350da3a38dce7727d5dceb258a8e28984427b6080564d19e7503b20f outcome=RETRYABLE cause=MQCLIENTEXCEPTION
2026-08-11T11:13:09.438+08:00 INFO  d.f.m.outbox.OutboxDispatcher request_id= idempotency_key= order_id= user_id= sku_id= payment_tx= - Outbox publication deferred outbox_id=6fce759d-cfa2-468d-be8e-3d90fa474887 command_id=52bd587d82f398ddf109d00c412f12ba4363483adeb9279f6df727fd95f161d7 outcome=RETRYABLE cause=MQCLIENTEXCEPTION
2026-08-11T11:13:09.558+08:00 INFO  d.f.m.outbox.OutboxDispatcher request_id= idempotency_key= order_id= user_id= sku_id= payment_tx= - Outbox publication deferred outbox_id=85f02120-5b6e-41e1-8ada-37c870bbff01 command_id=d109e52079b2c43954f200ea58df8ca8a70af9b774c83f9e8802e05a22f751e5 outcome=RETRYABLE cause=MQCLIENTEXCEPTION
2026-08-11T11:13:09.561+08:00 INFO  d.f.m.outbox.OutboxDispatcher request_id= idempotency_key= order_id= user_id= sku_id= payment_tx= - Outbox publication deferred outbox_id=e7c3c352-4fb7-403a-a72f-e6224d64f841 command_id=1b25cd58b79edebc8a6187c722511ba69498483e8dece716eb1782865760c287 outcome=RETRYABLE cause=MQCLIENTEXCEPTION
2026-08-11T11:13:09.567+08:00 INFO  d.f.m.outbox.OutboxDispatcher request_id= idempotency_key= order_id= user_id= sku_id= payment_tx= - Outbox publication deferred outbox_id=262168ae-9e1b-4404-a4db-2b1bec15ff32 command_id=0c7aa41f0d18f403e7638455d22a4d598ea88c807702c7fc26884a0cad9e0559 outcome=RETRYABLE cause=MQCLIENTEXCEPTION
2026-08-11T11:13:09.572+08:00 INFO  d.f.m.outbox.OutboxDispatcher request_id= idempotency_key= order_id= user_id= sku_id= payment_tx= - Outbox publication deferred outbox_id=e9cf4404-e334-4f61-b833-386cae86f389 command_id=016cee1aee6c2c899bef6b3dcfd6a8bc962a41b423147b0dde0637ec9920c7be outcome=RETRYABLE cause=MQCLIENTEXCEPTION
2026-08-11T11:13:09.699+08:00 INFO  d.f.m.outbox.OutboxDispatcher request_id= idempotency_key= order_id= user_id= sku_id= payment_tx= - Outbox publication deferred outbox_id=8b011284-2e5d-4946-9308-10ca53c10d77 command_id=f5ebc4a6fd079994b0c87ded00058d8925c10861b14aa44d8416e7cf91230933 outcome=RETRYABLE cause=MQCLIENTEXCEPTION
2026-08-11T11:13:09.704+08:00 INFO  d.f.m.outbox.OutboxDispatcher request_id= idempotency_key= order_id= user_id= sku_id= payment_tx= - Outbox publication deferred outbox_id=9ab296e0-fbb3-4dce-be11-c33ff62a0ad4 command_id=67416ec44aebe78ee1a52cb7ec4f9fc91b724bdc678ac19870e350e3130b8847 outcome=RETRYABLE cause=MQCLIENTEXCEPTION
2026-08-11T11:13:09.709+08:00 INFO  d.f.m.outbox.OutboxDispatcher request_id= idempotency_key= order_id= user_id= sku_id= payment_tx= - Outbox publication deferred outbox_id=612660b9-ee70-4cec-b8f3-d2fa22da391a command_id=dbe557affdecdc5ea134721b562556e24614eee0d48b6f50bb557bdac75beb5e outcome=RETRYABLE cause=MQCLIENTEXCEPTION
2026-08-11T11:13:09.716+08:00 INFO  d.f.m.outbox.OutboxDispatcher request_id= idempotency_key= order_id= user_id= sku_id= payment_tx= - Outbox publication deferred outbox_id=228f96ca-387c-4cee-a16d-ea92ea5e11d9 command_id=c475f18b2182724a7220ac3f590697b1282da4bc9019dea906f22fd3876818dc outcome=RETRYABLE cause=MQCLIENTEXCEPTION
2026-08-11T11:13:09.840+08:00 INFO  d.f.m.outbox.OutboxDispatcher request_id= idempotency_key= order_id= user_id= sku_id= payment_tx= - Outbox publication deferred outbox_id=dc445a73-c44d-4447-8b6a-e3b53e4549ac command_id=7088fd023c485e51130e2075fe9c0888718cc4d2456df8e170dca0bbd2ac8900 outcome=RETRYABLE cause=MQCLIENTEXCEPTION
2026-08-11T11:13:09.847+08:00 INFO  d.f.m.outbox.OutboxDispatcher request_id= idempotency_key= order_id= user_id= sku_id= payment_tx= - Outbox publication deferred outbox_id=b0917ce7-1f18-42fb-915f-0012e7a9280a command_id=1920b12c9f63713bcc4a9b53f1dbc4c095b760525a1b83d1c04857243fcf9f55 outcome=RETRYABLE cause=MQCLIENTEXCEPTION
2026-08-11T11:13:09.857+08:00 INFO  d.f.m.outbox.OutboxDispatcher request_id= idempotency_key= order_id= user_id= sku_id= payment_tx= - Outbox publication deferred outbox_id=95a25712-f438-4333-9e0e-cdd18b218bf6 command_id=8f05d4fc350da3a38dce7727d5dceb258a8e28984427b6080564d19e7503b20f outcome=RETRYABLE cause=MQCLIENTEXCEPTION
2026-08-11T11:13:09.868+08:00 INFO  d.f.m.outbox.OutboxDispatcher request_id= idempotency_key= order_id= user_id= sku_id= payment_tx= - Outbox publication deferred outbox_id=6fce759d-cfa2-468d-be8e-3d90fa474887 command_id=52bd587d82f398ddf109d00c412f12ba4363483adeb9279f6df727fd95f161d7 outcome=RETRYABLE cause=MQCLIENTEXCEPTION
2026-08-11T11:13:09.992+08:00 INFO  d.f.m.outbox.OutboxDispatcher request_id= idempotency_key= order_id= user_id= sku_id= payment_tx= - Outbox publication deferred outbox_id=85f02120-5b6e-41e1-8ada-37c870bbff01 command_id=d109e52079b2c43954f200ea58df8ca8a70af9b774c83f9e8802e05a22f751e5 outcome=RETRYABLE cause=MQCLIENTEXCEPTION
2026-08-11T11:13:09.997+08:00 INFO  d.f.m.outbox.OutboxDispatcher request_id= idempotency_key= order_id= user_id= sku_id= payment_tx= - Outbox publication deferred outbox_id=e7c3c352-4fb7-403a-a72f-e6224d64f841 command_id=1b25cd58b79edebc8a6187c722511ba69498483e8dece716eb1782865760c287 outcome=RETRYABLE cause=MQCLIENTEXCEPTION
2026-08-11T11:13:10.002+08:00 INFO  d.f.m.outbox.OutboxDispatcher request_id= idempotency_key= order_id= user_id= sku_id= payment_tx= - Outbox publication deferred outbox_id=262168ae-9e1b-4404-a4db-2b1bec15ff32 command_id=0c7aa41f0d18f403e7638455d22a4d598ea88c807702c7fc26884a0cad9e0559 outcome=RETRYABLE cause=MQCLIENTEXCEPTION
2026-08-11T11:13:10.007+08:00 INFO  d.f.m.outbox.OutboxDispatcher request_id= idempotency_key= order_id= user_id= sku_id= payment_tx= - Outbox publication deferred outbox_id=e9cf4404-e334-4f61-b833-386cae86f389 command_id=016cee1aee6c2c899bef6b3dcfd6a8bc962a41b423147b0dde0637ec9920c7be outcome=RETRYABLE cause=MQCLIENTEXCEPTION
2026-08-11T11:13:10.153+08:00 INFO  d.f.m.outbox.OutboxDispatcher request_id= idempotency_key= order_id= user_id= sku_id= payment_tx= - Outbox publication deferred outbox_id=8b011284-2e5d-4946-9308-10ca53c10d77 command_id=f5ebc4a6fd079994b0c87ded00058d8925c10861b14aa44d8416e7cf91230933 outcome=RETRYABLE cause=MQCLIENTEXCEPTION
2026-08-11T11:13:10.161+08:00 INFO  d.f.m.outbox.OutboxDispatcher request_id= idempotency_key= order_id= user_id= sku_id= payment_tx= - Outbox publication deferred outbox_id=9ab296e0-fbb3-4dce-be11-c33ff62a0ad4 command_id=67416ec44aebe78ee1a52cb7ec4f9fc91b724bdc678ac19870e350e3130b8847 outcome=RETRYABLE cause=MQCLIENTEXCEPTION
2026-08-11T11:13:10.168+08:00 INFO  d.f.m.outbox.OutboxDispatcher request_id= idempotency_key= order_id= user_id= sku_id= payment_tx= - Outbox publication deferred outbox_id=612660b9-ee70-4cec-b8f3-d2fa22da391a command_id=dbe557affdecdc5ea134721b562556e24614eee0d48b6f50bb557bdac75beb5e outcome=RETRYABLE cause=MQCLIENTEXCEPTION
2026-08-11T11:13:10.175+08:00 INFO  d.f.m.outbox.OutboxDispatcher request_id= idempotency_key= order_id= user_id= sku_id= payment_tx= - Outbox publication deferred outbox_id=228f96ca-387c-4cee-a16d-ea92ea5e11d9 command_id=c475f18b2182724a7220ac3f590697b1282da4bc9019dea906f22fd3876818dc outcome=RETRYABLE cause=MQCLIENTEXCEPTION
2026-08-11T11:13:10.298+08:00 INFO  d.f.m.outbox.OutboxDispatcher request_id= idempotency_key= order_id= user_id= sku_id= payment_tx= - Outbox publication deferred outbox_id=dc445a73-c44d-4447-8b6a-e3b53e4549ac command_id=7088fd023c485e51130e2075fe9c0888718cc4d2456df8e170dca0bbd2ac8900 outcome=RETRYABLE cause=MQCLIENTEXCEPTION
2026-08-11T11:13:10.304+08:00 INFO  d.f.m.outbox.OutboxDispatcher request_id= idempotency_key= order_id= user_id= sku_id= payment_tx= - Outbox publication deferred outbox_id=b0917ce7-1f18-42fb-915f-0012e7a9280a command_id=1920b12c9f63713bcc4a9b53f1dbc4c095b760525a1b83d1c04857243fcf9f55 outcome=RETRYABLE cause=MQCLIENTEXCEPTION
2026-08-11T11:13:10.316+08:00 INFO  d.f.m.outbox.OutboxDispatcher request_id= idempotency_key= order_id= user_id= sku_id= payment_tx= - Outbox publication deferred outbox_id=95a25712-f438-4333-9e0e-cdd18b218bf6 command_id=8f05d4fc350da3a38dce7727d5dceb258a8e28984427b6080564d19e7503b20f outcome=RETRYABLE cause=MQCLIENTEXCEPTION
2026-08-11T11:13:10.322+08:00 INFO  d.f.m.outbox.OutboxDispatcher request_id= idempotency_key= order_id= user_id= sku_id= payment_tx= - Outbox publication deferred outbox_id=6fce759d-cfa2-468d-be8e-3d90fa474887 command_id=52bd587d82f398ddf109d00c412f12ba4363483adeb9279f6df727fd95f161d7 outcome=RETRYABLE cause=MQCLIENTEXCEPTION
2026-08-11T11:13:10.446+08:00 INFO  d.f.m.outbox.OutboxDispatcher request_id= idempotency_key= order_id= user_id= sku_id= payment_tx= - Outbox publication deferred outbox_id=85f02120-5b6e-41e1-8ada-37c870bbff01 command_id=d109e52079b2c43954f200ea58df8ca8a70af9b774c83f9e8802e05a22f751e5 outcome=RETRYABLE cause=MQCLIENTEXCEPTION
2026-08-11T11:13:10.451+08:00 INFO  d.f.m.outbox.OutboxDispatcher request_id= idempotency_key= order_id= user_id= sku_id= payment_tx= - Outbox publication deferred outbox_id=e7c3c352-4fb7-403a-a72f-e6224d64f841 command_id=1b25cd58b79edebc8a6187c722511ba69498483e8dece716eb1782865760c287 outcome=RETRYABLE cause=MQCLIENTEXCEPTION
2026-08-11T11:13:10.456+08:00 INFO  d.f.m.outbox.OutboxDispatcher request_id= idempotency_key= order_id= user_id= sku_id= payment_tx= - Outbox publication deferred outbox_id=262168ae-9e1b-4404-a4db-2b1bec15ff32 command_id=0c7aa41f0d18f403e7638455d22a4d598ea88c807702c7fc26884a0cad9e0559 outcome=RETRYABLE cause=MQCLIENTEXCEPTION
2026-08-11T11:13:10.462+08:00 INFO  d.f.m.outbox.OutboxDispatcher request_id= idempotency_key= order_id= user_id= sku_id= payment_tx= - Outbox publication deferred outbox_id=e9cf4404-e334-4f61-b833-386cae86f389 command_id=016cee1aee6c2c899bef6b3dcfd6a8bc962a41b423147b0dde0637ec9920c7be outcome=RETRYABLE cause=MQCLIENTEXCEPTION
2026-08-11T11:13:10.596+08:00 INFO  d.f.m.outbox.OutboxDispatcher request_id= idempotency_key= order_id= user_id= sku_id= payment_tx= - Outbox publication deferred outbox_id=8b011284-2e5d-4946-9308-10ca53c10d77 command_id=f5ebc4a6fd079994b0c87ded00058d8925c10861b14aa44d8416e7cf91230933 outcome=RETRYABLE cause=MQCLIENTEXCEPTION
2026-08-11T11:13:10.605+08:00 INFO  d.f.m.outbox.OutboxDispatcher request_id= idempotency_key= order_id= user_id= sku_id= payment_tx= - Outbox publication deferred outbox_id=9ab296e0-fbb3-4dce-be11-c33ff62a0ad4 command_id=67416ec44aebe78ee1a52cb7ec4f9fc91b724bdc678ac19870e350e3130b8847 outcome=RETRYABLE cause=MQCLIENTEXCEPTION
2026-08-11T11:13:10.611+08:00 INFO  d.f.m.outbox.OutboxDispatcher request_id= idempotency_key= order_id= user_id= sku_id= payment_tx= - Outbox publication deferred outbox_id=612660b9-ee70-4cec-b8f3-d2fa22da391a command_id=dbe557affdecdc5ea134721b562556e24614eee0d48b6f50bb557bdac75beb5e outcome=RETRYABLE cause=MQCLIENTEXCEPTION
2026-08-11T11:13:10.615+08:00 INFO  d.f.m.outbox.OutboxDispatcher request_id= idempotency_key= order_id= user_id= sku_id= payment_tx= - Outbox publication deferred outbox_id=228f96ca-387c-4cee-a16d-ea92ea5e11d9 command_id=c475f18b2182724a7220ac3f590697b1282da4bc9019dea906f22fd3876818dc outcome=RETRYABLE cause=MQCLIENTEXCEPTION
2026-08-11T11:13:10.754+08:00 INFO  d.f.m.outbox.OutboxDispatcher request_id= idempotency_key= order_id= user_id= sku_id= payment_tx= - Outbox publication deferred outbox_id=dc445a73-c44d-4447-8b6a-e3b53e4549ac command_id=7088fd023c485e51130e2075fe9c0888718cc4d2456df8e170dca0bbd2ac8900 outcome=RETRYABLE cause=MQCLIENTEXCEPTION
2026-08-11T11:13:10.762+08:00 INFO  d.f.m.outbox.OutboxDispatcher request_id= idempotency_key= order_id= user_id= sku_id= payment_tx= - Outbox publication deferred outbox_id=b0917ce7-1f18-42fb-915f-0012e7a9280a command_id=1920b12c9f63713bcc4a9b53f1dbc4c095b760525a1b83d1c04857243fcf9f55 outcome=RETRYABLE cause=MQCLIENTEXCEPTION
2026-08-11T11:13:10.767+08:00 INFO  d.f.m.outbox.OutboxDispatcher request_id= idempotency_key= order_id= user_id= sku_id= payment_tx= - Outbox publication deferred outbox_id=95a25712-f438-4333-9e0e-cdd18b218bf6 command_id=8f05d4fc350da3a38dce7727d5dceb258a8e28984427b6080564d19e7503b20f outcome=RETRYABLE cause=MQCLIENTEXCEPTION
2026-08-11T11:13:10.894+08:00 INFO  d.f.m.outbox.OutboxDispatcher request_id= idempotency_key= order_id= user_id= sku_id= payment_tx= - Outbox publication deferred outbox_id=6fce759d-cfa2-468d-be8e-3d90fa474887 command_id=52bd587d82f398ddf109d00c412f12ba4363483adeb9279f6df727fd95f161d7 outcome=RETRYABLE cause=MQCLIENTEXCEPTION
2026-08-11T11:13:10.898+08:00 INFO  d.f.m.outbox.OutboxDispatcher request_id= idempotency_key= order_id= user_id= sku_id= payment_tx= - Outbox publication deferred outbox_id=85f02120-5b6e-41e1-8ada-37c870bbff01 command_id=d109e52079b2c43954f200ea58df8ca8a70af9b774c83f9e8802e05a22f751e5 outcome=RETRYABLE cause=MQCLIENTEXCEPTION
2026-08-11T11:13:10.903+08:00 INFO  d.f.m.outbox.OutboxDispatcher request_id= idempotency_key= order_id= user_id= sku_id= payment_tx= - Outbox publication deferred outbox_id=e7c3c352-4fb7-403a-a72f-e6224d64f841 command_id=1b25cd58b79edebc8a6187c722511ba69498483e8dece716eb1782865760c287 outcome=RETRYABLE cause=MQCLIENTEXCEPTION
2026-08-11T11:13:10.908+08:00 INFO  d.f.m.outbox.OutboxDispatcher request_id= idempotency_key= order_id= user_id= sku_id= payment_tx= - Outbox publication deferred outbox_id=262168ae-9e1b-4404-a4db-2b1bec15ff32 command_id=0c7aa41f0d18f403e7638455d22a4d598ea88c807702c7fc26884a0cad9e0559 outcome=RETRYABLE cause=MQCLIENTEXCEPTION
2026-08-11T11:13:11.023+08:00 INFO  d.f.m.outbox.OutboxDispatcher request_id= idempotency_key= order_id= user_id= sku_id= payment_tx= - Outbox publication deferred outbox_id=e9cf4404-e334-4f61-b833-386cae86f389 command_id=016cee1aee6c2c899bef6b3dcfd6a8bc962a41b423147b0dde0637ec9920c7be outcome=RETRYABLE cause=MQCLIENTEXCEPTION
2026-08-11T11:13:11.478+08:00 INFO  d.f.m.outbox.OutboxDispatcher request_id= idempotency_key= order_id= user_id= sku_id= payment_tx= - Outbox publication deferred outbox_id=8b011284-2e5d-4946-9308-10ca53c10d77 command_id=f5ebc4a6fd079994b0c87ded00058d8925c10861b14aa44d8416e7cf91230933 outcome=RETRYABLE cause=MQCLIENTEXCEPTION
2026-08-11T11:13:11.484+08:00 INFO  d.f.m.outbox.OutboxDispatcher request_id= idempotency_key= order_id= user_id= sku_id= payment_tx= - Outbox publication deferred outbox_id=9ab296e0-fbb3-4dce-be11-c33ff62a0ad4 command_id=67416ec44aebe78ee1a52cb7ec4f9fc91b724bdc678ac19870e350e3130b8847 outcome=RETRYABLE cause=MQCLIENTEXCEPTION
2026-08-11T11:13:11.489+08:00 INFO  d.f.m.outbox.OutboxDispatcher request_id= idempotency_key= order_id= user_id= sku_id= payment_tx= - Outbox publication deferred outbox_id=612660b9-ee70-4cec-b8f3-d2fa22da391a command_id=dbe557affdecdc5ea134721b562556e24614eee0d48b6f50bb557bdac75beb5e outcome=RETRYABLE cause=MQCLIENTEXCEPTION
2026-08-11T11:13:11.495+08:00 INFO  d.f.m.outbox.OutboxDispatcher request_id= idempotency_key= order_id= user_id= sku_id= payment_tx= - Outbox publication deferred outbox_id=228f96ca-387c-4cee-a16d-ea92ea5e11d9 command_id=c475f18b2182724a7220ac3f590697b1282da4bc9019dea906f22fd3876818dc outcome=RETRYABLE cause=MQCLIENTEXCEPTION
2026-08-11T11:13:11.621+08:00 INFO  d.f.m.outbox.OutboxDispatcher request_id= idempotency_key= order_id= user_id= sku_id= payment_tx= - Outbox publication deferred outbox_id=dc445a73-c44d-4447-8b6a-e3b53e4549ac command_id=7088fd023c485e51130e2075fe9c0888718cc4d2456df8e170dca0bbd2ac8900 outcome=RETRYABLE cause=MQCLIENTEXCEPTION
2026-08-11T11:13:11.626+08:00 INFO  d.f.m.outbox.OutboxDispatcher request_id= idempotency_key= order_id= user_id= sku_id= payment_tx= - Outbox publication deferred outbox_id=b0917ce7-1f18-42fb-915f-0012e7a9280a command_id=1920b12c9f63713bcc4a9b53f1dbc4c095b760525a1b83d1c04857243fcf9f55 outcome=RETRYABLE cause=MQCLIENTEXCEPTION
2026-08-11T11:13:11.631+08:00 INFO  d.f.m.outbox.OutboxDispatcher request_id= idempotency_key= order_id= user_id= sku_id= payment_tx= - Outbox publication deferred outbox_id=95a25712-f438-4333-9e0e-cdd18b218bf6 command_id=8f05d4fc350da3a38dce7727d5dceb258a8e28984427b6080564d19e7503b20f outcome=RETRYABLE cause=MQCLIENTEXCEPTION
2026-08-11T11:13:11.758+08:00 INFO  d.f.m.outbox.OutboxDispatcher request_id= idempotency_key= order_id= user_id= sku_id= payment_tx= - Outbox publication deferred outbox_id=6fce759d-cfa2-468d-be8e-3d90fa474887 command_id=52bd587d82f398ddf109d00c412f12ba4363483adeb9279f6df727fd95f161d7 outcome=RETRYABLE cause=MQCLIENTEXCEPTION
2026-08-11T11:13:11.763+08:00 INFO  d.f.m.outbox.OutboxDispatcher request_id= idempotency_key= order_id= user_id= sku_id= payment_tx= - Outbox publication deferred outbox_id=85f02120-5b6e-41e1-8ada-37c870bbff01 command_id=d109e52079b2c43954f200ea58df8ca8a70af9b774c83f9e8802e05a22f751e5 outcome=RETRYABLE cause=MQCLIENTEXCEPTION
2026-08-11T11:13:11.766+08:00 INFO  d.f.m.outbox.OutboxDispatcher request_id= idempotency_key= order_id= user_id= sku_id= payment_tx= - Outbox publication deferred outbox_id=e7c3c352-4fb7-403a-a72f-e6224d64f841 command_id=1b25cd58b79edebc8a6187c722511ba69498483e8dece716eb1782865760c287 outcome=RETRYABLE cause=MQCLIENTEXCEPTION
2026-08-11T11:13:11.772+08:00 INFO  d.f.m.outbox.OutboxDispatcher request_id= idempotency_key= order_id= user_id= sku_id= payment_tx= - Outbox publication deferred outbox_id=262168ae-9e1b-4404-a4db-2b1bec15ff32 command_id=0c7aa41f0d18f403e7638455d22a4d598ea88c807702c7fc26884a0cad9e0559 outcome=RETRYABLE cause=MQCLIENTEXCEPTION
2026-08-11T11:13:11.891+08:00 INFO  d.f.m.outbox.OutboxDispatcher request_id= idempotency_key= order_id= user_id= sku_id= payment_tx= - Outbox publication deferred outbox_id=e9cf4404-e334-4f61-b833-386cae86f389 command_id=016cee1aee6c2c899bef6b3dcfd6a8bc962a41b423147b0dde0637ec9920c7be outcome=RETRYABLE cause=MQCLIENTEXCEPTION
2026-08-11T11:13:12.536+08:00 INFO  d.f.m.outbox.OutboxDispatcher request_id= idempotency_key= order_id= user_id= sku_id= payment_tx= - Outbox publication deferred outbox_id=8b011284-2e5d-4946-9308-10ca53c10d77 command_id=f5ebc4a6fd079994b0c87ded00058d8925c10861b14aa44d8416e7cf91230933 outcome=RETRYABLE cause=MQCLIENTEXCEPTION
2026-08-11T11:13:12.539+08:00 INFO  d.f.m.outbox.OutboxDispatcher request_id= idempotency_key= order_id= user_id= sku_id= payment_tx= - Outbox publication deferred outbox_id=9ab296e0-fbb3-4dce-be11-c33ff62a0ad4 command_id=67416ec44aebe78ee1a52cb7ec4f9fc91b724bdc678ac19870e350e3130b8847 outcome=RETRYABLE cause=MQCLIENTEXCEPTION
2026-08-11T11:13:12.542+08:00 INFO  d.f.m.outbox.OutboxDispatcher request_id= idempotency_key= order_id= user_id= sku_id= payment_tx= - Outbox publication deferred outbox_id=612660b9-ee70-4cec-b8f3-d2fa22da391a command_id=dbe557affdecdc5ea134721b562556e24614eee0d48b6f50bb557bdac75beb5e outcome=RETRYABLE cause=MQCLIENTEXCEPTION
2026-08-11T11:13:12.544+08:00 INFO  d.f.m.outbox.OutboxDispatcher request_id= idempotency_key= order_id= user_id= sku_id= payment_tx= - Outbox publication deferred outbox_id=228f96ca-387c-4cee-a16d-ea92ea5e11d9 command_id=c475f18b2182724a7220ac3f590697b1282da4bc9019dea906f22fd3876818dc outcome=RETRYABLE cause=MQCLIENTEXCEPTION
2026-08-11T11:13:12.659+08:00 INFO  d.f.m.outbox.OutboxDispatcher request_id= idempotency_key= order_id= user_id= sku_id= payment_tx= - Outbox publication deferred outbox_id=dc445a73-c44d-4447-8b6a-e3b53e4549ac command_id=7088fd023c485e51130e2075fe9c0888718cc4d2456df8e170dca0bbd2ac8900 outcome=RETRYABLE cause=MQCLIENTEXCEPTION
2026-08-11T11:13:12.662+08:00 INFO  d.f.m.outbox.OutboxDispatcher request_id= idempotency_key= order_id= user_id= sku_id= payment_tx= - Outbox publication deferred outbox_id=b0917ce7-1f18-42fb-915f-0012e7a9280a command_id=1920b12c9f63713bcc4a9b53f1dbc4c095b760525a1b83d1c04857243fcf9f55 outcome=RETRYABLE cause=MQCLIENTEXCEPTION
2026-08-11T11:13:12.664+08:00 INFO  d.f.m.outbox.OutboxDispatcher request_id= idempotency_key= order_id= user_id= sku_id= payment_tx= - Outbox publication deferred outbox_id=95a25712-f438-4333-9e0e-cdd18b218bf6 command_id=8f05d4fc350da3a38dce7727d5dceb258a8e28984427b6080564d19e7503b20f outcome=RETRYABLE cause=MQCLIENTEXCEPTION
2026-08-11T11:13:12.781+08:00 INFO  d.f.m.outbox.OutboxDispatcher request_id= idempotency_key= order_id= user_id= sku_id= payment_tx= - Outbox publication deferred outbox_id=6fce759d-cfa2-468d-be8e-3d90fa474887 command_id=52bd587d82f398ddf109d00c412f12ba4363483adeb9279f6df727fd95f161d7 outcome=RETRYABLE cause=MQCLIENTEXCEPTION
2026-08-11T11:13:12.784+08:00 INFO  d.f.m.outbox.OutboxDispatcher request_id= idempotency_key= order_id= user_id= sku_id= payment_tx= - Outbox publication deferred outbox_id=85f02120-5b6e-41e1-8ada-37c870bbff01 command_id=d109e52079b2c43954f200ea58df8ca8a70af9b774c83f9e8802e05a22f751e5 outcome=RETRYABLE cause=MQCLIENTEXCEPTION
2026-08-11T11:13:12.787+08:00 INFO  d.f.m.outbox.OutboxDispatcher request_id= idempotency_key= order_id= user_id= sku_id= payment_tx= - Outbox publication deferred outbox_id=e7c3c352-4fb7-403a-a72f-e6224d64f841 command_id=1b25cd58b79edebc8a6187c722511ba69498483e8dece716eb1782865760c287 outcome=RETRYABLE cause=MQCLIENTEXCEPTION
2026-08-11T11:13:12.789+08:00 INFO  d.f.m.outbox.OutboxDispatcher request_id= idempotency_key= order_id= user_id= sku_id= payment_tx= - Outbox publication deferred outbox_id=262168ae-9e1b-4404-a4db-2b1bec15ff32 command_id=0c7aa41f0d18f403e7638455d22a4d598ea88c807702c7fc26884a0cad9e0559 outcome=RETRYABLE cause=MQCLIENTEXCEPTION
2026-08-11T11:13:12.902+08:00 INFO  d.f.m.outbox.OutboxDispatcher request_id= idempotency_key= order_id= user_id= sku_id= payment_tx= - Outbox publication deferred outbox_id=e9cf4404-e334-4f61-b833-386cae86f389 command_id=016cee1aee6c2c899bef6b3dcfd6a8bc962a41b423147b0dde0637ec9920c7be outcome=RETRYABLE cause=MQCLIENTEXCEPTION
2026-08-11T11:13:13.562+08:00 INFO  d.f.m.outbox.OutboxDispatcher request_id= idempotency_key= order_id= user_id= sku_id= payment_tx= - Outbox publication deferred outbox_id=8b011284-2e5d-4946-9308-10ca53c10d77 command_id=f5ebc4a6fd079994b0c87ded00058d8925c10861b14aa44d8416e7cf91230933 outcome=RETRYABLE cause=MQCLIENTEXCEPTION
2026-08-11T11:13:13.564+08:00 INFO  d.f.m.outbox.OutboxDispatcher request_id= idempotency_key= order_id= user_id= sku_id= payment_tx= - Outbox publication deferred outbox_id=9ab296e0-fbb3-4dce-be11-c33ff62a0ad4 command_id=67416ec44aebe78ee1a52cb7ec4f9fc91b724bdc678ac19870e350e3130b8847 outcome=RETRYABLE cause=MQCLIENTEXCEPTION
2026-08-11T11:13:13.566+08:00 INFO  d.f.m.outbox.OutboxDispatcher request_id= idempotency_key= order_id= user_id= sku_id= payment_tx= - Outbox publication deferred outbox_id=612660b9-ee70-4cec-b8f3-d2fa22da391a command_id=dbe557affdecdc5ea134721b562556e24614eee0d48b6f50bb557bdac75beb5e outcome=RETRYABLE cause=MQCLIENTEXCEPTION
2026-08-11T11:13:13.568+08:00 INFO  d.f.m.outbox.OutboxDispatcher request_id= idempotency_key= order_id= user_id= sku_id= payment_tx= - Outbox publication deferred outbox_id=228f96ca-387c-4cee-a16d-ea92ea5e11d9 command_id=c475f18b2182724a7220ac3f590697b1282da4bc9019dea906f22fd3876818dc outcome=RETRYABLE cause=MQCLIENTEXCEPTION
2026-08-11T11:13:13.683+08:00 INFO  d.f.m.outbox.OutboxDispatcher request_id= idempotency_key= order_id= user_id= sku_id= payment_tx= - Outbox publication deferred outbox_id=dc445a73-c44d-4447-8b6a-e3b53e4549ac command_id=7088fd023c485e51130e2075fe9c0888718cc4d2456df8e170dca0bbd2ac8900 outcome=RETRYABLE cause=MQCLIENTEXCEPTION
2026-08-11T11:13:13.687+08:00 INFO  d.f.m.outbox.OutboxDispatcher request_id= idempotency_key= order_id= user_id= sku_id= payment_tx= - Outbox publication deferred outbox_id=b0917ce7-1f18-42fb-915f-0012e7a9280a command_id=1920b12c9f63713bcc4a9b53f1dbc4c095b760525a1b83d1c04857243fcf9f55 outcome=RETRYABLE cause=MQCLIENTEXCEPTION
2026-08-11T11:13:13.690+08:00 INFO  d.f.m.outbox.OutboxDispatcher request_id= idempotency_key= order_id= user_id= sku_id= payment_tx= - Outbox publication deferred outbox_id=95a25712-f438-4333-9e0e-cdd18b218bf6 command_id=8f05d4fc350da3a38dce7727d5dceb258a8e28984427b6080564d19e7503b20f outcome=RETRYABLE cause=MQCLIENTEXCEPTION
2026-08-11T11:13:13.805+08:00 INFO  d.f.m.outbox.OutboxDispatcher request_id= idempotency_key= order_id= user_id= sku_id= payment_tx= - Outbox publication deferred outbox_id=6fce759d-cfa2-468d-be8e-3d90fa474887 command_id=52bd587d82f398ddf109d00c412f12ba4363483adeb9279f6df727fd95f161d7 outcome=RETRYABLE cause=MQCLIENTEXCEPTION
2026-08-11T11:13:13.808+08:00 INFO  d.f.m.outbox.OutboxDispatcher request_id= idempotency_key= order_id= user_id= sku_id= payment_tx= - Outbox publication deferred outbox_id=85f02120-5b6e-41e1-8ada-37c870bbff01 command_id=d109e52079b2c43954f200ea58df8ca8a70af9b774c83f9e8802e05a22f751e5 outcome=RETRYABLE cause=MQCLIENTEXCEPTION
2026-08-11T11:13:13.810+08:00 INFO  d.f.m.outbox.OutboxDispatcher request_id= idempotency_key= order_id= user_id= sku_id= payment_tx= - Outbox publication deferred outbox_id=e7c3c352-4fb7-403a-a72f-e6224d64f841 command_id=1b25cd58b79edebc8a6187c722511ba69498483e8dece716eb1782865760c287 outcome=RETRYABLE cause=MQCLIENTEXCEPTION
2026-08-11T11:13:13.813+08:00 INFO  d.f.m.outbox.OutboxDispatcher request_id= idempotency_key= order_id= user_id= sku_id= payment_tx= - Outbox publication deferred outbox_id=262168ae-9e1b-4404-a4db-2b1bec15ff32 command_id=0c7aa41f0d18f403e7638455d22a4d598ea88c807702c7fc26884a0cad9e0559 outcome=RETRYABLE cause=MQCLIENTEXCEPTION
2026-08-11T11:13:13.925+08:00 INFO  d.f.m.outbox.OutboxDispatcher request_id= idempotency_key= order_id= user_id= sku_id= payment_tx= - Outbox publication deferred outbox_id=e9cf4404-e334-4f61-b833-386cae86f389 command_id=016cee1aee6c2c899bef6b3dcfd6a8bc962a41b423147b0dde0637ec9920c7be outcome=RETRYABLE cause=MQCLIENTEXCEPTION
2026-08-11T11:13:14.677+08:00 INFO  d.f.m.outbox.OutboxDispatcher request_id= idempotency_key= order_id= user_id= sku_id= payment_tx= - Outbox publication deferred outbox_id=8b011284-2e5d-4946-9308-10ca53c10d77 command_id=f5ebc4a6fd079994b0c87ded00058d8925c10861b14aa44d8416e7cf91230933 outcome=RETRYABLE cause=MQCLIENTEXCEPTION
2026-08-11T11:13:14.680+08:00 INFO  d.f.m.outbox.OutboxDispatcher request_id= idempotency_key= order_id= user_id= sku_id= payment_tx= - Outbox publication deferred outbox_id=9ab296e0-fbb3-4dce-be11-c33ff62a0ad4 command_id=67416ec44aebe78ee1a52cb7ec4f9fc91b724bdc678ac19870e350e3130b8847 outcome=RETRYABLE cause=MQCLIENTEXCEPTION
2026-08-11T11:13:14.683+08:00 INFO  d.f.m.outbox.OutboxDispatcher request_id= idempotency_key= order_id= user_id= sku_id= payment_tx= - Outbox publication deferred outbox_id=612660b9-ee70-4cec-b8f3-d2fa22da391a command_id=dbe557affdecdc5ea134721b562556e24614eee0d48b6f50bb557bdac75beb5e outcome=RETRYABLE cause=MQCLIENTEXCEPTION
2026-08-11T11:13:14.686+08:00 INFO  d.f.m.outbox.OutboxDispatcher request_id= idempotency_key= order_id= user_id= sku_id= payment_tx= - Outbox publication deferred outbox_id=228f96ca-387c-4cee-a16d-ea92ea5e11d9 command_id=c475f18b2182724a7220ac3f590697b1282da4bc9019dea906f22fd3876818dc outcome=RETRYABLE cause=MQCLIENTEXCEPTION
2026-08-11T11:13:14.804+08:00 INFO  d.f.m.outbox.OutboxDispatcher request_id= idempotency_key= order_id= user_id= sku_id= payment_tx= - Outbox publication deferred outbox_id=dc445a73-c44d-4447-8b6a-e3b53e4549ac command_id=7088fd023c485e51130e2075fe9c0888718cc4d2456df8e170dca0bbd2ac8900 outcome=RETRYABLE cause=MQCLIENTEXCEPTION
2026-08-11T11:13:14.807+08:00 INFO  d.f.m.outbox.OutboxDispatcher request_id= idempotency_key= order_id= user_id= sku_id= payment_tx= - Outbox publication deferred outbox_id=b0917ce7-1f18-42fb-915f-0012e7a9280a command_id=1920b12c9f63713bcc4a9b53f1dbc4c095b760525a1b83d1c04857243fcf9f55 outcome=RETRYABLE cause=MQCLIENTEXCEPTION
2026-08-11T11:13:14.810+08:00 INFO  d.f.m.outbox.OutboxDispatcher request_id= idempotency_key= order_id= user_id= sku_id= payment_tx= - Outbox publication deferred outbox_id=95a25712-f438-4333-9e0e-cdd18b218bf6 command_id=8f05d4fc350da3a38dce7727d5dceb258a8e28984427b6080564d19e7503b20f outcome=RETRYABLE cause=MQCLIENTEXCEPTION
2026-08-11T11:13:14.923+08:00 INFO  d.f.m.outbox.OutboxDispatcher request_id= idempotency_key= order_id= user_id= sku_id= payment_tx= - Outbox publication deferred outbox_id=6fce759d-cfa2-468d-be8e-3d90fa474887 command_id=52bd587d82f398ddf109d00c412f12ba4363483adeb9279f6df727fd95f161d7 outcome=RETRYABLE cause=MQCLIENTEXCEPTION
2026-08-11T11:13:14.926+08:00 INFO  d.f.m.outbox.OutboxDispatcher request_id= idempotency_key= order_id= user_id= sku_id= payment_tx= - Outbox publication deferred outbox_id=85f02120-5b6e-41e1-8ada-37c870bbff01 command_id=d109e52079b2c43954f200ea58df8ca8a70af9b774c83f9e8802e05a22f751e5 outcome=RETRYABLE cause=MQCLIENTEXCEPTION
2026-08-11T11:13:14.929+08:00 INFO  d.f.m.outbox.OutboxDispatcher request_id= idempotency_key= order_id= user_id= sku_id= payment_tx= - Outbox publication deferred outbox_id=e7c3c352-4fb7-403a-a72f-e6224d64f841 command_id=1b25cd58b79edebc8a6187c722511ba69498483e8dece716eb1782865760c287 outcome=RETRYABLE cause=MQCLIENTEXCEPTION
2026-08-11T11:13:14.932+08:00 INFO  d.f.m.outbox.OutboxDispatcher request_id= idempotency_key= order_id= user_id= sku_id= payment_tx= - Outbox publication deferred outbox_id=262168ae-9e1b-4404-a4db-2b1bec15ff32 command_id=0c7aa41f0d18f403e7638455d22a4d598ea88c807702c7fc26884a0cad9e0559 outcome=RETRYABLE cause=MQCLIENTEXCEPTION
2026-08-11T11:13:15.047+08:00 INFO  d.f.m.outbox.OutboxDispatcher request_id= idempotency_key= order_id= user_id= sku_id= payment_tx= - Outbox publication deferred outbox_id=e9cf4404-e334-4f61-b833-386cae86f389 command_id=016cee1aee6c2c899bef6b3dcfd6a8bc962a41b423147b0dde0637ec9920c7be outcome=RETRYABLE cause=MQCLIENTEXCEPTION
2026-08-11T11:13:15.689+08:00 INFO  d.f.m.outbox.OutboxDispatcher request_id= idempotency_key= order_id= user_id= sku_id= payment_tx= - Outbox publication deferred outbox_id=8b011284-2e5d-4946-9308-10ca53c10d77 command_id=f5ebc4a6fd079994b0c87ded00058d8925c10861b14aa44d8416e7cf91230933 outcome=RETRYABLE cause=MQCLIENTEXCEPTION
2026-08-11T11:13:15.691+08:00 INFO  d.f.m.outbox.OutboxDispatcher request_id= idempotency_key= order_id= user_id= sku_id= payment_tx= - Outbox publication deferred outbox_id=9ab296e0-fbb3-4dce-be11-c33ff62a0ad4 command_id=67416ec44aebe78ee1a52cb7ec4f9fc91b724bdc678ac19870e350e3130b8847 outcome=RETRYABLE cause=MQCLIENTEXCEPTION
2026-08-11T11:13:15.805+08:00 INFO  d.f.m.outbox.OutboxDispatcher request_id= idempotency_key= order_id= user_id= sku_id= payment_tx= - Outbox publication deferred outbox_id=612660b9-ee70-4cec-b8f3-d2fa22da391a command_id=dbe557affdecdc5ea134721b562556e24614eee0d48b6f50bb557bdac75beb5e outcome=RETRYABLE cause=MQCLIENTEXCEPTION
2026-08-11T11:13:15.808+08:00 INFO  d.f.m.outbox.OutboxDispatcher request_id= idempotency_key= order_id= user_id= sku_id= payment_tx= - Outbox publication deferred outbox_id=228f96ca-387c-4cee-a16d-ea92ea5e11d9 command_id=c475f18b2182724a7220ac3f590697b1282da4bc9019dea906f22fd3876818dc outcome=RETRYABLE cause=MQCLIENTEXCEPTION
2026-08-11T11:13:15.923+08:00 INFO  d.f.m.outbox.OutboxDispatcher request_id= idempotency_key= order_id= user_id= sku_id= payment_tx= - Outbox publication deferred outbox_id=dc445a73-c44d-4447-8b6a-e3b53e4549ac command_id=7088fd023c485e51130e2075fe9c0888718cc4d2456df8e170dca0bbd2ac8900 outcome=RETRYABLE cause=MQCLIENTEXCEPTION
2026-08-11T11:13:15.926+08:00 INFO  d.f.m.outbox.OutboxDispatcher request_id= idempotency_key= order_id= user_id= sku_id= payment_tx= - Outbox publication deferred outbox_id=b0917ce7-1f18-42fb-915f-0012e7a9280a command_id=1920b12c9f63713bcc4a9b53f1dbc4c095b760525a1b83d1c04857243fcf9f55 outcome=RETRYABLE cause=MQCLIENTEXCEPTION
2026-08-11T11:13:15.930+08:00 INFO  d.f.m.outbox.OutboxDispatcher request_id= idempotency_key= order_id= user_id= sku_id= payment_tx= - Outbox publication deferred outbox_id=95a25712-f438-4333-9e0e-cdd18b218bf6 command_id=8f05d4fc350da3a38dce7727d5dceb258a8e28984427b6080564d19e7503b20f outcome=RETRYABLE cause=MQCLIENTEXCEPTION
2026-08-11T11:13:16.047+08:00 INFO  d.f.m.outbox.OutboxDispatcher request_id= idempotency_key= order_id= user_id= sku_id= payment_tx= - Outbox publication deferred outbox_id=6fce759d-cfa2-468d-be8e-3d90fa474887 command_id=52bd587d82f398ddf109d00c412f12ba4363483adeb9279f6df727fd95f161d7 outcome=RETRYABLE cause=MQCLIENTEXCEPTION
2026-08-11T11:13:16.049+08:00 INFO  d.f.m.outbox.OutboxDispatcher request_id= idempotency_key= order_id= user_id= sku_id= payment_tx= - Outbox publication deferred outbox_id=85f02120-5b6e-41e1-8ada-37c870bbff01 command_id=d109e52079b2c43954f200ea58df8ca8a70af9b774c83f9e8802e05a22f751e5 outcome=RETRYABLE cause=MQCLIENTEXCEPTION
2026-08-11T11:13:16.052+08:00 INFO  d.f.m.outbox.OutboxDispatcher request_id= idempotency_key= order_id= user_id= sku_id= payment_tx= - Outbox publication deferred outbox_id=e7c3c352-4fb7-403a-a72f-e6224d64f841 command_id=1b25cd58b79edebc8a6187c722511ba69498483e8dece716eb1782865760c287 outcome=RETRYABLE cause=MQCLIENTEXCEPTION
2026-08-11T11:13:16.054+08:00 INFO  d.f.m.outbox.OutboxDispatcher request_id= idempotency_key= order_id= user_id= sku_id= payment_tx= - Outbox publication deferred outbox_id=262168ae-9e1b-4404-a4db-2b1bec15ff32 command_id=0c7aa41f0d18f403e7638455d22a4d598ea88c807702c7fc26884a0cad9e0559 outcome=RETRYABLE cause=MQCLIENTEXCEPTION
2026-08-11T11:13:16.166+08:00 INFO  d.f.m.outbox.OutboxDispatcher request_id= idempotency_key= order_id= user_id= sku_id= payment_tx= - Outbox publication deferred outbox_id=e9cf4404-e334-4f61-b833-386cae86f389 command_id=016cee1aee6c2c899bef6b3dcfd6a8bc962a41b423147b0dde0637ec9920c7be outcome=RETRYABLE cause=MQCLIENTEXCEPTION
2026-08-11T11:13:16.703+08:00 INFO  d.f.m.outbox.OutboxDispatcher request_id= idempotency_key= order_id= user_id= sku_id= payment_tx= - Outbox publication deferred outbox_id=8b011284-2e5d-4946-9308-10ca53c10d77 command_id=f5ebc4a6fd079994b0c87ded00058d8925c10861b14aa44d8416e7cf91230933 outcome=RETRYABLE cause=MQCLIENTEXCEPTION
2026-08-11T11:13:16.706+08:00 INFO  d.f.m.outbox.OutboxDispatcher request_id= idempotency_key= order_id= user_id= sku_id= payment_tx= - Outbox publication deferred outbox_id=9ab296e0-fbb3-4dce-be11-c33ff62a0ad4 command_id=67416ec44aebe78ee1a52cb7ec4f9fc91b724bdc678ac19870e350e3130b8847 outcome=RETRYABLE cause=MQCLIENTEXCEPTION
2026-08-11T11:13:16.833+08:00 INFO  d.f.m.outbox.OutboxDispatcher request_id= idempotency_key= order_id= user_id= sku_id= payment_tx= - Outbox publication deferred outbox_id=612660b9-ee70-4cec-b8f3-d2fa22da391a command_id=dbe557affdecdc5ea134721b562556e24614eee0d48b6f50bb557bdac75beb5e outcome=RETRYABLE cause=MQCLIENTEXCEPTION
2026-08-11T11:13:16.843+08:00 INFO  d.f.m.outbox.OutboxDispatcher request_id= idempotency_key= order_id= user_id= sku_id= payment_tx= - Outbox publication deferred outbox_id=228f96ca-387c-4cee-a16d-ea92ea5e11d9 command_id=c475f18b2182724a7220ac3f590697b1282da4bc9019dea906f22fd3876818dc outcome=RETRYABLE cause=MQCLIENTEXCEPTION
2026-08-11T11:13:16.961+08:00 INFO  d.f.m.outbox.OutboxDispatcher request_id= idempotency_key= order_id= user_id= sku_id= payment_tx= - Outbox publication deferred outbox_id=dc445a73-c44d-4447-8b6a-e3b53e4549ac command_id=7088fd023c485e51130e2075fe9c0888718cc4d2456df8e170dca0bbd2ac8900 outcome=RETRYABLE cause=MQCLIENTEXCEPTION
2026-08-11T11:13:16.966+08:00 INFO  d.f.m.outbox.OutboxDispatcher request_id= idempotency_key= order_id= user_id= sku_id= payment_tx= - Outbox publication deferred outbox_id=b0917ce7-1f18-42fb-915f-0012e7a9280a command_id=1920b12c9f63713bcc4a9b53f1dbc4c095b760525a1b83d1c04857243fcf9f55 outcome=RETRYABLE cause=MQCLIENTEXCEPTION
2026-08-11T11:13:16.971+08:00 INFO  d.f.m.outbox.OutboxDispatcher request_id= idempotency_key= order_id= user_id= sku_id= payment_tx= - Outbox publication deferred outbox_id=95a25712-f438-4333-9e0e-cdd18b218bf6 command_id=8f05d4fc350da3a38dce7727d5dceb258a8e28984427b6080564d19e7503b20f outcome=RETRYABLE cause=MQCLIENTEXCEPTION
2026-08-11T11:13:17.089+08:00 INFO  d.f.m.outbox.OutboxDispatcher request_id= idempotency_key= order_id= user_id= sku_id= payment_tx= - Outbox publication deferred outbox_id=6fce759d-cfa2-468d-be8e-3d90fa474887 command_id=52bd587d82f398ddf109d00c412f12ba4363483adeb9279f6df727fd95f161d7 outcome=RETRYABLE cause=MQCLIENTEXCEPTION
2026-08-11T11:13:17.092+08:00 INFO  d.f.m.outbox.OutboxDispatcher request_id= idempotency_key= order_id= user_id= sku_id= payment_tx= - Outbox publication deferred outbox_id=85f02120-5b6e-41e1-8ada-37c870bbff01 command_id=d109e52079b2c43954f200ea58df8ca8a70af9b774c83f9e8802e05a22f751e5 outcome=RETRYABLE cause=MQCLIENTEXCEPTION
2026-08-11T11:13:17.094+08:00 INFO  d.f.m.outbox.OutboxDispatcher request_id= idempotency_key= order_id= user_id= sku_id= payment_tx= - Outbox publication deferred outbox_id=e7c3c352-4fb7-403a-a72f-e6224d64f841 command_id=1b25cd58b79edebc8a6187c722511ba69498483e8dece716eb1782865760c287 outcome=RETRYABLE cause=MQCLIENTEXCEPTION
2026-08-11T11:13:17.096+08:00 INFO  d.f.m.outbox.OutboxDispatcher request_id= idempotency_key= order_id= user_id= sku_id= payment_tx= - Outbox publication deferred outbox_id=262168ae-9e1b-4404-a4db-2b1bec15ff32 command_id=0c7aa41f0d18f403e7638455d22a4d598ea88c807702c7fc26884a0cad9e0559 outcome=RETRYABLE cause=MQCLIENTEXCEPTION
2026-08-11T11:13:17.210+08:00 INFO  d.f.m.outbox.OutboxDispatcher request_id= idempotency_key= order_id= user_id= sku_id= payment_tx= - Outbox publication deferred outbox_id=e9cf4404-e334-4f61-b833-386cae86f389 command_id=016cee1aee6c2c899bef6b3dcfd6a8bc962a41b423147b0dde0637ec9920c7be outcome=RETRYABLE cause=MQCLIENTEXCEPTION
2026-08-11T11:13:17.753+08:00 INFO  d.f.m.outbox.OutboxDispatcher request_id= idempotency_key= order_id= user_id= sku_id= payment_tx= - Outbox publication deferred outbox_id=8b011284-2e5d-4946-9308-10ca53c10d77 command_id=f5ebc4a6fd079994b0c87ded00058d8925c10861b14aa44d8416e7cf91230933 outcome=RETRYABLE cause=MQCLIENTEXCEPTION
2026-08-11T11:13:17.757+08:00 INFO  d.f.m.outbox.OutboxDispatcher request_id= idempotency_key= order_id= user_id= sku_id= payment_tx= - Outbox publication deferred outbox_id=9ab296e0-fbb3-4dce-be11-c33ff62a0ad4 command_id=67416ec44aebe78ee1a52cb7ec4f9fc91b724bdc678ac19870e350e3130b8847 outcome=RETRYABLE cause=MQCLIENTEXCEPTION
2026-08-11T11:13:17.871+08:00 INFO  d.f.m.outbox.OutboxDispatcher request_id= idempotency_key= order_id= user_id= sku_id= payment_tx= - Outbox publication deferred outbox_id=612660b9-ee70-4cec-b8f3-d2fa22da391a command_id=dbe557affdecdc5ea134721b562556e24614eee0d48b6f50bb557bdac75beb5e outcome=RETRYABLE cause=MQCLIENTEXCEPTION
2026-08-11T11:13:17.873+08:00 INFO  d.f.m.outbox.OutboxDispatcher request_id= idempotency_key= order_id= user_id= sku_id= payment_tx= - Outbox publication deferred outbox_id=228f96ca-387c-4cee-a16d-ea92ea5e11d9 command_id=c475f18b2182724a7220ac3f590697b1282da4bc9019dea906f22fd3876818dc outcome=RETRYABLE cause=MQCLIENTEXCEPTION
2026-08-11T11:13:17.986+08:00 INFO  d.f.m.outbox.OutboxDispatcher request_id= idempotency_key= order_id= user_id= sku_id= payment_tx= - Outbox publication deferred outbox_id=dc445a73-c44d-4447-8b6a-e3b53e4549ac command_id=7088fd023c485e51130e2075fe9c0888718cc4d2456df8e170dca0bbd2ac8900 outcome=RETRYABLE cause=MQCLIENTEXCEPTION
2026-08-11T11:13:17.989+08:00 INFO  d.f.m.outbox.OutboxDispatcher request_id= idempotency_key= order_id= user_id= sku_id= payment_tx= - Outbox publication deferred outbox_id=b0917ce7-1f18-42fb-915f-0012e7a9280a command_id=1920b12c9f63713bcc4a9b53f1dbc4c095b760525a1b83d1c04857243fcf9f55 outcome=RETRYABLE cause=MQCLIENTEXCEPTION
2026-08-11T11:13:17.992+08:00 INFO  d.f.m.outbox.OutboxDispatcher request_id= idempotency_key= order_id= user_id= sku_id= payment_tx= - Outbox publication deferred outbox_id=95a25712-f438-4333-9e0e-cdd18b218bf6 command_id=8f05d4fc350da3a38dce7727d5dceb258a8e28984427b6080564d19e7503b20f outcome=RETRYABLE cause=MQCLIENTEXCEPTION
2026-08-11T11:13:18.106+08:00 INFO  d.f.m.outbox.OutboxDispatcher request_id= idempotency_key= order_id= user_id= sku_id= payment_tx= - Outbox publication deferred outbox_id=6fce759d-cfa2-468d-be8e-3d90fa474887 command_id=52bd587d82f398ddf109d00c412f12ba4363483adeb9279f6df727fd95f161d7 outcome=RETRYABLE cause=MQCLIENTEXCEPTION
2026-08-11T11:13:18.107+08:00 INFO  d.f.m.outbox.OutboxDispatcher request_id= idempotency_key= order_id= user_id= sku_id= payment_tx= - Outbox publication deferred outbox_id=85f02120-5b6e-41e1-8ada-37c870bbff01 command_id=d109e52079b2c43954f200ea58df8ca8a70af9b774c83f9e8802e05a22f751e5 outcome=RETRYABLE cause=MQCLIENTEXCEPTION
2026-08-11T11:13:18.109+08:00 INFO  d.f.m.outbox.OutboxDispatcher request_id= idempotency_key= order_id= user_id= sku_id= payment_tx= - Outbox publication deferred outbox_id=e7c3c352-4fb7-403a-a72f-e6224d64f841 command_id=1b25cd58b79edebc8a6187c722511ba69498483e8dece716eb1782865760c287 outcome=RETRYABLE cause=MQCLIENTEXCEPTION
2026-08-11T11:13:18.111+08:00 INFO  d.f.m.outbox.OutboxDispatcher request_id= idempotency_key= order_id= user_id= sku_id= payment_tx= - Outbox publication deferred outbox_id=262168ae-9e1b-4404-a4db-2b1bec15ff32 command_id=0c7aa41f0d18f403e7638455d22a4d598ea88c807702c7fc26884a0cad9e0559 outcome=RETRYABLE cause=MQCLIENTEXCEPTION
2026-08-11T11:13:18.222+08:00 INFO  d.f.m.outbox.OutboxDispatcher request_id= idempotency_key= order_id= user_id= sku_id= payment_tx= - Outbox publication deferred outbox_id=e9cf4404-e334-4f61-b833-386cae86f389 command_id=016cee1aee6c2c899bef6b3dcfd6a8bc962a41b423147b0dde0637ec9920c7be outcome=RETRYABLE cause=MQCLIENTEXCEPTION
2026-08-11T11:13:18.764+08:00 INFO  d.f.m.outbox.OutboxDispatcher request_id= idempotency_key= order_id= user_id= sku_id= payment_tx= - Outbox publication deferred outbox_id=8b011284-2e5d-4946-9308-10ca53c10d77 command_id=f5ebc4a6fd079994b0c87ded00058d8925c10861b14aa44d8416e7cf91230933 outcome=RETRYABLE cause=MQCLIENTEXCEPTION
2026-08-11T11:13:18.766+08:00 INFO  d.f.m.outbox.OutboxDispatcher request_id= idempotency_key= order_id= user_id= sku_id= payment_tx= - Outbox publication deferred outbox_id=9ab296e0-fbb3-4dce-be11-c33ff62a0ad4 command_id=67416ec44aebe78ee1a52cb7ec4f9fc91b724bdc678ac19870e350e3130b8847 outcome=RETRYABLE cause=MQCLIENTEXCEPTION
2026-08-11T11:13:18.877+08:00 INFO  d.f.m.outbox.OutboxDispatcher request_id= idempotency_key= order_id= user_id= sku_id= payment_tx= - Outbox publication deferred outbox_id=612660b9-ee70-4cec-b8f3-d2fa22da391a command_id=dbe557affdecdc5ea134721b562556e24614eee0d48b6f50bb557bdac75beb5e outcome=RETRYABLE cause=MQCLIENTEXCEPTION
2026-08-11T11:13:18.986+08:00 INFO  d.f.m.outbox.OutboxDispatcher request_id= idempotency_key= order_id= user_id= sku_id= payment_tx= - Outbox publication deferred outbox_id=228f96ca-387c-4cee-a16d-ea92ea5e11d9 command_id=c475f18b2182724a7220ac3f590697b1282da4bc9019dea906f22fd3876818dc outcome=RETRYABLE cause=MQCLIENTEXCEPTION
2026-08-11T11:13:19.103+08:00 INFO  d.f.m.outbox.OutboxDispatcher request_id= idempotency_key= order_id= user_id= sku_id= payment_tx= - Outbox publication deferred outbox_id=dc445a73-c44d-4447-8b6a-e3b53e4549ac command_id=7088fd023c485e51130e2075fe9c0888718cc4d2456df8e170dca0bbd2ac8900 outcome=RETRYABLE cause=MQCLIENTEXCEPTION
2026-08-11T11:13:19.106+08:00 INFO  d.f.m.outbox.OutboxDispatcher request_id= idempotency_key= order_id= user_id= sku_id= payment_tx= - Outbox publication deferred outbox_id=b0917ce7-1f18-42fb-915f-0012e7a9280a command_id=1920b12c9f63713bcc4a9b53f1dbc4c095b760525a1b83d1c04857243fcf9f55 outcome=RETRYABLE cause=MQCLIENTEXCEPTION
2026-08-11T11:13:19.109+08:00 INFO  d.f.m.outbox.OutboxDispatcher request_id= idempotency_key= order_id= user_id= sku_id= payment_tx= - Outbox publication deferred outbox_id=95a25712-f438-4333-9e0e-cdd18b218bf6 command_id=8f05d4fc350da3a38dce7727d5dceb258a8e28984427b6080564d19e7503b20f outcome=RETRYABLE cause=MQCLIENTEXCEPTION
2026-08-11T11:13:19.224+08:00 INFO  d.f.m.outbox.OutboxDispatcher request_id= idempotency_key= order_id= user_id= sku_id= payment_tx= - Outbox publication deferred outbox_id=6fce759d-cfa2-468d-be8e-3d90fa474887 command_id=52bd587d82f398ddf109d00c412f12ba4363483adeb9279f6df727fd95f161d7 outcome=RETRYABLE cause=MQCLIENTEXCEPTION
2026-08-11T11:13:19.226+08:00 INFO  d.f.m.outbox.OutboxDispatcher request_id= idempotency_key= order_id= user_id= sku_id= payment_tx= - Outbox publication deferred outbox_id=85f02120-5b6e-41e1-8ada-37c870bbff01 command_id=d109e52079b2c43954f200ea58df8ca8a70af9b774c83f9e8802e05a22f751e5 outcome=RETRYABLE cause=MQCLIENTEXCEPTION
2026-08-11T11:13:19.228+08:00 INFO  d.f.m.outbox.OutboxDispatcher request_id= idempotency_key= order_id= user_id= sku_id= payment_tx= - Outbox publication deferred outbox_id=e7c3c352-4fb7-403a-a72f-e6224d64f841 command_id=1b25cd58b79edebc8a6187c722511ba69498483e8dece716eb1782865760c287 outcome=RETRYABLE cause=MQCLIENTEXCEPTION
2026-08-11T11:13:19.231+08:00 INFO  d.f.m.outbox.OutboxDispatcher request_id= idempotency_key= order_id= user_id= sku_id= payment_tx= - Outbox publication deferred outbox_id=262168ae-9e1b-4404-a4db-2b1bec15ff32 command_id=0c7aa41f0d18f403e7638455d22a4d598ea88c807702c7fc26884a0cad9e0559 outcome=RETRYABLE cause=MQCLIENTEXCEPTION
2026-08-11T11:13:19.342+08:00 INFO  d.f.m.outbox.OutboxDispatcher request_id= idempotency_key= order_id= user_id= sku_id= payment_tx= - Outbox publication deferred outbox_id=e9cf4404-e334-4f61-b833-386cae86f389 command_id=016cee1aee6c2c899bef6b3dcfd6a8bc962a41b423147b0dde0637ec9920c7be outcome=RETRYABLE cause=MQCLIENTEXCEPTION
2026-08-11T11:13:19.775+08:00 INFO  d.f.m.outbox.OutboxDispatcher request_id= idempotency_key= order_id= user_id= sku_id= payment_tx= - Outbox publication deferred outbox_id=8b011284-2e5d-4946-9308-10ca53c10d77 command_id=f5ebc4a6fd079994b0c87ded00058d8925c10861b14aa44d8416e7cf91230933 outcome=RETRYABLE cause=MQCLIENTEXCEPTION
2026-08-11T11:13:19.778+08:00 INFO  d.f.m.outbox.OutboxDispatcher request_id= idempotency_key= order_id= user_id= sku_id= payment_tx= - Outbox publication deferred outbox_id=9ab296e0-fbb3-4dce-be11-c33ff62a0ad4 command_id=67416ec44aebe78ee1a52cb7ec4f9fc91b724bdc678ac19870e350e3130b8847 outcome=RETRYABLE cause=MQCLIENTEXCEPTION
2026-08-11T11:13:19.890+08:00 INFO  d.f.m.outbox.OutboxDispatcher request_id= idempotency_key= order_id= user_id= sku_id= payment_tx= - Outbox publication deferred outbox_id=612660b9-ee70-4cec-b8f3-d2fa22da391a command_id=dbe557affdecdc5ea134721b562556e24614eee0d48b6f50bb557bdac75beb5e outcome=RETRYABLE cause=MQCLIENTEXCEPTION
2026-08-11T11:13:20.003+08:00 INFO  d.f.m.outbox.OutboxDispatcher request_id= idempotency_key= order_id= user_id= sku_id= payment_tx= - Outbox publication deferred outbox_id=228f96ca-387c-4cee-a16d-ea92ea5e11d9 command_id=c475f18b2182724a7220ac3f590697b1282da4bc9019dea906f22fd3876818dc outcome=RETRYABLE cause=MQCLIENTEXCEPTION
2026-08-11T11:13:20.116+08:00 INFO  d.f.m.outbox.OutboxDispatcher request_id= idempotency_key= order_id= user_id= sku_id= payment_tx= - Outbox publication deferred outbox_id=dc445a73-c44d-4447-8b6a-e3b53e4549ac command_id=7088fd023c485e51130e2075fe9c0888718cc4d2456df8e170dca0bbd2ac8900 outcome=RETRYABLE cause=MQCLIENTEXCEPTION
2026-08-11T11:13:20.122+08:00 INFO  d.f.m.outbox.OutboxDispatcher request_id= idempotency_key= order_id= user_id= sku_id= payment_tx= - Outbox publication deferred outbox_id=b0917ce7-1f18-42fb-915f-0012e7a9280a command_id=1920b12c9f63713bcc4a9b53f1dbc4c095b760525a1b83d1c04857243fcf9f55 outcome=RETRYABLE cause=MQCLIENTEXCEPTION
2026-08-11T11:13:20.240+08:00 INFO  d.f.m.outbox.OutboxDispatcher request_id= idempotency_key= order_id= user_id= sku_id= payment_tx= - Outbox publication deferred outbox_id=95a25712-f438-4333-9e0e-cdd18b218bf6 command_id=8f05d4fc350da3a38dce7727d5dceb258a8e28984427b6080564d19e7503b20f outcome=RETRYABLE cause=MQCLIENTEXCEPTION
2026-08-11T11:13:20.242+08:00 INFO  d.f.m.outbox.OutboxDispatcher request_id= idempotency_key= order_id= user_id= sku_id= payment_tx= - Outbox publication deferred outbox_id=6fce759d-cfa2-468d-be8e-3d90fa474887 command_id=52bd587d82f398ddf109d00c412f12ba4363483adeb9279f6df727fd95f161d7 outcome=RETRYABLE cause=MQCLIENTEXCEPTION
2026-08-11T11:13:20.244+08:00 INFO  d.f.m.outbox.OutboxDispatcher request_id= idempotency_key= order_id= user_id= sku_id= payment_tx= - Outbox publication deferred outbox_id=85f02120-5b6e-41e1-8ada-37c870bbff01 command_id=d109e52079b2c43954f200ea58df8ca8a70af9b774c83f9e8802e05a22f751e5 outcome=RETRYABLE cause=MQCLIENTEXCEPTION
2026-08-11T11:13:20.246+08:00 INFO  d.f.m.outbox.OutboxDispatcher request_id= idempotency_key= order_id= user_id= sku_id= payment_tx= - Outbox publication deferred outbox_id=e7c3c352-4fb7-403a-a72f-e6224d64f841 command_id=1b25cd58b79edebc8a6187c722511ba69498483e8dece716eb1782865760c287 outcome=RETRYABLE cause=MQCLIENTEXCEPTION
2026-08-11T11:13:20.356+08:00 INFO  d.f.m.outbox.OutboxDispatcher request_id= idempotency_key= order_id= user_id= sku_id= payment_tx= - Outbox publication deferred outbox_id=262168ae-9e1b-4404-a4db-2b1bec15ff32 command_id=0c7aa41f0d18f403e7638455d22a4d598ea88c807702c7fc26884a0cad9e0559 outcome=RETRYABLE cause=MQCLIENTEXCEPTION
2026-08-11T11:13:20.359+08:00 INFO  d.f.m.outbox.OutboxDispatcher request_id= idempotency_key= order_id= user_id= sku_id= payment_tx= - Outbox publication deferred outbox_id=e9cf4404-e334-4f61-b833-386cae86f389 command_id=016cee1aee6c2c899bef6b3dcfd6a8bc962a41b423147b0dde0637ec9920c7be outcome=RETRYABLE cause=MQCLIENTEXCEPTION
2026-08-11T11:13:20.794+08:00 INFO  d.f.m.outbox.OutboxDispatcher request_id= idempotency_key= order_id= user_id= sku_id= payment_tx= - Outbox publication deferred outbox_id=8b011284-2e5d-4946-9308-10ca53c10d77 command_id=f5ebc4a6fd079994b0c87ded00058d8925c10861b14aa44d8416e7cf91230933 outcome=RETRYABLE cause=MQCLIENTEXCEPTION
2026-08-11T11:13:20.797+08:00 INFO  d.f.m.outbox.OutboxDispatcher request_id= idempotency_key= order_id= user_id= sku_id= payment_tx= - Outbox publication deferred outbox_id=9ab296e0-fbb3-4dce-be11-c33ff62a0ad4 command_id=67416ec44aebe78ee1a52cb7ec4f9fc91b724bdc678ac19870e350e3130b8847 outcome=RETRYABLE cause=MQCLIENTEXCEPTION
2026-08-11T11:13:20.910+08:00 INFO  d.f.m.outbox.OutboxDispatcher request_id= idempotency_key= order_id= user_id= sku_id= payment_tx= - Outbox publication deferred outbox_id=612660b9-ee70-4cec-b8f3-d2fa22da391a command_id=dbe557affdecdc5ea134721b562556e24614eee0d48b6f50bb557bdac75beb5e outcome=RETRYABLE cause=MQCLIENTEXCEPTION
2026-08-11T11:13:21.022+08:00 INFO  d.f.m.outbox.OutboxDispatcher request_id= idempotency_key= order_id= user_id= sku_id= payment_tx= - Outbox publication deferred outbox_id=228f96ca-387c-4cee-a16d-ea92ea5e11d9 command_id=c475f18b2182724a7220ac3f590697b1282da4bc9019dea906f22fd3876818dc outcome=RETRYABLE cause=MQCLIENTEXCEPTION
2026-08-11T11:13:21.135+08:00 INFO  d.f.m.outbox.OutboxDispatcher request_id= idempotency_key= order_id= user_id= sku_id= payment_tx= - Outbox publication deferred outbox_id=dc445a73-c44d-4447-8b6a-e3b53e4549ac command_id=7088fd023c485e51130e2075fe9c0888718cc4d2456df8e170dca0bbd2ac8900 outcome=RETRYABLE cause=MQCLIENTEXCEPTION
2026-08-11T11:13:21.137+08:00 INFO  d.f.m.outbox.OutboxDispatcher request_id= idempotency_key= order_id= user_id= sku_id= payment_tx= - Outbox publication deferred outbox_id=b0917ce7-1f18-42fb-915f-0012e7a9280a command_id=1920b12c9f63713bcc4a9b53f1dbc4c095b760525a1b83d1c04857243fcf9f55 outcome=RETRYABLE cause=MQCLIENTEXCEPTION
2026-08-11T11:13:21.245+08:00 INFO  d.f.m.outbox.OutboxDispatcher request_id= idempotency_key= order_id= user_id= sku_id= payment_tx= - Outbox publication deferred outbox_id=95a25712-f438-4333-9e0e-cdd18b218bf6 command_id=8f05d4fc350da3a38dce7727d5dceb258a8e28984427b6080564d19e7503b20f outcome=RETRYABLE cause=MQCLIENTEXCEPTION
2026-08-11T11:13:21.358+08:00 INFO  d.f.m.outbox.OutboxDispatcher request_id= idempotency_key= order_id= user_id= sku_id= payment_tx= - Outbox publication deferred outbox_id=6fce759d-cfa2-468d-be8e-3d90fa474887 command_id=52bd587d82f398ddf109d00c412f12ba4363483adeb9279f6df727fd95f161d7 outcome=RETRYABLE cause=MQCLIENTEXCEPTION
2026-08-11T11:13:21.361+08:00 INFO  d.f.m.outbox.OutboxDispatcher request_id= idempotency_key= order_id= user_id= sku_id= payment_tx= - Outbox publication deferred outbox_id=85f02120-5b6e-41e1-8ada-37c870bbff01 command_id=d109e52079b2c43954f200ea58df8ca8a70af9b774c83f9e8802e05a22f751e5 outcome=RETRYABLE cause=MQCLIENTEXCEPTION
2026-08-11T11:13:21.363+08:00 INFO  d.f.m.outbox.OutboxDispatcher request_id= idempotency_key= order_id= user_id= sku_id= payment_tx= - Outbox publication deferred outbox_id=e7c3c352-4fb7-403a-a72f-e6224d64f841 command_id=1b25cd58b79edebc8a6187c722511ba69498483e8dece716eb1782865760c287 outcome=RETRYABLE cause=MQCLIENTEXCEPTION
2026-08-11T11:13:21.477+08:00 INFO  d.f.m.outbox.OutboxDispatcher request_id= idempotency_key= order_id= user_id= sku_id= payment_tx= - Outbox publication deferred outbox_id=262168ae-9e1b-4404-a4db-2b1bec15ff32 command_id=0c7aa41f0d18f403e7638455d22a4d598ea88c807702c7fc26884a0cad9e0559 outcome=RETRYABLE cause=MQCLIENTEXCEPTION
2026-08-11T11:13:21.481+08:00 INFO  d.f.m.outbox.OutboxDispatcher request_id= idempotency_key= order_id= user_id= sku_id= payment_tx= - Outbox publication deferred outbox_id=e9cf4404-e334-4f61-b833-386cae86f389 command_id=016cee1aee6c2c899bef6b3dcfd6a8bc962a41b423147b0dde0637ec9920c7be outcome=RETRYABLE cause=MQCLIENTEXCEPTION
2026-08-11T11:13:21.804+08:00 INFO  d.f.m.outbox.OutboxDispatcher request_id= idempotency_key= order_id= user_id= sku_id= payment_tx= - Outbox publication deferred outbox_id=8b011284-2e5d-4946-9308-10ca53c10d77 command_id=f5ebc4a6fd079994b0c87ded00058d8925c10861b14aa44d8416e7cf91230933 outcome=RETRYABLE cause=MQCLIENTEXCEPTION
2026-08-11T11:13:21.925+08:00 INFO  d.f.m.outbox.OutboxDispatcher request_id= idempotency_key= order_id= user_id= sku_id= payment_tx= - Outbox publication deferred outbox_id=9ab296e0-fbb3-4dce-be11-c33ff62a0ad4 command_id=67416ec44aebe78ee1a52cb7ec4f9fc91b724bdc678ac19870e350e3130b8847 outcome=RETRYABLE cause=MQCLIENTEXCEPTION
2026-08-11T11:13:22.045+08:00 INFO  d.f.m.outbox.OutboxDispatcher request_id= idempotency_key= order_id= user_id= sku_id= payment_tx= - Outbox publication deferred outbox_id=612660b9-ee70-4cec-b8f3-d2fa22da391a command_id=dbe557affdecdc5ea134721b562556e24614eee0d48b6f50bb557bdac75beb5e outcome=RETRYABLE cause=MQCLIENTEXCEPTION
2026-08-11T11:13:22.051+08:00 INFO  d.f.m.outbox.OutboxDispatcher request_id= idempotency_key= order_id= user_id= sku_id= payment_tx= - Outbox publication deferred outbox_id=228f96ca-387c-4cee-a16d-ea92ea5e11d9 command_id=c475f18b2182724a7220ac3f590697b1282da4bc9019dea906f22fd3876818dc outcome=RETRYABLE cause=MQCLIENTEXCEPTION
2026-08-11T11:13:22.184+08:00 INFO  d.f.m.outbox.OutboxDispatcher request_id= idempotency_key= order_id= user_id= sku_id= payment_tx= - Outbox publication outbox_id=dc445a73-c44d-4447-8b6a-e3b53e4549ac command_id=7088fd023c485e51130e2075fe9c0888718cc4d2456df8e170dca0bbd2ac8900 outcome=ACKNOWLEDGED
2026-08-11T11:13:22.191+08:00 INFO  d.f.m.outbox.OutboxDispatcher request_id= idempotency_key= order_id= user_id= sku_id= payment_tx= - Outbox publication outbox_id=b0917ce7-1f18-42fb-915f-0012e7a9280a command_id=1920b12c9f63713bcc4a9b53f1dbc4c095b760525a1b83d1c04857243fcf9f55 outcome=ACKNOWLEDGED
2026-08-11T11:13:22.303+08:00 INFO  d.f.m.outbox.OutboxDispatcher request_id= idempotency_key= order_id= user_id= sku_id= payment_tx= - Outbox publication outbox_id=95a25712-f438-4333-9e0e-cdd18b218bf6 command_id=8f05d4fc350da3a38dce7727d5dceb258a8e28984427b6080564d19e7503b20f outcome=ACKNOWLEDGED
2026-08-11T11:13:22.416+08:00 INFO  d.f.m.outbox.OutboxDispatcher request_id= idempotency_key= order_id= user_id= sku_id= payment_tx= - Outbox publication outbox_id=6fce759d-cfa2-468d-be8e-3d90fa474887 command_id=52bd587d82f398ddf109d00c412f12ba4363483adeb9279f6df727fd95f161d7 outcome=ACKNOWLEDGED
2026-08-11T11:13:22.421+08:00 INFO  d.f.m.outbox.OutboxDispatcher request_id= idempotency_key= order_id= user_id= sku_id= payment_tx= - Outbox publication outbox_id=85f02120-5b6e-41e1-8ada-37c870bbff01 command_id=d109e52079b2c43954f200ea58df8ca8a70af9b774c83f9e8802e05a22f751e5 outcome=ACKNOWLEDGED
2026-08-11T11:13:22.426+08:00 INFO  d.f.m.outbox.OutboxDispatcher request_id= idempotency_key= order_id= user_id= sku_id= payment_tx= - Outbox publication outbox_id=e7c3c352-4fb7-403a-a72f-e6224d64f841 command_id=1b25cd58b79edebc8a6187c722511ba69498483e8dece716eb1782865760c287 outcome=ACKNOWLEDGED
2026-08-11T11:13:22.541+08:00 INFO  d.f.m.outbox.OutboxDispatcher request_id= idempotency_key= order_id= user_id= sku_id= payment_tx= - Outbox publication outbox_id=262168ae-9e1b-4404-a4db-2b1bec15ff32 command_id=0c7aa41f0d18f403e7638455d22a4d598ea88c807702c7fc26884a0cad9e0559 outcome=ACKNOWLEDGED
2026-08-11T11:13:22.546+08:00 INFO  d.f.m.outbox.OutboxDispatcher request_id= idempotency_key= order_id= user_id= sku_id= payment_tx= - Outbox publication outbox_id=e9cf4404-e334-4f61-b833-386cae86f389 command_id=016cee1aee6c2c899bef6b3dcfd6a8bc962a41b423147b0dde0637ec9920c7be outcome=ACKNOWLEDGED
2026-08-11T11:13:22.883+08:00 INFO  d.f.m.outbox.OutboxDispatcher request_id= idempotency_key= order_id= user_id= sku_id= payment_tx= - Outbox publication outbox_id=8b011284-2e5d-4946-9308-10ca53c10d77 command_id=f5ebc4a6fd079994b0c87ded00058d8925c10861b14aa44d8416e7cf91230933 outcome=ACKNOWLEDGED
2026-08-11T11:13:23.008+08:00 INFO  d.f.m.outbox.OutboxDispatcher request_id= idempotency_key= order_id= user_id= sku_id= payment_tx= - Outbox publication outbox_id=9ab296e0-fbb3-4dce-be11-c33ff62a0ad4 command_id=67416ec44aebe78ee1a52cb7ec4f9fc91b724bdc678ac19870e350e3130b8847 outcome=ACKNOWLEDGED
2026-08-11T11:13:23.136+08:00 INFO  d.f.m.outbox.OutboxDispatcher request_id= idempotency_key= order_id= user_id= sku_id= payment_tx= - Outbox publication outbox_id=612660b9-ee70-4cec-b8f3-d2fa22da391a command_id=dbe557affdecdc5ea134721b562556e24614eee0d48b6f50bb557bdac75beb5e outcome=ACKNOWLEDGED
2026-08-11T11:13:23.143+08:00 INFO  d.f.m.outbox.OutboxDispatcher request_id= idempotency_key= order_id= user_id= sku_id= payment_tx= - Outbox publication outbox_id=228f96ca-387c-4cee-a16d-ea92ea5e11d9 command_id=c475f18b2182724a7220ac3f590697b1282da4bc9019dea906f22fd3876818dc outcome=ACKNOWLEDGED
2026-08-11T11:13:23.254+08:00 INFO  o.s.b.w.e.tomcat.GracefulShutdown request_id= idempotency_key= order_id= user_id= sku_id= payment_tx= - Commencing graceful shutdown. Waiting for active requests to complete
2026-08-11T11:13:25.261+08:00 INFO  o.s.b.w.e.tomcat.GracefulShutdown request_id= idempotency_key= order_id= user_id= sku_id= payment_tx= - Graceful shutdown complete
2026-08-11T11:13:25.261+08:00 ERROR org.apache.tomcat.util.net.Acceptor request_id= idempotency_key= order_id= user_id= sku_id= payment_tx= - Socket accept failed
java.nio.channels.AsynchronousCloseException: null
	at java.base/java.nio.channels.spi.AbstractInterruptibleChannel.end(AbstractInterruptibleChannel.java:218)
	at java.base/sun.nio.ch.ServerSocketChannelImpl.end(ServerSocketChannelImpl.java:372)
	at java.base/sun.nio.ch.ServerSocketChannelImpl.accept(ServerSocketChannelImpl.java:397)
	at org.apache.tomcat.util.net.NioEndpoint.serverSocketAccept(NioEndpoint.java:537)
	at org.apache.tomcat.util.net.NioEndpoint.serverSocketAccept(NioEndpoint.java:72)
	at org.apache.tomcat.util.net.Acceptor.run(Acceptor.java:127)
	at java.base/java.lang.Thread.run(Thread.java:1516)
2026-08-11T11:13:25.739+08:00 INFO  com.zaxxer.hikari.HikariDataSource request_id= idempotency_key= order_id= user_id= sku_id= payment_tx= - HikariPool-1 - Shutdown initiated...
2026-08-11T11:13:25.744+08:00 INFO  com.zaxxer.hikari.HikariDataSource request_id= idempotency_key= order_id= user_id= sku_id= payment_tx= - HikariPool-1 - Shutdown completed.
[INFO] Tests run: 1, Failures: 0, Errors: 0, Skipped: 0, Time elapsed: 38.54 s -- in dev.flashflow.V4OutboxBacklogDrainIntegrationTest
[INFO] Running dev.flashflow.ExperimentManifestValidatorTest
[INFO] Tests run: 4, Failures: 0, Errors: 0, Skipped: 0, Time elapsed: 0.022 s -- in dev.flashflow.ExperimentManifestValidatorTest
[INFO] Running dev.flashflow.V4OutboxProducerAckLossIntegrationTest
2026-08-11T11:13:25.787+08:00 INFO  o.s.t.c.s.AnnotationConfigContextLoaderUtils request_id= idempotency_key= order_id= user_id= sku_id= payment_tx= - Could not detect default configuration classes for test class [dev.flashflow.V4OutboxProducerAckLossIntegrationTest]: V4OutboxProducerAckLossIntegrationTest does not declare any static, non-private, non-final, nested classes annotated with @Configuration.
2026-08-11T11:13:25.788+08:00 INFO  o.s.b.t.c.SpringBootTestContextBootstrapper request_id= idempotency_key= order_id= user_id= sku_id= payment_tx= - Found @SpringBootConfiguration dev.flashflow.FlashFlowApplication for test class dev.flashflow.V4OutboxProducerAckLossIntegrationTest

  .   ____          _            __ _ _
 /\\ / ___'_ __ _ _(_)_ __  __ _ \ \ \ \
( ( )\___ | '_ | '_| | '_ \/ _` | \ \ \ \
 \\/  ___)| |_)| | | | | || (_| |  ) ) ) )
  '  |____| .__|_| |_|_| |_\__, | / / / /
 =========|_|==============|___/=/_/_/_/

 :: Spring Boot ::                (v3.5.5)

2026-08-11T11:13:25.808+08:00 INFO  d.f.V4OutboxProducerAckLossIntegrationTest request_id= idempotency_key= order_id= user_id= sku_id= payment_tx= - Starting V4OutboxProducerAckLossIntegrationTest using Java 26.0.2 with PID 83717 (started by yuzheng in /Users/yuzheng/Computeracy/Zhenkun26-GitHub/FlashFlow)
2026-08-11T11:13:25.808+08:00 INFO  d.f.V4OutboxProducerAckLossIntegrationTest request_id= idempotency_key= order_id= user_id= sku_id= payment_tx= - The following 1 profile is active: "test"
2026-08-11T11:13:25.950+08:00 INFO  o.s.d.r.c.RepositoryConfigurationDelegate request_id= idempotency_key= order_id= user_id= sku_id= payment_tx= - Multiple Spring Data modules found, entering strict repository configuration mode
2026-08-11T11:13:25.950+08:00 INFO  o.s.d.r.c.RepositoryConfigurationDelegate request_id= idempotency_key= order_id= user_id= sku_id= payment_tx= - Bootstrapping Spring Data Redis repositories in DEFAULT mode.
2026-08-11T11:13:25.967+08:00 INFO  o.s.d.r.c.RepositoryConfigurationDelegate request_id= idempotency_key= order_id= user_id= sku_id= payment_tx= - Finished Spring Data repository scanning in 13 ms. Found 0 Redis repository interfaces.
2026-08-11T11:13:25.994+08:00 INFO  o.s.b.w.e.tomcat.TomcatWebServer request_id= idempotency_key= order_id= user_id= sku_id= payment_tx= - Tomcat initialized with port 0 (http)
2026-08-11T11:13:25.994+08:00 INFO  o.a.catalina.core.StandardService request_id= idempotency_key= order_id= user_id= sku_id= payment_tx= - Starting service [Tomcat]
2026-08-11T11:13:25.994+08:00 INFO  o.a.catalina.core.StandardEngine request_id= idempotency_key= order_id= user_id= sku_id= payment_tx= - Starting Servlet engine: [Apache Tomcat/10.1.44]
2026-08-11T11:13:26.002+08:00 INFO  o.a.c.c.C.[Tomcat].[localhost].[/] request_id= idempotency_key= order_id= user_id= sku_id= payment_tx= - Initializing Spring embedded WebApplicationContext
2026-08-11T11:13:26.002+08:00 INFO  o.s.b.w.s.c.ServletWebServerApplicationContext request_id= idempotency_key= order_id= user_id= sku_id= payment_tx= - Root WebApplicationContext: initialization completed in 192 ms
Standard Commons Logging discovery in action with spring-jcl: please remove commons-logging.jar from classpath in order to avoid potential conflicts
2026-08-11T11:13:26.040+08:00 INFO  com.zaxxer.hikari.HikariDataSource request_id= idempotency_key= order_id= user_id= sku_id= payment_tx= - HikariPool-2 - Starting...
2026-08-11T11:13:26.062+08:00 INFO  com.zaxxer.hikari.pool.HikariPool request_id= idempotency_key= order_id= user_id= sku_id= payment_tx= - HikariPool-2 - Added connection com.mysql.cj.jdbc.ConnectionImpl@4080ea09
2026-08-11T11:13:26.062+08:00 INFO  com.zaxxer.hikari.HikariDataSource request_id= idempotency_key= order_id= user_id= sku_id= payment_tx= - HikariPool-2 - Start completed.
2026-08-11T11:13:26.075+08:00 INFO  org.flywaydb.core.FlywayExecutor request_id= idempotency_key= order_id= user_id= sku_id= payment_tx= - Database: jdbc:mysql://localhost:56550/flashflow (MySQL 8.4)
2026-08-11T11:13:26.081+08:00 WARN  o.f.c.i.database.base.Database request_id= idempotency_key= order_id= user_id= sku_id= payment_tx= - Flyway upgrade recommended: MySQL 8.4 is newer than this version of Flyway and support has not been tested. The latest supported version of MySQL is 8.1.
2026-08-11T11:13:26.088+08:00 INFO  o.f.core.internal.command.DbValidate request_id= idempotency_key= order_id= user_id= sku_id= payment_tx= - Successfully validated 4 migrations (execution time 00:00.005s)
2026-08-11T11:13:26.091+08:00 INFO  o.f.core.internal.command.DbMigrate request_id= idempotency_key= order_id= user_id= sku_id= payment_tx= - Current version of schema `flashflow`: 4
2026-08-11T11:13:26.092+08:00 INFO  o.f.core.internal.command.DbMigrate request_id= idempotency_key= order_id= user_id= sku_id= payment_tx= - Schema `flashflow` is up to date. No migration necessary.
2026-08-11T11:13:26.244+08:00 INFO  o.s.b.a.e.web.EndpointLinksResolver request_id= idempotency_key= order_id= user_id= sku_id= payment_tx= - Exposing 2 endpoints beneath base path '/actuator'
2026-08-11T11:13:26.251+08:00 INFO  o.s.b.w.e.tomcat.TomcatWebServer request_id= idempotency_key= order_id= user_id= sku_id= payment_tx= - Tomcat started on port 59993 (http) with context path '/'
2026-08-11T11:13:26.253+08:00 INFO  d.f.V4OutboxProducerAckLossIntegrationTest request_id= idempotency_key= order_id= user_id= sku_id= payment_tx= - Started V4OutboxProducerAckLossIntegrationTest in 0.463 seconds (process running for 39.356)
2026-08-11T11:13:28.313+08:00 INFO  o.a.c.c.C.[Tomcat].[localhost].[/] request_id= idempotency_key= order_id= user_id= sku_id= payment_tx= - Initializing Spring DispatcherServlet 'dispatcherServlet'
2026-08-11T11:13:28.313+08:00 INFO  o.s.web.servlet.DispatcherServlet request_id= idempotency_key= order_id= user_id= sku_id= payment_tx= - Initializing Servlet 'dispatcherServlet'
2026-08-11T11:13:28.315+08:00 INFO  o.s.web.servlet.DispatcherServlet request_id= idempotency_key= order_id= user_id= sku_id= payment_tx= - Completed initialization in 2 ms
2026-08-11T11:13:28.346+08:00 INFO  d.f.m.o.OutboxAsyncOrderApplicationService request_id=7f9be96a-5532-406c-a133-1050d3248eeb idempotency_key=key-v4-ack-loss-c04aef78 order_id= user_id=user-v4-ack-loss-c04aef78 sku_id=sku-v4-ack-loss-c04aef78 payment_tx= - Durable Outbox acceptance command_id=8f13281480405223f72a59947a93f37946fba0d4bb649c249d9685a43f3095c2 status=ACCEPTED
2026-08-11T11:13:28.456+08:00 WARN  d.f.m.outbox.OutboxDispatcher request_id= idempotency_key= order_id= user_id= sku_id= payment_tx= - Outbox dispatch poll failed cause=INJECTEDMESSAGINGFAULT
2026-08-11T11:13:32.502+08:00 INFO  d.f.m.outbox.OutboxDispatcher request_id= idempotency_key= order_id= user_id= sku_id= payment_tx= - Outbox publication outbox_id=602cae44-546c-4a9b-82e4-2be07014c1a4 command_id=8f13281480405223f72a59947a93f37946fba0d4bb649c249d9685a43f3095c2 outcome=ACKNOWLEDGED
2026-08-11T11:13:32.576+08:00 INFO  o.s.b.w.e.tomcat.GracefulShutdown request_id= idempotency_key= order_id= user_id= sku_id= payment_tx= - Commencing graceful shutdown. Waiting for active requests to complete
2026-08-11T11:13:34.581+08:00 INFO  o.s.b.w.e.tomcat.GracefulShutdown request_id= idempotency_key= order_id= user_id= sku_id= payment_tx= - Graceful shutdown complete
2026-08-11T11:13:34.581+08:00 ERROR org.apache.tomcat.util.net.Acceptor request_id= idempotency_key= order_id= user_id= sku_id= payment_tx= - Socket accept failed
java.nio.channels.AsynchronousCloseException: null
	at java.base/java.nio.channels.spi.AbstractInterruptibleChannel.end(AbstractInterruptibleChannel.java:218) ~[na:na]
	at java.base/sun.nio.ch.ServerSocketChannelImpl.end(ServerSocketChannelImpl.java:372) ~[na:na]
	at java.base/sun.nio.ch.ServerSocketChannelImpl.accept(ServerSocketChannelImpl.java:397) ~[na:na]
	at org.apache.tomcat.util.net.NioEndpoint.serverSocketAccept(NioEndpoint.java:537) ~[tomcat-embed-core-10.1.44.jar:10.1.44]
	at org.apache.tomcat.util.net.NioEndpoint.serverSocketAccept(NioEndpoint.java:72) ~[tomcat-embed-core-10.1.44.jar:10.1.44]
	at org.apache.tomcat.util.net.Acceptor.run(Acceptor.java:127) ~[tomcat-embed-core-10.1.44.jar:10.1.44]
	at java.base/java.lang.Thread.run(Thread.java:1516) ~[na:na]
2026-08-11T11:13:34.651+08:00 INFO  com.zaxxer.hikari.HikariDataSource request_id= idempotency_key= order_id= user_id= sku_id= payment_tx= - HikariPool-2 - Shutdown initiated...
2026-08-11T11:13:34.653+08:00 INFO  com.zaxxer.hikari.HikariDataSource request_id= idempotency_key= order_id= user_id= sku_id= payment_tx= - HikariPool-2 - Shutdown completed.
[INFO] Tests run: 1, Failures: 0, Errors: 0, Skipped: 0, Time elapsed: 8.872 s -- in dev.flashflow.V4OutboxProducerAckLossIntegrationTest
[INFO] Running dev.flashflow.ExpirationRollbackIntegrationTest
2026-08-11T11:13:34.660+08:00 INFO  o.s.t.c.s.AnnotationConfigContextLoaderUtils request_id= idempotency_key= order_id= user_id= sku_id= payment_tx= - Could not detect default configuration classes for test class [dev.flashflow.ExpirationRollbackIntegrationTest]: ExpirationRollbackIntegrationTest does not declare any static, non-private, non-final, nested classes annotated with @Configuration.
2026-08-11T11:13:34.661+08:00 INFO  o.s.b.t.c.SpringBootTestContextBootstrapper request_id= idempotency_key= order_id= user_id= sku_id= payment_tx= - Found @SpringBootConfiguration dev.flashflow.FlashFlowApplication for test class dev.flashflow.ExpirationRollbackIntegrationTest

  .   ____          _            __ _ _
 /\\ / ___'_ __ _ _(_)_ __  __ _ \ \ \ \
( ( )\___ | '_ | '_| | '_ \/ _` | \ \ \ \
 \\/  ___)| |_)| | | | | || (_| |  ) ) ) )
  '  |____| .__|_| |_|_| |_\__, | / / / /
 =========|_|==============|___/=/_/_/_/

 :: Spring Boot ::                (v3.5.5)

2026-08-11T11:13:34.676+08:00 INFO  d.f.ExpirationRollbackIntegrationTest request_id= idempotency_key= order_id= user_id= sku_id= payment_tx= - Starting ExpirationRollbackIntegrationTest using Java 26.0.2 with PID 83717 (started by yuzheng in /Users/yuzheng/Computeracy/Zhenkun26-GitHub/FlashFlow)
2026-08-11T11:13:34.676+08:00 INFO  d.f.ExpirationRollbackIntegrationTest request_id= idempotency_key= order_id= user_id= sku_id= payment_tx= - The following 1 profile is active: "test"
2026-08-11T11:13:34.772+08:00 INFO  o.s.d.r.c.RepositoryConfigurationDelegate request_id= idempotency_key= order_id= user_id= sku_id= payment_tx= - Multiple Spring Data modules found, entering strict repository configuration mode
2026-08-11T11:13:34.772+08:00 INFO  o.s.d.r.c.RepositoryConfigurationDelegate request_id= idempotency_key= order_id= user_id= sku_id= payment_tx= - Bootstrapping Spring Data Redis repositories in DEFAULT mode.
2026-08-11T11:13:34.778+08:00 INFO  o.s.d.r.c.RepositoryConfigurationDelegate request_id= idempotency_key= order_id= user_id= sku_id= payment_tx= - Finished Spring Data repository scanning in 5 ms. Found 0 Redis repository interfaces.
2026-08-11T11:13:34.899+08:00 INFO  com.zaxxer.hikari.HikariDataSource request_id= idempotency_key= order_id= user_id= sku_id= payment_tx= - HikariPool-3 - Starting...
2026-08-11T11:13:34.910+08:00 INFO  com.zaxxer.hikari.pool.HikariPool request_id= idempotency_key= order_id= user_id= sku_id= payment_tx= - HikariPool-3 - Added connection com.mysql.cj.jdbc.ConnectionImpl@d8b2da6
2026-08-11T11:13:34.910+08:00 INFO  com.zaxxer.hikari.HikariDataSource request_id= idempotency_key= order_id= user_id= sku_id= payment_tx= - HikariPool-3 - Start completed.
2026-08-11T11:13:34.914+08:00 INFO  org.flywaydb.core.FlywayExecutor request_id= idempotency_key= order_id= user_id= sku_id= payment_tx= - Database: jdbc:mysql://localhost:56550/flashflow (MySQL 8.4)
2026-08-11T11:13:34.918+08:00 WARN  o.f.c.i.database.base.Database request_id= idempotency_key= order_id= user_id= sku_id= payment_tx= - Flyway upgrade recommended: MySQL 8.4 is newer than this version of Flyway and support has not been tested. The latest supported version of MySQL is 8.1.
2026-08-11T11:13:34.925+08:00 INFO  o.f.core.internal.command.DbValidate request_id= idempotency_key= order_id= user_id= sku_id= payment_tx= - Successfully validated 4 migrations (execution time 00:00.005s)
2026-08-11T11:13:34.930+08:00 INFO  o.f.core.internal.command.DbMigrate request_id= idempotency_key= order_id= user_id= sku_id= payment_tx= - Current version of schema `flashflow`: 4
2026-08-11T11:13:34.930+08:00 INFO  o.f.core.internal.command.DbMigrate request_id= idempotency_key= order_id= user_id= sku_id= payment_tx= - Schema `flashflow` is up to date. No migration necessary.
2026-08-11T11:13:35.003+08:00 INFO  o.s.b.a.e.web.EndpointLinksResolver request_id= idempotency_key= order_id= user_id= sku_id= payment_tx= - Exposing 2 endpoints beneath base path '/actuator'
2026-08-11T11:13:35.008+08:00 INFO  d.f.ExpirationRollbackIntegrationTest request_id= idempotency_key= order_id= user_id= sku_id= payment_tx= - Started ExpirationRollbackIntegrationTest in 0.344 seconds (process running for 48.111)
[INFO] Tests run: 1, Failures: 0, Errors: 0, Skipped: 0, Time elapsed: 0.412 s -- in dev.flashflow.ExpirationRollbackIntegrationTest
[INFO] Running dev.flashflow.MigrationConstraintTest
2026-08-11T11:13:35.072+08:00 INFO  o.s.t.c.s.AnnotationConfigContextLoaderUtils request_id= idempotency_key= order_id= user_id= sku_id= payment_tx= - Could not detect default configuration classes for test class [dev.flashflow.MigrationConstraintTest]: MigrationConstraintTest does not declare any static, non-private, non-final, nested classes annotated with @Configuration.
2026-08-11T11:13:35.072+08:00 INFO  o.s.b.t.c.SpringBootTestContextBootstrapper request_id= idempotency_key= order_id= user_id= sku_id= payment_tx= - Found @SpringBootConfiguration dev.flashflow.FlashFlowApplication for test class dev.flashflow.MigrationConstraintTest

  .   ____          _            __ _ _
 /\\ / ___'_ __ _ _(_)_ __  __ _ \ \ \ \
( ( )\___ | '_ | '_| | '_ \/ _` | \ \ \ \
 \\/  ___)| |_)| | | | | || (_| |  ) ) ) )
  '  |____| .__|_| |_|_| |_\__, | / / / /
 =========|_|==============|___/=/_/_/_/

 :: Spring Boot ::                (v3.5.5)

2026-08-11T11:13:35.078+08:00 INFO  d.flashflow.MigrationConstraintTest request_id= idempotency_key= order_id= user_id= sku_id= payment_tx= - Starting MigrationConstraintTest using Java 26.0.2 with PID 83717 (started by yuzheng in /Users/yuzheng/Computeracy/Zhenkun26-GitHub/FlashFlow)
2026-08-11T11:13:35.078+08:00 INFO  d.flashflow.MigrationConstraintTest request_id= idempotency_key= order_id= user_id= sku_id= payment_tx= - The following 1 profile is active: "test"
2026-08-11T11:13:35.143+08:00 INFO  o.s.d.r.c.RepositoryConfigurationDelegate request_id= idempotency_key= order_id= user_id= sku_id= payment_tx= - Multiple Spring Data modules found, entering strict repository configuration mode
2026-08-11T11:13:35.143+08:00 INFO  o.s.d.r.c.RepositoryConfigurationDelegate request_id= idempotency_key= order_id= user_id= sku_id= payment_tx= - Bootstrapping Spring Data Redis repositories in DEFAULT mode.
2026-08-11T11:13:35.147+08:00 INFO  o.s.d.r.c.RepositoryConfigurationDelegate request_id= idempotency_key= order_id= user_id= sku_id= payment_tx= - Finished Spring Data repository scanning in 3 ms. Found 0 Redis repository interfaces.
2026-08-11T11:13:35.174+08:00 INFO  com.zaxxer.hikari.HikariDataSource request_id= idempotency_key= order_id= user_id= sku_id= payment_tx= - HikariPool-4 - Starting...
2026-08-11T11:13:35.183+08:00 INFO  com.zaxxer.hikari.pool.HikariPool request_id= idempotency_key= order_id= user_id= sku_id= payment_tx= - HikariPool-4 - Added connection com.mysql.cj.jdbc.ConnectionImpl@1cadc7c1
2026-08-11T11:13:35.183+08:00 INFO  com.zaxxer.hikari.HikariDataSource request_id= idempotency_key= order_id= user_id= sku_id= payment_tx= - HikariPool-4 - Start completed.
2026-08-11T11:13:35.189+08:00 INFO  org.flywaydb.core.FlywayExecutor request_id= idempotency_key= order_id= user_id= sku_id= payment_tx= - Database: jdbc:mysql://localhost:56550/flashflow (MySQL 8.4)
2026-08-11T11:13:35.192+08:00 WARN  o.f.c.i.database.base.Database request_id= idempotency_key= order_id= user_id= sku_id= payment_tx= - Flyway upgrade recommended: MySQL 8.4 is newer than this version of Flyway and support has not been tested. The latest supported version of MySQL is 8.1.
2026-08-11T11:13:35.196+08:00 INFO  o.f.core.internal.command.DbValidate request_id= idempotency_key= order_id= user_id= sku_id= payment_tx= - Successfully validated 4 migrations (execution time 00:00.003s)
2026-08-11T11:13:35.199+08:00 INFO  o.f.core.internal.command.DbMigrate request_id= idempotency_key= order_id= user_id= sku_id= payment_tx= - Current version of schema `flashflow`: 4
2026-08-11T11:13:35.199+08:00 INFO  o.f.core.internal.command.DbMigrate request_id= idempotency_key= order_id= user_id= sku_id= payment_tx= - Schema `flashflow` is up to date. No migration necessary.
2026-08-11T11:13:35.273+08:00 INFO  o.s.b.a.e.web.EndpointLinksResolver request_id= idempotency_key= order_id= user_id= sku_id= payment_tx= - Exposing 2 endpoints beneath base path '/actuator'
2026-08-11T11:13:35.278+08:00 INFO  d.flashflow.MigrationConstraintTest request_id= idempotency_key= order_id= user_id= sku_id= payment_tx= - Started MigrationConstraintTest in 0.205 seconds (process running for 48.381)
[INFO] Tests run: 2, Failures: 0, Errors: 0, Skipped: 0, Time elapsed: 0.246 s -- in dev.flashflow.MigrationConstraintTest
[INFO] Running dev.flashflow.DomainStateTest
[INFO] Tests run: 3, Failures: 0, Errors: 0, Skipped: 0, Time elapsed: 0.001 s -- in dev.flashflow.DomainStateTest
[INFO] Running dev.flashflow.PaymentAndExpirationIntegrationTest
2026-08-11T11:13:35.320+08:00 INFO  o.s.t.c.s.AnnotationConfigContextLoaderUtils request_id= idempotency_key= order_id= user_id= sku_id= payment_tx= - Could not detect default configuration classes for test class [dev.flashflow.PaymentAndExpirationIntegrationTest]: PaymentAndExpirationIntegrationTest does not declare any static, non-private, non-final, nested classes annotated with @Configuration.
2026-08-11T11:13:35.321+08:00 INFO  o.s.b.t.c.SpringBootTestContextBootstrapper request_id= idempotency_key= order_id= user_id= sku_id= payment_tx= - Found @SpringBootConfiguration dev.flashflow.FlashFlowApplication for test class dev.flashflow.PaymentAndExpirationIntegrationTest
[INFO] Tests run: 3, Failures: 0, Errors: 0, Skipped: 0, Time elapsed: 0.086 s -- in dev.flashflow.PaymentAndExpirationIntegrationTest
[INFO] Running dev.flashflow.ExpirationAdmissionFailureIntegrationTest
2026-08-11T11:13:35.407+08:00 INFO  o.s.t.c.s.AnnotationConfigContextLoaderUtils request_id= idempotency_key= order_id= user_id= sku_id= payment_tx= - Could not detect default configuration classes for test class [dev.flashflow.ExpirationAdmissionFailureIntegrationTest]: ExpirationAdmissionFailureIntegrationTest does not declare any static, non-private, non-final, nested classes annotated with @Configuration.
2026-08-11T11:13:35.408+08:00 INFO  o.s.b.t.c.SpringBootTestContextBootstrapper request_id= idempotency_key= order_id= user_id= sku_id= payment_tx= - Found @SpringBootConfiguration dev.flashflow.FlashFlowApplication for test class dev.flashflow.ExpirationAdmissionFailureIntegrationTest

  .   ____          _            __ _ _
 /\\ / ___'_ __ _ _(_)_ __  __ _ \ \ \ \
( ( )\___ | '_ | '_| | '_ \/ _` | \ \ \ \
 \\/  ___)| |_)| | | | | || (_| |  ) ) ) )
  '  |____| .__|_| |_|_| |_\__, | / / / /
 =========|_|==============|___/=/_/_/_/

 :: Spring Boot ::                (v3.5.5)

2026-08-11T11:13:35.416+08:00 INFO  d.f.ExpirationAdmissionFailureIntegrationTest request_id= idempotency_key= order_id= user_id= sku_id= payment_tx= - Starting ExpirationAdmissionFailureIntegrationTest using Java 26.0.2 with PID 83717 (started by yuzheng in /Users/yuzheng/Computeracy/Zhenkun26-GitHub/FlashFlow)
2026-08-11T11:13:35.416+08:00 INFO  d.f.ExpirationAdmissionFailureIntegrationTest request_id= idempotency_key= order_id= user_id= sku_id= payment_tx= - The following 1 profile is active: "test"
2026-08-11T11:13:35.471+08:00 INFO  o.s.d.r.c.RepositoryConfigurationDelegate request_id= idempotency_key= order_id= user_id= sku_id= payment_tx= - Multiple Spring Data modules found, entering strict repository configuration mode
2026-08-11T11:13:35.471+08:00 INFO  o.s.d.r.c.RepositoryConfigurationDelegate request_id= idempotency_key= order_id= user_id= sku_id= payment_tx= - Bootstrapping Spring Data Redis repositories in DEFAULT mode.
2026-08-11T11:13:35.475+08:00 INFO  o.s.d.r.c.RepositoryConfigurationDelegate request_id= idempotency_key= order_id= user_id= sku_id= payment_tx= - Finished Spring Data repository scanning in 3 ms. Found 0 Redis repository interfaces.
2026-08-11T11:13:35.685+08:00 INFO  com.zaxxer.hikari.HikariDataSource request_id= idempotency_key= order_id= user_id= sku_id= payment_tx= - HikariPool-5 - Starting...
2026-08-11T11:13:35.696+08:00 INFO  com.zaxxer.hikari.pool.HikariPool request_id= idempotency_key= order_id= user_id= sku_id= payment_tx= - HikariPool-5 - Added connection com.mysql.cj.jdbc.ConnectionImpl@69faebc2
2026-08-11T11:13:35.696+08:00 INFO  com.zaxxer.hikari.HikariDataSource request_id= idempotency_key= order_id= user_id= sku_id= payment_tx= - HikariPool-5 - Start completed.
2026-08-11T11:13:35.700+08:00 INFO  org.flywaydb.core.FlywayExecutor request_id= idempotency_key= order_id= user_id= sku_id= payment_tx= - Database: jdbc:mysql://localhost:56550/flashflow (MySQL 8.4)
2026-08-11T11:13:35.706+08:00 WARN  o.f.c.i.database.base.Database request_id= idempotency_key= order_id= user_id= sku_id= payment_tx= - Flyway upgrade recommended: MySQL 8.4 is newer than this version of Flyway and support has not been tested. The latest supported version of MySQL is 8.1.
2026-08-11T11:13:35.716+08:00 INFO  o.f.core.internal.command.DbValidate request_id= idempotency_key= order_id= user_id= sku_id= payment_tx= - Successfully validated 4 migrations (execution time 00:00.007s)
2026-08-11T11:13:35.724+08:00 INFO  o.f.core.internal.command.DbMigrate request_id= idempotency_key= order_id= user_id= sku_id= payment_tx= - Current version of schema `flashflow`: 4
2026-08-11T11:13:35.725+08:00 INFO  o.f.core.internal.command.DbMigrate request_id= idempotency_key= order_id= user_id= sku_id= payment_tx= - Schema `flashflow` is up to date. No migration necessary.
2026-08-11T11:13:35.921+08:00 INFO  o.s.b.a.e.web.EndpointLinksResolver request_id= idempotency_key= order_id= user_id= sku_id= payment_tx= - Exposing 2 endpoints beneath base path '/actuator'
2026-08-11T11:13:35.943+08:00 INFO  d.f.ExpirationAdmissionFailureIntegrationTest request_id= idempotency_key= order_id= user_id= sku_id= payment_tx= - Started ExpirationAdmissionFailureIntegrationTest in 0.535 seconds (process running for 49.046)
[INFO] Tests run: 1, Failures: 0, Errors: 0, Skipped: 0, Time elapsed: 0.620 s -- in dev.flashflow.ExpirationAdmissionFailureIntegrationTest
[INFO] Running dev.flashflow.DelayedExpirationIntegrationTest
2026-08-11T11:13:36.031+08:00 INFO  o.s.t.c.s.AnnotationConfigContextLoaderUtils request_id= idempotency_key= order_id= user_id= sku_id= payment_tx= - Could not detect default configuration classes for test class [dev.flashflow.DelayedExpirationIntegrationTest]: DelayedExpirationIntegrationTest does not declare any static, non-private, non-final, nested classes annotated with @Configuration.
2026-08-11T11:13:36.032+08:00 INFO  o.s.b.t.c.SpringBootTestContextBootstrapper request_id= idempotency_key= order_id= user_id= sku_id= payment_tx= - Found @SpringBootConfiguration dev.flashflow.FlashFlowApplication for test class dev.flashflow.DelayedExpirationIntegrationTest
[INFO] Tests run: 2, Failures: 0, Errors: 0, Skipped: 0, Time elapsed: 0.172 s -- in dev.flashflow.DelayedExpirationIntegrationTest
[INFO] Running dev.flashflow.ForeignKeyLockUpgradeIntegrationTest
2026-08-11T11:13:36.203+08:00 INFO  o.s.t.c.s.AnnotationConfigContextLoaderUtils request_id= idempotency_key= order_id= user_id= sku_id= payment_tx= - Could not detect default configuration classes for test class [dev.flashflow.ForeignKeyLockUpgradeIntegrationTest]: ForeignKeyLockUpgradeIntegrationTest does not declare any static, non-private, non-final, nested classes annotated with @Configuration.
2026-08-11T11:13:36.204+08:00 INFO  o.s.b.t.c.SpringBootTestContextBootstrapper request_id= idempotency_key= order_id= user_id= sku_id= payment_tx= - Found @SpringBootConfiguration dev.flashflow.FlashFlowApplication for test class dev.flashflow.ForeignKeyLockUpgradeIntegrationTest
[INFO] Tests run: 2, Failures: 0, Errors: 0, Skipped: 0, Time elapsed: 0.141 s -- in dev.flashflow.ForeignKeyLockUpgradeIntegrationTest
[INFO] Running dev.flashflow.MessagingReadinessReporterTest
[INFO] Tests run: 3, Failures: 0, Errors: 0, Skipped: 0, Time elapsed: 0.018 s -- in dev.flashflow.MessagingReadinessReporterTest
[INFO] Running dev.flashflow.ExperimentReporterTest
[INFO] Tests run: 1, Failures: 0, Errors: 0, Skipped: 0, Time elapsed: 0.001 s -- in dev.flashflow.ExperimentReporterTest
[INFO] Running dev.flashflow.admission.AdmissionReconciliationFailureTest
[INFO] Tests run: 1, Failures: 0, Errors: 0, Skipped: 0, Time elapsed: 0.014 s -- in dev.flashflow.admission.AdmissionReconciliationFailureTest
[INFO] Running dev.flashflow.admission.RedisLuaAdmissionFailureTest
[INFO] Tests run: 1, Failures: 0, Errors: 0, Skipped: 0, Time elapsed: 0.164 s -- in dev.flashflow.admission.RedisLuaAdmissionFailureTest
[INFO] Running dev.flashflow.ConcurrentIdempotencyIntegrationTest
2026-08-11T11:13:36.545+08:00 INFO  o.s.t.c.s.AnnotationConfigContextLoaderUtils request_id= idempotency_key= order_id= user_id= sku_id= payment_tx= - Could not detect default configuration classes for test class [dev.flashflow.ConcurrentIdempotencyIntegrationTest]: ConcurrentIdempotencyIntegrationTest does not declare any static, non-private, non-final, nested classes annotated with @Configuration.
2026-08-11T11:13:36.545+08:00 INFO  o.s.b.t.c.SpringBootTestContextBootstrapper request_id= idempotency_key= order_id= user_id= sku_id= payment_tx= - Found @SpringBootConfiguration dev.flashflow.FlashFlowApplication for test class dev.flashflow.ConcurrentIdempotencyIntegrationTest
[INFO] Tests run: 2, Failures: 0, Errors: 0, Skipped: 0, Time elapsed: 0.144 s -- in dev.flashflow.ConcurrentIdempotencyIntegrationTest
[INFO] Running dev.flashflow.OutboxAcceptanceIntegrationTest
2026-08-11T11:13:36.692+08:00 INFO  o.s.t.c.s.AnnotationConfigContextLoaderUtils request_id= idempotency_key= order_id= user_id= sku_id= payment_tx= - Could not detect default configuration classes for test class [dev.flashflow.OutboxAcceptanceIntegrationTest]: OutboxAcceptanceIntegrationTest does not declare any static, non-private, non-final, nested classes annotated with @Configuration.
2026-08-11T11:13:36.694+08:00 INFO  o.s.b.t.c.SpringBootTestContextBootstrapper request_id= idempotency_key= order_id= user_id= sku_id= payment_tx= - Found @SpringBootConfiguration dev.flashflow.FlashFlowApplication for test class dev.flashflow.OutboxAcceptanceIntegrationTest

  .   ____          _            __ _ _
 /\\ / ___'_ __ _ _(_)_ __  __ _ \ \ \ \
( ( )\___ | '_ | '_| | '_ \/ _` | \ \ \ \
 \\/  ___)| |_)| | | | | || (_| |  ) ) ) )
  '  |____| .__|_| |_|_| |_\__, | / / / /
 =========|_|==============|___/=/_/_/_/

 :: Spring Boot ::                (v3.5.5)

2026-08-11T11:13:36.708+08:00 INFO  d.f.OutboxAcceptanceIntegrationTest request_id= idempotency_key= order_id= user_id= sku_id= payment_tx= - Starting OutboxAcceptanceIntegrationTest using Java 26.0.2 with PID 83717 (started by yuzheng in /Users/yuzheng/Computeracy/Zhenkun26-GitHub/FlashFlow)
2026-08-11T11:13:36.708+08:00 INFO  d.f.OutboxAcceptanceIntegrationTest request_id= idempotency_key= order_id= user_id= sku_id= payment_tx= - The following 1 profile is active: "test"
2026-08-11T11:13:36.812+08:00 INFO  o.s.d.r.c.RepositoryConfigurationDelegate request_id= idempotency_key= order_id= user_id= sku_id= payment_tx= - Multiple Spring Data modules found, entering strict repository configuration mode
2026-08-11T11:13:36.813+08:00 INFO  o.s.d.r.c.RepositoryConfigurationDelegate request_id= idempotency_key= order_id= user_id= sku_id= payment_tx= - Bootstrapping Spring Data Redis repositories in DEFAULT mode.
2026-08-11T11:13:36.817+08:00 INFO  o.s.d.r.c.RepositoryConfigurationDelegate request_id= idempotency_key= order_id= user_id= sku_id= payment_tx= - Finished Spring Data repository scanning in 3 ms. Found 0 Redis repository interfaces.
2026-08-11T11:13:36.895+08:00 INFO  com.zaxxer.hikari.HikariDataSource request_id= idempotency_key= order_id= user_id= sku_id= payment_tx= - HikariPool-6 - Starting...
2026-08-11T11:13:36.902+08:00 INFO  com.zaxxer.hikari.pool.HikariPool request_id= idempotency_key= order_id= user_id= sku_id= payment_tx= - HikariPool-6 - Added connection com.mysql.cj.jdbc.ConnectionImpl@37033745
2026-08-11T11:13:36.902+08:00 INFO  com.zaxxer.hikari.HikariDataSource request_id= idempotency_key= order_id= user_id= sku_id= payment_tx= - HikariPool-6 - Start completed.
2026-08-11T11:13:36.905+08:00 INFO  org.flywaydb.core.FlywayExecutor request_id= idempotency_key= order_id= user_id= sku_id= payment_tx= - Database: jdbc:mysql://localhost:56550/flashflow (MySQL 8.4)
2026-08-11T11:13:36.911+08:00 WARN  o.f.c.i.database.base.Database request_id= idempotency_key= order_id= user_id= sku_id= payment_tx= - Flyway upgrade recommended: MySQL 8.4 is newer than this version of Flyway and support has not been tested. The latest supported version of MySQL is 8.1.
2026-08-11T11:13:36.916+08:00 INFO  o.f.core.internal.command.DbValidate request_id= idempotency_key= order_id= user_id= sku_id= payment_tx= - Successfully validated 4 migrations (execution time 00:00.004s)
2026-08-11T11:13:36.923+08:00 INFO  o.f.core.internal.command.DbMigrate request_id= idempotency_key= order_id= user_id= sku_id= payment_tx= - Current version of schema `flashflow`: 4
2026-08-11T11:13:36.923+08:00 INFO  o.f.core.internal.command.DbMigrate request_id= idempotency_key= order_id= user_id= sku_id= payment_tx= - Schema `flashflow` is up to date. No migration necessary.
2026-08-11T11:13:37.019+08:00 INFO  o.s.b.a.e.web.EndpointLinksResolver request_id= idempotency_key= order_id= user_id= sku_id= payment_tx= - Exposing 2 endpoints beneath base path '/actuator'
2026-08-11T11:13:37.025+08:00 INFO  d.f.OutboxAcceptanceIntegrationTest request_id= idempotency_key= order_id= user_id= sku_id= payment_tx= - Started OutboxAcceptanceIntegrationTest in 0.33 seconds (process running for 50.128)
[INFO] Tests run: 2, Failures: 0, Errors: 0, Skipped: 0, Time elapsed: 0.422 s -- in dev.flashflow.OutboxAcceptanceIntegrationTest
[INFO] Running dev.flashflow.RedisLuaAdmissionIntegrationTest
2026-08-11T11:13:37.114+08:00 INFO  o.s.t.c.s.AnnotationConfigContextLoaderUtils request_id= idempotency_key= order_id= user_id= sku_id= payment_tx= - Could not detect default configuration classes for test class [dev.flashflow.RedisLuaAdmissionIntegrationTest]: RedisLuaAdmissionIntegrationTest does not declare any static, non-private, non-final, nested classes annotated with @Configuration.
2026-08-11T11:13:37.115+08:00 INFO  o.s.b.t.c.SpringBootTestContextBootstrapper request_id= idempotency_key= order_id= user_id= sku_id= payment_tx= - Found @SpringBootConfiguration dev.flashflow.FlashFlowApplication for test class dev.flashflow.RedisLuaAdmissionIntegrationTest

  .   ____          _            __ _ _
 /\\ / ___'_ __ _ _(_)_ __  __ _ \ \ \ \
( ( )\___ | '_ | '_| | '_ \/ _` | \ \ \ \
 \\/  ___)| |_)| | | | | || (_| |  ) ) ) )
  '  |____| .__|_| |_|_| |_\__, | / / / /
 =========|_|==============|___/=/_/_/_/

 :: Spring Boot ::                (v3.5.5)

2026-08-11T11:13:37.124+08:00 INFO  d.f.RedisLuaAdmissionIntegrationTest request_id= idempotency_key= order_id= user_id= sku_id= payment_tx= - Starting RedisLuaAdmissionIntegrationTest using Java 26.0.2 with PID 83717 (started by yuzheng in /Users/yuzheng/Computeracy/Zhenkun26-GitHub/FlashFlow)
2026-08-11T11:13:37.124+08:00 INFO  d.f.RedisLuaAdmissionIntegrationTest request_id= idempotency_key= order_id= user_id= sku_id= payment_tx= - The following 1 profile is active: "test"
2026-08-11T11:13:37.192+08:00 INFO  o.s.d.r.c.RepositoryConfigurationDelegate request_id= idempotency_key= order_id= user_id= sku_id= payment_tx= - Multiple Spring Data modules found, entering strict repository configuration mode
2026-08-11T11:13:37.192+08:00 INFO  o.s.d.r.c.RepositoryConfigurationDelegate request_id= idempotency_key= order_id= user_id= sku_id= payment_tx= - Bootstrapping Spring Data Redis repositories in DEFAULT mode.
2026-08-11T11:13:37.196+08:00 INFO  o.s.d.r.c.RepositoryConfigurationDelegate request_id= idempotency_key= order_id= user_id= sku_id= payment_tx= - Finished Spring Data repository scanning in 3 ms. Found 0 Redis repository interfaces.
2026-08-11T11:13:37.227+08:00 INFO  com.zaxxer.hikari.HikariDataSource request_id= idempotency_key= order_id= user_id= sku_id= payment_tx= - HikariPool-7 - Starting...
2026-08-11T11:13:37.236+08:00 INFO  com.zaxxer.hikari.pool.HikariPool request_id= idempotency_key= order_id= user_id= sku_id= payment_tx= - HikariPool-7 - Added connection com.mysql.cj.jdbc.ConnectionImpl@f7f3777
2026-08-11T11:13:37.236+08:00 INFO  com.zaxxer.hikari.HikariDataSource request_id= idempotency_key= order_id= user_id= sku_id= payment_tx= - HikariPool-7 - Start completed.
2026-08-11T11:13:37.240+08:00 INFO  org.flywaydb.core.FlywayExecutor request_id= idempotency_key= order_id= user_id= sku_id= payment_tx= - Database: jdbc:mysql://localhost:56550/flashflow (MySQL 8.4)
2026-08-11T11:13:37.244+08:00 WARN  o.f.c.i.database.base.Database request_id= idempotency_key= order_id= user_id= sku_id= payment_tx= - Flyway upgrade recommended: MySQL 8.4 is newer than this version of Flyway and support has not been tested. The latest supported version of MySQL is 8.1.
2026-08-11T11:13:37.250+08:00 INFO  o.f.core.internal.command.DbValidate request_id= idempotency_key= order_id= user_id= sku_id= payment_tx= - Successfully validated 4 migrations (execution time 00:00.004s)
2026-08-11T11:13:37.254+08:00 INFO  o.f.core.internal.command.DbMigrate request_id= idempotency_key= order_id= user_id= sku_id= payment_tx= - Current version of schema `flashflow`: 4
2026-08-11T11:13:37.255+08:00 INFO  o.f.core.internal.command.DbMigrate request_id= idempotency_key= order_id= user_id= sku_id= payment_tx= - Schema `flashflow` is up to date. No migration necessary.
2026-08-11T11:13:37.319+08:00 INFO  o.s.b.a.e.web.EndpointLinksResolver request_id= idempotency_key= order_id= user_id= sku_id= payment_tx= - Exposing 2 endpoints beneath base path '/actuator'
2026-08-11T11:13:37.325+08:00 INFO  d.f.RedisLuaAdmissionIntegrationTest request_id= idempotency_key= order_id= user_id= sku_id= payment_tx= - Started RedisLuaAdmissionIntegrationTest in 0.21 seconds (process running for 50.427)
[INFO] Tests run: 6, Failures: 0, Errors: 0, Skipped: 0, Time elapsed: 0.297 s -- in dev.flashflow.RedisLuaAdmissionIntegrationTest
[INFO] Running dev.flashflow.AdmissionReconciliationIntegrationTest
2026-08-11T11:13:37.411+08:00 INFO  o.s.t.c.s.AnnotationConfigContextLoaderUtils request_id= idempotency_key= order_id= user_id= sku_id= payment_tx= - Could not detect default configuration classes for test class [dev.flashflow.AdmissionReconciliationIntegrationTest]: AdmissionReconciliationIntegrationTest does not declare any static, non-private, non-final, nested classes annotated with @Configuration.
2026-08-11T11:13:37.411+08:00 INFO  o.s.b.t.c.SpringBootTestContextBootstrapper request_id= idempotency_key= order_id= user_id= sku_id= payment_tx= - Found @SpringBootConfiguration dev.flashflow.FlashFlowApplication for test class dev.flashflow.AdmissionReconciliationIntegrationTest
[INFO] Tests run: 6, Failures: 0, Errors: 0, Skipped: 0, Time elapsed: 0.216 s -- in dev.flashflow.AdmissionReconciliationIntegrationTest
[INFO] Running dev.flashflow.OrderCommandConsumerIntegrationTest
2026-08-11T11:13:37.627+08:00 INFO  o.s.t.c.s.AnnotationConfigContextLoaderUtils request_id= idempotency_key= order_id= user_id= sku_id= payment_tx= - Could not detect default configuration classes for test class [dev.flashflow.OrderCommandConsumerIntegrationTest]: OrderCommandConsumerIntegrationTest does not declare any static, non-private, non-final, nested classes annotated with @Configuration.
2026-08-11T11:13:37.628+08:00 INFO  o.s.b.t.c.SpringBootTestContextBootstrapper request_id= idempotency_key= order_id= user_id= sku_id= payment_tx= - Found @SpringBootConfiguration dev.flashflow.FlashFlowApplication for test class dev.flashflow.OrderCommandConsumerIntegrationTest
[INFO] Tests run: 4, Failures: 0, Errors: 0, Skipped: 0, Time elapsed: 0.125 s -- in dev.flashflow.OrderCommandConsumerIntegrationTest
[INFO] Running dev.flashflow.CommandLedgerIntegrationTest
2026-08-11T11:13:37.753+08:00 INFO  o.s.t.c.s.AnnotationConfigContextLoaderUtils request_id= idempotency_key= order_id= user_id= sku_id= payment_tx= - Could not detect default configuration classes for test class [dev.flashflow.CommandLedgerIntegrationTest]: CommandLedgerIntegrationTest does not declare any static, non-private, non-final, nested classes annotated with @Configuration.
2026-08-11T11:13:37.754+08:00 INFO  o.s.b.t.c.SpringBootTestContextBootstrapper request_id= idempotency_key= order_id= user_id= sku_id= payment_tx= - Found @SpringBootConfiguration dev.flashflow.FlashFlowApplication for test class dev.flashflow.CommandLedgerIntegrationTest
[INFO] Tests run: 2, Failures: 0, Errors: 0, Skipped: 0, Time elapsed: 0.024 s -- in dev.flashflow.CommandLedgerIntegrationTest
[INFO] Running dev.flashflow.V3ControlledComparisonIntegrationTest
2026-08-11T11:13:37.778+08:00 INFO  o.s.t.c.s.AnnotationConfigContextLoaderUtils request_id= idempotency_key= order_id= user_id= sku_id= payment_tx= - Could not detect default configuration classes for test class [dev.flashflow.V3ControlledComparisonIntegrationTest]: V3ControlledComparisonIntegrationTest does not declare any static, non-private, non-final, nested classes annotated with @Configuration.
2026-08-11T11:13:37.779+08:00 INFO  o.s.b.t.c.SpringBootTestContextBootstrapper request_id= idempotency_key= order_id= user_id= sku_id= payment_tx= - Found @SpringBootConfiguration dev.flashflow.FlashFlowApplication for test class dev.flashflow.V3ControlledComparisonIntegrationTest

  .   ____          _            __ _ _
 /\\ / ___'_ __ _ _(_)_ __  __ _ \ \ \ \
( ( )\___ | '_ | '_| | '_ \/ _` | \ \ \ \
 \\/  ___)| |_)| | | | | || (_| |  ) ) ) )
  '  |____| .__|_| |_|_| |_\__, | / / / /
 =========|_|==============|___/=/_/_/_/

 :: Spring Boot ::                (v3.5.5)

2026-08-11T11:13:37.788+08:00 INFO  d.f.V3ControlledComparisonIntegrationTest request_id= idempotency_key= order_id= user_id= sku_id= payment_tx= - Starting V3ControlledComparisonIntegrationTest using Java 26.0.2 with PID 83717 (started by yuzheng in /Users/yuzheng/Computeracy/Zhenkun26-GitHub/FlashFlow)
2026-08-11T11:13:37.788+08:00 INFO  d.f.V3ControlledComparisonIntegrationTest request_id= idempotency_key= order_id= user_id= sku_id= payment_tx= - The following 1 profile is active: "test"
2026-08-11T11:13:37.848+08:00 INFO  o.s.d.r.c.RepositoryConfigurationDelegate request_id= idempotency_key= order_id= user_id= sku_id= payment_tx= - Multiple Spring Data modules found, entering strict repository configuration mode
2026-08-11T11:13:37.848+08:00 INFO  o.s.d.r.c.RepositoryConfigurationDelegate request_id= idempotency_key= order_id= user_id= sku_id= payment_tx= - Bootstrapping Spring Data Redis repositories in DEFAULT mode.
2026-08-11T11:13:37.852+08:00 INFO  o.s.d.r.c.RepositoryConfigurationDelegate request_id= idempotency_key= order_id= user_id= sku_id= payment_tx= - Finished Spring Data repository scanning in 3 ms. Found 0 Redis repository interfaces.
2026-08-11T11:13:37.868+08:00 INFO  o.s.b.w.e.tomcat.TomcatWebServer request_id= idempotency_key= order_id= user_id= sku_id= payment_tx= - Tomcat initialized with port 0 (http)
2026-08-11T11:13:37.868+08:00 INFO  o.a.catalina.core.StandardService request_id= idempotency_key= order_id= user_id= sku_id= payment_tx= - Starting service [Tomcat]
2026-08-11T11:13:37.868+08:00 INFO  o.a.catalina.core.StandardEngine request_id= idempotency_key= order_id= user_id= sku_id= payment_tx= - Starting Servlet engine: [Apache Tomcat/10.1.44]
2026-08-11T11:13:37.876+08:00 INFO  o.a.c.c.C.[Tomcat].[localhost].[/] request_id= idempotency_key= order_id= user_id= sku_id= payment_tx= - Initializing Spring embedded WebApplicationContext
2026-08-11T11:13:37.876+08:00 INFO  o.s.b.w.s.c.ServletWebServerApplicationContext request_id= idempotency_key= order_id= user_id= sku_id= payment_tx= - Root WebApplicationContext: initialization completed in 88 ms
Standard Commons Logging discovery in action with spring-jcl: please remove commons-logging.jar from classpath in order to avoid potential conflicts
2026-08-11T11:13:37.898+08:00 INFO  com.zaxxer.hikari.HikariDataSource request_id= idempotency_key= order_id= user_id= sku_id= payment_tx= - HikariPool-8 - Starting...
2026-08-11T11:13:37.905+08:00 INFO  com.zaxxer.hikari.pool.HikariPool request_id= idempotency_key= order_id= user_id= sku_id= payment_tx= - HikariPool-8 - Added connection com.mysql.cj.jdbc.ConnectionImpl@6178c6b
2026-08-11T11:13:37.905+08:00 INFO  com.zaxxer.hikari.HikariDataSource request_id= idempotency_key= order_id= user_id= sku_id= payment_tx= - HikariPool-8 - Start completed.
2026-08-11T11:13:37.908+08:00 INFO  org.flywaydb.core.FlywayExecutor request_id= idempotency_key= order_id= user_id= sku_id= payment_tx= - Database: jdbc:mysql://localhost:56550/flashflow (MySQL 8.4)
2026-08-11T11:13:37.911+08:00 WARN  o.f.c.i.database.base.Database request_id= idempotency_key= order_id= user_id= sku_id= payment_tx= - Flyway upgrade recommended: MySQL 8.4 is newer than this version of Flyway and support has not been tested. The latest supported version of MySQL is 8.1.
2026-08-11T11:13:37.915+08:00 INFO  o.f.core.internal.command.DbValidate request_id= idempotency_key= order_id= user_id= sku_id= payment_tx= - Successfully validated 4 migrations (execution time 00:00.003s)
2026-08-11T11:13:37.920+08:00 INFO  o.f.core.internal.command.DbMigrate request_id= idempotency_key= order_id= user_id= sku_id= payment_tx= - Current version of schema `flashflow`: 4
2026-08-11T11:13:37.920+08:00 INFO  o.f.core.internal.command.DbMigrate request_id= idempotency_key= order_id= user_id= sku_id= payment_tx= - Schema `flashflow` is up to date. No migration necessary.
2026-08-11T11:13:38.073+08:00 INFO  o.s.b.a.e.web.EndpointLinksResolver request_id= idempotency_key= order_id= user_id= sku_id= payment_tx= - Exposing 2 endpoints beneath base path '/actuator'
2026-08-11T11:13:38.082+08:00 INFO  o.s.b.w.e.tomcat.TomcatWebServer request_id= idempotency_key= order_id= user_id= sku_id= payment_tx= - Tomcat started on port 60089 (http) with context path '/'
2026-08-11T11:13:38.085+08:00 INFO  d.f.V3ControlledComparisonIntegrationTest request_id= idempotency_key= order_id= user_id= sku_id= payment_tx= - Started V3ControlledComparisonIntegrationTest in 0.305 seconds (process running for 51.188)
2026-08-11T11:13:40.172+08:00 INFO  o.a.c.c.C.[Tomcat].[localhost].[/] request_id= idempotency_key= order_id= user_id= sku_id= payment_tx= - Initializing Spring DispatcherServlet 'dispatcherServlet'
2026-08-11T11:13:40.172+08:00 INFO  o.s.web.servlet.DispatcherServlet request_id= idempotency_key= order_id= user_id= sku_id= payment_tx= - Initializing Servlet 'dispatcherServlet'
2026-08-11T11:13:40.172+08:00 INFO  o.s.web.servlet.DispatcherServlet request_id= idempotency_key= order_id= user_id= sku_id= payment_tx= - Completed initialization in 0 ms
2026-08-11T11:13:40.327+08:00 INFO  d.f.m.AsyncOrderApplicationService request_id=75ca6696-3f61-43ca-8f72-795bd183a67d idempotency_key=key-control-v3-8c2422d9 order_id= user_id=user-control-v3-8c2422d9 sku_id=sku-control-v3-8c2422d9 payment_tx= - Asynchronous publication command_id=c2755f6d6110e04e5ad290345cda999d39a6b5ca91350af6001655ac1a467167 outcome=BROKER_ACKNOWLEDGED status=ACCEPTED cause=SEND_OK
2026-08-11T11:13:40.993+08:00 INFO  d.f.V3ControlledComparisonIntegrationTest request_id= idempotency_key= order_id= user_id= sku_id= payment_tx= - V3_CONTROLLED_COMPARISON sync_acceptance_ms=79.7 sync_completion_ms=79.7 v3_acceptance_ms=94.6 v3_completion_ms=748.8 business_created=2 technical_outcomes=SYNC_CREATED,V3_ACCEPTED_V3_COMPLETED message_observations=ACK_AND_DELIVERY scope=LOCAL_SINGLE_REQUEST_NOT_CAPACITY
2026-08-11T11:13:40.994+08:00 INFO  o.s.b.w.e.tomcat.GracefulShutdown request_id= idempotency_key= order_id= user_id= sku_id= payment_tx= - Commencing graceful shutdown. Waiting for active requests to complete
2026-08-11T11:13:43.001+08:00 INFO  o.s.b.w.e.tomcat.GracefulShutdown request_id= idempotency_key= order_id= user_id= sku_id= payment_tx= - Graceful shutdown complete
2026-08-11T11:13:43.001+08:00 ERROR org.apache.tomcat.util.net.Acceptor request_id= idempotency_key= order_id= user_id= sku_id= payment_tx= - Socket accept failed
java.nio.channels.AsynchronousCloseException: null
	at java.base/java.nio.channels.spi.AbstractInterruptibleChannel.end(AbstractInterruptibleChannel.java:218) ~[na:na]
	at java.base/sun.nio.ch.ServerSocketChannelImpl.end(ServerSocketChannelImpl.java:372) ~[na:na]
	at java.base/sun.nio.ch.ServerSocketChannelImpl.accept(ServerSocketChannelImpl.java:397) ~[na:na]
	at org.apache.tomcat.util.net.NioEndpoint.serverSocketAccept(NioEndpoint.java:537) ~[tomcat-embed-core-10.1.44.jar:10.1.44]
	at org.apache.tomcat.util.net.NioEndpoint.serverSocketAccept(NioEndpoint.java:72) ~[tomcat-embed-core-10.1.44.jar:10.1.44]
	at org.apache.tomcat.util.net.Acceptor.run(Acceptor.java:127) ~[tomcat-embed-core-10.1.44.jar:10.1.44]
	at java.base/java.lang.Thread.run(Thread.java:1516) ~[na:na]
2026-08-11T11:13:43.046+08:00 INFO  com.zaxxer.hikari.HikariDataSource request_id= idempotency_key= order_id= user_id= sku_id= payment_tx= - HikariPool-8 - Shutdown initiated...
2026-08-11T11:13:43.047+08:00 INFO  com.zaxxer.hikari.HikariDataSource request_id= idempotency_key= order_id= user_id= sku_id= payment_tx= - HikariPool-8 - Shutdown completed.
[INFO] Tests run: 1, Failures: 0, Errors: 0, Skipped: 0, Time elapsed: 5.272 s -- in dev.flashflow.V3ControlledComparisonIntegrationTest
[INFO] Running dev.flashflow.shared.config.UnsafeStrategyGuardTest
[INFO] Tests run: 2, Failures: 0, Errors: 0, Skipped: 0, Time elapsed: 0.005 s -- in dev.flashflow.shared.config.UnsafeStrategyGuardTest
[INFO] Running dev.flashflow.shared.config.MessagingConfigurationGuardTest
[INFO] Tests run: 5, Failures: 0, Errors: 0, Skipped: 0, Time elapsed: 0.002 s -- in dev.flashflow.shared.config.MessagingConfigurationGuardTest
[INFO] Running dev.flashflow.shared.config.AdmissionConfigurationGuardTest
[INFO] Tests run: 2, Failures: 0, Errors: 0, Skipped: 0, Time elapsed: 0 s -- in dev.flashflow.shared.config.AdmissionConfigurationGuardTest
[INFO] Running dev.flashflow.AdmissionCrossStoreFailureIntegrationTest
2026-08-11T11:13:43.059+08:00 INFO  o.s.t.c.s.AnnotationConfigContextLoaderUtils request_id= idempotency_key= order_id= user_id= sku_id= payment_tx= - Could not detect default configuration classes for test class [dev.flashflow.AdmissionCrossStoreFailureIntegrationTest]: AdmissionCrossStoreFailureIntegrationTest does not declare any static, non-private, non-final, nested classes annotated with @Configuration.
2026-08-11T11:13:43.060+08:00 INFO  o.s.b.t.c.SpringBootTestContextBootstrapper request_id= idempotency_key= order_id= user_id= sku_id= payment_tx= - Found @SpringBootConfiguration dev.flashflow.FlashFlowApplication for test class dev.flashflow.AdmissionCrossStoreFailureIntegrationTest
[INFO] Tests run: 4, Failures: 0, Errors: 0, Skipped: 0, Time elapsed: 0.061 s -- in dev.flashflow.AdmissionCrossStoreFailureIntegrationTest
[INFO] Running dev.flashflow.LiveRocketMqRedeliveryIntegrationTest
2026-08-11T11:13:43.120+08:00 INFO  o.s.t.c.s.AnnotationConfigContextLoaderUtils request_id= idempotency_key= order_id= user_id= sku_id= payment_tx= - Could not detect default configuration classes for test class [dev.flashflow.LiveRocketMqRedeliveryIntegrationTest]: LiveRocketMqRedeliveryIntegrationTest does not declare any static, non-private, non-final, nested classes annotated with @Configuration.
2026-08-11T11:13:43.121+08:00 INFO  o.s.b.t.c.SpringBootTestContextBootstrapper request_id= idempotency_key= order_id= user_id= sku_id= payment_tx= - Found @SpringBootConfiguration dev.flashflow.FlashFlowApplication for test class dev.flashflow.LiveRocketMqRedeliveryIntegrationTest

  .   ____          _            __ _ _
 /\\ / ___'_ __ _ _(_)_ __  __ _ \ \ \ \
( ( )\___ | '_ | '_| | '_ \/ _` | \ \ \ \
 \\/  ___)| |_)| | | | | || (_| |  ) ) ) )
  '  |____| .__|_| |_|_| |_\__, | / / / /
 =========|_|==============|___/=/_/_/_/

 :: Spring Boot ::                (v3.5.5)

2026-08-11T11:13:43.128+08:00 INFO  d.f.LiveRocketMqRedeliveryIntegrationTest request_id= idempotency_key= order_id= user_id= sku_id= payment_tx= - Starting LiveRocketMqRedeliveryIntegrationTest using Java 26.0.2 with PID 83717 (started by yuzheng in /Users/yuzheng/Computeracy/Zhenkun26-GitHub/FlashFlow)
2026-08-11T11:13:43.129+08:00 INFO  d.f.LiveRocketMqRedeliveryIntegrationTest request_id= idempotency_key= order_id= user_id= sku_id= payment_tx= - The following 1 profile is active: "test"
2026-08-11T11:13:43.196+08:00 INFO  o.s.d.r.c.RepositoryConfigurationDelegate request_id= idempotency_key= order_id= user_id= sku_id= payment_tx= - Multiple Spring Data modules found, entering strict repository configuration mode
2026-08-11T11:13:43.196+08:00 INFO  o.s.d.r.c.RepositoryConfigurationDelegate request_id= idempotency_key= order_id= user_id= sku_id= payment_tx= - Bootstrapping Spring Data Redis repositories in DEFAULT mode.
2026-08-11T11:13:43.201+08:00 INFO  o.s.d.r.c.RepositoryConfigurationDelegate request_id= idempotency_key= order_id= user_id= sku_id= payment_tx= - Finished Spring Data repository scanning in 3 ms. Found 0 Redis repository interfaces.
2026-08-11T11:13:43.214+08:00 INFO  o.s.b.w.e.tomcat.TomcatWebServer request_id= idempotency_key= order_id= user_id= sku_id= payment_tx= - Tomcat initialized with port 0 (http)
2026-08-11T11:13:43.214+08:00 INFO  o.a.catalina.core.StandardService request_id= idempotency_key= order_id= user_id= sku_id= payment_tx= - Starting service [Tomcat]
2026-08-11T11:13:43.214+08:00 INFO  o.a.catalina.core.StandardEngine request_id= idempotency_key= order_id= user_id= sku_id= payment_tx= - Starting Servlet engine: [Apache Tomcat/10.1.44]
2026-08-11T11:13:43.235+08:00 INFO  o.a.c.c.C.[Tomcat].[localhost].[/] request_id= idempotency_key= order_id= user_id= sku_id= payment_tx= - Initializing Spring embedded WebApplicationContext
2026-08-11T11:13:43.235+08:00 INFO  o.s.b.w.s.c.ServletWebServerApplicationContext request_id= idempotency_key= order_id= user_id= sku_id= payment_tx= - Root WebApplicationContext: initialization completed in 106 ms
Standard Commons Logging discovery in action with spring-jcl: please remove commons-logging.jar from classpath in order to avoid potential conflicts
2026-08-11T11:13:43.258+08:00 INFO  com.zaxxer.hikari.HikariDataSource request_id= idempotency_key= order_id= user_id= sku_id= payment_tx= - HikariPool-9 - Starting...
2026-08-11T11:13:43.266+08:00 INFO  com.zaxxer.hikari.pool.HikariPool request_id= idempotency_key= order_id= user_id= sku_id= payment_tx= - HikariPool-9 - Added connection com.mysql.cj.jdbc.ConnectionImpl@4df45a80
2026-08-11T11:13:43.266+08:00 INFO  com.zaxxer.hikari.HikariDataSource request_id= idempotency_key= order_id= user_id= sku_id= payment_tx= - HikariPool-9 - Start completed.
2026-08-11T11:13:43.268+08:00 INFO  org.flywaydb.core.FlywayExecutor request_id= idempotency_key= order_id= user_id= sku_id= payment_tx= - Database: jdbc:mysql://localhost:56550/flashflow (MySQL 8.4)
2026-08-11T11:13:43.270+08:00 WARN  o.f.c.i.database.base.Database request_id= idempotency_key= order_id= user_id= sku_id= payment_tx= - Flyway upgrade recommended: MySQL 8.4 is newer than this version of Flyway and support has not been tested. The latest supported version of MySQL is 8.1.
2026-08-11T11:13:43.274+08:00 INFO  o.f.core.internal.command.DbValidate request_id= idempotency_key= order_id= user_id= sku_id= payment_tx= - Successfully validated 4 migrations (execution time 00:00.003s)
2026-08-11T11:13:43.277+08:00 INFO  o.f.core.internal.command.DbMigrate request_id= idempotency_key= order_id= user_id= sku_id= payment_tx= - Current version of schema `flashflow`: 4
2026-08-11T11:13:43.277+08:00 INFO  o.f.core.internal.command.DbMigrate request_id= idempotency_key= order_id= user_id= sku_id= payment_tx= - Schema `flashflow` is up to date. No migration necessary.
2026-08-11T11:13:43.374+08:00 INFO  o.s.b.a.e.web.EndpointLinksResolver request_id= idempotency_key= order_id= user_id= sku_id= payment_tx= - Exposing 2 endpoints beneath base path '/actuator'
2026-08-11T11:13:43.379+08:00 INFO  o.s.b.w.e.tomcat.TomcatWebServer request_id= idempotency_key= order_id= user_id= sku_id= payment_tx= - Tomcat started on port 60136 (http) with context path '/'
2026-08-11T11:13:43.381+08:00 INFO  d.f.LiveRocketMqRedeliveryIntegrationTest request_id= idempotency_key= order_id= user_id= sku_id= payment_tx= - Started LiveRocketMqRedeliveryIntegrationTest in 0.26 seconds (process running for 56.483)
2026-08-11T11:13:45.411+08:00 INFO  o.a.c.c.C.[Tomcat].[localhost].[/] request_id= idempotency_key= order_id= user_id= sku_id= payment_tx= - Initializing Spring DispatcherServlet 'dispatcherServlet'
2026-08-11T11:13:45.411+08:00 INFO  o.s.web.servlet.DispatcherServlet request_id= idempotency_key= order_id= user_id= sku_id= payment_tx= - Initializing Servlet 'dispatcherServlet'
2026-08-11T11:13:45.412+08:00 INFO  o.s.web.servlet.DispatcherServlet request_id= idempotency_key= order_id= user_id= sku_id= payment_tx= - Completed initialization in 1 ms
2026-08-11T11:13:45.435+08:00 INFO  d.f.m.AsyncOrderApplicationService request_id=5902f28b-6635-4090-a25f-52cfbc652b2f idempotency_key=key-redelivery order_id= user_id=user-redelivery sku_id=sku-redelivery payment_tx= - Asynchronous publication command_id=c96a0af58397f512ce41cca417eee9eee47778bff09a3b87e8e8edb9c7e14fe6 outcome=BROKER_ACKNOWLEDGED status=ACCEPTED cause=SEND_OK
2026-08-11T11:13:45.758+08:00 INFO  o.s.b.w.e.tomcat.GracefulShutdown request_id= idempotency_key= order_id= user_id= sku_id= payment_tx= - Commencing graceful shutdown. Waiting for active requests to complete
2026-08-11T11:13:47.766+08:00 INFO  o.s.b.w.e.tomcat.GracefulShutdown request_id= idempotency_key= order_id= user_id= sku_id= payment_tx= - Graceful shutdown complete
2026-08-11T11:13:47.766+08:00 ERROR org.apache.tomcat.util.net.Acceptor request_id= idempotency_key= order_id= user_id= sku_id= payment_tx= - Socket accept failed
java.nio.channels.AsynchronousCloseException: null
	at java.base/java.nio.channels.spi.AbstractInterruptibleChannel.end(AbstractInterruptibleChannel.java:218) ~[na:na]
	at java.base/sun.nio.ch.ServerSocketChannelImpl.end(ServerSocketChannelImpl.java:372) ~[na:na]
	at java.base/sun.nio.ch.ServerSocketChannelImpl.accept(ServerSocketChannelImpl.java:397) ~[na:na]
	at org.apache.tomcat.util.net.NioEndpoint.serverSocketAccept(NioEndpoint.java:537) ~[tomcat-embed-core-10.1.44.jar:10.1.44]
	at org.apache.tomcat.util.net.NioEndpoint.serverSocketAccept(NioEndpoint.java:72) ~[tomcat-embed-core-10.1.44.jar:10.1.44]
	at org.apache.tomcat.util.net.Acceptor.run(Acceptor.java:127) ~[tomcat-embed-core-10.1.44.jar:10.1.44]
	at java.base/java.lang.Thread.run(Thread.java:1516) ~[na:na]
2026-08-11T11:13:47.810+08:00 INFO  com.zaxxer.hikari.HikariDataSource request_id= idempotency_key= order_id= user_id= sku_id= payment_tx= - HikariPool-9 - Shutdown initiated...
2026-08-11T11:13:47.812+08:00 INFO  com.zaxxer.hikari.HikariDataSource request_id= idempotency_key= order_id= user_id= sku_id= payment_tx= - HikariPool-9 - Shutdown completed.
[INFO] Tests run: 1, Failures: 0, Errors: 0, Skipped: 0, Time elapsed: 4.695 s -- in dev.flashflow.LiveRocketMqRedeliveryIntegrationTest
[INFO] Running dev.flashflow.V4OutboxRocketMqEndToEndIntegrationTest
2026-08-11T11:13:47.817+08:00 INFO  o.s.t.c.s.AnnotationConfigContextLoaderUtils request_id= idempotency_key= order_id= user_id= sku_id= payment_tx= - Could not detect default configuration classes for test class [dev.flashflow.V4OutboxRocketMqEndToEndIntegrationTest]: V4OutboxRocketMqEndToEndIntegrationTest does not declare any static, non-private, non-final, nested classes annotated with @Configuration.
2026-08-11T11:13:47.818+08:00 INFO  o.s.b.t.c.SpringBootTestContextBootstrapper request_id= idempotency_key= order_id= user_id= sku_id= payment_tx= - Found @SpringBootConfiguration dev.flashflow.FlashFlowApplication for test class dev.flashflow.V4OutboxRocketMqEndToEndIntegrationTest

  .   ____          _            __ _ _
 /\\ / ___'_ __ _ _(_)_ __  __ _ \ \ \ \
( ( )\___ | '_ | '_| | '_ \/ _` | \ \ \ \
 \\/  ___)| |_)| | | | | || (_| |  ) ) ) )
  '  |____| .__|_| |_|_| |_\__, | / / / /
 =========|_|==============|___/=/_/_/_/

 :: Spring Boot ::                (v3.5.5)

2026-08-11T11:13:47.830+08:00 INFO  d.f.V4OutboxRocketMqEndToEndIntegrationTest request_id= idempotency_key= order_id= user_id= sku_id= payment_tx= - Starting V4OutboxRocketMqEndToEndIntegrationTest using Java 26.0.2 with PID 83717 (started by yuzheng in /Users/yuzheng/Computeracy/Zhenkun26-GitHub/FlashFlow)
2026-08-11T11:13:47.830+08:00 INFO  d.f.V4OutboxRocketMqEndToEndIntegrationTest request_id= idempotency_key= order_id= user_id= sku_id= payment_tx= - The following 1 profile is active: "test"
2026-08-11T11:13:47.891+08:00 INFO  o.s.d.r.c.RepositoryConfigurationDelegate request_id= idempotency_key= order_id= user_id= sku_id= payment_tx= - Multiple Spring Data modules found, entering strict repository configuration mode
2026-08-11T11:13:47.891+08:00 INFO  o.s.d.r.c.RepositoryConfigurationDelegate request_id= idempotency_key= order_id= user_id= sku_id= payment_tx= - Bootstrapping Spring Data Redis repositories in DEFAULT mode.
2026-08-11T11:13:47.894+08:00 INFO  o.s.d.r.c.RepositoryConfigurationDelegate request_id= idempotency_key= order_id= user_id= sku_id= payment_tx= - Finished Spring Data repository scanning in 3 ms. Found 0 Redis repository interfaces.
2026-08-11T11:13:47.913+08:00 INFO  o.s.b.w.e.tomcat.TomcatWebServer request_id= idempotency_key= order_id= user_id= sku_id= payment_tx= - Tomcat initialized with port 0 (http)
2026-08-11T11:13:47.913+08:00 INFO  o.a.catalina.core.StandardService request_id= idempotency_key= order_id= user_id= sku_id= payment_tx= - Starting service [Tomcat]
2026-08-11T11:13:47.913+08:00 INFO  o.a.catalina.core.StandardEngine request_id= idempotency_key= order_id= user_id= sku_id= payment_tx= - Starting Servlet engine: [Apache Tomcat/10.1.44]
2026-08-11T11:13:47.919+08:00 INFO  o.a.c.c.C.[Tomcat].[localhost].[/] request_id= idempotency_key= order_id= user_id= sku_id= payment_tx= - Initializing Spring embedded WebApplicationContext
2026-08-11T11:13:47.919+08:00 INFO  o.s.b.w.s.c.ServletWebServerApplicationContext request_id= idempotency_key= order_id= user_id= sku_id= payment_tx= - Root WebApplicationContext: initialization completed in 88 ms
Standard Commons Logging discovery in action with spring-jcl: please remove commons-logging.jar from classpath in order to avoid potential conflicts
2026-08-11T11:13:47.942+08:00 INFO  com.zaxxer.hikari.HikariDataSource request_id= idempotency_key= order_id= user_id= sku_id= payment_tx= - HikariPool-10 - Starting...
2026-08-11T11:13:47.951+08:00 INFO  com.zaxxer.hikari.pool.HikariPool request_id= idempotency_key= order_id= user_id= sku_id= payment_tx= - HikariPool-10 - Added connection com.mysql.cj.jdbc.ConnectionImpl@313a828b
2026-08-11T11:13:47.951+08:00 INFO  com.zaxxer.hikari.HikariDataSource request_id= idempotency_key= order_id= user_id= sku_id= payment_tx= - HikariPool-10 - Start completed.
2026-08-11T11:13:47.954+08:00 INFO  org.flywaydb.core.FlywayExecutor request_id= idempotency_key= order_id= user_id= sku_id= payment_tx= - Database: jdbc:mysql://localhost:56550/flashflow (MySQL 8.4)
2026-08-11T11:13:47.957+08:00 WARN  o.f.c.i.database.base.Database request_id= idempotency_key= order_id= user_id= sku_id= payment_tx= - Flyway upgrade recommended: MySQL 8.4 is newer than this version of Flyway and support has not been tested. The latest supported version of MySQL is 8.1.
2026-08-11T11:13:47.964+08:00 INFO  o.f.core.internal.command.DbValidate request_id= idempotency_key= order_id= user_id= sku_id= payment_tx= - Successfully validated 4 migrations (execution time 00:00.005s)
2026-08-11T11:13:47.967+08:00 INFO  o.f.core.internal.command.DbMigrate request_id= idempotency_key= order_id= user_id= sku_id= payment_tx= - Current version of schema `flashflow`: 4
2026-08-11T11:13:47.968+08:00 INFO  o.f.core.internal.command.DbMigrate request_id= idempotency_key= order_id= user_id= sku_id= payment_tx= - Schema `flashflow` is up to date. No migration necessary.
2026-08-11T11:13:48.057+08:00 INFO  o.s.b.a.e.web.EndpointLinksResolver request_id= idempotency_key= order_id= user_id= sku_id= payment_tx= - Exposing 2 endpoints beneath base path '/actuator'
2026-08-11T11:13:48.062+08:00 INFO  o.s.b.w.e.tomcat.TomcatWebServer request_id= idempotency_key= order_id= user_id= sku_id= payment_tx= - Tomcat started on port 60192 (http) with context path '/'
2026-08-11T11:13:48.064+08:00 INFO  d.f.V4OutboxRocketMqEndToEndIntegrationTest request_id= idempotency_key= order_id= user_id= sku_id= payment_tx= - Started V4OutboxRocketMqEndToEndIntegrationTest in 0.244 seconds (process running for 61.166)
2026-08-11T11:13:50.123+08:00 INFO  o.a.c.c.C.[Tomcat].[localhost].[/] request_id= idempotency_key= order_id= user_id= sku_id= payment_tx= - Initializing Spring DispatcherServlet 'dispatcherServlet'
2026-08-11T11:13:50.123+08:00 INFO  o.s.web.servlet.DispatcherServlet request_id= idempotency_key= order_id= user_id= sku_id= payment_tx= - Initializing Servlet 'dispatcherServlet'
2026-08-11T11:13:50.123+08:00 INFO  o.s.web.servlet.DispatcherServlet request_id= idempotency_key= order_id= user_id= sku_id= payment_tx= - Completed initialization in 0 ms
2026-08-11T11:13:50.149+08:00 INFO  d.f.m.o.OutboxAsyncOrderApplicationService request_id=b75a7393-7f6c-4aa2-bc62-813fdccac5cb idempotency_key=key-v4-3b9f0837 order_id= user_id=user-v4-3b9f0837 sku_id=sku-v4-3b9f0837 payment_tx= - Durable Outbox acceptance command_id=b832ebf1904d49c97ab5e95343d8b4c5af448aab68e0d542eb94383273cf40b1 status=ACCEPTED
2026-08-11T11:13:50.277+08:00 INFO  d.f.m.outbox.OutboxDispatcher request_id= idempotency_key= order_id= user_id= sku_id= payment_tx= - Outbox publication outbox_id=7e4325d0-bd04-4043-a043-340d0e7e90be command_id=b832ebf1904d49c97ab5e95343d8b4c5af448aab68e0d542eb94383273cf40b1 outcome=ACKNOWLEDGED
2026-08-11T11:14:03.027+08:00 INFO  d.f.m.o.OutboxAsyncOrderApplicationService request_id=35f38926-8d6c-4858-b06e-b5f31b49840f idempotency_key=key-v4-outage-3b9f0837 order_id= user_id=user-v4-outage-3b9f0837 sku_id=sku-v4-outage-3b9f0837 payment_tx= - Durable Outbox acceptance command_id=e81c4494c5170bc8105bb04b2940773b06f517f2db44fe5c1062e2d3c1ed92f9 status=ACCEPTED
2026-08-11T11:14:03.091+08:00 INFO  d.f.m.outbox.OutboxDispatcher request_id= idempotency_key= order_id= user_id= sku_id= payment_tx= - Outbox publication deferred outbox_id=d8810996-cc70-45f8-b74c-d23cb3b80829 command_id=e81c4494c5170bc8105bb04b2940773b06f517f2db44fe5c1062e2d3c1ed92f9 outcome=RETRYABLE cause=MQCLIENTEXCEPTION
2026-08-11T11:14:03.208+08:00 INFO  d.f.m.outbox.OutboxDispatcher request_id= idempotency_key= order_id= user_id= sku_id= payment_tx= - Outbox publication deferred outbox_id=d8810996-cc70-45f8-b74c-d23cb3b80829 command_id=e81c4494c5170bc8105bb04b2940773b06f517f2db44fe5c1062e2d3c1ed92f9 outcome=RETRYABLE cause=MQCLIENTEXCEPTION
2026-08-11T11:14:03.428+08:00 INFO  d.f.m.outbox.OutboxDispatcher request_id= idempotency_key= order_id= user_id= sku_id= payment_tx= - Outbox publication deferred outbox_id=d8810996-cc70-45f8-b74c-d23cb3b80829 command_id=e81c4494c5170bc8105bb04b2940773b06f517f2db44fe5c1062e2d3c1ed92f9 outcome=RETRYABLE cause=MQCLIENTEXCEPTION
2026-08-11T11:14:03.867+08:00 INFO  d.f.m.outbox.OutboxDispatcher request_id= idempotency_key= order_id= user_id= sku_id= payment_tx= - Outbox publication deferred outbox_id=d8810996-cc70-45f8-b74c-d23cb3b80829 command_id=e81c4494c5170bc8105bb04b2940773b06f517f2db44fe5c1062e2d3c1ed92f9 outcome=RETRYABLE cause=MQCLIENTEXCEPTION
2026-08-11T11:14:04.737+08:00 INFO  d.f.m.outbox.OutboxDispatcher request_id= idempotency_key= order_id= user_id= sku_id= payment_tx= - Outbox publication deferred outbox_id=d8810996-cc70-45f8-b74c-d23cb3b80829 command_id=e81c4494c5170bc8105bb04b2940773b06f517f2db44fe5c1062e2d3c1ed92f9 outcome=RETRYABLE cause=MQCLIENTEXCEPTION
2026-08-11T11:14:05.816+08:00 INFO  d.f.m.outbox.OutboxDispatcher request_id= idempotency_key= order_id= user_id= sku_id= payment_tx= - Outbox publication outbox_id=d8810996-cc70-45f8-b74c-d23cb3b80829 command_id=e81c4494c5170bc8105bb04b2940773b06f517f2db44fe5c1062e2d3c1ed92f9 outcome=ACKNOWLEDGED
2026-08-11T11:14:06.793+08:00 INFO  o.s.b.w.e.tomcat.GracefulShutdown request_id= idempotency_key= order_id= user_id= sku_id= payment_tx= - Commencing graceful shutdown. Waiting for active requests to complete
2026-08-11T11:14:08.799+08:00 INFO  o.s.b.w.e.tomcat.GracefulShutdown request_id= idempotency_key= order_id= user_id= sku_id= payment_tx= - Graceful shutdown complete
2026-08-11T11:14:08.799+08:00 ERROR org.apache.tomcat.util.net.Acceptor request_id= idempotency_key= order_id= user_id= sku_id= payment_tx= - Socket accept failed
java.nio.channels.AsynchronousCloseException: null
	at java.base/java.nio.channels.spi.AbstractInterruptibleChannel.end(AbstractInterruptibleChannel.java:218) ~[na:na]
	at java.base/sun.nio.ch.ServerSocketChannelImpl.end(ServerSocketChannelImpl.java:372) ~[na:na]
	at java.base/sun.nio.ch.ServerSocketChannelImpl.accept(ServerSocketChannelImpl.java:397) ~[na:na]
	at org.apache.tomcat.util.net.NioEndpoint.serverSocketAccept(NioEndpoint.java:537) ~[tomcat-embed-core-10.1.44.jar:10.1.44]
	at org.apache.tomcat.util.net.NioEndpoint.serverSocketAccept(NioEndpoint.java:72) ~[tomcat-embed-core-10.1.44.jar:10.1.44]
	at org.apache.tomcat.util.net.Acceptor.run(Acceptor.java:127) ~[tomcat-embed-core-10.1.44.jar:10.1.44]
	at java.base/java.lang.Thread.run(Thread.java:1516) ~[na:na]
2026-08-11T11:14:08.850+08:00 INFO  com.zaxxer.hikari.HikariDataSource request_id= idempotency_key= order_id= user_id= sku_id= payment_tx= - HikariPool-10 - Shutdown initiated...
2026-08-11T11:14:08.852+08:00 INFO  com.zaxxer.hikari.HikariDataSource request_id= idempotency_key= order_id= user_id= sku_id= payment_tx= - HikariPool-10 - Shutdown completed.
[INFO] Tests run: 2, Failures: 0, Errors: 0, Skipped: 0, Time elapsed: 21.04 s -- in dev.flashflow.V4OutboxRocketMqEndToEndIntegrationTest
[INFO] Running dev.flashflow.V4OutboxConcurrentRedeliveryIntegrationTest
2026-08-11T11:14:08.857+08:00 INFO  o.s.t.c.s.AnnotationConfigContextLoaderUtils request_id= idempotency_key= order_id= user_id= sku_id= payment_tx= - Could not detect default configuration classes for test class [dev.flashflow.V4OutboxConcurrentRedeliveryIntegrationTest]: V4OutboxConcurrentRedeliveryIntegrationTest does not declare any static, non-private, non-final, nested classes annotated with @Configuration.
2026-08-11T11:14:08.857+08:00 INFO  o.s.b.t.c.SpringBootTestContextBootstrapper request_id= idempotency_key= order_id= user_id= sku_id= payment_tx= - Found @SpringBootConfiguration dev.flashflow.FlashFlowApplication for test class dev.flashflow.V4OutboxConcurrentRedeliveryIntegrationTest

  .   ____          _            __ _ _
 /\\ / ___'_ __ _ _(_)_ __  __ _ \ \ \ \
( ( )\___ | '_ | '_| | '_ \/ _` | \ \ \ \
 \\/  ___)| |_)| | | | | || (_| |  ) ) ) )
  '  |____| .__|_| |_|_| |_\__, | / / / /
 =========|_|==============|___/=/_/_/_/

 :: Spring Boot ::                (v3.5.5)

2026-08-11T11:14:08.870+08:00 INFO  d.f.V4OutboxConcurrentRedeliveryIntegrationTest request_id= idempotency_key= order_id= user_id= sku_id= payment_tx= - Starting V4OutboxConcurrentRedeliveryIntegrationTest using Java 26.0.2 with PID 83717 (started by yuzheng in /Users/yuzheng/Computeracy/Zhenkun26-GitHub/FlashFlow)
2026-08-11T11:14:08.870+08:00 INFO  d.f.V4OutboxConcurrentRedeliveryIntegrationTest request_id= idempotency_key= order_id= user_id= sku_id= payment_tx= - The following 1 profile is active: "test"
2026-08-11T11:14:08.963+08:00 INFO  o.s.d.r.c.RepositoryConfigurationDelegate request_id= idempotency_key= order_id= user_id= sku_id= payment_tx= - Multiple Spring Data modules found, entering strict repository configuration mode
2026-08-11T11:14:08.963+08:00 INFO  o.s.d.r.c.RepositoryConfigurationDelegate request_id= idempotency_key= order_id= user_id= sku_id= payment_tx= - Bootstrapping Spring Data Redis repositories in DEFAULT mode.
2026-08-11T11:14:08.975+08:00 INFO  o.s.d.r.c.RepositoryConfigurationDelegate request_id= idempotency_key= order_id= user_id= sku_id= payment_tx= - Finished Spring Data repository scanning in 11 ms. Found 0 Redis repository interfaces.
2026-08-11T11:14:08.998+08:00 INFO  o.s.b.w.e.tomcat.TomcatWebServer request_id= idempotency_key= order_id= user_id= sku_id= payment_tx= - Tomcat initialized with port 0 (http)
2026-08-11T11:14:08.998+08:00 INFO  o.a.catalina.core.StandardService request_id= idempotency_key= order_id= user_id= sku_id= payment_tx= - Starting service [Tomcat]
2026-08-11T11:14:08.998+08:00 INFO  o.a.catalina.core.StandardEngine request_id= idempotency_key= order_id= user_id= sku_id= payment_tx= - Starting Servlet engine: [Apache Tomcat/10.1.44]
2026-08-11T11:14:09.004+08:00 INFO  o.a.c.c.C.[Tomcat].[localhost].[/] request_id= idempotency_key= order_id= user_id= sku_id= payment_tx= - Initializing Spring embedded WebApplicationContext
2026-08-11T11:14:09.004+08:00 INFO  o.s.b.w.s.c.ServletWebServerApplicationContext request_id= idempotency_key= order_id= user_id= sku_id= payment_tx= - Root WebApplicationContext: initialization completed in 133 ms
Standard Commons Logging discovery in action with spring-jcl: please remove commons-logging.jar from classpath in order to avoid potential conflicts
2026-08-11T11:14:09.038+08:00 INFO  com.zaxxer.hikari.HikariDataSource request_id= idempotency_key= order_id= user_id= sku_id= payment_tx= - HikariPool-11 - Starting...
2026-08-11T11:14:09.048+08:00 INFO  com.zaxxer.hikari.pool.HikariPool request_id= idempotency_key= order_id= user_id= sku_id= payment_tx= - HikariPool-11 - Added connection com.mysql.cj.jdbc.ConnectionImpl@1feb8891
2026-08-11T11:14:09.048+08:00 INFO  com.zaxxer.hikari.HikariDataSource request_id= idempotency_key= order_id= user_id= sku_id= payment_tx= - HikariPool-11 - Start completed.
2026-08-11T11:14:09.050+08:00 INFO  org.flywaydb.core.FlywayExecutor request_id= idempotency_key= order_id= user_id= sku_id= payment_tx= - Database: jdbc:mysql://localhost:56550/flashflow (MySQL 8.4)
2026-08-11T11:14:09.053+08:00 WARN  o.f.c.i.database.base.Database request_id= idempotency_key= order_id= user_id= sku_id= payment_tx= - Flyway upgrade recommended: MySQL 8.4 is newer than this version of Flyway and support has not been tested. The latest supported version of MySQL is 8.1.
2026-08-11T11:14:09.059+08:00 INFO  o.f.core.internal.command.DbValidate request_id= idempotency_key= order_id= user_id= sku_id= payment_tx= - Successfully validated 4 migrations (execution time 00:00.005s)
2026-08-11T11:14:09.063+08:00 INFO  o.f.core.internal.command.DbMigrate request_id= idempotency_key= order_id= user_id= sku_id= payment_tx= - Current version of schema `flashflow`: 4
2026-08-11T11:14:09.063+08:00 INFO  o.f.core.internal.command.DbMigrate request_id= idempotency_key= order_id= user_id= sku_id= payment_tx= - Schema `flashflow` is up to date. No migration necessary.
2026-08-11T11:14:09.159+08:00 INFO  o.s.b.a.e.web.EndpointLinksResolver request_id= idempotency_key= order_id= user_id= sku_id= payment_tx= - Exposing 2 endpoints beneath base path '/actuator'
2026-08-11T11:14:09.167+08:00 INFO  o.s.b.w.e.tomcat.TomcatWebServer request_id= idempotency_key= order_id= user_id= sku_id= payment_tx= - Tomcat started on port 60313 (http) with context path '/'
2026-08-11T11:14:09.170+08:00 INFO  d.f.V4OutboxConcurrentRedeliveryIntegrationTest request_id= idempotency_key= order_id= user_id= sku_id= payment_tx= - Started V4OutboxConcurrentRedeliveryIntegrationTest in 0.311 seconds (process running for 82.272)
2026-08-11T11:14:11.211+08:00 INFO  o.a.c.c.C.[Tomcat].[localhost].[/] request_id= idempotency_key= order_id= user_id= sku_id= payment_tx= - Initializing Spring DispatcherServlet 'dispatcherServlet'
2026-08-11T11:14:11.211+08:00 INFO  o.s.web.servlet.DispatcherServlet request_id= idempotency_key= order_id= user_id= sku_id= payment_tx= - Initializing Servlet 'dispatcherServlet'
2026-08-11T11:14:11.212+08:00 INFO  o.s.web.servlet.DispatcherServlet request_id= idempotency_key= order_id= user_id= sku_id= payment_tx= - Completed initialization in 1 ms
2026-08-11T11:14:11.225+08:00 INFO  d.f.m.o.OutboxAsyncOrderApplicationService request_id=202ba5c7-fc7f-42da-b0e8-ae05ae2dc41b idempotency_key=key-6f8e0c53-0 order_id= user_id=user-6f8e0c53-0 sku_id=sku-v4-concurrent-6f8e0c53 payment_tx= - Durable Outbox acceptance command_id=834ebde02bc46ed516a83e2b747891338777afcc30e3b2eeecc4259054d6f7f6 status=ACCEPTED
2026-08-11T11:14:11.235+08:00 INFO  d.f.m.o.OutboxAsyncOrderApplicationService request_id=5aeeee87-e86c-48b5-9c01-2b9cf2857c2b idempotency_key=key-6f8e0c53-1 order_id= user_id=user-6f8e0c53-1 sku_id=sku-v4-concurrent-6f8e0c53 payment_tx= - Durable Outbox acceptance command_id=5d36cdd750f00bdc184dc1050557c6a79975a100ddcb3ba17009d97e07065880 status=ACCEPTED
2026-08-11T11:14:11.241+08:00 INFO  d.f.m.outbox.OutboxDispatcher request_id= idempotency_key= order_id= user_id= sku_id= payment_tx= - Outbox publication deferred outbox_id=119561f1-81c9-4f0c-9516-f13f807f8c12 command_id=834ebde02bc46ed516a83e2b747891338777afcc30e3b2eeecc4259054d6f7f6 outcome=RETRYABLE cause=MQCLIENTEXCEPTION
2026-08-11T11:14:11.242+08:00 INFO  d.f.m.o.OutboxAsyncOrderApplicationService request_id=993c27ca-0956-4ea5-8aeb-eb83920591bb idempotency_key=key-6f8e0c53-2 order_id= user_id=user-6f8e0c53-2 sku_id=sku-v4-concurrent-6f8e0c53 payment_tx= - Durable Outbox acceptance command_id=0147fee8fb15b5a7791f4156e8e551c964cf4298fbbe1adae142617e5edf9bdc status=ACCEPTED
2026-08-11T11:14:11.248+08:00 INFO  d.f.m.o.OutboxAsyncOrderApplicationService request_id=aab02a6a-beea-4a5e-8a8f-7daa36671f69 idempotency_key=key-6f8e0c53-3 order_id= user_id=user-6f8e0c53-3 sku_id=sku-v4-concurrent-6f8e0c53 payment_tx= - Durable Outbox acceptance command_id=9c1e7fde426b0212aa4ac7bee061fe45fd9ec83c89e9f06d874ecc4e4d9f64d3 status=ACCEPTED
2026-08-11T11:14:11.253+08:00 INFO  d.f.m.o.OutboxAsyncOrderApplicationService request_id=494db0e0-ee9d-42dd-9f53-33c36105fd60 idempotency_key=key-6f8e0c53-4 order_id= user_id=user-6f8e0c53-4 sku_id=sku-v4-concurrent-6f8e0c53 payment_tx= - Durable Outbox acceptance command_id=0df9f13c04920059ec1039051a2686a1799c24133a938d3cb956b08a441152e8 status=ACCEPTED
2026-08-11T11:14:11.259+08:00 INFO  d.f.m.o.OutboxAsyncOrderApplicationService request_id=dcc70d00-b00b-4a17-82e2-a432b315605e idempotency_key=key-6f8e0c53-5 order_id= user_id=user-6f8e0c53-5 sku_id=sku-v4-concurrent-6f8e0c53 payment_tx= - Durable Outbox acceptance command_id=4c5e14fbfda4c91392df66187c681faa5e01d6a97af838ccf7ac6ac1ff73a803 status=ACCEPTED
2026-08-11T11:14:11.264+08:00 INFO  d.f.m.o.OutboxAsyncOrderApplicationService request_id=63e15d2e-8d3b-4c9f-9808-271e22212c4c idempotency_key=key-6f8e0c53-6 order_id= user_id=user-6f8e0c53-6 sku_id=sku-v4-concurrent-6f8e0c53 payment_tx= - Durable Outbox acceptance command_id=c6eae2fb380ecd8c8d0546c73a438d11b401f8ac2289628d3f7a73a6fae3fecf status=ACCEPTED
2026-08-11T11:14:11.270+08:00 INFO  d.f.m.o.OutboxAsyncOrderApplicationService request_id=a761371c-447c-4cc9-8a86-965273c2dc8a idempotency_key=key-6f8e0c53-7 order_id= user_id=user-6f8e0c53-7 sku_id=sku-v4-concurrent-6f8e0c53 payment_tx= - Durable Outbox acceptance command_id=15e7e7d2ea622eff64c30e3a6b6425d09cc142c01d4eea8d756f01564f8a16de status=ACCEPTED
2026-08-11T11:14:11.278+08:00 INFO  d.f.m.outbox.OutboxDispatcher request_id= idempotency_key= order_id= user_id= sku_id= payment_tx= - Outbox publication deferred outbox_id=781606c4-a9a9-4ddc-a2d3-6a3fdb95df17 command_id=5d36cdd750f00bdc184dc1050557c6a79975a100ddcb3ba17009d97e07065880 outcome=RETRYABLE cause=MQCLIENTEXCEPTION
2026-08-11T11:14:11.280+08:00 INFO  d.f.m.outbox.OutboxDispatcher request_id= idempotency_key= order_id= user_id= sku_id= payment_tx= - Outbox publication deferred outbox_id=65ffeab5-e8ec-48ea-9f76-26b23bd1151c command_id=0147fee8fb15b5a7791f4156e8e551c964cf4298fbbe1adae142617e5edf9bdc outcome=RETRYABLE cause=MQCLIENTEXCEPTION
2026-08-11T11:14:11.499+08:00 INFO  d.f.m.outbox.OutboxDispatcher request_id= idempotency_key= order_id= user_id= sku_id= payment_tx= - Outbox publication deferred outbox_id=0303751f-28d4-4518-8fd1-b452f9a9670e command_id=9c1e7fde426b0212aa4ac7bee061fe45fd9ec83c89e9f06d874ecc4e4d9f64d3 outcome=RETRYABLE cause=MQCLIENTEXCEPTION
2026-08-11T11:14:11.501+08:00 INFO  d.f.m.outbox.OutboxDispatcher request_id= idempotency_key= order_id= user_id= sku_id= payment_tx= - Outbox publication deferred outbox_id=43a0a886-46cc-4b00-8ec4-187a08fe97e0 command_id=0df9f13c04920059ec1039051a2686a1799c24133a938d3cb956b08a441152e8 outcome=RETRYABLE cause=MQCLIENTEXCEPTION
2026-08-11T11:14:11.762+08:00 INFO  d.f.m.outbox.OutboxDispatcher request_id= idempotency_key= order_id= user_id= sku_id= payment_tx= - Outbox publication deferred outbox_id=f4329d18-c716-43f9-a093-ebd6ee31f78f command_id=4c5e14fbfda4c91392df66187c681faa5e01d6a97af838ccf7ac6ac1ff73a803 outcome=RETRYABLE cause=MQCLIENTEXCEPTION
2026-08-11T11:14:11.764+08:00 INFO  d.f.m.outbox.OutboxDispatcher request_id= idempotency_key= order_id= user_id= sku_id= payment_tx= - Outbox publication deferred outbox_id=59644d7f-2e87-45a5-be26-78dea502742e command_id=c6eae2fb380ecd8c8d0546c73a438d11b401f8ac2289628d3f7a73a6fae3fecf outcome=RETRYABLE cause=MQCLIENTEXCEPTION
2026-08-11T11:14:12.025+08:00 INFO  d.f.m.outbox.OutboxDispatcher request_id= idempotency_key= order_id= user_id= sku_id= payment_tx= - Outbox publication deferred outbox_id=e1b091a8-d47e-4515-92ae-c185cf39bef5 command_id=15e7e7d2ea622eff64c30e3a6b6425d09cc142c01d4eea8d756f01564f8a16de outcome=RETRYABLE cause=MQCLIENTEXCEPTION
2026-08-11T11:14:12.027+08:00 INFO  d.f.m.outbox.OutboxDispatcher request_id= idempotency_key= order_id= user_id= sku_id= payment_tx= - Outbox publication deferred outbox_id=119561f1-81c9-4f0c-9516-f13f807f8c12 command_id=834ebde02bc46ed516a83e2b747891338777afcc30e3b2eeecc4259054d6f7f6 outcome=RETRYABLE cause=MQCLIENTEXCEPTION
2026-08-11T11:14:12.287+08:00 INFO  d.f.m.outbox.OutboxDispatcher request_id= idempotency_key= order_id= user_id= sku_id= payment_tx= - Outbox publication deferred outbox_id=781606c4-a9a9-4ddc-a2d3-6a3fdb95df17 command_id=5d36cdd750f00bdc184dc1050557c6a79975a100ddcb3ba17009d97e07065880 outcome=RETRYABLE cause=MQCLIENTEXCEPTION
2026-08-11T11:14:12.290+08:00 INFO  d.f.m.outbox.OutboxDispatcher request_id= idempotency_key= order_id= user_id= sku_id= payment_tx= - Outbox publication deferred outbox_id=65ffeab5-e8ec-48ea-9f76-26b23bd1151c command_id=0147fee8fb15b5a7791f4156e8e551c964cf4298fbbe1adae142617e5edf9bdc outcome=RETRYABLE cause=MQCLIENTEXCEPTION
2026-08-11T11:14:12.552+08:00 INFO  d.f.m.outbox.OutboxDispatcher request_id= idempotency_key= order_id= user_id= sku_id= payment_tx= - Outbox publication deferred outbox_id=0303751f-28d4-4518-8fd1-b452f9a9670e command_id=9c1e7fde426b0212aa4ac7bee061fe45fd9ec83c89e9f06d874ecc4e4d9f64d3 outcome=RETRYABLE cause=MQCLIENTEXCEPTION
2026-08-11T11:14:12.554+08:00 INFO  d.f.m.outbox.OutboxDispatcher request_id= idempotency_key= order_id= user_id= sku_id= payment_tx= - Outbox publication deferred outbox_id=43a0a886-46cc-4b00-8ec4-187a08fe97e0 command_id=0df9f13c04920059ec1039051a2686a1799c24133a938d3cb956b08a441152e8 outcome=RETRYABLE cause=MQCLIENTEXCEPTION
2026-08-11T11:14:12.815+08:00 INFO  d.f.m.outbox.OutboxDispatcher request_id= idempotency_key= order_id= user_id= sku_id= payment_tx= - Outbox publication deferred outbox_id=f4329d18-c716-43f9-a093-ebd6ee31f78f command_id=4c5e14fbfda4c91392df66187c681faa5e01d6a97af838ccf7ac6ac1ff73a803 outcome=RETRYABLE cause=MQCLIENTEXCEPTION
2026-08-11T11:14:12.816+08:00 INFO  d.f.m.outbox.OutboxDispatcher request_id= idempotency_key= order_id= user_id= sku_id= payment_tx= - Outbox publication deferred outbox_id=59644d7f-2e87-45a5-be26-78dea502742e command_id=c6eae2fb380ecd8c8d0546c73a438d11b401f8ac2289628d3f7a73a6fae3fecf outcome=RETRYABLE cause=MQCLIENTEXCEPTION
2026-08-11T11:14:13.078+08:00 INFO  d.f.m.outbox.OutboxDispatcher request_id= idempotency_key= order_id= user_id= sku_id= payment_tx= - Outbox publication deferred outbox_id=e1b091a8-d47e-4515-92ae-c185cf39bef5 command_id=15e7e7d2ea622eff64c30e3a6b6425d09cc142c01d4eea8d756f01564f8a16de outcome=RETRYABLE cause=MQCLIENTEXCEPTION
2026-08-11T11:14:13.081+08:00 INFO  d.f.m.outbox.OutboxDispatcher request_id= idempotency_key= order_id= user_id= sku_id= payment_tx= - Outbox publication deferred outbox_id=119561f1-81c9-4f0c-9516-f13f807f8c12 command_id=834ebde02bc46ed516a83e2b747891338777afcc30e3b2eeecc4259054d6f7f6 outcome=RETRYABLE cause=MQCLIENTEXCEPTION
2026-08-11T11:14:13.341+08:00 INFO  d.f.m.outbox.OutboxDispatcher request_id= idempotency_key= order_id= user_id= sku_id= payment_tx= - Outbox publication deferred outbox_id=781606c4-a9a9-4ddc-a2d3-6a3fdb95df17 command_id=5d36cdd750f00bdc184dc1050557c6a79975a100ddcb3ba17009d97e07065880 outcome=RETRYABLE cause=MQCLIENTEXCEPTION
2026-08-11T11:14:13.343+08:00 INFO  d.f.m.outbox.OutboxDispatcher request_id= idempotency_key= order_id= user_id= sku_id= payment_tx= - Outbox publication deferred outbox_id=65ffeab5-e8ec-48ea-9f76-26b23bd1151c command_id=0147fee8fb15b5a7791f4156e8e551c964cf4298fbbe1adae142617e5edf9bdc outcome=RETRYABLE cause=MQCLIENTEXCEPTION
2026-08-11T11:14:13.607+08:00 INFO  d.f.m.outbox.OutboxDispatcher request_id= idempotency_key= order_id= user_id= sku_id= payment_tx= - Outbox publication deferred outbox_id=0303751f-28d4-4518-8fd1-b452f9a9670e command_id=9c1e7fde426b0212aa4ac7bee061fe45fd9ec83c89e9f06d874ecc4e4d9f64d3 outcome=RETRYABLE cause=MQCLIENTEXCEPTION
2026-08-11T11:14:13.609+08:00 INFO  d.f.m.outbox.OutboxDispatcher request_id= idempotency_key= order_id= user_id= sku_id= payment_tx= - Outbox publication deferred outbox_id=43a0a886-46cc-4b00-8ec4-187a08fe97e0 command_id=0df9f13c04920059ec1039051a2686a1799c24133a938d3cb956b08a441152e8 outcome=RETRYABLE cause=MQCLIENTEXCEPTION
2026-08-11T11:14:13.870+08:00 INFO  d.f.m.outbox.OutboxDispatcher request_id= idempotency_key= order_id= user_id= sku_id= payment_tx= - Outbox publication deferred outbox_id=f4329d18-c716-43f9-a093-ebd6ee31f78f command_id=4c5e14fbfda4c91392df66187c681faa5e01d6a97af838ccf7ac6ac1ff73a803 outcome=RETRYABLE cause=MQCLIENTEXCEPTION
2026-08-11T11:14:13.872+08:00 INFO  d.f.m.outbox.OutboxDispatcher request_id= idempotency_key= order_id= user_id= sku_id= payment_tx= - Outbox publication deferred outbox_id=59644d7f-2e87-45a5-be26-78dea502742e command_id=c6eae2fb380ecd8c8d0546c73a438d11b401f8ac2289628d3f7a73a6fae3fecf outcome=RETRYABLE cause=MQCLIENTEXCEPTION
2026-08-11T11:14:14.133+08:00 INFO  d.f.m.outbox.OutboxDispatcher request_id= idempotency_key= order_id= user_id= sku_id= payment_tx= - Outbox publication deferred outbox_id=e1b091a8-d47e-4515-92ae-c185cf39bef5 command_id=15e7e7d2ea622eff64c30e3a6b6425d09cc142c01d4eea8d756f01564f8a16de outcome=RETRYABLE cause=MQCLIENTEXCEPTION
2026-08-11T11:14:14.135+08:00 INFO  d.f.m.outbox.OutboxDispatcher request_id= idempotency_key= order_id= user_id= sku_id= payment_tx= - Outbox publication deferred outbox_id=119561f1-81c9-4f0c-9516-f13f807f8c12 command_id=834ebde02bc46ed516a83e2b747891338777afcc30e3b2eeecc4259054d6f7f6 outcome=RETRYABLE cause=MQCLIENTEXCEPTION
2026-08-11T11:14:14.398+08:00 INFO  d.f.m.outbox.OutboxDispatcher request_id= idempotency_key= order_id= user_id= sku_id= payment_tx= - Outbox publication deferred outbox_id=781606c4-a9a9-4ddc-a2d3-6a3fdb95df17 command_id=5d36cdd750f00bdc184dc1050557c6a79975a100ddcb3ba17009d97e07065880 outcome=RETRYABLE cause=MQCLIENTEXCEPTION
2026-08-11T11:14:14.401+08:00 INFO  d.f.m.outbox.OutboxDispatcher request_id= idempotency_key= order_id= user_id= sku_id= payment_tx= - Outbox publication deferred outbox_id=65ffeab5-e8ec-48ea-9f76-26b23bd1151c command_id=0147fee8fb15b5a7791f4156e8e551c964cf4298fbbe1adae142617e5edf9bdc outcome=RETRYABLE cause=MQCLIENTEXCEPTION
2026-08-11T11:14:14.660+08:00 INFO  d.f.m.outbox.OutboxDispatcher request_id= idempotency_key= order_id= user_id= sku_id= payment_tx= - Outbox publication deferred outbox_id=0303751f-28d4-4518-8fd1-b452f9a9670e command_id=9c1e7fde426b0212aa4ac7bee061fe45fd9ec83c89e9f06d874ecc4e4d9f64d3 outcome=RETRYABLE cause=MQCLIENTEXCEPTION
2026-08-11T11:14:14.662+08:00 INFO  d.f.m.outbox.OutboxDispatcher request_id= idempotency_key= order_id= user_id= sku_id= payment_tx= - Outbox publication deferred outbox_id=43a0a886-46cc-4b00-8ec4-187a08fe97e0 command_id=0df9f13c04920059ec1039051a2686a1799c24133a938d3cb956b08a441152e8 outcome=RETRYABLE cause=MQCLIENTEXCEPTION
2026-08-11T11:14:14.928+08:00 INFO  d.f.m.outbox.OutboxDispatcher request_id= idempotency_key= order_id= user_id= sku_id= payment_tx= - Outbox publication deferred outbox_id=f4329d18-c716-43f9-a093-ebd6ee31f78f command_id=4c5e14fbfda4c91392df66187c681faa5e01d6a97af838ccf7ac6ac1ff73a803 outcome=RETRYABLE cause=MQCLIENTEXCEPTION
2026-08-11T11:14:14.931+08:00 INFO  d.f.m.outbox.OutboxDispatcher request_id= idempotency_key= order_id= user_id= sku_id= payment_tx= - Outbox publication deferred outbox_id=59644d7f-2e87-45a5-be26-78dea502742e command_id=c6eae2fb380ecd8c8d0546c73a438d11b401f8ac2289628d3f7a73a6fae3fecf outcome=RETRYABLE cause=MQCLIENTEXCEPTION
2026-08-11T11:14:15.195+08:00 INFO  d.f.m.outbox.OutboxDispatcher request_id= idempotency_key= order_id= user_id= sku_id= payment_tx= - Outbox publication outbox_id=e1b091a8-d47e-4515-92ae-c185cf39bef5 command_id=15e7e7d2ea622eff64c30e3a6b6425d09cc142c01d4eea8d756f01564f8a16de outcome=ACKNOWLEDGED
2026-08-11T11:14:15.198+08:00 INFO  d.f.m.outbox.OutboxDispatcher request_id= idempotency_key= order_id= user_id= sku_id= payment_tx= - Outbox publication outbox_id=119561f1-81c9-4f0c-9516-f13f807f8c12 command_id=834ebde02bc46ed516a83e2b747891338777afcc30e3b2eeecc4259054d6f7f6 outcome=ACKNOWLEDGED
2026-08-11T11:14:15.471+08:00 INFO  d.f.m.outbox.OutboxDispatcher request_id= idempotency_key= order_id= user_id= sku_id= payment_tx= - Outbox publication outbox_id=781606c4-a9a9-4ddc-a2d3-6a3fdb95df17 command_id=5d36cdd750f00bdc184dc1050557c6a79975a100ddcb3ba17009d97e07065880 outcome=ACKNOWLEDGED
2026-08-11T11:14:15.479+08:00 INFO  d.f.m.outbox.OutboxDispatcher request_id= idempotency_key= order_id= user_id= sku_id= payment_tx= - Outbox publication outbox_id=65ffeab5-e8ec-48ea-9f76-26b23bd1151c command_id=0147fee8fb15b5a7791f4156e8e551c964cf4298fbbe1adae142617e5edf9bdc outcome=ACKNOWLEDGED
2026-08-11T11:14:15.754+08:00 INFO  d.f.m.outbox.OutboxDispatcher request_id= idempotency_key= order_id= user_id= sku_id= payment_tx= - Outbox publication outbox_id=0303751f-28d4-4518-8fd1-b452f9a9670e command_id=9c1e7fde426b0212aa4ac7bee061fe45fd9ec83c89e9f06d874ecc4e4d9f64d3 outcome=ACKNOWLEDGED
2026-08-11T11:14:15.760+08:00 INFO  d.f.m.outbox.OutboxDispatcher request_id= idempotency_key= order_id= user_id= sku_id= payment_tx= - Outbox publication outbox_id=43a0a886-46cc-4b00-8ec4-187a08fe97e0 command_id=0df9f13c04920059ec1039051a2686a1799c24133a938d3cb956b08a441152e8 outcome=ACKNOWLEDGED
2026-08-11T11:14:16.046+08:00 INFO  d.f.m.outbox.OutboxDispatcher request_id= idempotency_key= order_id= user_id= sku_id= payment_tx= - Outbox publication outbox_id=f4329d18-c716-43f9-a093-ebd6ee31f78f command_id=4c5e14fbfda4c91392df66187c681faa5e01d6a97af838ccf7ac6ac1ff73a803 outcome=ACKNOWLEDGED
2026-08-11T11:14:16.053+08:00 INFO  d.f.m.outbox.OutboxDispatcher request_id= idempotency_key= order_id= user_id= sku_id= payment_tx= - Outbox publication outbox_id=59644d7f-2e87-45a5-be26-78dea502742e command_id=c6eae2fb380ecd8c8d0546c73a438d11b401f8ac2289628d3f7a73a6fae3fecf outcome=ACKNOWLEDGED
2026-08-11T11:14:51.160+08:00 INFO  o.s.b.w.e.tomcat.GracefulShutdown request_id= idempotency_key= order_id= user_id= sku_id= payment_tx= - Commencing graceful shutdown. Waiting for active requests to complete
2026-08-11T11:14:53.164+08:00 INFO  o.s.b.w.e.tomcat.GracefulShutdown request_id= idempotency_key= order_id= user_id= sku_id= payment_tx= - Graceful shutdown complete
2026-08-11T11:14:53.164+08:00 ERROR org.apache.tomcat.util.net.Acceptor request_id= idempotency_key= order_id= user_id= sku_id= payment_tx= - Socket accept failed
java.nio.channels.AsynchronousCloseException: null
	at java.base/java.nio.channels.spi.AbstractInterruptibleChannel.end(AbstractInterruptibleChannel.java:218) ~[na:na]
	at java.base/sun.nio.ch.ServerSocketChannelImpl.end(ServerSocketChannelImpl.java:372) ~[na:na]
	at java.base/sun.nio.ch.ServerSocketChannelImpl.accept(ServerSocketChannelImpl.java:397) ~[na:na]
	at org.apache.tomcat.util.net.NioEndpoint.serverSocketAccept(NioEndpoint.java:537) ~[tomcat-embed-core-10.1.44.jar:10.1.44]
	at org.apache.tomcat.util.net.NioEndpoint.serverSocketAccept(NioEndpoint.java:72) ~[tomcat-embed-core-10.1.44.jar:10.1.44]
	at org.apache.tomcat.util.net.Acceptor.run(Acceptor.java:127) ~[tomcat-embed-core-10.1.44.jar:10.1.44]
	at java.base/java.lang.Thread.run(Thread.java:1516) ~[na:na]
2026-08-11T11:14:53.205+08:00 INFO  com.zaxxer.hikari.HikariDataSource request_id= idempotency_key= order_id= user_id= sku_id= payment_tx= - HikariPool-11 - Shutdown initiated...
2026-08-11T11:14:53.206+08:00 INFO  com.zaxxer.hikari.HikariDataSource request_id= idempotency_key= order_id= user_id= sku_id= payment_tx= - HikariPool-11 - Shutdown completed.
[INFO] Tests run: 1, Failures: 0, Errors: 0, Skipped: 0, Time elapsed: 44.35 s -- in dev.flashflow.V4OutboxConcurrentRedeliveryIntegrationTest
[INFO] Running dev.flashflow.ExperimentEvidenceReporterTest
[INFO] Tests run: 5, Failures: 0, Errors: 0, Skipped: 0, Time elapsed: 0.028 s -- in dev.flashflow.ExperimentEvidenceReporterTest
[INFO] Running dev.flashflow.ordering.FlashFlowMetricsTest
[INFO] Tests run: 3, Failures: 0, Errors: 0, Skipped: 0, Time elapsed: 0.003 s -- in dev.flashflow.ordering.FlashFlowMetricsTest
[INFO] Running dev.flashflow.OrderIntegrationTest
2026-08-11T11:14:53.245+08:00 INFO  o.s.t.c.s.AnnotationConfigContextLoaderUtils request_id= idempotency_key= order_id= user_id= sku_id= payment_tx= - Could not detect default configuration classes for test class [dev.flashflow.OrderIntegrationTest]: OrderIntegrationTest does not declare any static, non-private, non-final, nested classes annotated with @Configuration.
2026-08-11T11:14:53.246+08:00 INFO  o.s.b.t.c.SpringBootTestContextBootstrapper request_id= idempotency_key= order_id= user_id= sku_id= payment_tx= - Found @SpringBootConfiguration dev.flashflow.FlashFlowApplication for test class dev.flashflow.OrderIntegrationTest
[INFO] Tests run: 2, Failures: 0, Errors: 0, Skipped: 0, Time elapsed: 0.058 s -- in dev.flashflow.OrderIntegrationTest
[INFO] Running dev.flashflow.StrategyInvariantIntegrationTest
2026-08-11T11:14:53.303+08:00 INFO  o.s.t.c.s.AnnotationConfigContextLoaderUtils request_id= idempotency_key= order_id= user_id= sku_id= payment_tx= - Could not detect default configuration classes for test class [dev.flashflow.StrategyInvariantIntegrationTest]: StrategyInvariantIntegrationTest does not declare any static, non-private, non-final, nested classes annotated with @Configuration.
2026-08-11T11:14:53.304+08:00 INFO  o.s.b.t.c.SpringBootTestContextBootstrapper request_id= idempotency_key= order_id= user_id= sku_id= payment_tx= - Found @SpringBootConfiguration dev.flashflow.FlashFlowApplication for test class dev.flashflow.StrategyInvariantIntegrationTest
[INFO] Tests run: 5, Failures: 0, Errors: 0, Skipped: 0, Time elapsed: 0.259 s -- in dev.flashflow.StrategyInvariantIntegrationTest
[INFO] Running dev.flashflow.RedisOrderingIntegrationTest
2026-08-11T11:14:53.561+08:00 INFO  o.s.t.c.s.AnnotationConfigContextLoaderUtils request_id= idempotency_key= order_id= user_id= sku_id= payment_tx= - Could not detect default configuration classes for test class [dev.flashflow.RedisOrderingIntegrationTest]: RedisOrderingIntegrationTest does not declare any static, non-private, non-final, nested classes annotated with @Configuration.
2026-08-11T11:14:53.562+08:00 INFO  o.s.b.t.c.SpringBootTestContextBootstrapper request_id= idempotency_key= order_id= user_id= sku_id= payment_tx= - Found @SpringBootConfiguration dev.flashflow.FlashFlowApplication for test class dev.flashflow.RedisOrderingIntegrationTest
[INFO] Tests run: 4, Failures: 0, Errors: 0, Skipped: 0, Time elapsed: 0.096 s -- in dev.flashflow.RedisOrderingIntegrationTest
[INFO] Running dev.flashflow.UnsafeInterleavingTest
[INFO] Tests run: 1, Failures: 0, Errors: 0, Skipped: 0, Time elapsed: 0.057 s -- in dev.flashflow.UnsafeInterleavingTest
[INFO] Running dev.flashflow.LiveRocketMqScannerRecoveryIntegrationTest
2026-08-11T11:14:53.715+08:00 INFO  o.s.t.c.s.AnnotationConfigContextLoaderUtils request_id= idempotency_key= order_id= user_id= sku_id= payment_tx= - Could not detect default configuration classes for test class [dev.flashflow.LiveRocketMqScannerRecoveryIntegrationTest]: LiveRocketMqScannerRecoveryIntegrationTest does not declare any static, non-private, non-final, nested classes annotated with @Configuration.
2026-08-11T11:14:53.715+08:00 INFO  o.s.b.t.c.SpringBootTestContextBootstrapper request_id= idempotency_key= order_id= user_id= sku_id= payment_tx= - Found @SpringBootConfiguration dev.flashflow.FlashFlowApplication for test class dev.flashflow.LiveRocketMqScannerRecoveryIntegrationTest

  .   ____          _            __ _ _
 /\\ / ___'_ __ _ _(_)_ __  __ _ \ \ \ \
( ( )\___ | '_ | '_| | '_ \/ _` | \ \ \ \
 \\/  ___)| |_)| | | | | || (_| |  ) ) ) )
  '  |____| .__|_| |_|_| |_\__, | / / / /
 =========|_|==============|___/=/_/_/_/

 :: Spring Boot ::                (v3.5.5)

2026-08-11T11:14:53.724+08:00 INFO  d.f.LiveRocketMqScannerRecoveryIntegrationTest request_id= idempotency_key= order_id= user_id= sku_id= payment_tx= - Starting LiveRocketMqScannerRecoveryIntegrationTest using Java 26.0.2 with PID 83717 (started by yuzheng in /Users/yuzheng/Computeracy/Zhenkun26-GitHub/FlashFlow)
2026-08-11T11:14:53.724+08:00 INFO  d.f.LiveRocketMqScannerRecoveryIntegrationTest request_id= idempotency_key= order_id= user_id= sku_id= payment_tx= - The following 1 profile is active: "test"
2026-08-11T11:14:53.808+08:00 INFO  o.s.d.r.c.RepositoryConfigurationDelegate request_id= idempotency_key= order_id= user_id= sku_id= payment_tx= - Multiple Spring Data modules found, entering strict repository configuration mode
2026-08-11T11:14:53.808+08:00 INFO  o.s.d.r.c.RepositoryConfigurationDelegate request_id= idempotency_key= order_id= user_id= sku_id= payment_tx= - Bootstrapping Spring Data Redis repositories in DEFAULT mode.
2026-08-11T11:14:53.816+08:00 INFO  o.s.d.r.c.RepositoryConfigurationDelegate request_id= idempotency_key= order_id= user_id= sku_id= payment_tx= - Finished Spring Data repository scanning in 7 ms. Found 0 Redis repository interfaces.
2026-08-11T11:14:53.835+08:00 INFO  o.s.b.w.e.tomcat.TomcatWebServer request_id= idempotency_key= order_id= user_id= sku_id= payment_tx= - Tomcat initialized with port 0 (http)
2026-08-11T11:14:53.836+08:00 INFO  o.a.catalina.core.StandardService request_id= idempotency_key= order_id= user_id= sku_id= payment_tx= - Starting service [Tomcat]
2026-08-11T11:14:53.836+08:00 INFO  o.a.catalina.core.StandardEngine request_id= idempotency_key= order_id= user_id= sku_id= payment_tx= - Starting Servlet engine: [Apache Tomcat/10.1.44]
2026-08-11T11:14:53.841+08:00 INFO  o.a.c.c.C.[Tomcat].[localhost].[/] request_id= idempotency_key= order_id= user_id= sku_id= payment_tx= - Initializing Spring embedded WebApplicationContext
2026-08-11T11:14:53.841+08:00 INFO  o.s.b.w.s.c.ServletWebServerApplicationContext request_id= idempotency_key= order_id= user_id= sku_id= payment_tx= - Root WebApplicationContext: initialization completed in 117 ms
Standard Commons Logging discovery in action with spring-jcl: please remove commons-logging.jar from classpath in order to avoid potential conflicts
2026-08-11T11:14:53.866+08:00 INFO  com.zaxxer.hikari.HikariDataSource request_id= idempotency_key= order_id= user_id= sku_id= payment_tx= - HikariPool-12 - Starting...
2026-08-11T11:14:53.871+08:00 INFO  com.zaxxer.hikari.pool.HikariPool request_id= idempotency_key= order_id= user_id= sku_id= payment_tx= - HikariPool-12 - Added connection com.mysql.cj.jdbc.ConnectionImpl@353ed7c8
2026-08-11T11:14:53.871+08:00 INFO  com.zaxxer.hikari.HikariDataSource request_id= idempotency_key= order_id= user_id= sku_id= payment_tx= - HikariPool-12 - Start completed.
2026-08-11T11:14:53.874+08:00 INFO  org.flywaydb.core.FlywayExecutor request_id= idempotency_key= order_id= user_id= sku_id= payment_tx= - Database: jdbc:mysql://localhost:56550/flashflow (MySQL 8.4)
2026-08-11T11:14:53.876+08:00 WARN  o.f.c.i.database.base.Database request_id= idempotency_key= order_id= user_id= sku_id= payment_tx= - Flyway upgrade recommended: MySQL 8.4 is newer than this version of Flyway and support has not been tested. The latest supported version of MySQL is 8.1.
2026-08-11T11:14:53.880+08:00 INFO  o.f.core.internal.command.DbValidate request_id= idempotency_key= order_id= user_id= sku_id= payment_tx= - Successfully validated 4 migrations (execution time 00:00.003s)
2026-08-11T11:14:53.883+08:00 INFO  o.f.core.internal.command.DbMigrate request_id= idempotency_key= order_id= user_id= sku_id= payment_tx= - Current version of schema `flashflow`: 4
2026-08-11T11:14:53.883+08:00 INFO  o.f.core.internal.command.DbMigrate request_id= idempotency_key= order_id= user_id= sku_id= payment_tx= - Schema `flashflow` is up to date. No migration necessary.
2026-08-11T11:14:53.961+08:00 INFO  o.s.b.a.e.web.EndpointLinksResolver request_id= idempotency_key= order_id= user_id= sku_id= payment_tx= - Exposing 2 endpoints beneath base path '/actuator'
2026-08-11T11:14:53.966+08:00 INFO  o.s.b.w.e.tomcat.TomcatWebServer request_id= idempotency_key= order_id= user_id= sku_id= payment_tx= - Tomcat started on port 60532 (http) with context path '/'
2026-08-11T11:14:53.968+08:00 INFO  d.f.LiveRocketMqScannerRecoveryIntegrationTest request_id= idempotency_key= order_id= user_id= sku_id= payment_tx= - Started LiveRocketMqScannerRecoveryIntegrationTest in 0.252 seconds (process running for 127.068)
2026-08-11T11:14:56.014+08:00 INFO  o.a.c.c.C.[Tomcat].[localhost].[/] request_id= idempotency_key= order_id= user_id= sku_id= payment_tx= - Initializing Spring DispatcherServlet 'dispatcherServlet'
2026-08-11T11:14:56.014+08:00 INFO  o.s.web.servlet.DispatcherServlet request_id= idempotency_key= order_id= user_id= sku_id= payment_tx= - Initializing Servlet 'dispatcherServlet'
2026-08-11T11:14:56.014+08:00 INFO  o.s.web.servlet.DispatcherServlet request_id= idempotency_key= order_id= user_id= sku_id= payment_tx= - Completed initialization in 0 ms
2026-08-11T11:14:56.037+08:00 INFO  d.f.m.AsyncOrderApplicationService request_id=134b742f-614b-4606-a78c-5cf342e68548 idempotency_key=key-scanner order_id= user_id=user-scanner sku_id=sku-scanner payment_tx= - Asynchronous publication command_id=eee0647f195fc7bb6cf1d451c8d87694596e127a8cb53b317cb43388331adfa0 outcome=BROKER_ACKNOWLEDGED status=ACCEPTED cause=SEND_OK
2026-08-11T11:14:57.199+08:00 INFO  o.s.b.w.e.tomcat.GracefulShutdown request_id= idempotency_key= order_id= user_id= sku_id= payment_tx= - Commencing graceful shutdown. Waiting for active requests to complete
2026-08-11T11:14:59.206+08:00 INFO  o.s.b.w.e.tomcat.GracefulShutdown request_id= idempotency_key= order_id= user_id= sku_id= payment_tx= - Graceful shutdown complete
2026-08-11T11:14:59.206+08:00 ERROR org.apache.tomcat.util.net.Acceptor request_id= idempotency_key= order_id= user_id= sku_id= payment_tx= - Socket accept failed
java.nio.channels.AsynchronousCloseException: null
	at java.base/java.nio.channels.spi.AbstractInterruptibleChannel.end(AbstractInterruptibleChannel.java:218) ~[na:na]
	at java.base/sun.nio.ch.ServerSocketChannelImpl.end(ServerSocketChannelImpl.java:372) ~[na:na]
	at java.base/sun.nio.ch.ServerSocketChannelImpl.accept(ServerSocketChannelImpl.java:397) ~[na:na]
	at org.apache.tomcat.util.net.NioEndpoint.serverSocketAccept(NioEndpoint.java:537) ~[tomcat-embed-core-10.1.44.jar:10.1.44]
	at org.apache.tomcat.util.net.NioEndpoint.serverSocketAccept(NioEndpoint.java:72) ~[tomcat-embed-core-10.1.44.jar:10.1.44]
	at org.apache.tomcat.util.net.Acceptor.run(Acceptor.java:127) ~[tomcat-embed-core-10.1.44.jar:10.1.44]
	at java.base/java.lang.Thread.run(Thread.java:1516) ~[na:na]
2026-08-11T11:14:59.257+08:00 INFO  com.zaxxer.hikari.HikariDataSource request_id= idempotency_key= order_id= user_id= sku_id= payment_tx= - HikariPool-12 - Shutdown initiated...
2026-08-11T11:14:59.259+08:00 INFO  com.zaxxer.hikari.HikariDataSource request_id= idempotency_key= order_id= user_id= sku_id= payment_tx= - HikariPool-12 - Shutdown completed.
[INFO] Tests run: 1, Failures: 0, Errors: 0, Skipped: 0, Time elapsed: 5.548 s -- in dev.flashflow.LiveRocketMqScannerRecoveryIntegrationTest
[INFO] Running dev.flashflow.LiveRocketMqExpirationAckLossIntegrationTest
2026-08-11T11:14:59.266+08:00 INFO  o.s.t.c.s.AnnotationConfigContextLoaderUtils request_id= idempotency_key= order_id= user_id= sku_id= payment_tx= - Could not detect default configuration classes for test class [dev.flashflow.LiveRocketMqExpirationAckLossIntegrationTest]: LiveRocketMqExpirationAckLossIntegrationTest does not declare any static, non-private, non-final, nested classes annotated with @Configuration.
2026-08-11T11:14:59.267+08:00 INFO  o.s.b.t.c.SpringBootTestContextBootstrapper request_id= idempotency_key= order_id= user_id= sku_id= payment_tx= - Found @SpringBootConfiguration dev.flashflow.FlashFlowApplication for test class dev.flashflow.LiveRocketMqExpirationAckLossIntegrationTest

  .   ____          _            __ _ _
 /\\ / ___'_ __ _ _(_)_ __  __ _ \ \ \ \
( ( )\___ | '_ | '_| | '_ \/ _` | \ \ \ \
 \\/  ___)| |_)| | | | | || (_| |  ) ) ) )
  '  |____| .__|_| |_|_| |_\__, | / / / /
 =========|_|==============|___/=/_/_/_/

 :: Spring Boot ::                (v3.5.5)

2026-08-11T11:14:59.279+08:00 INFO  d.f.LiveRocketMqExpirationAckLossIntegrationTest request_id= idempotency_key= order_id= user_id= sku_id= payment_tx= - Starting LiveRocketMqExpirationAckLossIntegrationTest using Java 26.0.2 with PID 83717 (started by yuzheng in /Users/yuzheng/Computeracy/Zhenkun26-GitHub/FlashFlow)
2026-08-11T11:14:59.279+08:00 INFO  d.f.LiveRocketMqExpirationAckLossIntegrationTest request_id= idempotency_key= order_id= user_id= sku_id= payment_tx= - The following 1 profile is active: "test"
2026-08-11T11:14:59.335+08:00 INFO  o.s.d.r.c.RepositoryConfigurationDelegate request_id= idempotency_key= order_id= user_id= sku_id= payment_tx= - Multiple Spring Data modules found, entering strict repository configuration mode
2026-08-11T11:14:59.335+08:00 INFO  o.s.d.r.c.RepositoryConfigurationDelegate request_id= idempotency_key= order_id= user_id= sku_id= payment_tx= - Bootstrapping Spring Data Redis repositories in DEFAULT mode.
2026-08-11T11:14:59.339+08:00 INFO  o.s.d.r.c.RepositoryConfigurationDelegate request_id= idempotency_key= order_id= user_id= sku_id= payment_tx= - Finished Spring Data repository scanning in 3 ms. Found 0 Redis repository interfaces.
2026-08-11T11:14:59.350+08:00 INFO  o.s.b.w.e.tomcat.TomcatWebServer request_id= idempotency_key= order_id= user_id= sku_id= payment_tx= - Tomcat initialized with port 0 (http)
2026-08-11T11:14:59.350+08:00 INFO  o.a.catalina.core.StandardService request_id= idempotency_key= order_id= user_id= sku_id= payment_tx= - Starting service [Tomcat]
2026-08-11T11:14:59.350+08:00 INFO  o.a.catalina.core.StandardEngine request_id= idempotency_key= order_id= user_id= sku_id= payment_tx= - Starting Servlet engine: [Apache Tomcat/10.1.44]
2026-08-11T11:14:59.355+08:00 INFO  o.a.c.c.C.[Tomcat].[localhost].[/] request_id= idempotency_key= order_id= user_id= sku_id= payment_tx= - Initializing Spring embedded WebApplicationContext
2026-08-11T11:14:59.355+08:00 INFO  o.s.b.w.s.c.ServletWebServerApplicationContext request_id= idempotency_key= order_id= user_id= sku_id= payment_tx= - Root WebApplicationContext: initialization completed in 76 ms
Standard Commons Logging discovery in action with spring-jcl: please remove commons-logging.jar from classpath in order to avoid potential conflicts
2026-08-11T11:14:59.373+08:00 INFO  com.zaxxer.hikari.HikariDataSource request_id= idempotency_key= order_id= user_id= sku_id= payment_tx= - HikariPool-13 - Starting...
2026-08-11T11:14:59.382+08:00 INFO  com.zaxxer.hikari.pool.HikariPool request_id= idempotency_key= order_id= user_id= sku_id= payment_tx= - HikariPool-13 - Added connection com.mysql.cj.jdbc.ConnectionImpl@11225e23
2026-08-11T11:14:59.382+08:00 INFO  com.zaxxer.hikari.HikariDataSource request_id= idempotency_key= order_id= user_id= sku_id= payment_tx= - HikariPool-13 - Start completed.
2026-08-11T11:14:59.384+08:00 INFO  org.flywaydb.core.FlywayExecutor request_id= idempotency_key= order_id= user_id= sku_id= payment_tx= - Database: jdbc:mysql://localhost:56550/flashflow (MySQL 8.4)
2026-08-11T11:14:59.388+08:00 WARN  o.f.c.i.database.base.Database request_id= idempotency_key= order_id= user_id= sku_id= payment_tx= - Flyway upgrade recommended: MySQL 8.4 is newer than this version of Flyway and support has not been tested. The latest supported version of MySQL is 8.1.
2026-08-11T11:14:59.393+08:00 INFO  o.f.core.internal.command.DbValidate request_id= idempotency_key= order_id= user_id= sku_id= payment_tx= - Successfully validated 4 migrations (execution time 00:00.004s)
2026-08-11T11:14:59.398+08:00 INFO  o.f.core.internal.command.DbMigrate request_id= idempotency_key= order_id= user_id= sku_id= payment_tx= - Current version of schema `flashflow`: 4
2026-08-11T11:14:59.398+08:00 INFO  o.f.core.internal.command.DbMigrate request_id= idempotency_key= order_id= user_id= sku_id= payment_tx= - Schema `flashflow` is up to date. No migration necessary.
2026-08-11T11:14:59.481+08:00 INFO  o.s.b.a.e.web.EndpointLinksResolver request_id= idempotency_key= order_id= user_id= sku_id= payment_tx= - Exposing 2 endpoints beneath base path '/actuator'
2026-08-11T11:14:59.485+08:00 INFO  o.s.b.w.e.tomcat.TomcatWebServer request_id= idempotency_key= order_id= user_id= sku_id= payment_tx= - Tomcat started on port 60578 (http) with context path '/'
2026-08-11T11:14:59.486+08:00 INFO  d.f.LiveRocketMqExpirationAckLossIntegrationTest request_id= idempotency_key= order_id= user_id= sku_id= payment_tx= - Started LiveRocketMqExpirationAckLossIntegrationTest in 0.217 seconds (process running for 132.586)
2026-08-11T11:15:01.521+08:00 INFO  o.a.c.c.C.[Tomcat].[localhost].[/] request_id= idempotency_key= order_id= user_id= sku_id= payment_tx= - Initializing Spring DispatcherServlet 'dispatcherServlet'
2026-08-11T11:15:01.521+08:00 INFO  o.s.web.servlet.DispatcherServlet request_id= idempotency_key= order_id= user_id= sku_id= payment_tx= - Initializing Servlet 'dispatcherServlet'
2026-08-11T11:15:01.522+08:00 INFO  o.s.web.servlet.DispatcherServlet request_id= idempotency_key= order_id= user_id= sku_id= payment_tx= - Completed initialization in 1 ms
2026-08-11T11:15:21.072+08:00 INFO  o.s.b.w.e.tomcat.GracefulShutdown request_id= idempotency_key= order_id= user_id= sku_id= payment_tx= - Commencing graceful shutdown. Waiting for active requests to complete
2026-08-11T11:15:23.079+08:00 INFO  o.s.b.w.e.tomcat.GracefulShutdown request_id= idempotency_key= order_id= user_id= sku_id= payment_tx= - Graceful shutdown complete
2026-08-11T11:15:23.079+08:00 ERROR org.apache.tomcat.util.net.Acceptor request_id= idempotency_key= order_id= user_id= sku_id= payment_tx= - Socket accept failed
java.nio.channels.AsynchronousCloseException: null
	at java.base/java.nio.channels.spi.AbstractInterruptibleChannel.end(AbstractInterruptibleChannel.java:218) ~[na:na]
	at java.base/sun.nio.ch.ServerSocketChannelImpl.end(ServerSocketChannelImpl.java:372) ~[na:na]
	at java.base/sun.nio.ch.ServerSocketChannelImpl.accept(ServerSocketChannelImpl.java:397) ~[na:na]
	at org.apache.tomcat.util.net.NioEndpoint.serverSocketAccept(NioEndpoint.java:537) ~[tomcat-embed-core-10.1.44.jar:10.1.44]
	at org.apache.tomcat.util.net.NioEndpoint.serverSocketAccept(NioEndpoint.java:72) ~[tomcat-embed-core-10.1.44.jar:10.1.44]
	at org.apache.tomcat.util.net.Acceptor.run(Acceptor.java:127) ~[tomcat-embed-core-10.1.44.jar:10.1.44]
	at java.base/java.lang.Thread.run(Thread.java:1516) ~[na:na]
2026-08-11T11:15:23.463+08:00 INFO  com.zaxxer.hikari.HikariDataSource request_id= idempotency_key= order_id= user_id= sku_id= payment_tx= - HikariPool-13 - Shutdown initiated...
2026-08-11T11:15:23.467+08:00 INFO  com.zaxxer.hikari.HikariDataSource request_id= idempotency_key= order_id= user_id= sku_id= payment_tx= - HikariPool-13 - Shutdown completed.
[INFO] Tests run: 1, Failures: 0, Errors: 0, Skipped: 0, Time elapsed: 24.21 s -- in dev.flashflow.LiveRocketMqExpirationAckLossIntegrationTest
[INFO] Running dev.flashflow.OrderingClaimRaceIntegrationTest
2026-08-11T11:15:23.475+08:00 INFO  o.s.t.c.s.AnnotationConfigContextLoaderUtils request_id= idempotency_key= order_id= user_id= sku_id= payment_tx= - Could not detect default configuration classes for test class [dev.flashflow.OrderingClaimRaceIntegrationTest]: OrderingClaimRaceIntegrationTest does not declare any static, non-private, non-final, nested classes annotated with @Configuration.
2026-08-11T11:15:23.476+08:00 INFO  o.s.b.t.c.SpringBootTestContextBootstrapper request_id= idempotency_key= order_id= user_id= sku_id= payment_tx= - Found @SpringBootConfiguration dev.flashflow.FlashFlowApplication for test class dev.flashflow.OrderingClaimRaceIntegrationTest
[INFO] Tests run: 3, Failures: 0, Errors: 0, Skipped: 0, Time elapsed: 0.085 s -- in dev.flashflow.OrderingClaimRaceIntegrationTest
[INFO] Running dev.flashflow.ApplicationSmokeTest
2026-08-11T11:15:23.559+08:00 INFO  o.s.t.c.s.AnnotationConfigContextLoaderUtils request_id= idempotency_key= order_id= user_id= sku_id= payment_tx= - Could not detect default configuration classes for test class [dev.flashflow.ApplicationSmokeTest]: ApplicationSmokeTest does not declare any static, non-private, non-final, nested classes annotated with @Configuration.
2026-08-11T11:15:23.559+08:00 INFO  o.s.b.t.c.SpringBootTestContextBootstrapper request_id= idempotency_key= order_id= user_id= sku_id= payment_tx= - Found @SpringBootConfiguration dev.flashflow.FlashFlowApplication for test class dev.flashflow.ApplicationSmokeTest
[INFO] Tests run: 1, Failures: 0, Errors: 0, Skipped: 0, Time elapsed: 0.010 s -- in dev.flashflow.ApplicationSmokeTest
[INFO] Running dev.flashflow.messaging.AsyncOrderApplicationServiceTest
2026-08-11T11:15:23.572+08:00 INFO  d.f.m.AsyncOrderApplicationService request_id= idempotency_key=key-2 order_id= user_id=user-2 sku_id=sku-1 payment_tx= - Asynchronous publication command_id=01f6edbdbcb069068af0743c4a6c1cdf608ddb350e20c922f2699fa0232ba5f4 outcome=DEFINITELY_NOT_PUBLISHED status=RETRYABLE cause=CONNECT_FAILED
2026-08-11T11:15:23.572+08:00 INFO  d.f.m.AsyncOrderApplicationService request_id= idempotency_key=key-3 order_id= user_id=user-3 sku_id=sku-1 payment_tx= - Asynchronous publication command_id=1cc3cdc8f3519b00083f110b3605cd4a5b770b7e5245fbd4722e3d69cc876121 outcome=AMBIGUOUS status=UNRESOLVED cause=REMOTING_TIMEOUT
2026-08-11T11:15:23.572+08:00 INFO  d.f.m.AsyncOrderApplicationService request_id= idempotency_key=key-3 order_id= user_id=user-3 sku_id=sku-1 payment_tx= - Asynchronous publication command_id=1cc3cdc8f3519b00083f110b3605cd4a5b770b7e5245fbd4722e3d69cc876121 outcome=AMBIGUOUS status=UNRESOLVED cause=REMOTING_TIMEOUT
2026-08-11T11:15:23.573+08:00 INFO  d.f.m.AsyncOrderApplicationService request_id= idempotency_key=key-1 order_id= user_id=user-1 sku_id=sku-1 payment_tx= - Asynchronous publication command_id=eb5faa2199474e8f5bc1a28fb0121e6030966fc10dd104d1a1406803200ea69a outcome=BROKER_ACKNOWLEDGED status=ACCEPTED cause=SEND_OK
[INFO] Tests run: 3, Failures: 0, Errors: 0, Skipped: 0, Time elapsed: 0.004 s -- in dev.flashflow.messaging.AsyncOrderApplicationServiceTest
[INFO] Running dev.flashflow.messaging.RocketMqListenerContractTest
[INFO] Tests run: 1, Failures: 0, Errors: 0, Skipped: 0, Time elapsed: 0.004 s -- in dev.flashflow.messaging.RocketMqListenerContractTest
[INFO] Running dev.flashflow.messaging.OutboxAsyncOrderApplicationServiceTest
2026-08-11T11:15:23.656+08:00 INFO  d.f.m.o.OutboxAsyncOrderApplicationService request_id= idempotency_key=key-1 order_id= user_id=user-1 sku_id=sku-1 payment_tx= - Durable Outbox acceptance command_id=a7e3407f561a93b1e814e8043a124494518c72dc766988244ddc280fe0b281c4 status=ACCEPTED
2026-08-11T11:15:23.662+08:00 WARN  d.f.m.o.OutboxAsyncOrderApplicationService request_id= idempotency_key=key-1 order_id= user_id=user-1 sku_id=sku-1 payment_tx= - Durable Outbox acceptance unresolved command_id=a7e3407f561a93b1e814e8043a124494518c72dc766988244ddc280fe0b281c4 cause=IllegalStateException
[INFO] Tests run: 2, Failures: 0, Errors: 0, Skipped: 0, Time elapsed: 0.084 s -- in dev.flashflow.messaging.OutboxAsyncOrderApplicationServiceTest
[INFO] Running dev.flashflow.messaging.OrderCommandContractTest
[INFO] Tests run: 2, Failures: 0, Errors: 0, Skipped: 0, Time elapsed: 0.002 s -- in dev.flashflow.messaging.OrderCommandContractTest
[INFO] Running dev.flashflow.messaging.SyntheticMessagingSpikeTest
[INFO] Tests run: 2, Failures: 0, Errors: 0, Skipped: 0, Time elapsed: 0.001 s -- in dev.flashflow.messaging.SyntheticMessagingSpikeTest
[INFO] Running dev.flashflow.messaging.DeterministicPublicationCoordinatorTest
[INFO] Tests run: 3, Failures: 0, Errors: 0, Skipped: 0, Time elapsed: 0.001 s -- in dev.flashflow.messaging.DeterministicPublicationCoordinatorTest
[INFO] Running dev.flashflow.messaging.InProcessOrderCommandConsumerTest
[INFO] Tests run: 2, Failures: 0, Errors: 0, Skipped: 0, Time elapsed: 0.001 s -- in dev.flashflow.messaging.InProcessOrderCommandConsumerTest
[INFO] Running dev.flashflow.messaging.OutboxDispatcherTest
2026-08-11T11:15:23.742+08:00 INFO  d.f.m.outbox.OutboxDispatcher request_id= idempotency_key=key-1 order_id= user_id=user-1 sku_id=sku-1 payment_tx= - Outbox publication deferred outbox_id=outbox command_id=aaaaaaaaaaaaaaaaaaaaaaaaaaaaaaaaaaaaaaaaaaaaaaaaaaaaaaaaaaaaaaaa outcome=RETRYABLE cause=REMOTING_TIMEOUT
2026-08-11T11:15:23.743+08:00 WARN  d.f.m.outbox.OutboxDispatcher request_id= idempotency_key=key-1 order_id= user_id=user-1 sku_id=sku-1 payment_tx= - Outbox publication exhausted outbox_id=outbox command_id=aaaaaaaaaaaaaaaaaaaaaaaaaaaaaaaaaaaaaaaaaaaaaaaaaaaaaaaaaaaaaaaa cause=CONNECT_FAILED
2026-08-11T11:15:23.744+08:00 INFO  d.f.m.outbox.OutboxDispatcher request_id= idempotency_key=key-1 order_id= user_id=user-1 sku_id=sku-1 payment_tx= - Outbox publication outbox_id=outbox command_id=aaaaaaaaaaaaaaaaaaaaaaaaaaaaaaaaaaaaaaaaaaaaaaaaaaaaaaaaaaaaaaaa outcome=ACKNOWLEDGED
[INFO] Tests run: 3, Failures: 0, Errors: 0, Skipped: 0, Time elapsed: 0.075 s -- in dev.flashflow.messaging.OutboxDispatcherTest
[INFO] Running dev.flashflow.OutboxPersistenceIntegrationTest
2026-08-11T11:15:23.745+08:00 INFO  o.s.t.c.s.AnnotationConfigContextLoaderUtils request_id= idempotency_key=key-1 order_id= user_id=user-1 sku_id=sku-1 payment_tx= - Could not detect default configuration classes for test class [dev.flashflow.OutboxPersistenceIntegrationTest]: OutboxPersistenceIntegrationTest does not declare any static, non-private, non-final, nested classes annotated with @Configuration.
2026-08-11T11:15:23.745+08:00 INFO  o.s.b.t.c.SpringBootTestContextBootstrapper request_id= idempotency_key=key-1 order_id= user_id=user-1 sku_id=sku-1 payment_tx= - Found @SpringBootConfiguration dev.flashflow.FlashFlowApplication for test class dev.flashflow.OutboxPersistenceIntegrationTest
[INFO] Tests run: 6, Failures: 0, Errors: 0, Skipped: 0, Time elapsed: 0.075 s -- in dev.flashflow.OutboxPersistenceIntegrationTest
[INFO] Running dev.flashflow.LiveRocketMqRetryExhaustionIntegrationTest
2026-08-11T11:15:23.821+08:00 INFO  o.s.t.c.s.AnnotationConfigContextLoaderUtils request_id= idempotency_key=key-1 order_id= user_id=user-1 sku_id=sku-1 payment_tx= - Could not detect default configuration classes for test class [dev.flashflow.LiveRocketMqRetryExhaustionIntegrationTest]: LiveRocketMqRetryExhaustionIntegrationTest does not declare any static, non-private, non-final, nested classes annotated with @Configuration.
2026-08-11T11:15:23.821+08:00 INFO  o.s.b.t.c.SpringBootTestContextBootstrapper request_id= idempotency_key=key-1 order_id= user_id=user-1 sku_id=sku-1 payment_tx= - Found @SpringBootConfiguration dev.flashflow.FlashFlowApplication for test class dev.flashflow.LiveRocketMqRetryExhaustionIntegrationTest

  .   ____          _            __ _ _
 /\\ / ___'_ __ _ _(_)_ __  __ _ \ \ \ \
( ( )\___ | '_ | '_| | '_ \/ _` | \ \ \ \
 \\/  ___)| |_)| | | | | || (_| |  ) ) ) )
  '  |____| .__|_| |_|_| |_\__, | / / / /
 =========|_|==============|___/=/_/_/_/

 :: Spring Boot ::                (v3.5.5)

2026-08-11T11:15:23.828+08:00 INFO  d.f.LiveRocketMqRetryExhaustionIntegrationTest request_id= idempotency_key=key-1 order_id= user_id=user-1 sku_id=sku-1 payment_tx= - Starting LiveRocketMqRetryExhaustionIntegrationTest using Java 26.0.2 with PID 83717 (started by yuzheng in /Users/yuzheng/Computeracy/Zhenkun26-GitHub/FlashFlow)
2026-08-11T11:15:23.828+08:00 INFO  d.f.LiveRocketMqRetryExhaustionIntegrationTest request_id= idempotency_key=key-1 order_id= user_id=user-1 sku_id=sku-1 payment_tx= - The following 1 profile is active: "test"
2026-08-11T11:15:23.904+08:00 INFO  o.s.d.r.c.RepositoryConfigurationDelegate request_id= idempotency_key=key-1 order_id= user_id=user-1 sku_id=sku-1 payment_tx= - Multiple Spring Data modules found, entering strict repository configuration mode
2026-08-11T11:15:23.904+08:00 INFO  o.s.d.r.c.RepositoryConfigurationDelegate request_id= idempotency_key=key-1 order_id= user_id=user-1 sku_id=sku-1 payment_tx= - Bootstrapping Spring Data Redis repositories in DEFAULT mode.
2026-08-11T11:15:23.908+08:00 INFO  o.s.d.r.c.RepositoryConfigurationDelegate request_id= idempotency_key=key-1 order_id= user_id=user-1 sku_id=sku-1 payment_tx= - Finished Spring Data repository scanning in 3 ms. Found 0 Redis repository interfaces.
2026-08-11T11:15:23.921+08:00 INFO  o.s.b.w.e.tomcat.TomcatWebServer request_id= idempotency_key=key-1 order_id= user_id=user-1 sku_id=sku-1 payment_tx= - Tomcat initialized with port 0 (http)
2026-08-11T11:15:23.922+08:00 INFO  o.a.catalina.core.StandardService request_id= idempotency_key=key-1 order_id= user_id=user-1 sku_id=sku-1 payment_tx= - Starting service [Tomcat]
2026-08-11T11:15:23.922+08:00 INFO  o.a.catalina.core.StandardEngine request_id= idempotency_key=key-1 order_id= user_id=user-1 sku_id=sku-1 payment_tx= - Starting Servlet engine: [Apache Tomcat/10.1.44]
2026-08-11T11:15:23.927+08:00 INFO  o.a.c.c.C.[Tomcat].[localhost].[/] request_id= idempotency_key=key-1 order_id= user_id=user-1 sku_id=sku-1 payment_tx= - Initializing Spring embedded WebApplicationContext
2026-08-11T11:15:23.927+08:00 INFO  o.s.b.w.s.c.ServletWebServerApplicationContext request_id= idempotency_key=key-1 order_id= user_id=user-1 sku_id=sku-1 payment_tx= - Root WebApplicationContext: initialization completed in 99 ms
Standard Commons Logging discovery in action with spring-jcl: please remove commons-logging.jar from classpath in order to avoid potential conflicts
2026-08-11T11:15:23.959+08:00 INFO  com.zaxxer.hikari.HikariDataSource request_id= idempotency_key=key-1 order_id= user_id=user-1 sku_id=sku-1 payment_tx= - HikariPool-14 - Starting...
2026-08-11T11:15:23.967+08:00 INFO  com.zaxxer.hikari.pool.HikariPool request_id= idempotency_key=key-1 order_id= user_id=user-1 sku_id=sku-1 payment_tx= - HikariPool-14 - Added connection com.mysql.cj.jdbc.ConnectionImpl@7fba57b5
2026-08-11T11:15:23.967+08:00 INFO  com.zaxxer.hikari.HikariDataSource request_id= idempotency_key=key-1 order_id= user_id=user-1 sku_id=sku-1 payment_tx= - HikariPool-14 - Start completed.
2026-08-11T11:15:23.968+08:00 INFO  org.flywaydb.core.FlywayExecutor request_id= idempotency_key=key-1 order_id= user_id=user-1 sku_id=sku-1 payment_tx= - Database: jdbc:mysql://localhost:56550/flashflow (MySQL 8.4)
2026-08-11T11:15:23.971+08:00 WARN  o.f.c.i.database.base.Database request_id= idempotency_key=key-1 order_id= user_id=user-1 sku_id=sku-1 payment_tx= - Flyway upgrade recommended: MySQL 8.4 is newer than this version of Flyway and support has not been tested. The latest supported version of MySQL is 8.1.
2026-08-11T11:15:23.975+08:00 INFO  o.f.core.internal.command.DbValidate request_id= idempotency_key=key-1 order_id= user_id=user-1 sku_id=sku-1 payment_tx= - Successfully validated 4 migrations (execution time 00:00.003s)
2026-08-11T11:15:23.977+08:00 INFO  o.f.core.internal.command.DbMigrate request_id= idempotency_key=key-1 order_id= user_id=user-1 sku_id=sku-1 payment_tx= - Current version of schema `flashflow`: 4
2026-08-11T11:15:23.978+08:00 INFO  o.f.core.internal.command.DbMigrate request_id= idempotency_key=key-1 order_id= user_id=user-1 sku_id=sku-1 payment_tx= - Schema `flashflow` is up to date. No migration necessary.
2026-08-11T11:15:24.069+08:00 INFO  o.s.b.a.e.web.EndpointLinksResolver request_id= idempotency_key=key-1 order_id= user_id=user-1 sku_id=sku-1 payment_tx= - Exposing 2 endpoints beneath base path '/actuator'
2026-08-11T11:15:24.073+08:00 INFO  o.s.b.w.e.tomcat.TomcatWebServer request_id= idempotency_key=key-1 order_id= user_id=user-1 sku_id=sku-1 payment_tx= - Tomcat started on port 60677 (http) with context path '/'
2026-08-11T11:15:24.076+08:00 INFO  d.f.LiveRocketMqRetryExhaustionIntegrationTest request_id= idempotency_key=key-1 order_id= user_id=user-1 sku_id=sku-1 payment_tx= - Started LiveRocketMqRetryExhaustionIntegrationTest in 0.254 seconds (process running for 157.175)
2026-08-11T11:15:26.110+08:00 INFO  o.a.c.c.C.[Tomcat].[localhost].[/] request_id= idempotency_key= order_id= user_id= sku_id= payment_tx= - Initializing Spring DispatcherServlet 'dispatcherServlet'
2026-08-11T11:15:26.110+08:00 INFO  o.s.web.servlet.DispatcherServlet request_id= idempotency_key= order_id= user_id= sku_id= payment_tx= - Initializing Servlet 'dispatcherServlet'
2026-08-11T11:15:26.111+08:00 INFO  o.s.web.servlet.DispatcherServlet request_id= idempotency_key= order_id= user_id= sku_id= payment_tx= - Completed initialization in 1 ms
2026-08-11T11:15:26.146+08:00 INFO  d.f.m.AsyncOrderApplicationService request_id=9eb3a965-c9f9-4e93-9ed3-e0c0dd617e9d idempotency_key=key-exhaustion order_id= user_id=user-exhaustion sku_id=sku-exhaustion payment_tx= - Asynchronous publication command_id=376c29b67fdb29614b85c23214fb61aff7f3c58a83fd98b5832fbff2e0e36777 outcome=BROKER_ACKNOWLEDGED status=ACCEPTED cause=SEND_OK
2026-08-11T11:15:35.643+08:00 INFO  d.f.m.AsyncOrderApplicationService request_id=e5e159c8-6737-4bff-9cae-ba179924abe0 idempotency_key=key-exhaustion order_id= user_id=user-exhaustion sku_id=sku-exhaustion payment_tx= - Asynchronous publication command_id=376c29b67fdb29614b85c23214fb61aff7f3c58a83fd98b5832fbff2e0e36777 outcome=BROKER_ACKNOWLEDGED status=ACCEPTED cause=SEND_OK
2026-08-11T11:15:35.646+08:00 INFO  o.s.b.w.e.tomcat.GracefulShutdown request_id= idempotency_key=key-1 order_id= user_id=user-1 sku_id=sku-1 payment_tx= - Commencing graceful shutdown. Waiting for active requests to complete
2026-08-11T11:15:37.652+08:00 INFO  o.s.b.w.e.tomcat.GracefulShutdown request_id= idempotency_key= order_id= user_id= sku_id= payment_tx= - Graceful shutdown complete
2026-08-11T11:15:37.652+08:00 ERROR org.apache.tomcat.util.net.Acceptor request_id= idempotency_key= order_id= user_id= sku_id= payment_tx= - Socket accept failed
java.nio.channels.AsynchronousCloseException: null
	at java.base/java.nio.channels.spi.AbstractInterruptibleChannel.end(AbstractInterruptibleChannel.java:218) ~[na:na]
	at java.base/sun.nio.ch.ServerSocketChannelImpl.end(ServerSocketChannelImpl.java:372) ~[na:na]
	at java.base/sun.nio.ch.ServerSocketChannelImpl.accept(ServerSocketChannelImpl.java:397) ~[na:na]
	at org.apache.tomcat.util.net.NioEndpoint.serverSocketAccept(NioEndpoint.java:537) ~[tomcat-embed-core-10.1.44.jar:10.1.44]
	at org.apache.tomcat.util.net.NioEndpoint.serverSocketAccept(NioEndpoint.java:72) ~[tomcat-embed-core-10.1.44.jar:10.1.44]
	at org.apache.tomcat.util.net.Acceptor.run(Acceptor.java:127) ~[tomcat-embed-core-10.1.44.jar:10.1.44]
	at java.base/java.lang.Thread.run(Thread.java:1516) ~[na:na]
2026-08-11T11:15:39.046+08:00 INFO  com.zaxxer.hikari.HikariDataSource request_id= idempotency_key=key-1 order_id= user_id=user-1 sku_id=sku-1 payment_tx= - HikariPool-14 - Shutdown initiated...
2026-08-11T11:15:39.049+08:00 INFO  com.zaxxer.hikari.HikariDataSource request_id= idempotency_key=key-1 order_id= user_id=user-1 sku_id=sku-1 payment_tx= - HikariPool-14 - Shutdown completed.
[INFO] Tests run: 1, Failures: 0, Errors: 0, Skipped: 0, Time elapsed: 15.24 s -- in dev.flashflow.LiveRocketMqRetryExhaustionIntegrationTest
[INFO] Running dev.flashflow.LiveRocketMqEndToEndIntegrationTest
2026-08-11T11:15:39.062+08:00 INFO  o.s.t.c.s.AnnotationConfigContextLoaderUtils request_id= idempotency_key=key-1 order_id= user_id=user-1 sku_id=sku-1 payment_tx= - Could not detect default configuration classes for test class [dev.flashflow.LiveRocketMqEndToEndIntegrationTest]: LiveRocketMqEndToEndIntegrationTest does not declare any static, non-private, non-final, nested classes annotated with @Configuration.
2026-08-11T11:15:39.064+08:00 INFO  o.s.b.t.c.SpringBootTestContextBootstrapper request_id= idempotency_key=key-1 order_id= user_id=user-1 sku_id=sku-1 payment_tx= - Found @SpringBootConfiguration dev.flashflow.FlashFlowApplication for test class dev.flashflow.LiveRocketMqEndToEndIntegrationTest

  .   ____          _            __ _ _
 /\\ / ___'_ __ _ _(_)_ __  __ _ \ \ \ \
( ( )\___ | '_ | '_| | '_ \/ _` | \ \ \ \
 \\/  ___)| |_)| | | | | || (_| |  ) ) ) )
  '  |____| .__|_| |_|_| |_\__, | / / / /
 =========|_|==============|___/=/_/_/_/

 :: Spring Boot ::                (v3.5.5)

2026-08-11T11:15:39.080+08:00 INFO  d.f.LiveRocketMqEndToEndIntegrationTest request_id= idempotency_key=key-1 order_id= user_id=user-1 sku_id=sku-1 payment_tx= - Starting LiveRocketMqEndToEndIntegrationTest using Java 26.0.2 with PID 83717 (started by yuzheng in /Users/yuzheng/Computeracy/Zhenkun26-GitHub/FlashFlow)
2026-08-11T11:15:39.080+08:00 INFO  d.f.LiveRocketMqEndToEndIntegrationTest request_id= idempotency_key=key-1 order_id= user_id=user-1 sku_id=sku-1 payment_tx= - The following 1 profile is active: "test"
2026-08-11T11:15:39.152+08:00 INFO  o.s.d.r.c.RepositoryConfigurationDelegate request_id= idempotency_key=key-1 order_id= user_id=user-1 sku_id=sku-1 payment_tx= - Multiple Spring Data modules found, entering strict repository configuration mode
2026-08-11T11:15:39.152+08:00 INFO  o.s.d.r.c.RepositoryConfigurationDelegate request_id= idempotency_key=key-1 order_id= user_id=user-1 sku_id=sku-1 payment_tx= - Bootstrapping Spring Data Redis repositories in DEFAULT mode.
2026-08-11T11:15:39.156+08:00 INFO  o.s.d.r.c.RepositoryConfigurationDelegate request_id= idempotency_key=key-1 order_id= user_id=user-1 sku_id=sku-1 payment_tx= - Finished Spring Data repository scanning in 3 ms. Found 0 Redis repository interfaces.
2026-08-11T11:15:39.167+08:00 INFO  o.s.b.w.e.tomcat.TomcatWebServer request_id= idempotency_key=key-1 order_id= user_id=user-1 sku_id=sku-1 payment_tx= - Tomcat initialized with port 0 (http)
2026-08-11T11:15:39.167+08:00 INFO  o.a.catalina.core.StandardService request_id= idempotency_key=key-1 order_id= user_id=user-1 sku_id=sku-1 payment_tx= - Starting service [Tomcat]
2026-08-11T11:15:39.167+08:00 INFO  o.a.catalina.core.StandardEngine request_id= idempotency_key=key-1 order_id= user_id=user-1 sku_id=sku-1 payment_tx= - Starting Servlet engine: [Apache Tomcat/10.1.44]
2026-08-11T11:15:39.172+08:00 INFO  o.a.c.c.C.[Tomcat].[localhost].[/] request_id= idempotency_key=key-1 order_id= user_id=user-1 sku_id=sku-1 payment_tx= - Initializing Spring embedded WebApplicationContext
2026-08-11T11:15:39.172+08:00 INFO  o.s.b.w.s.c.ServletWebServerApplicationContext request_id= idempotency_key=key-1 order_id= user_id=user-1 sku_id=sku-1 payment_tx= - Root WebApplicationContext: initialization completed in 92 ms
Standard Commons Logging discovery in action with spring-jcl: please remove commons-logging.jar from classpath in order to avoid potential conflicts
2026-08-11T11:15:39.194+08:00 INFO  com.zaxxer.hikari.HikariDataSource request_id= idempotency_key=key-1 order_id= user_id=user-1 sku_id=sku-1 payment_tx= - HikariPool-15 - Starting...
2026-08-11T11:15:39.199+08:00 INFO  com.zaxxer.hikari.pool.HikariPool request_id= idempotency_key=key-1 order_id= user_id=user-1 sku_id=sku-1 payment_tx= - HikariPool-15 - Added connection com.mysql.cj.jdbc.ConnectionImpl@73eabfbd
2026-08-11T11:15:39.199+08:00 INFO  com.zaxxer.hikari.HikariDataSource request_id= idempotency_key=key-1 order_id= user_id=user-1 sku_id=sku-1 payment_tx= - HikariPool-15 - Start completed.
2026-08-11T11:15:39.200+08:00 INFO  org.flywaydb.core.FlywayExecutor request_id= idempotency_key=key-1 order_id= user_id=user-1 sku_id=sku-1 payment_tx= - Database: jdbc:mysql://localhost:56550/flashflow (MySQL 8.4)
2026-08-11T11:15:39.202+08:00 WARN  o.f.c.i.database.base.Database request_id= idempotency_key=key-1 order_id= user_id=user-1 sku_id=sku-1 payment_tx= - Flyway upgrade recommended: MySQL 8.4 is newer than this version of Flyway and support has not been tested. The latest supported version of MySQL is 8.1.
2026-08-11T11:15:39.206+08:00 INFO  o.f.core.internal.command.DbValidate request_id= idempotency_key=key-1 order_id= user_id=user-1 sku_id=sku-1 payment_tx= - Successfully validated 4 migrations (execution time 00:00.002s)
2026-08-11T11:15:39.208+08:00 INFO  o.f.core.internal.command.DbMigrate request_id= idempotency_key=key-1 order_id= user_id=user-1 sku_id=sku-1 payment_tx= - Current version of schema `flashflow`: 4
2026-08-11T11:15:39.208+08:00 INFO  o.f.core.internal.command.DbMigrate request_id= idempotency_key=key-1 order_id= user_id=user-1 sku_id=sku-1 payment_tx= - Schema `flashflow` is up to date. No migration necessary.
2026-08-11T11:15:39.277+08:00 INFO  o.s.b.a.e.web.EndpointLinksResolver request_id= idempotency_key=key-1 order_id= user_id=user-1 sku_id=sku-1 payment_tx= - Exposing 2 endpoints beneath base path '/actuator'
2026-08-11T11:15:39.281+08:00 INFO  o.s.b.w.e.tomcat.TomcatWebServer request_id= idempotency_key=key-1 order_id= user_id=user-1 sku_id=sku-1 payment_tx= - Tomcat started on port 60747 (http) with context path '/'
2026-08-11T11:15:39.283+08:00 INFO  d.f.LiveRocketMqEndToEndIntegrationTest request_id= idempotency_key=key-1 order_id= user_id=user-1 sku_id=sku-1 payment_tx= - Started LiveRocketMqEndToEndIntegrationTest in 0.216 seconds (process running for 172.382)
2026-08-11T11:15:41.310+08:00 INFO  o.a.c.c.C.[Tomcat].[localhost].[/] request_id= idempotency_key= order_id= user_id= sku_id= payment_tx= - Initializing Spring DispatcherServlet 'dispatcherServlet'
2026-08-11T11:15:41.310+08:00 INFO  o.s.web.servlet.DispatcherServlet request_id= idempotency_key= order_id= user_id= sku_id= payment_tx= - Initializing Servlet 'dispatcherServlet'
2026-08-11T11:15:41.311+08:00 INFO  o.s.web.servlet.DispatcherServlet request_id= idempotency_key= order_id= user_id= sku_id= payment_tx= - Completed initialization in 1 ms
2026-08-11T11:15:41.331+08:00 INFO  d.f.m.AsyncOrderApplicationService request_id=b184d4f8-3fc4-467f-9852-2aa2f3a0f618 idempotency_key=key-live order_id= user_id=user-live sku_id=sku-live payment_tx= - Asynchronous publication command_id=e2b2c6feda34496e10ea7b5ef6bac451b4866cb9855d6437ce0a2391eb523024 outcome=BROKER_ACKNOWLEDGED status=ACCEPTED cause=SEND_OK
2026-08-11T11:15:46.676+08:00 INFO  d.f.m.AsyncOrderApplicationService request_id=721b703d-f78b-4870-8801-9a4766d577c4 idempotency_key=key-contract order_id= user_id=user-contract sku_id=sku-contract-a payment_tx= - Asynchronous publication command_id=1d32e54b7bda4a365a35f17783a2bfbf36e9b66768e6a459d06acbb43229669e outcome=BROKER_ACKNOWLEDGED status=ACCEPTED cause=SEND_OK
2026-08-11T11:16:03.934+08:00 INFO  d.f.m.AsyncOrderApplicationService request_id=a4b911e8-e01f-420b-90e0-0a21ca191770 idempotency_key=key-restart-34bcafa5 order_id= user_id=user-restart-34bcafa5 sku_id=sku-restart-34bcafa5 payment_tx= - Asynchronous publication command_id=d663ec7b26b6b8c093a8700507432042fbac2debec66b5809d05be3ccd94f633 outcome=DEFINITELY_NOT_PUBLISHED status=RETRYABLE cause=MQCLIENTEXCEPTION
2026-08-11T11:16:04.042+08:00 INFO  d.f.m.AsyncOrderApplicationService request_id=0f5cdfe8-2a01-43f1-8df0-f941ba373135 idempotency_key=key-restart-34bcafa5 order_id= user_id=user-restart-34bcafa5 sku_id=sku-restart-34bcafa5 payment_tx= - Asynchronous publication command_id=d663ec7b26b6b8c093a8700507432042fbac2debec66b5809d05be3ccd94f633 outcome=DEFINITELY_NOT_PUBLISHED status=RETRYABLE cause=MQCLIENTEXCEPTION
2026-08-11T11:16:04.156+08:00 INFO  d.f.m.AsyncOrderApplicationService request_id=320fccf3-f382-4499-ad5e-7c301f463234 idempotency_key=key-restart-34bcafa5 order_id= user_id=user-restart-34bcafa5 sku_id=sku-restart-34bcafa5 payment_tx= - Asynchronous publication command_id=d663ec7b26b6b8c093a8700507432042fbac2debec66b5809d05be3ccd94f633 outcome=DEFINITELY_NOT_PUBLISHED status=RETRYABLE cause=MQCLIENTEXCEPTION
2026-08-11T11:16:04.272+08:00 INFO  d.f.m.AsyncOrderApplicationService request_id=51a8c3da-7390-4f9a-b992-1f32560bf212 idempotency_key=key-restart-34bcafa5 order_id= user_id=user-restart-34bcafa5 sku_id=sku-restart-34bcafa5 payment_tx= - Asynchronous publication command_id=d663ec7b26b6b8c093a8700507432042fbac2debec66b5809d05be3ccd94f633 outcome=DEFINITELY_NOT_PUBLISHED status=RETRYABLE cause=MQCLIENTEXCEPTION
2026-08-11T11:16:04.388+08:00 INFO  d.f.m.AsyncOrderApplicationService request_id=0391d7b2-457b-4039-b99a-20d200cf66e2 idempotency_key=key-restart-34bcafa5 order_id= user_id=user-restart-34bcafa5 sku_id=sku-restart-34bcafa5 payment_tx= - Asynchronous publication command_id=d663ec7b26b6b8c093a8700507432042fbac2debec66b5809d05be3ccd94f633 outcome=DEFINITELY_NOT_PUBLISHED status=RETRYABLE cause=MQCLIENTEXCEPTION
2026-08-11T11:16:04.501+08:00 INFO  d.f.m.AsyncOrderApplicationService request_id=66752f71-35d7-4f12-93e0-0a953cbc77bf idempotency_key=key-restart-34bcafa5 order_id= user_id=user-restart-34bcafa5 sku_id=sku-restart-34bcafa5 payment_tx= - Asynchronous publication command_id=d663ec7b26b6b8c093a8700507432042fbac2debec66b5809d05be3ccd94f633 outcome=DEFINITELY_NOT_PUBLISHED status=RETRYABLE cause=MQCLIENTEXCEPTION
2026-08-11T11:16:04.618+08:00 INFO  d.f.m.AsyncOrderApplicationService request_id=d152c216-efd7-4026-899c-79b694a947b1 idempotency_key=key-restart-34bcafa5 order_id= user_id=user-restart-34bcafa5 sku_id=sku-restart-34bcafa5 payment_tx= - Asynchronous publication command_id=d663ec7b26b6b8c093a8700507432042fbac2debec66b5809d05be3ccd94f633 outcome=DEFINITELY_NOT_PUBLISHED status=RETRYABLE cause=MQCLIENTEXCEPTION
2026-08-11T11:16:04.735+08:00 INFO  d.f.m.AsyncOrderApplicationService request_id=0eec4575-33c1-4294-9249-80038feeac17 idempotency_key=key-restart-34bcafa5 order_id= user_id=user-restart-34bcafa5 sku_id=sku-restart-34bcafa5 payment_tx= - Asynchronous publication command_id=d663ec7b26b6b8c093a8700507432042fbac2debec66b5809d05be3ccd94f633 outcome=DEFINITELY_NOT_PUBLISHED status=RETRYABLE cause=MQCLIENTEXCEPTION
2026-08-11T11:16:04.854+08:00 INFO  d.f.m.AsyncOrderApplicationService request_id=5d6ed6ba-fd2f-47be-ab13-7a2a80e18c38 idempotency_key=key-restart-34bcafa5 order_id= user_id=user-restart-34bcafa5 sku_id=sku-restart-34bcafa5 payment_tx= - Asynchronous publication command_id=d663ec7b26b6b8c093a8700507432042fbac2debec66b5809d05be3ccd94f633 outcome=DEFINITELY_NOT_PUBLISHED status=RETRYABLE cause=MQCLIENTEXCEPTION
2026-08-11T11:16:04.973+08:00 INFO  d.f.m.AsyncOrderApplicationService request_id=3a8d3937-f299-4db2-a6cd-35810159905a idempotency_key=key-restart-34bcafa5 order_id= user_id=user-restart-34bcafa5 sku_id=sku-restart-34bcafa5 payment_tx= - Asynchronous publication command_id=d663ec7b26b6b8c093a8700507432042fbac2debec66b5809d05be3ccd94f633 outcome=DEFINITELY_NOT_PUBLISHED status=RETRYABLE cause=MQCLIENTEXCEPTION
2026-08-11T11:16:05.093+08:00 INFO  d.f.m.AsyncOrderApplicationService request_id=c1d58686-1544-4c2f-b9a0-5e79d2d6bc82 idempotency_key=key-restart-34bcafa5 order_id= user_id=user-restart-34bcafa5 sku_id=sku-restart-34bcafa5 payment_tx= - Asynchronous publication command_id=d663ec7b26b6b8c093a8700507432042fbac2debec66b5809d05be3ccd94f633 outcome=DEFINITELY_NOT_PUBLISHED status=RETRYABLE cause=MQCLIENTEXCEPTION
2026-08-11T11:16:05.207+08:00 INFO  d.f.m.AsyncOrderApplicationService request_id=b2f42d43-4655-4538-8481-423bd9109935 idempotency_key=key-restart-34bcafa5 order_id= user_id=user-restart-34bcafa5 sku_id=sku-restart-34bcafa5 payment_tx= - Asynchronous publication command_id=d663ec7b26b6b8c093a8700507432042fbac2debec66b5809d05be3ccd94f633 outcome=DEFINITELY_NOT_PUBLISHED status=RETRYABLE cause=MQCLIENTEXCEPTION
2026-08-11T11:16:05.328+08:00 INFO  d.f.m.AsyncOrderApplicationService request_id=c9278a6f-3dd7-4801-aced-8e8fc6b4ed00 idempotency_key=key-restart-34bcafa5 order_id= user_id=user-restart-34bcafa5 sku_id=sku-restart-34bcafa5 payment_tx= - Asynchronous publication command_id=d663ec7b26b6b8c093a8700507432042fbac2debec66b5809d05be3ccd94f633 outcome=DEFINITELY_NOT_PUBLISHED status=RETRYABLE cause=MQCLIENTEXCEPTION
2026-08-11T11:16:05.443+08:00 INFO  d.f.m.AsyncOrderApplicationService request_id=2b245617-9978-44dd-9f2f-35306c6de363 idempotency_key=key-restart-34bcafa5 order_id= user_id=user-restart-34bcafa5 sku_id=sku-restart-34bcafa5 payment_tx= - Asynchronous publication command_id=d663ec7b26b6b8c093a8700507432042fbac2debec66b5809d05be3ccd94f633 outcome=DEFINITELY_NOT_PUBLISHED status=RETRYABLE cause=MQCLIENTEXCEPTION
2026-08-11T11:16:05.557+08:00 INFO  d.f.m.AsyncOrderApplicationService request_id=2a720d79-0093-455f-8e18-6e68f4d93c34 idempotency_key=key-restart-34bcafa5 order_id= user_id=user-restart-34bcafa5 sku_id=sku-restart-34bcafa5 payment_tx= - Asynchronous publication command_id=d663ec7b26b6b8c093a8700507432042fbac2debec66b5809d05be3ccd94f633 outcome=DEFINITELY_NOT_PUBLISHED status=RETRYABLE cause=MQCLIENTEXCEPTION
2026-08-11T11:16:05.674+08:00 INFO  d.f.m.AsyncOrderApplicationService request_id=6c52729a-98b3-4d0e-8110-12cd7989b0b4 idempotency_key=key-restart-34bcafa5 order_id= user_id=user-restart-34bcafa5 sku_id=sku-restart-34bcafa5 payment_tx= - Asynchronous publication command_id=d663ec7b26b6b8c093a8700507432042fbac2debec66b5809d05be3ccd94f633 outcome=DEFINITELY_NOT_PUBLISHED status=RETRYABLE cause=MQCLIENTEXCEPTION
2026-08-11T11:16:05.791+08:00 INFO  d.f.m.AsyncOrderApplicationService request_id=b58152a7-5c24-4c01-b91f-ab16bdf5f92a idempotency_key=key-restart-34bcafa5 order_id= user_id=user-restart-34bcafa5 sku_id=sku-restart-34bcafa5 payment_tx= - Asynchronous publication command_id=d663ec7b26b6b8c093a8700507432042fbac2debec66b5809d05be3ccd94f633 outcome=DEFINITELY_NOT_PUBLISHED status=RETRYABLE cause=MQCLIENTEXCEPTION
2026-08-11T11:16:05.912+08:00 INFO  d.f.m.AsyncOrderApplicationService request_id=6d4cf8d4-d462-4ad0-9c74-6a137420f7cb idempotency_key=key-restart-34bcafa5 order_id= user_id=user-restart-34bcafa5 sku_id=sku-restart-34bcafa5 payment_tx= - Asynchronous publication command_id=d663ec7b26b6b8c093a8700507432042fbac2debec66b5809d05be3ccd94f633 outcome=DEFINITELY_NOT_PUBLISHED status=RETRYABLE cause=MQCLIENTEXCEPTION
2026-08-11T11:16:06.039+08:00 INFO  d.f.m.AsyncOrderApplicationService request_id=725df536-a013-484d-ad03-6c9ad9f80986 idempotency_key=key-restart-34bcafa5 order_id= user_id=user-restart-34bcafa5 sku_id=sku-restart-34bcafa5 payment_tx= - Asynchronous publication command_id=d663ec7b26b6b8c093a8700507432042fbac2debec66b5809d05be3ccd94f633 outcome=BROKER_ACKNOWLEDGED status=ACCEPTED cause=SEND_OK
2026-08-11T11:16:07.707+08:00 INFO  o.s.b.w.e.tomcat.GracefulShutdown request_id= idempotency_key=key-1 order_id= user_id=user-1 sku_id=sku-1 payment_tx= - Commencing graceful shutdown. Waiting for active requests to complete
2026-08-11T11:16:09.712+08:00 INFO  o.s.b.w.e.tomcat.GracefulShutdown request_id= idempotency_key= order_id= user_id= sku_id= payment_tx= - Graceful shutdown complete
2026-08-11T11:16:09.713+08:00 ERROR org.apache.tomcat.util.net.Acceptor request_id= idempotency_key= order_id= user_id= sku_id= payment_tx= - Socket accept failed
java.nio.channels.AsynchronousCloseException: null
	at java.base/java.nio.channels.spi.AbstractInterruptibleChannel.end(AbstractInterruptibleChannel.java:218) ~[na:na]
	at java.base/sun.nio.ch.ServerSocketChannelImpl.end(ServerSocketChannelImpl.java:372) ~[na:na]
	at java.base/sun.nio.ch.ServerSocketChannelImpl.accept(ServerSocketChannelImpl.java:397) ~[na:na]
	at org.apache.tomcat.util.net.NioEndpoint.serverSocketAccept(NioEndpoint.java:537) ~[tomcat-embed-core-10.1.44.jar:10.1.44]
	at org.apache.tomcat.util.net.NioEndpoint.serverSocketAccept(NioEndpoint.java:72) ~[tomcat-embed-core-10.1.44.jar:10.1.44]
	at org.apache.tomcat.util.net.Acceptor.run(Acceptor.java:127) ~[tomcat-embed-core-10.1.44.jar:10.1.44]
	at java.base/java.lang.Thread.run(Thread.java:1516) ~[na:na]
2026-08-11T11:16:09.756+08:00 INFO  com.zaxxer.hikari.HikariDataSource request_id= idempotency_key=key-1 order_id= user_id=user-1 sku_id=sku-1 payment_tx= - HikariPool-15 - Shutdown initiated...
2026-08-11T11:16:09.758+08:00 INFO  com.zaxxer.hikari.HikariDataSource request_id= idempotency_key=key-1 order_id= user_id=user-1 sku_id=sku-1 payment_tx= - HikariPool-15 - Shutdown completed.
[INFO] Tests run: 5, Failures: 0, Errors: 0, Skipped: 0, Time elapsed: 30.70 s -- in dev.flashflow.LiveRocketMqEndToEndIntegrationTest
[INFO] 
[INFO] Results:
[INFO] 
[INFO] Tests run: 124, Failures: 0, Errors: 0, Skipped: 0
[INFO] 
[INFO] ------------------------------------------------------------------------
[INFO] BUILD SUCCESS
[INFO] ------------------------------------------------------------------------
[INFO] Total time:  03:24 min
[INFO] Finished at: 2026-08-11T11:16:10+08:00
[INFO] ------------------------------------------------------------------------
