[INFO] Scanning for projects...
[INFO] 
[INFO] ----------------------< dev.flashflow:flashflow >-----------------------
[INFO] Building FlashFlow 0.1.0-SNAPSHOT
[INFO]   from pom.xml
[INFO] --------------------------------[ jar ]---------------------------------
[WARNING] 1 problem was encountered while building the effective model for org.javassist:javassist:jar:3.21.0-GA during dependency collection step for project (use -X to see details)
[INFO] 
[INFO] --- resources:3.3.1:resources (default-resources) @ flashflow ---
[INFO] Copying 5 resources from src/main/resources to target/classes
[INFO] Copying 11 resources from src/main/resources to target/classes
[INFO] 
[INFO] --- compiler:3.14.0:compile (default-compile) @ flashflow ---
[INFO] Nothing to compile - all classes are up to date.
[INFO] 
[INFO] --- resources:3.3.1:testResources (default-testResources) @ flashflow ---
[INFO] skip non existing resourceDirectory /Users/yuzheng/Computeracy/Zhenkun26-GitHub/FlashFlow/src/test/resources
[INFO] 
[INFO] --- compiler:3.14.0:testCompile (default-testCompile) @ flashflow ---
[INFO] Recompiling the module because of changed source code.
[INFO] Compiling 54 source files with javac [debug parameters release 21] to target/test-classes
[WARNING] /Users/yuzheng/Computeracy/Zhenkun26-GitHub/FlashFlow/src/test/java/dev/flashflow/ExpirationAdmissionFailureIntegrationTest.java:[26,6] org.springframework.boot.test.mock.mockito 中的 org.springframework.boot.test.mock.mockito.MockBean 已过时, 且标记为待删除
[WARNING] /Users/yuzheng/Computeracy/Zhenkun26-GitHub/FlashFlow/src/test/java/dev/flashflow/ExpirationRollbackIntegrationTest.java:[21,6] org.springframework.boot.test.mock.mockito 中的 org.springframework.boot.test.mock.mockito.MockBean 已过时, 且标记为待删除
[INFO] /Users/yuzheng/Computeracy/Zhenkun26-GitHub/FlashFlow/src/test/java/dev/flashflow/admission/RedisLuaAdmissionFailureTest.java: /Users/yuzheng/Computeracy/Zhenkun26-GitHub/FlashFlow/src/test/java/dev/flashflow/admission/RedisLuaAdmissionFailureTest.java使用了未经检查或不安全的操作。
[INFO] /Users/yuzheng/Computeracy/Zhenkun26-GitHub/FlashFlow/src/test/java/dev/flashflow/admission/RedisLuaAdmissionFailureTest.java: 有关详细信息, 请使用 -Xlint:unchecked 重新编译。
[INFO] 
[INFO] --- surefire:3.5.3:test (default-test) @ flashflow ---
[INFO] Using auto detected provider org.apache.maven.surefire.junitplatform.JUnitPlatformProvider
[INFO] 
[INFO] -------------------------------------------------------
[INFO]  T E S T S
[INFO] -------------------------------------------------------
[INFO] Running dev.flashflow.V4OutboxBacklogDrainIntegrationTest
Standard Commons Logging discovery in action with spring-jcl: please remove commons-logging.jar from classpath in order to avoid potential conflicts
11:10:37.459 [main] INFO org.springframework.test.context.support.AnnotationConfigContextLoaderUtils -- Could not detect default configuration classes for test class [dev.flashflow.V4OutboxBacklogDrainIntegrationTest]: V4OutboxBacklogDrainIntegrationTest does not declare any static, non-private, non-final, nested classes annotated with @Configuration.
11:10:37.511 [main] INFO org.springframework.boot.test.context.SpringBootTestContextBootstrapper -- Found @SpringBootConfiguration dev.flashflow.FlashFlowApplication for test class dev.flashflow.V4OutboxBacklogDrainIntegrationTest
11:10:37.550 [main] INFO org.testcontainers.images.PullPolicy -- Image pull policy will be performed by: DefaultPullPolicy()
11:10:37.551 [main] INFO org.testcontainers.utility.ImageNameSubstitutor -- Image name substitution will be performed by: DefaultImageNameSubstitutor (composite of 'ConfigurationFileImageNameSubstitutor' and 'PrefixingImageNameSubstitutor')
11:10:37.559 [main] INFO org.testcontainers.DockerClientFactory -- Testcontainers version: 1.21.3
11:10:37.638 [main] INFO org.testcontainers.dockerclient.DockerClientProviderStrategy -- Loaded org.testcontainers.dockerclient.UnixSocketClientProviderStrategy from ~/.testcontainers.properties, will try it first
11:10:37.732 [main] INFO org.testcontainers.dockerclient.DockerClientProviderStrategy -- Found Docker environment with local Unix socket (unix:///var/run/docker.sock)
11:10:37.732 [main] INFO org.testcontainers.DockerClientFactory -- Docker host IP address is localhost
11:10:37.743 [main] INFO org.testcontainers.DockerClientFactory -- Connected to docker: 
  Server Version: 29.4.1
  API Version: 1.54
  Operating System: Docker Desktop
  Total Memory: 7936 MB
  Labels: 
    com.docker.desktop.address=unix:///Users/yuzheng/Library/Containers/com.docker.docker/Data/docker-cli.sock
11:10:37.822 [main] INFO tc.testcontainers/ryuk:0.12.0 -- Creating container for image: testcontainers/ryuk:0.12.0
11:10:37.838 [main] INFO org.testcontainers.utility.RegistryAuthLocator -- Credential helper/store (docker-credential-osxkeychain) does not have credentials for https://index.docker.io/v1/
11:10:37.889 [main] INFO tc.testcontainers/ryuk:0.12.0 -- Container testcontainers/ryuk:0.12.0 is starting: 8e2f0d2b092308ce1245da06595fa5db7cb036ca8afcf61241d23ceba299d1ec
11:10:38.014 [main] INFO tc.testcontainers/ryuk:0.12.0 -- Container testcontainers/ryuk:0.12.0 started in PT0.19193S
11:10:38.017 [main] INFO org.testcontainers.utility.RyukResourceReaper -- Ryuk started - will monitor and terminate Testcontainers containers on JVM exit
11:10:38.017 [main] INFO org.testcontainers.DockerClientFactory -- Checking the system...
11:10:38.017 [main] INFO org.testcontainers.DockerClientFactory -- ✔︎ Docker server version should be at least 1.6.0
11:10:38.018 [main] INFO tc.mysql:8.4.6 -- Creating container for image: mysql:8.4.6
11:10:38.052 [main] INFO tc.mysql:8.4.6 -- Container mysql:8.4.6 is starting: d21c3c4feacdd01453dde64fcd1c3142742aa6a671af0449d5c21cf147d10900
11:10:38.146 [main] INFO tc.mysql:8.4.6 -- Waiting for database connection to become available at jdbc:mysql://localhost:53479/flashflow using query 'SELECT 1'
11:10:42.845 [main] INFO tc.mysql:8.4.6 -- Container mysql:8.4.6 started in PT4.826696S
11:10:42.845 [main] INFO tc.mysql:8.4.6 -- Container is started (JDBC URL: jdbc:mysql://localhost:53479/flashflow)
11:10:42.845 [main] INFO tc.redis:7.4.2-alpine -- Creating container for image: redis:7.4.2-alpine
11:10:42.873 [main] INFO tc.redis:7.4.2-alpine -- Container redis:7.4.2-alpine is starting: f4ea71091e596a3b4d4f44829e4ca860c0efa9a824cccc42b4ae72d14f32c141
11:10:43.027 [main] INFO tc.redis:7.4.2-alpine -- Container redis:7.4.2-alpine started in PT0.181691S

  .   ____          _            __ _ _
 /\\ / ___'_ __ _ _(_)_ __  __ _ \ \ \ \
( ( )\___ | '_ | '_| | '_ \/ _` | \ \ \ \
 \\/  ___)| |_)| | | | | || (_| |  ) ) ) )
  '  |____| .__|_| |_|_| |_\__, | / / / /
 =========|_|==============|___/=/_/_/_/

 :: Spring Boot ::                (v3.5.5)

2026-08-11T11:10:43.161+08:00 INFO  d.f.V4OutboxBacklogDrainIntegrationTest request_id= idempotency_key= order_id= user_id= sku_id= payment_tx= - Starting V4OutboxBacklogDrainIntegrationTest using Java 26.0.2 with PID 82601 (started by yuzheng in /Users/yuzheng/Computeracy/Zhenkun26-GitHub/FlashFlow)
2026-08-11T11:10:43.161+08:00 INFO  d.f.V4OutboxBacklogDrainIntegrationTest request_id= idempotency_key= order_id= user_id= sku_id= payment_tx= - The following 1 profile is active: "test"
2026-08-11T11:10:43.564+08:00 INFO  o.s.d.r.c.RepositoryConfigurationDelegate request_id= idempotency_key= order_id= user_id= sku_id= payment_tx= - Multiple Spring Data modules found, entering strict repository configuration mode
2026-08-11T11:10:43.565+08:00 INFO  o.s.d.r.c.RepositoryConfigurationDelegate request_id= idempotency_key= order_id= user_id= sku_id= payment_tx= - Bootstrapping Spring Data Redis repositories in DEFAULT mode.
2026-08-11T11:10:43.582+08:00 INFO  o.s.d.r.c.RepositoryConfigurationDelegate request_id= idempotency_key= order_id= user_id= sku_id= payment_tx= - Finished Spring Data repository scanning in 10 ms. Found 0 Redis repository interfaces.
2026-08-11T11:10:43.821+08:00 INFO  o.s.b.w.e.tomcat.TomcatWebServer request_id= idempotency_key= order_id= user_id= sku_id= payment_tx= - Tomcat initialized with port 0 (http)
2026-08-11T11:10:43.827+08:00 INFO  o.a.catalina.core.StandardService request_id= idempotency_key= order_id= user_id= sku_id= payment_tx= - Starting service [Tomcat]
2026-08-11T11:10:43.827+08:00 INFO  o.a.catalina.core.StandardEngine request_id= idempotency_key= order_id= user_id= sku_id= payment_tx= - Starting Servlet engine: [Apache Tomcat/10.1.44]
2026-08-11T11:10:43.844+08:00 INFO  o.a.c.c.C.[Tomcat].[localhost].[/] request_id= idempotency_key= order_id= user_id= sku_id= payment_tx= - Initializing Spring embedded WebApplicationContext
2026-08-11T11:10:43.844+08:00 INFO  o.s.b.w.s.c.ServletWebServerApplicationContext request_id= idempotency_key= order_id= user_id= sku_id= payment_tx= - Root WebApplicationContext: initialization completed in 673 ms
Standard Commons Logging discovery in action with spring-jcl: please remove commons-logging.jar from classpath in order to avoid potential conflicts
WARNING: A terminally deprecated method in sun.misc.Unsafe has been called
WARNING: sun.misc.Unsafe::allocateMemory has been called by io.netty.util.internal.PlatformDependent0$2 (file:/Users/yuzheng/.m2/repository/io/netty/netty-common/4.1.124.Final/netty-common-4.1.124.Final.jar)
WARNING: Please consider reporting this to the maintainers of class io.netty.util.internal.PlatformDependent0$2
WARNING: sun.misc.Unsafe::allocateMemory will be removed in a future release
WARNING: A restricted method in java.lang.System has been called
WARNING: java.lang.System::loadLibrary has been called by io.netty.util.internal.NativeLibraryUtil in an unnamed module (file:/Users/yuzheng/.m2/repository/io/netty/netty-common/4.1.124.Final/netty-common-4.1.124.Final.jar)
WARNING: Use --enable-native-access=ALL-UNNAMED to avoid a warning for callers in this module
WARNING: Restricted methods will be blocked in a future release unless native access is enabled

2026-08-11T11:10:44.494+08:00 INFO  com.zaxxer.hikari.HikariDataSource request_id= idempotency_key= order_id= user_id= sku_id= payment_tx= - HikariPool-1 - Starting...
2026-08-11T11:10:44.575+08:00 INFO  com.zaxxer.hikari.pool.HikariPool request_id= idempotency_key= order_id= user_id= sku_id= payment_tx= - HikariPool-1 - Added connection com.mysql.cj.jdbc.ConnectionImpl@5f662dd
2026-08-11T11:10:44.575+08:00 INFO  com.zaxxer.hikari.HikariDataSource request_id= idempotency_key= order_id= user_id= sku_id= payment_tx= - HikariPool-1 - Start completed.
2026-08-11T11:10:44.594+08:00 INFO  org.flywaydb.core.FlywayExecutor request_id= idempotency_key= order_id= user_id= sku_id= payment_tx= - Database: jdbc:mysql://localhost:53479/flashflow (MySQL 8.4)
2026-08-11T11:10:44.616+08:00 WARN  o.f.c.i.database.base.Database request_id= idempotency_key= order_id= user_id= sku_id= payment_tx= - Flyway upgrade recommended: MySQL 8.4 is newer than this version of Flyway and support has not been tested. The latest supported version of MySQL is 8.1.
2026-08-11T11:10:44.632+08:00 INFO  o.f.c.i.s.JdbcTableSchemaHistory request_id= idempotency_key= order_id= user_id= sku_id= payment_tx= - Schema history table `flashflow`.`flyway_schema_history` does not exist yet
2026-08-11T11:10:44.634+08:00 INFO  o.f.core.internal.command.DbValidate request_id= idempotency_key= order_id= user_id= sku_id= payment_tx= - Successfully validated 4 migrations (execution time 00:00.012s)
2026-08-11T11:10:44.647+08:00 INFO  o.f.c.i.s.JdbcTableSchemaHistory request_id= idempotency_key= order_id= user_id= sku_id= payment_tx= - Creating Schema History table `flashflow`.`flyway_schema_history` ...
2026-08-11T11:10:44.685+08:00 INFO  o.f.core.internal.command.DbMigrate request_id= idempotency_key= order_id= user_id= sku_id= payment_tx= - Current version of schema `flashflow`: << Empty Schema >>
2026-08-11T11:10:44.698+08:00 INFO  o.f.core.internal.command.DbMigrate request_id= idempotency_key= order_id= user_id= sku_id= payment_tx= - Migrating schema `flashflow` to version "1 - create flashflow v1 schema"
2026-08-11T11:10:44.811+08:00 INFO  o.f.core.internal.command.DbMigrate request_id= idempotency_key= order_id= user_id= sku_id= payment_tx= - Migrating schema `flashflow` to version "2 - create order command ledger"
2026-08-11T11:10:44.832+08:00 INFO  o.f.core.internal.command.DbMigrate request_id= idempotency_key= order_id= user_id= sku_id= payment_tx= - Migrating schema `flashflow` to version "3 - extend order command transport evidence"
2026-08-11T11:10:44.859+08:00 INFO  o.f.core.internal.command.DbMigrate request_id= idempotency_key= order_id= user_id= sku_id= payment_tx= - Migrating schema `flashflow` to version "4 - create order command outbox"
2026-08-11T11:10:44.897+08:00 INFO  o.f.core.internal.command.DbMigrate request_id= idempotency_key= order_id= user_id= sku_id= payment_tx= - Successfully applied 4 migrations to schema `flashflow`, now at version v4 (execution time 00:00.156s)
2026-08-11T11:10:45.644+08:00 INFO  o.s.b.a.e.web.EndpointLinksResolver request_id= idempotency_key= order_id= user_id= sku_id= payment_tx= - Exposing 2 endpoints beneath base path '/actuator'
2026-08-11T11:10:45.712+08:00 INFO  o.s.b.w.e.tomcat.TomcatWebServer request_id= idempotency_key= order_id= user_id= sku_id= payment_tx= - Tomcat started on port 53584 (http) with context path '/'
2026-08-11T11:10:45.721+08:00 INFO  d.f.V4OutboxBacklogDrainIntegrationTest request_id= idempotency_key= order_id= user_id= sku_id= payment_tx= - Started V4OutboxBacklogDrainIntegrationTest in 2.679 seconds (process running for 8.537)
Mockito is currently self-attaching to enable the inline-mock-maker. This will no longer work in future releases of the JDK. Please add Mockito as an agent to your build as described in Mockito's documentation: https://javadoc.io/doc/org.mockito/mockito-core/latest/org.mockito/org/mockito/Mockito.html#0.3
OpenJDK 64-Bit Server VM warning: Sharing is only supported for boot loader classes because bootstrap classpath has been appended
WARNING: A Java agent has been loaded dynamically (/Users/yuzheng/.m2/repository/net/bytebuddy/byte-buddy-agent/1.17.7/byte-buddy-agent-1.17.7.jar)
WARNING: If a serviceability tool is in use, please run with -XX:+EnableDynamicAgentLoading to hide this warning
WARNING: If a serviceability tool is not in use, please run with -Djdk.instrument.traceUsage for more information
WARNING: Dynamic loading of agents will be disallowed by default in a future release
2026-08-11T11:10:58.702+08:00 INFO  o.a.c.c.C.[Tomcat].[localhost].[/] request_id= idempotency_key= order_id= user_id= sku_id= payment_tx= - Initializing Spring DispatcherServlet 'dispatcherServlet'
2026-08-11T11:10:58.702+08:00 INFO  o.s.web.servlet.DispatcherServlet request_id= idempotency_key= order_id= user_id= sku_id= payment_tx= - Initializing Servlet 'dispatcherServlet'
2026-08-11T11:10:58.702+08:00 INFO  o.s.web.servlet.DispatcherServlet request_id= idempotency_key= order_id= user_id= sku_id= payment_tx= - Completed initialization in 0 ms
2026-08-11T11:10:58.740+08:00 INFO  d.f.m.o.OutboxAsyncOrderApplicationService request_id=07530665-370a-484d-88bf-4c1699a04665 idempotency_key=key-0979050b-0 order_id= user_id=user-0979050b-0 sku_id=sku-v4-backlog-0979050b payment_tx= - Durable Outbox acceptance command_id=14d928ccb1a35ef5454cfa3ce6ca44cd3df0b06d505ab9f024599a9616050ceb status=ACCEPTED
2026-08-11T11:10:58.768+08:00 INFO  d.f.m.o.OutboxAsyncOrderApplicationService request_id=0d50ed30-9239-41cb-b98d-b3670d2be1be idempotency_key=key-0979050b-1 order_id= user_id=user-0979050b-1 sku_id=sku-v4-backlog-0979050b payment_tx= - Durable Outbox acceptance command_id=8d382433e211385c1eb68c800d48fe1da3a5a5b7cbed9d0f32f9b70d6468b21f status=ACCEPTED
2026-08-11T11:10:58.773+08:00 INFO  d.f.m.outbox.OutboxDispatcher request_id= idempotency_key= order_id= user_id= sku_id= payment_tx= - Outbox publication deferred outbox_id=6f46973c-c422-4f77-b556-3f37e39582a1 command_id=14d928ccb1a35ef5454cfa3ce6ca44cd3df0b06d505ab9f024599a9616050ceb outcome=RETRYABLE cause=MQCLIENTEXCEPTION
2026-08-11T11:10:58.778+08:00 INFO  d.f.m.o.OutboxAsyncOrderApplicationService request_id=770ba5b5-1cb6-4619-9d81-9398129cac88 idempotency_key=key-0979050b-2 order_id= user_id=user-0979050b-2 sku_id=sku-v4-backlog-0979050b payment_tx= - Durable Outbox acceptance command_id=fb69fa5e6acf49a07968301437ae056c8fbfaf982d8761240dbf12cee6ba0fcc status=ACCEPTED
2026-08-11T11:10:58.786+08:00 INFO  d.f.m.o.OutboxAsyncOrderApplicationService request_id=08c4b80c-7253-468b-9eab-9a5364933d58 idempotency_key=key-0979050b-3 order_id= user_id=user-0979050b-3 sku_id=sku-v4-backlog-0979050b payment_tx= - Durable Outbox acceptance command_id=a4924c02bb51164b954a2a7d3fc2b79413db19e497d38e6d85fbfe8629da147c status=ACCEPTED
2026-08-11T11:10:58.794+08:00 INFO  d.f.m.o.OutboxAsyncOrderApplicationService request_id=78f61102-0332-46d5-9d6f-b8cf9a9ac090 idempotency_key=key-0979050b-4 order_id= user_id=user-0979050b-4 sku_id=sku-v4-backlog-0979050b payment_tx= - Durable Outbox acceptance command_id=ae71f95825b93f0f99b2948d4784d99d397f460eaaf7d7466592ea030a88ae84 status=ACCEPTED
2026-08-11T11:10:58.801+08:00 INFO  d.f.m.o.OutboxAsyncOrderApplicationService request_id=1fe10ca7-8a3f-4b3f-b568-c81227be5f87 idempotency_key=key-0979050b-5 order_id= user_id=user-0979050b-5 sku_id=sku-v4-backlog-0979050b payment_tx= - Durable Outbox acceptance command_id=ccc759905c16b82127017701b23f530fca476d5c3e36a586595752f67adb78b9 status=ACCEPTED
2026-08-11T11:10:58.810+08:00 INFO  d.f.m.o.OutboxAsyncOrderApplicationService request_id=9016fb81-7062-4311-92c0-42895b17fee9 idempotency_key=key-0979050b-6 order_id= user_id=user-0979050b-6 sku_id=sku-v4-backlog-0979050b payment_tx= - Durable Outbox acceptance command_id=3ec1d0bad82c578a426e65446fa88fdf0949210871f1debdf040d7b6c5a03b6a status=ACCEPTED
2026-08-11T11:10:58.819+08:00 INFO  d.f.m.o.OutboxAsyncOrderApplicationService request_id=fb26e8de-166f-4be5-99d8-896c6d6efc54 idempotency_key=key-0979050b-7 order_id= user_id=user-0979050b-7 sku_id=sku-v4-backlog-0979050b payment_tx= - Durable Outbox acceptance command_id=b87f292bf84a2d3f22cf15b4d3273c4f192b4a59ee37000ecdf9b148e4f32d23 status=ACCEPTED
2026-08-11T11:10:58.827+08:00 INFO  d.f.m.o.OutboxAsyncOrderApplicationService request_id=620cf97a-8450-4862-b803-edf1e8601f78 idempotency_key=key-0979050b-8 order_id= user_id=user-0979050b-8 sku_id=sku-v4-backlog-0979050b payment_tx= - Durable Outbox acceptance command_id=30d4d6044b75c8e612738e650626be0c96d13a24de566ba9a6df12649cf2c425 status=ACCEPTED
2026-08-11T11:10:58.836+08:00 INFO  d.f.m.o.OutboxAsyncOrderApplicationService request_id=2eb68411-7fc6-46c7-8028-042d761837f6 idempotency_key=key-0979050b-9 order_id= user_id=user-0979050b-9 sku_id=sku-v4-backlog-0979050b payment_tx= - Durable Outbox acceptance command_id=550dc4611f47621b50d38c532616f06261e277951f1399ff56ea9f59e2f60043 status=ACCEPTED
2026-08-11T11:10:58.844+08:00 INFO  d.f.m.o.OutboxAsyncOrderApplicationService request_id=f169ddb4-6235-47eb-a73a-fe7250a43ac9 idempotency_key=key-0979050b-10 order_id= user_id=user-0979050b-10 sku_id=sku-v4-backlog-0979050b payment_tx= - Durable Outbox acceptance command_id=61dd448d886b228e0363dae2383dc8ee75555732577ae64e9e9a5759f9e18a76 status=ACCEPTED
2026-08-11T11:10:58.854+08:00 INFO  d.f.m.o.OutboxAsyncOrderApplicationService request_id=9b3c3b0d-9335-489f-be04-2f96f3f041d1 idempotency_key=key-0979050b-11 order_id= user_id=user-0979050b-11 sku_id=sku-v4-backlog-0979050b payment_tx= - Durable Outbox acceptance command_id=42d12ca27175ba15d2216e630a559aac29c53225909bac5c163f3064b0fd1b67 status=ACCEPTED
2026-08-11T11:10:58.889+08:00 INFO  d.f.m.outbox.OutboxDispatcher request_id= idempotency_key= order_id= user_id= sku_id= payment_tx= - Outbox publication deferred outbox_id=db7026bf-c17e-4a0c-9ebf-ec70ff405308 command_id=8d382433e211385c1eb68c800d48fe1da3a5a5b7cbed9d0f32f9b70d6468b21f outcome=RETRYABLE cause=MQCLIENTEXCEPTION
2026-08-11T11:10:58.893+08:00 INFO  d.f.m.outbox.OutboxDispatcher request_id= idempotency_key= order_id= user_id= sku_id= payment_tx= - Outbox publication deferred outbox_id=d79d8425-0ca0-4586-b40a-c0e5c7cf4a85 command_id=fb69fa5e6acf49a07968301437ae056c8fbfaf982d8761240dbf12cee6ba0fcc outcome=RETRYABLE cause=MQCLIENTEXCEPTION
2026-08-11T11:10:58.895+08:00 INFO  d.f.m.outbox.OutboxDispatcher request_id= idempotency_key= order_id= user_id= sku_id= payment_tx= - Outbox publication deferred outbox_id=ed12c6b4-1bee-4c92-9656-023c9927d309 command_id=a4924c02bb51164b954a2a7d3fc2b79413db19e497d38e6d85fbfe8629da147c outcome=RETRYABLE cause=MQCLIENTEXCEPTION
2026-08-11T11:10:58.899+08:00 INFO  d.f.m.outbox.OutboxDispatcher request_id= idempotency_key= order_id= user_id= sku_id= payment_tx= - Outbox publication deferred outbox_id=07f864b3-4b7f-4b7f-a2e6-13e53ced1d8a command_id=ae71f95825b93f0f99b2948d4784d99d397f460eaaf7d7466592ea030a88ae84 outcome=RETRYABLE cause=MQCLIENTEXCEPTION
2026-08-11T11:10:59.021+08:00 INFO  d.f.m.outbox.OutboxDispatcher request_id= idempotency_key= order_id= user_id= sku_id= payment_tx= - Outbox publication deferred outbox_id=cb14e9da-dcaa-47ac-81e8-f9fbd8258b9d command_id=ccc759905c16b82127017701b23f530fca476d5c3e36a586595752f67adb78b9 outcome=RETRYABLE cause=MQCLIENTEXCEPTION
2026-08-11T11:10:59.026+08:00 INFO  d.f.m.outbox.OutboxDispatcher request_id= idempotency_key= order_id= user_id= sku_id= payment_tx= - Outbox publication deferred outbox_id=262992a0-00fe-4d78-b018-44c92d71f8c3 command_id=3ec1d0bad82c578a426e65446fa88fdf0949210871f1debdf040d7b6c5a03b6a outcome=RETRYABLE cause=MQCLIENTEXCEPTION
2026-08-11T11:10:59.029+08:00 INFO  d.f.m.outbox.OutboxDispatcher request_id= idempotency_key= order_id= user_id= sku_id= payment_tx= - Outbox publication deferred outbox_id=691ef9e8-54b6-4aa7-ac20-adc34d3f73a6 command_id=b87f292bf84a2d3f22cf15b4d3273c4f192b4a59ee37000ecdf9b148e4f32d23 outcome=RETRYABLE cause=MQCLIENTEXCEPTION
2026-08-11T11:10:59.032+08:00 INFO  d.f.m.outbox.OutboxDispatcher request_id= idempotency_key= order_id= user_id= sku_id= payment_tx= - Outbox publication deferred outbox_id=4d3f9497-918a-425e-9d8c-838114fa3890 command_id=30d4d6044b75c8e612738e650626be0c96d13a24de566ba9a6df12649cf2c425 outcome=RETRYABLE cause=MQCLIENTEXCEPTION
2026-08-11T11:10:59.150+08:00 INFO  d.f.m.outbox.OutboxDispatcher request_id= idempotency_key= order_id= user_id= sku_id= payment_tx= - Outbox publication deferred outbox_id=4230ab4d-8960-4c86-9e81-443b2c091c84 command_id=550dc4611f47621b50d38c532616f06261e277951f1399ff56ea9f59e2f60043 outcome=RETRYABLE cause=MQCLIENTEXCEPTION
2026-08-11T11:10:59.153+08:00 INFO  d.f.m.outbox.OutboxDispatcher request_id= idempotency_key= order_id= user_id= sku_id= payment_tx= - Outbox publication deferred outbox_id=28c274b1-08ef-4539-8f75-2bb88a99f7f8 command_id=61dd448d886b228e0363dae2383dc8ee75555732577ae64e9e9a5759f9e18a76 outcome=RETRYABLE cause=MQCLIENTEXCEPTION
2026-08-11T11:10:59.157+08:00 INFO  d.f.m.outbox.OutboxDispatcher request_id= idempotency_key= order_id= user_id= sku_id= payment_tx= - Outbox publication deferred outbox_id=60973d43-3693-4836-8b38-44318e0ae05c command_id=42d12ca27175ba15d2216e630a559aac29c53225909bac5c163f3064b0fd1b67 outcome=RETRYABLE cause=MQCLIENTEXCEPTION
2026-08-11T11:10:59.160+08:00 INFO  d.f.m.outbox.OutboxDispatcher request_id= idempotency_key= order_id= user_id= sku_id= payment_tx= - Outbox publication deferred outbox_id=6f46973c-c422-4f77-b556-3f37e39582a1 command_id=14d928ccb1a35ef5454cfa3ce6ca44cd3df0b06d505ab9f024599a9616050ceb outcome=RETRYABLE cause=MQCLIENTEXCEPTION
2026-08-11T11:10:59.280+08:00 INFO  d.f.m.outbox.OutboxDispatcher request_id= idempotency_key= order_id= user_id= sku_id= payment_tx= - Outbox publication deferred outbox_id=db7026bf-c17e-4a0c-9ebf-ec70ff405308 command_id=8d382433e211385c1eb68c800d48fe1da3a5a5b7cbed9d0f32f9b70d6468b21f outcome=RETRYABLE cause=MQCLIENTEXCEPTION
2026-08-11T11:10:59.285+08:00 INFO  d.f.m.outbox.OutboxDispatcher request_id= idempotency_key= order_id= user_id= sku_id= payment_tx= - Outbox publication deferred outbox_id=d79d8425-0ca0-4586-b40a-c0e5c7cf4a85 command_id=fb69fa5e6acf49a07968301437ae056c8fbfaf982d8761240dbf12cee6ba0fcc outcome=RETRYABLE cause=MQCLIENTEXCEPTION
2026-08-11T11:10:59.289+08:00 INFO  d.f.m.outbox.OutboxDispatcher request_id= idempotency_key= order_id= user_id= sku_id= payment_tx= - Outbox publication deferred outbox_id=ed12c6b4-1bee-4c92-9656-023c9927d309 command_id=a4924c02bb51164b954a2a7d3fc2b79413db19e497d38e6d85fbfe8629da147c outcome=RETRYABLE cause=MQCLIENTEXCEPTION
2026-08-11T11:10:59.293+08:00 INFO  d.f.m.outbox.OutboxDispatcher request_id= idempotency_key= order_id= user_id= sku_id= payment_tx= - Outbox publication deferred outbox_id=07f864b3-4b7f-4b7f-a2e6-13e53ced1d8a command_id=ae71f95825b93f0f99b2948d4784d99d397f460eaaf7d7466592ea030a88ae84 outcome=RETRYABLE cause=MQCLIENTEXCEPTION
2026-08-11T11:10:59.420+08:00 INFO  d.f.m.outbox.OutboxDispatcher request_id= idempotency_key= order_id= user_id= sku_id= payment_tx= - Outbox publication deferred outbox_id=cb14e9da-dcaa-47ac-81e8-f9fbd8258b9d command_id=ccc759905c16b82127017701b23f530fca476d5c3e36a586595752f67adb78b9 outcome=RETRYABLE cause=MQCLIENTEXCEPTION
2026-08-11T11:10:59.426+08:00 INFO  d.f.m.outbox.OutboxDispatcher request_id= idempotency_key= order_id= user_id= sku_id= payment_tx= - Outbox publication deferred outbox_id=262992a0-00fe-4d78-b018-44c92d71f8c3 command_id=3ec1d0bad82c578a426e65446fa88fdf0949210871f1debdf040d7b6c5a03b6a outcome=RETRYABLE cause=MQCLIENTEXCEPTION
2026-08-11T11:10:59.433+08:00 INFO  d.f.m.outbox.OutboxDispatcher request_id= idempotency_key= order_id= user_id= sku_id= payment_tx= - Outbox publication deferred outbox_id=691ef9e8-54b6-4aa7-ac20-adc34d3f73a6 command_id=b87f292bf84a2d3f22cf15b4d3273c4f192b4a59ee37000ecdf9b148e4f32d23 outcome=RETRYABLE cause=MQCLIENTEXCEPTION
2026-08-11T11:10:59.439+08:00 INFO  d.f.m.outbox.OutboxDispatcher request_id= idempotency_key= order_id= user_id= sku_id= payment_tx= - Outbox publication deferred outbox_id=4d3f9497-918a-425e-9d8c-838114fa3890 command_id=30d4d6044b75c8e612738e650626be0c96d13a24de566ba9a6df12649cf2c425 outcome=RETRYABLE cause=MQCLIENTEXCEPTION
2026-08-11T11:10:59.575+08:00 INFO  d.f.m.outbox.OutboxDispatcher request_id= idempotency_key= order_id= user_id= sku_id= payment_tx= - Outbox publication deferred outbox_id=4230ab4d-8960-4c86-9e81-443b2c091c84 command_id=550dc4611f47621b50d38c532616f06261e277951f1399ff56ea9f59e2f60043 outcome=RETRYABLE cause=MQCLIENTEXCEPTION
2026-08-11T11:10:59.582+08:00 INFO  d.f.m.outbox.OutboxDispatcher request_id= idempotency_key= order_id= user_id= sku_id= payment_tx= - Outbox publication deferred outbox_id=28c274b1-08ef-4539-8f75-2bb88a99f7f8 command_id=61dd448d886b228e0363dae2383dc8ee75555732577ae64e9e9a5759f9e18a76 outcome=RETRYABLE cause=MQCLIENTEXCEPTION
2026-08-11T11:10:59.588+08:00 INFO  d.f.m.outbox.OutboxDispatcher request_id= idempotency_key= order_id= user_id= sku_id= payment_tx= - Outbox publication deferred outbox_id=60973d43-3693-4836-8b38-44318e0ae05c command_id=42d12ca27175ba15d2216e630a559aac29c53225909bac5c163f3064b0fd1b67 outcome=RETRYABLE cause=MQCLIENTEXCEPTION
2026-08-11T11:10:59.597+08:00 INFO  d.f.m.outbox.OutboxDispatcher request_id= idempotency_key= order_id= user_id= sku_id= payment_tx= - Outbox publication deferred outbox_id=6f46973c-c422-4f77-b556-3f37e39582a1 command_id=14d928ccb1a35ef5454cfa3ce6ca44cd3df0b06d505ab9f024599a9616050ceb outcome=RETRYABLE cause=MQCLIENTEXCEPTION
2026-08-11T11:10:59.725+08:00 INFO  d.f.m.outbox.OutboxDispatcher request_id= idempotency_key= order_id= user_id= sku_id= payment_tx= - Outbox publication deferred outbox_id=db7026bf-c17e-4a0c-9ebf-ec70ff405308 command_id=8d382433e211385c1eb68c800d48fe1da3a5a5b7cbed9d0f32f9b70d6468b21f outcome=RETRYABLE cause=MQCLIENTEXCEPTION
2026-08-11T11:10:59.732+08:00 INFO  d.f.m.outbox.OutboxDispatcher request_id= idempotency_key= order_id= user_id= sku_id= payment_tx= - Outbox publication deferred outbox_id=d79d8425-0ca0-4586-b40a-c0e5c7cf4a85 command_id=fb69fa5e6acf49a07968301437ae056c8fbfaf982d8761240dbf12cee6ba0fcc outcome=RETRYABLE cause=MQCLIENTEXCEPTION
2026-08-11T11:10:59.741+08:00 INFO  d.f.m.outbox.OutboxDispatcher request_id= idempotency_key= order_id= user_id= sku_id= payment_tx= - Outbox publication deferred outbox_id=ed12c6b4-1bee-4c92-9656-023c9927d309 command_id=a4924c02bb51164b954a2a7d3fc2b79413db19e497d38e6d85fbfe8629da147c outcome=RETRYABLE cause=MQCLIENTEXCEPTION
2026-08-11T11:10:59.751+08:00 INFO  d.f.m.outbox.OutboxDispatcher request_id= idempotency_key= order_id= user_id= sku_id= payment_tx= - Outbox publication deferred outbox_id=07f864b3-4b7f-4b7f-a2e6-13e53ced1d8a command_id=ae71f95825b93f0f99b2948d4784d99d397f460eaaf7d7466592ea030a88ae84 outcome=RETRYABLE cause=MQCLIENTEXCEPTION
2026-08-11T11:10:59.877+08:00 INFO  d.f.m.outbox.OutboxDispatcher request_id= idempotency_key= order_id= user_id= sku_id= payment_tx= - Outbox publication deferred outbox_id=cb14e9da-dcaa-47ac-81e8-f9fbd8258b9d command_id=ccc759905c16b82127017701b23f530fca476d5c3e36a586595752f67adb78b9 outcome=RETRYABLE cause=MQCLIENTEXCEPTION
2026-08-11T11:10:59.881+08:00 INFO  d.f.m.outbox.OutboxDispatcher request_id= idempotency_key= order_id= user_id= sku_id= payment_tx= - Outbox publication deferred outbox_id=262992a0-00fe-4d78-b018-44c92d71f8c3 command_id=3ec1d0bad82c578a426e65446fa88fdf0949210871f1debdf040d7b6c5a03b6a outcome=RETRYABLE cause=MQCLIENTEXCEPTION
2026-08-11T11:10:59.887+08:00 INFO  d.f.m.outbox.OutboxDispatcher request_id= idempotency_key= order_id= user_id= sku_id= payment_tx= - Outbox publication deferred outbox_id=691ef9e8-54b6-4aa7-ac20-adc34d3f73a6 command_id=b87f292bf84a2d3f22cf15b4d3273c4f192b4a59ee37000ecdf9b148e4f32d23 outcome=RETRYABLE cause=MQCLIENTEXCEPTION
2026-08-11T11:10:59.895+08:00 INFO  d.f.m.outbox.OutboxDispatcher request_id= idempotency_key= order_id= user_id= sku_id= payment_tx= - Outbox publication deferred outbox_id=4d3f9497-918a-425e-9d8c-838114fa3890 command_id=30d4d6044b75c8e612738e650626be0c96d13a24de566ba9a6df12649cf2c425 outcome=RETRYABLE cause=MQCLIENTEXCEPTION
2026-08-11T11:11:00.041+08:00 INFO  d.f.m.outbox.OutboxDispatcher request_id= idempotency_key= order_id= user_id= sku_id= payment_tx= - Outbox publication deferred outbox_id=4230ab4d-8960-4c86-9e81-443b2c091c84 command_id=550dc4611f47621b50d38c532616f06261e277951f1399ff56ea9f59e2f60043 outcome=RETRYABLE cause=MQCLIENTEXCEPTION
2026-08-11T11:11:00.050+08:00 INFO  d.f.m.outbox.OutboxDispatcher request_id= idempotency_key= order_id= user_id= sku_id= payment_tx= - Outbox publication deferred outbox_id=28c274b1-08ef-4539-8f75-2bb88a99f7f8 command_id=61dd448d886b228e0363dae2383dc8ee75555732577ae64e9e9a5759f9e18a76 outcome=RETRYABLE cause=MQCLIENTEXCEPTION
2026-08-11T11:11:00.057+08:00 INFO  d.f.m.outbox.OutboxDispatcher request_id= idempotency_key= order_id= user_id= sku_id= payment_tx= - Outbox publication deferred outbox_id=60973d43-3693-4836-8b38-44318e0ae05c command_id=42d12ca27175ba15d2216e630a559aac29c53225909bac5c163f3064b0fd1b67 outcome=RETRYABLE cause=MQCLIENTEXCEPTION
2026-08-11T11:11:00.070+08:00 INFO  d.f.m.outbox.OutboxDispatcher request_id= idempotency_key= order_id= user_id= sku_id= payment_tx= - Outbox publication deferred outbox_id=6f46973c-c422-4f77-b556-3f37e39582a1 command_id=14d928ccb1a35ef5454cfa3ce6ca44cd3df0b06d505ab9f024599a9616050ceb outcome=RETRYABLE cause=MQCLIENTEXCEPTION
2026-08-11T11:11:00.196+08:00 INFO  d.f.m.outbox.OutboxDispatcher request_id= idempotency_key= order_id= user_id= sku_id= payment_tx= - Outbox publication deferred outbox_id=db7026bf-c17e-4a0c-9ebf-ec70ff405308 command_id=8d382433e211385c1eb68c800d48fe1da3a5a5b7cbed9d0f32f9b70d6468b21f outcome=RETRYABLE cause=MQCLIENTEXCEPTION
2026-08-11T11:11:00.208+08:00 INFO  d.f.m.outbox.OutboxDispatcher request_id= idempotency_key= order_id= user_id= sku_id= payment_tx= - Outbox publication deferred outbox_id=d79d8425-0ca0-4586-b40a-c0e5c7cf4a85 command_id=fb69fa5e6acf49a07968301437ae056c8fbfaf982d8761240dbf12cee6ba0fcc outcome=RETRYABLE cause=MQCLIENTEXCEPTION
2026-08-11T11:11:00.217+08:00 INFO  d.f.m.outbox.OutboxDispatcher request_id= idempotency_key= order_id= user_id= sku_id= payment_tx= - Outbox publication deferred outbox_id=ed12c6b4-1bee-4c92-9656-023c9927d309 command_id=a4924c02bb51164b954a2a7d3fc2b79413db19e497d38e6d85fbfe8629da147c outcome=RETRYABLE cause=MQCLIENTEXCEPTION
2026-08-11T11:11:00.228+08:00 INFO  d.f.m.outbox.OutboxDispatcher request_id= idempotency_key= order_id= user_id= sku_id= payment_tx= - Outbox publication deferred outbox_id=07f864b3-4b7f-4b7f-a2e6-13e53ced1d8a command_id=ae71f95825b93f0f99b2948d4784d99d397f460eaaf7d7466592ea030a88ae84 outcome=RETRYABLE cause=MQCLIENTEXCEPTION
2026-08-11T11:11:00.360+08:00 INFO  d.f.m.outbox.OutboxDispatcher request_id= idempotency_key= order_id= user_id= sku_id= payment_tx= - Outbox publication deferred outbox_id=cb14e9da-dcaa-47ac-81e8-f9fbd8258b9d command_id=ccc759905c16b82127017701b23f530fca476d5c3e36a586595752f67adb78b9 outcome=RETRYABLE cause=MQCLIENTEXCEPTION
2026-08-11T11:11:00.364+08:00 INFO  d.f.m.outbox.OutboxDispatcher request_id= idempotency_key= order_id= user_id= sku_id= payment_tx= - Outbox publication deferred outbox_id=262992a0-00fe-4d78-b018-44c92d71f8c3 command_id=3ec1d0bad82c578a426e65446fa88fdf0949210871f1debdf040d7b6c5a03b6a outcome=RETRYABLE cause=MQCLIENTEXCEPTION
2026-08-11T11:11:00.370+08:00 INFO  d.f.m.outbox.OutboxDispatcher request_id= idempotency_key= order_id= user_id= sku_id= payment_tx= - Outbox publication deferred outbox_id=691ef9e8-54b6-4aa7-ac20-adc34d3f73a6 command_id=b87f292bf84a2d3f22cf15b4d3273c4f192b4a59ee37000ecdf9b148e4f32d23 outcome=RETRYABLE cause=MQCLIENTEXCEPTION
2026-08-11T11:11:00.376+08:00 INFO  d.f.m.outbox.OutboxDispatcher request_id= idempotency_key= order_id= user_id= sku_id= payment_tx= - Outbox publication deferred outbox_id=4d3f9497-918a-425e-9d8c-838114fa3890 command_id=30d4d6044b75c8e612738e650626be0c96d13a24de566ba9a6df12649cf2c425 outcome=RETRYABLE cause=MQCLIENTEXCEPTION
2026-08-11T11:11:00.507+08:00 INFO  d.f.m.outbox.OutboxDispatcher request_id= idempotency_key= order_id= user_id= sku_id= payment_tx= - Outbox publication deferred outbox_id=4230ab4d-8960-4c86-9e81-443b2c091c84 command_id=550dc4611f47621b50d38c532616f06261e277951f1399ff56ea9f59e2f60043 outcome=RETRYABLE cause=MQCLIENTEXCEPTION
2026-08-11T11:11:00.513+08:00 INFO  d.f.m.outbox.OutboxDispatcher request_id= idempotency_key= order_id= user_id= sku_id= payment_tx= - Outbox publication deferred outbox_id=28c274b1-08ef-4539-8f75-2bb88a99f7f8 command_id=61dd448d886b228e0363dae2383dc8ee75555732577ae64e9e9a5759f9e18a76 outcome=RETRYABLE cause=MQCLIENTEXCEPTION
2026-08-11T11:11:00.521+08:00 INFO  d.f.m.outbox.OutboxDispatcher request_id= idempotency_key= order_id= user_id= sku_id= payment_tx= - Outbox publication deferred outbox_id=60973d43-3693-4836-8b38-44318e0ae05c command_id=42d12ca27175ba15d2216e630a559aac29c53225909bac5c163f3064b0fd1b67 outcome=RETRYABLE cause=MQCLIENTEXCEPTION
2026-08-11T11:11:00.962+08:00 INFO  d.f.m.outbox.OutboxDispatcher request_id= idempotency_key= order_id= user_id= sku_id= payment_tx= - Outbox publication deferred outbox_id=6f46973c-c422-4f77-b556-3f37e39582a1 command_id=14d928ccb1a35ef5454cfa3ce6ca44cd3df0b06d505ab9f024599a9616050ceb outcome=RETRYABLE cause=MQCLIENTEXCEPTION
2026-08-11T11:11:01.080+08:00 INFO  d.f.m.outbox.OutboxDispatcher request_id= idempotency_key= order_id= user_id= sku_id= payment_tx= - Outbox publication deferred outbox_id=db7026bf-c17e-4a0c-9ebf-ec70ff405308 command_id=8d382433e211385c1eb68c800d48fe1da3a5a5b7cbed9d0f32f9b70d6468b21f outcome=RETRYABLE cause=MQCLIENTEXCEPTION
2026-08-11T11:11:01.084+08:00 INFO  d.f.m.outbox.OutboxDispatcher request_id= idempotency_key= order_id= user_id= sku_id= payment_tx= - Outbox publication deferred outbox_id=d79d8425-0ca0-4586-b40a-c0e5c7cf4a85 command_id=fb69fa5e6acf49a07968301437ae056c8fbfaf982d8761240dbf12cee6ba0fcc outcome=RETRYABLE cause=MQCLIENTEXCEPTION
2026-08-11T11:11:01.088+08:00 INFO  d.f.m.outbox.OutboxDispatcher request_id= idempotency_key= order_id= user_id= sku_id= payment_tx= - Outbox publication deferred outbox_id=ed12c6b4-1bee-4c92-9656-023c9927d309 command_id=a4924c02bb51164b954a2a7d3fc2b79413db19e497d38e6d85fbfe8629da147c outcome=RETRYABLE cause=MQCLIENTEXCEPTION
2026-08-11T11:11:01.092+08:00 INFO  d.f.m.outbox.OutboxDispatcher request_id= idempotency_key= order_id= user_id= sku_id= payment_tx= - Outbox publication deferred outbox_id=07f864b3-4b7f-4b7f-a2e6-13e53ced1d8a command_id=ae71f95825b93f0f99b2948d4784d99d397f460eaaf7d7466592ea030a88ae84 outcome=RETRYABLE cause=MQCLIENTEXCEPTION
2026-08-11T11:11:01.216+08:00 INFO  d.f.m.outbox.OutboxDispatcher request_id= idempotency_key= order_id= user_id= sku_id= payment_tx= - Outbox publication deferred outbox_id=cb14e9da-dcaa-47ac-81e8-f9fbd8258b9d command_id=ccc759905c16b82127017701b23f530fca476d5c3e36a586595752f67adb78b9 outcome=RETRYABLE cause=MQCLIENTEXCEPTION
2026-08-11T11:11:01.220+08:00 INFO  d.f.m.outbox.OutboxDispatcher request_id= idempotency_key= order_id= user_id= sku_id= payment_tx= - Outbox publication deferred outbox_id=262992a0-00fe-4d78-b018-44c92d71f8c3 command_id=3ec1d0bad82c578a426e65446fa88fdf0949210871f1debdf040d7b6c5a03b6a outcome=RETRYABLE cause=MQCLIENTEXCEPTION
2026-08-11T11:11:01.227+08:00 INFO  d.f.m.outbox.OutboxDispatcher request_id= idempotency_key= order_id= user_id= sku_id= payment_tx= - Outbox publication deferred outbox_id=691ef9e8-54b6-4aa7-ac20-adc34d3f73a6 command_id=b87f292bf84a2d3f22cf15b4d3273c4f192b4a59ee37000ecdf9b148e4f32d23 outcome=RETRYABLE cause=MQCLIENTEXCEPTION
2026-08-11T11:11:01.234+08:00 INFO  d.f.m.outbox.OutboxDispatcher request_id= idempotency_key= order_id= user_id= sku_id= payment_tx= - Outbox publication deferred outbox_id=4d3f9497-918a-425e-9d8c-838114fa3890 command_id=30d4d6044b75c8e612738e650626be0c96d13a24de566ba9a6df12649cf2c425 outcome=RETRYABLE cause=MQCLIENTEXCEPTION
2026-08-11T11:11:01.356+08:00 INFO  d.f.m.outbox.OutboxDispatcher request_id= idempotency_key= order_id= user_id= sku_id= payment_tx= - Outbox publication deferred outbox_id=4230ab4d-8960-4c86-9e81-443b2c091c84 command_id=550dc4611f47621b50d38c532616f06261e277951f1399ff56ea9f59e2f60043 outcome=RETRYABLE cause=MQCLIENTEXCEPTION
2026-08-11T11:11:01.361+08:00 INFO  d.f.m.outbox.OutboxDispatcher request_id= idempotency_key= order_id= user_id= sku_id= payment_tx= - Outbox publication deferred outbox_id=28c274b1-08ef-4539-8f75-2bb88a99f7f8 command_id=61dd448d886b228e0363dae2383dc8ee75555732577ae64e9e9a5759f9e18a76 outcome=RETRYABLE cause=MQCLIENTEXCEPTION
2026-08-11T11:11:01.376+08:00 INFO  d.f.m.outbox.OutboxDispatcher request_id= idempotency_key= order_id= user_id= sku_id= payment_tx= - Outbox publication deferred outbox_id=60973d43-3693-4836-8b38-44318e0ae05c command_id=42d12ca27175ba15d2216e630a559aac29c53225909bac5c163f3064b0fd1b67 outcome=RETRYABLE cause=MQCLIENTEXCEPTION
2026-08-11T11:11:02.027+08:00 INFO  d.f.m.outbox.OutboxDispatcher request_id= idempotency_key= order_id= user_id= sku_id= payment_tx= - Outbox publication deferred outbox_id=6f46973c-c422-4f77-b556-3f37e39582a1 command_id=14d928ccb1a35ef5454cfa3ce6ca44cd3df0b06d505ab9f024599a9616050ceb outcome=RETRYABLE cause=MQCLIENTEXCEPTION
2026-08-11T11:11:02.140+08:00 INFO  d.f.m.outbox.OutboxDispatcher request_id= idempotency_key= order_id= user_id= sku_id= payment_tx= - Outbox publication deferred outbox_id=db7026bf-c17e-4a0c-9ebf-ec70ff405308 command_id=8d382433e211385c1eb68c800d48fe1da3a5a5b7cbed9d0f32f9b70d6468b21f outcome=RETRYABLE cause=MQCLIENTEXCEPTION
2026-08-11T11:11:02.141+08:00 INFO  d.f.m.outbox.OutboxDispatcher request_id= idempotency_key= order_id= user_id= sku_id= payment_tx= - Outbox publication deferred outbox_id=d79d8425-0ca0-4586-b40a-c0e5c7cf4a85 command_id=fb69fa5e6acf49a07968301437ae056c8fbfaf982d8761240dbf12cee6ba0fcc outcome=RETRYABLE cause=MQCLIENTEXCEPTION
2026-08-11T11:11:02.143+08:00 INFO  d.f.m.outbox.OutboxDispatcher request_id= idempotency_key= order_id= user_id= sku_id= payment_tx= - Outbox publication deferred outbox_id=ed12c6b4-1bee-4c92-9656-023c9927d309 command_id=a4924c02bb51164b954a2a7d3fc2b79413db19e497d38e6d85fbfe8629da147c outcome=RETRYABLE cause=MQCLIENTEXCEPTION
2026-08-11T11:11:02.145+08:00 INFO  d.f.m.outbox.OutboxDispatcher request_id= idempotency_key= order_id= user_id= sku_id= payment_tx= - Outbox publication deferred outbox_id=07f864b3-4b7f-4b7f-a2e6-13e53ced1d8a command_id=ae71f95825b93f0f99b2948d4784d99d397f460eaaf7d7466592ea030a88ae84 outcome=RETRYABLE cause=MQCLIENTEXCEPTION
2026-08-11T11:11:02.260+08:00 INFO  d.f.m.outbox.OutboxDispatcher request_id= idempotency_key= order_id= user_id= sku_id= payment_tx= - Outbox publication deferred outbox_id=cb14e9da-dcaa-47ac-81e8-f9fbd8258b9d command_id=ccc759905c16b82127017701b23f530fca476d5c3e36a586595752f67adb78b9 outcome=RETRYABLE cause=MQCLIENTEXCEPTION
2026-08-11T11:11:02.262+08:00 INFO  d.f.m.outbox.OutboxDispatcher request_id= idempotency_key= order_id= user_id= sku_id= payment_tx= - Outbox publication deferred outbox_id=262992a0-00fe-4d78-b018-44c92d71f8c3 command_id=3ec1d0bad82c578a426e65446fa88fdf0949210871f1debdf040d7b6c5a03b6a outcome=RETRYABLE cause=MQCLIENTEXCEPTION
2026-08-11T11:11:02.264+08:00 INFO  d.f.m.outbox.OutboxDispatcher request_id= idempotency_key= order_id= user_id= sku_id= payment_tx= - Outbox publication deferred outbox_id=691ef9e8-54b6-4aa7-ac20-adc34d3f73a6 command_id=b87f292bf84a2d3f22cf15b4d3273c4f192b4a59ee37000ecdf9b148e4f32d23 outcome=RETRYABLE cause=MQCLIENTEXCEPTION
2026-08-11T11:11:02.266+08:00 INFO  d.f.m.outbox.OutboxDispatcher request_id= idempotency_key= order_id= user_id= sku_id= payment_tx= - Outbox publication deferred outbox_id=4d3f9497-918a-425e-9d8c-838114fa3890 command_id=30d4d6044b75c8e612738e650626be0c96d13a24de566ba9a6df12649cf2c425 outcome=RETRYABLE cause=MQCLIENTEXCEPTION
2026-08-11T11:11:02.378+08:00 INFO  d.f.m.outbox.OutboxDispatcher request_id= idempotency_key= order_id= user_id= sku_id= payment_tx= - Outbox publication deferred outbox_id=4230ab4d-8960-4c86-9e81-443b2c091c84 command_id=550dc4611f47621b50d38c532616f06261e277951f1399ff56ea9f59e2f60043 outcome=RETRYABLE cause=MQCLIENTEXCEPTION
2026-08-11T11:11:02.381+08:00 INFO  d.f.m.outbox.OutboxDispatcher request_id= idempotency_key= order_id= user_id= sku_id= payment_tx= - Outbox publication deferred outbox_id=28c274b1-08ef-4539-8f75-2bb88a99f7f8 command_id=61dd448d886b228e0363dae2383dc8ee75555732577ae64e9e9a5759f9e18a76 outcome=RETRYABLE cause=MQCLIENTEXCEPTION
2026-08-11T11:11:02.384+08:00 INFO  d.f.m.outbox.OutboxDispatcher request_id= idempotency_key= order_id= user_id= sku_id= payment_tx= - Outbox publication deferred outbox_id=60973d43-3693-4836-8b38-44318e0ae05c command_id=42d12ca27175ba15d2216e630a559aac29c53225909bac5c163f3064b0fd1b67 outcome=RETRYABLE cause=MQCLIENTEXCEPTION
2026-08-11T11:11:03.031+08:00 INFO  d.f.m.outbox.OutboxDispatcher request_id= idempotency_key= order_id= user_id= sku_id= payment_tx= - Outbox publication deferred outbox_id=6f46973c-c422-4f77-b556-3f37e39582a1 command_id=14d928ccb1a35ef5454cfa3ce6ca44cd3df0b06d505ab9f024599a9616050ceb outcome=RETRYABLE cause=MQCLIENTEXCEPTION
2026-08-11T11:11:03.254+08:00 INFO  d.f.m.outbox.OutboxDispatcher request_id= idempotency_key= order_id= user_id= sku_id= payment_tx= - Outbox publication deferred outbox_id=db7026bf-c17e-4a0c-9ebf-ec70ff405308 command_id=8d382433e211385c1eb68c800d48fe1da3a5a5b7cbed9d0f32f9b70d6468b21f outcome=RETRYABLE cause=MQCLIENTEXCEPTION
2026-08-11T11:11:03.256+08:00 INFO  d.f.m.outbox.OutboxDispatcher request_id= idempotency_key= order_id= user_id= sku_id= payment_tx= - Outbox publication deferred outbox_id=d79d8425-0ca0-4586-b40a-c0e5c7cf4a85 command_id=fb69fa5e6acf49a07968301437ae056c8fbfaf982d8761240dbf12cee6ba0fcc outcome=RETRYABLE cause=MQCLIENTEXCEPTION
2026-08-11T11:11:03.259+08:00 INFO  d.f.m.outbox.OutboxDispatcher request_id= idempotency_key= order_id= user_id= sku_id= payment_tx= - Outbox publication deferred outbox_id=ed12c6b4-1bee-4c92-9656-023c9927d309 command_id=a4924c02bb51164b954a2a7d3fc2b79413db19e497d38e6d85fbfe8629da147c outcome=RETRYABLE cause=MQCLIENTEXCEPTION
2026-08-11T11:11:03.261+08:00 INFO  d.f.m.outbox.OutboxDispatcher request_id= idempotency_key= order_id= user_id= sku_id= payment_tx= - Outbox publication deferred outbox_id=07f864b3-4b7f-4b7f-a2e6-13e53ced1d8a command_id=ae71f95825b93f0f99b2948d4784d99d397f460eaaf7d7466592ea030a88ae84 outcome=RETRYABLE cause=MQCLIENTEXCEPTION
2026-08-11T11:11:03.375+08:00 INFO  d.f.m.outbox.OutboxDispatcher request_id= idempotency_key= order_id= user_id= sku_id= payment_tx= - Outbox publication deferred outbox_id=cb14e9da-dcaa-47ac-81e8-f9fbd8258b9d command_id=ccc759905c16b82127017701b23f530fca476d5c3e36a586595752f67adb78b9 outcome=RETRYABLE cause=MQCLIENTEXCEPTION
2026-08-11T11:11:03.378+08:00 INFO  d.f.m.outbox.OutboxDispatcher request_id= idempotency_key= order_id= user_id= sku_id= payment_tx= - Outbox publication deferred outbox_id=262992a0-00fe-4d78-b018-44c92d71f8c3 command_id=3ec1d0bad82c578a426e65446fa88fdf0949210871f1debdf040d7b6c5a03b6a outcome=RETRYABLE cause=MQCLIENTEXCEPTION
2026-08-11T11:11:03.380+08:00 INFO  d.f.m.outbox.OutboxDispatcher request_id= idempotency_key= order_id= user_id= sku_id= payment_tx= - Outbox publication deferred outbox_id=691ef9e8-54b6-4aa7-ac20-adc34d3f73a6 command_id=b87f292bf84a2d3f22cf15b4d3273c4f192b4a59ee37000ecdf9b148e4f32d23 outcome=RETRYABLE cause=MQCLIENTEXCEPTION
2026-08-11T11:11:03.383+08:00 INFO  d.f.m.outbox.OutboxDispatcher request_id= idempotency_key= order_id= user_id= sku_id= payment_tx= - Outbox publication deferred outbox_id=4d3f9497-918a-425e-9d8c-838114fa3890 command_id=30d4d6044b75c8e612738e650626be0c96d13a24de566ba9a6df12649cf2c425 outcome=RETRYABLE cause=MQCLIENTEXCEPTION
2026-08-11T11:11:03.503+08:00 INFO  d.f.m.outbox.OutboxDispatcher request_id= idempotency_key= order_id= user_id= sku_id= payment_tx= - Outbox publication deferred outbox_id=4230ab4d-8960-4c86-9e81-443b2c091c84 command_id=550dc4611f47621b50d38c532616f06261e277951f1399ff56ea9f59e2f60043 outcome=RETRYABLE cause=MQCLIENTEXCEPTION
2026-08-11T11:11:03.508+08:00 INFO  d.f.m.outbox.OutboxDispatcher request_id= idempotency_key= order_id= user_id= sku_id= payment_tx= - Outbox publication deferred outbox_id=28c274b1-08ef-4539-8f75-2bb88a99f7f8 command_id=61dd448d886b228e0363dae2383dc8ee75555732577ae64e9e9a5759f9e18a76 outcome=RETRYABLE cause=MQCLIENTEXCEPTION
2026-08-11T11:11:03.513+08:00 INFO  d.f.m.outbox.OutboxDispatcher request_id= idempotency_key= order_id= user_id= sku_id= payment_tx= - Outbox publication deferred outbox_id=60973d43-3693-4836-8b38-44318e0ae05c command_id=42d12ca27175ba15d2216e630a559aac29c53225909bac5c163f3064b0fd1b67 outcome=RETRYABLE cause=MQCLIENTEXCEPTION
2026-08-11T11:11:04.051+08:00 INFO  d.f.m.outbox.OutboxDispatcher request_id= idempotency_key= order_id= user_id= sku_id= payment_tx= - Outbox publication deferred outbox_id=6f46973c-c422-4f77-b556-3f37e39582a1 command_id=14d928ccb1a35ef5454cfa3ce6ca44cd3df0b06d505ab9f024599a9616050ceb outcome=RETRYABLE cause=MQCLIENTEXCEPTION
2026-08-11T11:11:04.274+08:00 INFO  d.f.m.outbox.OutboxDispatcher request_id= idempotency_key= order_id= user_id= sku_id= payment_tx= - Outbox publication deferred outbox_id=db7026bf-c17e-4a0c-9ebf-ec70ff405308 command_id=8d382433e211385c1eb68c800d48fe1da3a5a5b7cbed9d0f32f9b70d6468b21f outcome=RETRYABLE cause=MQCLIENTEXCEPTION
2026-08-11T11:11:04.277+08:00 INFO  d.f.m.outbox.OutboxDispatcher request_id= idempotency_key= order_id= user_id= sku_id= payment_tx= - Outbox publication deferred outbox_id=d79d8425-0ca0-4586-b40a-c0e5c7cf4a85 command_id=fb69fa5e6acf49a07968301437ae056c8fbfaf982d8761240dbf12cee6ba0fcc outcome=RETRYABLE cause=MQCLIENTEXCEPTION
2026-08-11T11:11:04.281+08:00 INFO  d.f.m.outbox.OutboxDispatcher request_id= idempotency_key= order_id= user_id= sku_id= payment_tx= - Outbox publication deferred outbox_id=ed12c6b4-1bee-4c92-9656-023c9927d309 command_id=a4924c02bb51164b954a2a7d3fc2b79413db19e497d38e6d85fbfe8629da147c outcome=RETRYABLE cause=MQCLIENTEXCEPTION
2026-08-11T11:11:04.284+08:00 INFO  d.f.m.outbox.OutboxDispatcher request_id= idempotency_key= order_id= user_id= sku_id= payment_tx= - Outbox publication deferred outbox_id=07f864b3-4b7f-4b7f-a2e6-13e53ced1d8a command_id=ae71f95825b93f0f99b2948d4784d99d397f460eaaf7d7466592ea030a88ae84 outcome=RETRYABLE cause=MQCLIENTEXCEPTION
2026-08-11T11:11:04.401+08:00 INFO  d.f.m.outbox.OutboxDispatcher request_id= idempotency_key= order_id= user_id= sku_id= payment_tx= - Outbox publication deferred outbox_id=cb14e9da-dcaa-47ac-81e8-f9fbd8258b9d command_id=ccc759905c16b82127017701b23f530fca476d5c3e36a586595752f67adb78b9 outcome=RETRYABLE cause=MQCLIENTEXCEPTION
2026-08-11T11:11:04.403+08:00 INFO  d.f.m.outbox.OutboxDispatcher request_id= idempotency_key= order_id= user_id= sku_id= payment_tx= - Outbox publication deferred outbox_id=262992a0-00fe-4d78-b018-44c92d71f8c3 command_id=3ec1d0bad82c578a426e65446fa88fdf0949210871f1debdf040d7b6c5a03b6a outcome=RETRYABLE cause=MQCLIENTEXCEPTION
2026-08-11T11:11:04.405+08:00 INFO  d.f.m.outbox.OutboxDispatcher request_id= idempotency_key= order_id= user_id= sku_id= payment_tx= - Outbox publication deferred outbox_id=691ef9e8-54b6-4aa7-ac20-adc34d3f73a6 command_id=b87f292bf84a2d3f22cf15b4d3273c4f192b4a59ee37000ecdf9b148e4f32d23 outcome=RETRYABLE cause=MQCLIENTEXCEPTION
2026-08-11T11:11:04.408+08:00 INFO  d.f.m.outbox.OutboxDispatcher request_id= idempotency_key= order_id= user_id= sku_id= payment_tx= - Outbox publication deferred outbox_id=4d3f9497-918a-425e-9d8c-838114fa3890 command_id=30d4d6044b75c8e612738e650626be0c96d13a24de566ba9a6df12649cf2c425 outcome=RETRYABLE cause=MQCLIENTEXCEPTION
2026-08-11T11:11:04.521+08:00 INFO  d.f.m.outbox.OutboxDispatcher request_id= idempotency_key= order_id= user_id= sku_id= payment_tx= - Outbox publication deferred outbox_id=4230ab4d-8960-4c86-9e81-443b2c091c84 command_id=550dc4611f47621b50d38c532616f06261e277951f1399ff56ea9f59e2f60043 outcome=RETRYABLE cause=MQCLIENTEXCEPTION
2026-08-11T11:11:04.524+08:00 INFO  d.f.m.outbox.OutboxDispatcher request_id= idempotency_key= order_id= user_id= sku_id= payment_tx= - Outbox publication deferred outbox_id=28c274b1-08ef-4539-8f75-2bb88a99f7f8 command_id=61dd448d886b228e0363dae2383dc8ee75555732577ae64e9e9a5759f9e18a76 outcome=RETRYABLE cause=MQCLIENTEXCEPTION
2026-08-11T11:11:04.527+08:00 INFO  d.f.m.outbox.OutboxDispatcher request_id= idempotency_key= order_id= user_id= sku_id= payment_tx= - Outbox publication deferred outbox_id=60973d43-3693-4836-8b38-44318e0ae05c command_id=42d12ca27175ba15d2216e630a559aac29c53225909bac5c163f3064b0fd1b67 outcome=RETRYABLE cause=MQCLIENTEXCEPTION
2026-08-11T11:11:05.070+08:00 INFO  d.f.m.outbox.OutboxDispatcher request_id= idempotency_key= order_id= user_id= sku_id= payment_tx= - Outbox publication deferred outbox_id=6f46973c-c422-4f77-b556-3f37e39582a1 command_id=14d928ccb1a35ef5454cfa3ce6ca44cd3df0b06d505ab9f024599a9616050ceb outcome=RETRYABLE cause=MQCLIENTEXCEPTION
2026-08-11T11:11:05.291+08:00 INFO  d.f.m.outbox.OutboxDispatcher request_id= idempotency_key= order_id= user_id= sku_id= payment_tx= - Outbox publication deferred outbox_id=db7026bf-c17e-4a0c-9ebf-ec70ff405308 command_id=8d382433e211385c1eb68c800d48fe1da3a5a5b7cbed9d0f32f9b70d6468b21f outcome=RETRYABLE cause=MQCLIENTEXCEPTION
2026-08-11T11:11:05.295+08:00 INFO  d.f.m.outbox.OutboxDispatcher request_id= idempotency_key= order_id= user_id= sku_id= payment_tx= - Outbox publication deferred outbox_id=d79d8425-0ca0-4586-b40a-c0e5c7cf4a85 command_id=fb69fa5e6acf49a07968301437ae056c8fbfaf982d8761240dbf12cee6ba0fcc outcome=RETRYABLE cause=MQCLIENTEXCEPTION
2026-08-11T11:11:05.297+08:00 INFO  d.f.m.outbox.OutboxDispatcher request_id= idempotency_key= order_id= user_id= sku_id= payment_tx= - Outbox publication deferred outbox_id=ed12c6b4-1bee-4c92-9656-023c9927d309 command_id=a4924c02bb51164b954a2a7d3fc2b79413db19e497d38e6d85fbfe8629da147c outcome=RETRYABLE cause=MQCLIENTEXCEPTION
2026-08-11T11:11:05.408+08:00 INFO  d.f.m.outbox.OutboxDispatcher request_id= idempotency_key= order_id= user_id= sku_id= payment_tx= - Outbox publication deferred outbox_id=07f864b3-4b7f-4b7f-a2e6-13e53ced1d8a command_id=ae71f95825b93f0f99b2948d4784d99d397f460eaaf7d7466592ea030a88ae84 outcome=RETRYABLE cause=MQCLIENTEXCEPTION
2026-08-11T11:11:05.411+08:00 INFO  d.f.m.outbox.OutboxDispatcher request_id= idempotency_key= order_id= user_id= sku_id= payment_tx= - Outbox publication deferred outbox_id=cb14e9da-dcaa-47ac-81e8-f9fbd8258b9d command_id=ccc759905c16b82127017701b23f530fca476d5c3e36a586595752f67adb78b9 outcome=RETRYABLE cause=MQCLIENTEXCEPTION
2026-08-11T11:11:05.525+08:00 INFO  d.f.m.outbox.OutboxDispatcher request_id= idempotency_key= order_id= user_id= sku_id= payment_tx= - Outbox publication deferred outbox_id=262992a0-00fe-4d78-b018-44c92d71f8c3 command_id=3ec1d0bad82c578a426e65446fa88fdf0949210871f1debdf040d7b6c5a03b6a outcome=RETRYABLE cause=MQCLIENTEXCEPTION
2026-08-11T11:11:05.529+08:00 INFO  d.f.m.outbox.OutboxDispatcher request_id= idempotency_key= order_id= user_id= sku_id= payment_tx= - Outbox publication deferred outbox_id=691ef9e8-54b6-4aa7-ac20-adc34d3f73a6 command_id=b87f292bf84a2d3f22cf15b4d3273c4f192b4a59ee37000ecdf9b148e4f32d23 outcome=RETRYABLE cause=MQCLIENTEXCEPTION
2026-08-11T11:11:05.532+08:00 INFO  d.f.m.outbox.OutboxDispatcher request_id= idempotency_key= order_id= user_id= sku_id= payment_tx= - Outbox publication deferred outbox_id=4d3f9497-918a-425e-9d8c-838114fa3890 command_id=30d4d6044b75c8e612738e650626be0c96d13a24de566ba9a6df12649cf2c425 outcome=RETRYABLE cause=MQCLIENTEXCEPTION
2026-08-11T11:11:05.646+08:00 INFO  d.f.m.outbox.OutboxDispatcher request_id= idempotency_key= order_id= user_id= sku_id= payment_tx= - Outbox publication deferred outbox_id=4230ab4d-8960-4c86-9e81-443b2c091c84 command_id=550dc4611f47621b50d38c532616f06261e277951f1399ff56ea9f59e2f60043 outcome=RETRYABLE cause=MQCLIENTEXCEPTION
2026-08-11T11:11:05.648+08:00 INFO  d.f.m.outbox.OutboxDispatcher request_id= idempotency_key= order_id= user_id= sku_id= payment_tx= - Outbox publication deferred outbox_id=28c274b1-08ef-4539-8f75-2bb88a99f7f8 command_id=61dd448d886b228e0363dae2383dc8ee75555732577ae64e9e9a5759f9e18a76 outcome=RETRYABLE cause=MQCLIENTEXCEPTION
2026-08-11T11:11:05.649+08:00 INFO  d.f.m.outbox.OutboxDispatcher request_id= idempotency_key= order_id= user_id= sku_id= payment_tx= - Outbox publication deferred outbox_id=60973d43-3693-4836-8b38-44318e0ae05c command_id=42d12ca27175ba15d2216e630a559aac29c53225909bac5c163f3064b0fd1b67 outcome=RETRYABLE cause=MQCLIENTEXCEPTION
2026-08-11T11:11:06.179+08:00 INFO  d.f.m.outbox.OutboxDispatcher request_id= idempotency_key= order_id= user_id= sku_id= payment_tx= - Outbox publication deferred outbox_id=6f46973c-c422-4f77-b556-3f37e39582a1 command_id=14d928ccb1a35ef5454cfa3ce6ca44cd3df0b06d505ab9f024599a9616050ceb outcome=RETRYABLE cause=MQCLIENTEXCEPTION
2026-08-11T11:11:06.401+08:00 INFO  d.f.m.outbox.OutboxDispatcher request_id= idempotency_key= order_id= user_id= sku_id= payment_tx= - Outbox publication deferred outbox_id=db7026bf-c17e-4a0c-9ebf-ec70ff405308 command_id=8d382433e211385c1eb68c800d48fe1da3a5a5b7cbed9d0f32f9b70d6468b21f outcome=RETRYABLE cause=MQCLIENTEXCEPTION
2026-08-11T11:11:06.403+08:00 INFO  d.f.m.outbox.OutboxDispatcher request_id= idempotency_key= order_id= user_id= sku_id= payment_tx= - Outbox publication deferred outbox_id=d79d8425-0ca0-4586-b40a-c0e5c7cf4a85 command_id=fb69fa5e6acf49a07968301437ae056c8fbfaf982d8761240dbf12cee6ba0fcc outcome=RETRYABLE cause=MQCLIENTEXCEPTION
2026-08-11T11:11:06.406+08:00 INFO  d.f.m.outbox.OutboxDispatcher request_id= idempotency_key= order_id= user_id= sku_id= payment_tx= - Outbox publication deferred outbox_id=ed12c6b4-1bee-4c92-9656-023c9927d309 command_id=a4924c02bb51164b954a2a7d3fc2b79413db19e497d38e6d85fbfe8629da147c outcome=RETRYABLE cause=MQCLIENTEXCEPTION
2026-08-11T11:11:06.515+08:00 INFO  d.f.m.outbox.OutboxDispatcher request_id= idempotency_key= order_id= user_id= sku_id= payment_tx= - Outbox publication deferred outbox_id=07f864b3-4b7f-4b7f-a2e6-13e53ced1d8a command_id=ae71f95825b93f0f99b2948d4784d99d397f460eaaf7d7466592ea030a88ae84 outcome=RETRYABLE cause=MQCLIENTEXCEPTION
2026-08-11T11:11:06.518+08:00 INFO  d.f.m.outbox.OutboxDispatcher request_id= idempotency_key= order_id= user_id= sku_id= payment_tx= - Outbox publication deferred outbox_id=cb14e9da-dcaa-47ac-81e8-f9fbd8258b9d command_id=ccc759905c16b82127017701b23f530fca476d5c3e36a586595752f67adb78b9 outcome=RETRYABLE cause=MQCLIENTEXCEPTION
2026-08-11T11:11:06.632+08:00 INFO  d.f.m.outbox.OutboxDispatcher request_id= idempotency_key= order_id= user_id= sku_id= payment_tx= - Outbox publication deferred outbox_id=262992a0-00fe-4d78-b018-44c92d71f8c3 command_id=3ec1d0bad82c578a426e65446fa88fdf0949210871f1debdf040d7b6c5a03b6a outcome=RETRYABLE cause=MQCLIENTEXCEPTION
2026-08-11T11:11:06.634+08:00 INFO  d.f.m.outbox.OutboxDispatcher request_id= idempotency_key= order_id= user_id= sku_id= payment_tx= - Outbox publication deferred outbox_id=691ef9e8-54b6-4aa7-ac20-adc34d3f73a6 command_id=b87f292bf84a2d3f22cf15b4d3273c4f192b4a59ee37000ecdf9b148e4f32d23 outcome=RETRYABLE cause=MQCLIENTEXCEPTION
2026-08-11T11:11:06.636+08:00 INFO  d.f.m.outbox.OutboxDispatcher request_id= idempotency_key= order_id= user_id= sku_id= payment_tx= - Outbox publication deferred outbox_id=4d3f9497-918a-425e-9d8c-838114fa3890 command_id=30d4d6044b75c8e612738e650626be0c96d13a24de566ba9a6df12649cf2c425 outcome=RETRYABLE cause=MQCLIENTEXCEPTION
2026-08-11T11:11:06.748+08:00 INFO  d.f.m.outbox.OutboxDispatcher request_id= idempotency_key= order_id= user_id= sku_id= payment_tx= - Outbox publication deferred outbox_id=4230ab4d-8960-4c86-9e81-443b2c091c84 command_id=550dc4611f47621b50d38c532616f06261e277951f1399ff56ea9f59e2f60043 outcome=RETRYABLE cause=MQCLIENTEXCEPTION
2026-08-11T11:11:06.750+08:00 INFO  d.f.m.outbox.OutboxDispatcher request_id= idempotency_key= order_id= user_id= sku_id= payment_tx= - Outbox publication deferred outbox_id=28c274b1-08ef-4539-8f75-2bb88a99f7f8 command_id=61dd448d886b228e0363dae2383dc8ee75555732577ae64e9e9a5759f9e18a76 outcome=RETRYABLE cause=MQCLIENTEXCEPTION
2026-08-11T11:11:06.751+08:00 INFO  d.f.m.outbox.OutboxDispatcher request_id= idempotency_key= order_id= user_id= sku_id= payment_tx= - Outbox publication deferred outbox_id=60973d43-3693-4836-8b38-44318e0ae05c command_id=42d12ca27175ba15d2216e630a559aac29c53225909bac5c163f3064b0fd1b67 outcome=RETRYABLE cause=MQCLIENTEXCEPTION
2026-08-11T11:11:07.286+08:00 INFO  d.f.m.outbox.OutboxDispatcher request_id= idempotency_key= order_id= user_id= sku_id= payment_tx= - Outbox publication deferred outbox_id=6f46973c-c422-4f77-b556-3f37e39582a1 command_id=14d928ccb1a35ef5454cfa3ce6ca44cd3df0b06d505ab9f024599a9616050ceb outcome=RETRYABLE cause=MQCLIENTEXCEPTION
2026-08-11T11:11:07.508+08:00 INFO  d.f.m.outbox.OutboxDispatcher request_id= idempotency_key= order_id= user_id= sku_id= payment_tx= - Outbox publication deferred outbox_id=db7026bf-c17e-4a0c-9ebf-ec70ff405308 command_id=8d382433e211385c1eb68c800d48fe1da3a5a5b7cbed9d0f32f9b70d6468b21f outcome=RETRYABLE cause=MQCLIENTEXCEPTION
2026-08-11T11:11:07.511+08:00 INFO  d.f.m.outbox.OutboxDispatcher request_id= idempotency_key= order_id= user_id= sku_id= payment_tx= - Outbox publication deferred outbox_id=d79d8425-0ca0-4586-b40a-c0e5c7cf4a85 command_id=fb69fa5e6acf49a07968301437ae056c8fbfaf982d8761240dbf12cee6ba0fcc outcome=RETRYABLE cause=MQCLIENTEXCEPTION
2026-08-11T11:11:07.513+08:00 INFO  d.f.m.outbox.OutboxDispatcher request_id= idempotency_key= order_id= user_id= sku_id= payment_tx= - Outbox publication deferred outbox_id=ed12c6b4-1bee-4c92-9656-023c9927d309 command_id=a4924c02bb51164b954a2a7d3fc2b79413db19e497d38e6d85fbfe8629da147c outcome=RETRYABLE cause=MQCLIENTEXCEPTION
2026-08-11T11:11:07.627+08:00 INFO  d.f.m.outbox.OutboxDispatcher request_id= idempotency_key= order_id= user_id= sku_id= payment_tx= - Outbox publication deferred outbox_id=07f864b3-4b7f-4b7f-a2e6-13e53ced1d8a command_id=ae71f95825b93f0f99b2948d4784d99d397f460eaaf7d7466592ea030a88ae84 outcome=RETRYABLE cause=MQCLIENTEXCEPTION
2026-08-11T11:11:07.629+08:00 INFO  d.f.m.outbox.OutboxDispatcher request_id= idempotency_key= order_id= user_id= sku_id= payment_tx= - Outbox publication deferred outbox_id=cb14e9da-dcaa-47ac-81e8-f9fbd8258b9d command_id=ccc759905c16b82127017701b23f530fca476d5c3e36a586595752f67adb78b9 outcome=RETRYABLE cause=MQCLIENTEXCEPTION
2026-08-11T11:11:07.744+08:00 INFO  d.f.m.outbox.OutboxDispatcher request_id= idempotency_key= order_id= user_id= sku_id= payment_tx= - Outbox publication deferred outbox_id=262992a0-00fe-4d78-b018-44c92d71f8c3 command_id=3ec1d0bad82c578a426e65446fa88fdf0949210871f1debdf040d7b6c5a03b6a outcome=RETRYABLE cause=MQCLIENTEXCEPTION
2026-08-11T11:11:07.747+08:00 INFO  d.f.m.outbox.OutboxDispatcher request_id= idempotency_key= order_id= user_id= sku_id= payment_tx= - Outbox publication deferred outbox_id=691ef9e8-54b6-4aa7-ac20-adc34d3f73a6 command_id=b87f292bf84a2d3f22cf15b4d3273c4f192b4a59ee37000ecdf9b148e4f32d23 outcome=RETRYABLE cause=MQCLIENTEXCEPTION
2026-08-11T11:11:07.749+08:00 INFO  d.f.m.outbox.OutboxDispatcher request_id= idempotency_key= order_id= user_id= sku_id= payment_tx= - Outbox publication deferred outbox_id=4d3f9497-918a-425e-9d8c-838114fa3890 command_id=30d4d6044b75c8e612738e650626be0c96d13a24de566ba9a6df12649cf2c425 outcome=RETRYABLE cause=MQCLIENTEXCEPTION
2026-08-11T11:11:07.864+08:00 INFO  d.f.m.outbox.OutboxDispatcher request_id= idempotency_key= order_id= user_id= sku_id= payment_tx= - Outbox publication deferred outbox_id=4230ab4d-8960-4c86-9e81-443b2c091c84 command_id=550dc4611f47621b50d38c532616f06261e277951f1399ff56ea9f59e2f60043 outcome=RETRYABLE cause=MQCLIENTEXCEPTION
2026-08-11T11:11:07.866+08:00 INFO  d.f.m.outbox.OutboxDispatcher request_id= idempotency_key= order_id= user_id= sku_id= payment_tx= - Outbox publication deferred outbox_id=28c274b1-08ef-4539-8f75-2bb88a99f7f8 command_id=61dd448d886b228e0363dae2383dc8ee75555732577ae64e9e9a5759f9e18a76 outcome=RETRYABLE cause=MQCLIENTEXCEPTION
2026-08-11T11:11:07.869+08:00 INFO  d.f.m.outbox.OutboxDispatcher request_id= idempotency_key= order_id= user_id= sku_id= payment_tx= - Outbox publication deferred outbox_id=60973d43-3693-4836-8b38-44318e0ae05c command_id=42d12ca27175ba15d2216e630a559aac29c53225909bac5c163f3064b0fd1b67 outcome=RETRYABLE cause=MQCLIENTEXCEPTION
2026-08-11T11:11:08.297+08:00 INFO  d.f.m.outbox.OutboxDispatcher request_id= idempotency_key= order_id= user_id= sku_id= payment_tx= - Outbox publication deferred outbox_id=6f46973c-c422-4f77-b556-3f37e39582a1 command_id=14d928ccb1a35ef5454cfa3ce6ca44cd3df0b06d505ab9f024599a9616050ceb outcome=RETRYABLE cause=MQCLIENTEXCEPTION
2026-08-11T11:11:08.622+08:00 INFO  d.f.m.outbox.OutboxDispatcher request_id= idempotency_key= order_id= user_id= sku_id= payment_tx= - Outbox publication deferred outbox_id=db7026bf-c17e-4a0c-9ebf-ec70ff405308 command_id=8d382433e211385c1eb68c800d48fe1da3a5a5b7cbed9d0f32f9b70d6468b21f outcome=RETRYABLE cause=MQCLIENTEXCEPTION
2026-08-11T11:11:08.625+08:00 INFO  d.f.m.outbox.OutboxDispatcher request_id= idempotency_key= order_id= user_id= sku_id= payment_tx= - Outbox publication deferred outbox_id=d79d8425-0ca0-4586-b40a-c0e5c7cf4a85 command_id=fb69fa5e6acf49a07968301437ae056c8fbfaf982d8761240dbf12cee6ba0fcc outcome=RETRYABLE cause=MQCLIENTEXCEPTION
2026-08-11T11:11:08.627+08:00 INFO  d.f.m.outbox.OutboxDispatcher request_id= idempotency_key= order_id= user_id= sku_id= payment_tx= - Outbox publication deferred outbox_id=ed12c6b4-1bee-4c92-9656-023c9927d309 command_id=a4924c02bb51164b954a2a7d3fc2b79413db19e497d38e6d85fbfe8629da147c outcome=RETRYABLE cause=MQCLIENTEXCEPTION
2026-08-11T11:11:08.739+08:00 INFO  d.f.m.outbox.OutboxDispatcher request_id= idempotency_key= order_id= user_id= sku_id= payment_tx= - Outbox publication deferred outbox_id=07f864b3-4b7f-4b7f-a2e6-13e53ced1d8a command_id=ae71f95825b93f0f99b2948d4784d99d397f460eaaf7d7466592ea030a88ae84 outcome=RETRYABLE cause=MQCLIENTEXCEPTION
2026-08-11T11:11:08.741+08:00 INFO  d.f.m.outbox.OutboxDispatcher request_id= idempotency_key= order_id= user_id= sku_id= payment_tx= - Outbox publication deferred outbox_id=cb14e9da-dcaa-47ac-81e8-f9fbd8258b9d command_id=ccc759905c16b82127017701b23f530fca476d5c3e36a586595752f67adb78b9 outcome=RETRYABLE cause=MQCLIENTEXCEPTION
2026-08-11T11:11:08.855+08:00 INFO  d.f.m.outbox.OutboxDispatcher request_id= idempotency_key= order_id= user_id= sku_id= payment_tx= - Outbox publication deferred outbox_id=262992a0-00fe-4d78-b018-44c92d71f8c3 command_id=3ec1d0bad82c578a426e65446fa88fdf0949210871f1debdf040d7b6c5a03b6a outcome=RETRYABLE cause=MQCLIENTEXCEPTION
2026-08-11T11:11:08.858+08:00 INFO  d.f.m.outbox.OutboxDispatcher request_id= idempotency_key= order_id= user_id= sku_id= payment_tx= - Outbox publication deferred outbox_id=691ef9e8-54b6-4aa7-ac20-adc34d3f73a6 command_id=b87f292bf84a2d3f22cf15b4d3273c4f192b4a59ee37000ecdf9b148e4f32d23 outcome=RETRYABLE cause=MQCLIENTEXCEPTION
2026-08-11T11:11:08.860+08:00 INFO  d.f.m.outbox.OutboxDispatcher request_id= idempotency_key= order_id= user_id= sku_id= payment_tx= - Outbox publication deferred outbox_id=4d3f9497-918a-425e-9d8c-838114fa3890 command_id=30d4d6044b75c8e612738e650626be0c96d13a24de566ba9a6df12649cf2c425 outcome=RETRYABLE cause=MQCLIENTEXCEPTION
2026-08-11T11:11:08.976+08:00 INFO  d.f.m.outbox.OutboxDispatcher request_id= idempotency_key= order_id= user_id= sku_id= payment_tx= - Outbox publication deferred outbox_id=4230ab4d-8960-4c86-9e81-443b2c091c84 command_id=550dc4611f47621b50d38c532616f06261e277951f1399ff56ea9f59e2f60043 outcome=RETRYABLE cause=MQCLIENTEXCEPTION
2026-08-11T11:11:08.979+08:00 INFO  d.f.m.outbox.OutboxDispatcher request_id= idempotency_key= order_id= user_id= sku_id= payment_tx= - Outbox publication deferred outbox_id=28c274b1-08ef-4539-8f75-2bb88a99f7f8 command_id=61dd448d886b228e0363dae2383dc8ee75555732577ae64e9e9a5759f9e18a76 outcome=RETRYABLE cause=MQCLIENTEXCEPTION
2026-08-11T11:11:08.983+08:00 INFO  d.f.m.outbox.OutboxDispatcher request_id= idempotency_key= order_id= user_id= sku_id= payment_tx= - Outbox publication deferred outbox_id=60973d43-3693-4836-8b38-44318e0ae05c command_id=42d12ca27175ba15d2216e630a559aac29c53225909bac5c163f3064b0fd1b67 outcome=RETRYABLE cause=MQCLIENTEXCEPTION
2026-08-11T11:11:09.306+08:00 INFO  d.f.m.outbox.OutboxDispatcher request_id= idempotency_key= order_id= user_id= sku_id= payment_tx= - Outbox publication deferred outbox_id=6f46973c-c422-4f77-b556-3f37e39582a1 command_id=14d928ccb1a35ef5454cfa3ce6ca44cd3df0b06d505ab9f024599a9616050ceb outcome=RETRYABLE cause=MQCLIENTEXCEPTION
2026-08-11T11:11:09.639+08:00 INFO  d.f.m.outbox.OutboxDispatcher request_id= idempotency_key= order_id= user_id= sku_id= payment_tx= - Outbox publication deferred outbox_id=db7026bf-c17e-4a0c-9ebf-ec70ff405308 command_id=8d382433e211385c1eb68c800d48fe1da3a5a5b7cbed9d0f32f9b70d6468b21f outcome=RETRYABLE cause=MQCLIENTEXCEPTION
2026-08-11T11:11:09.643+08:00 INFO  d.f.m.outbox.OutboxDispatcher request_id= idempotency_key= order_id= user_id= sku_id= payment_tx= - Outbox publication deferred outbox_id=d79d8425-0ca0-4586-b40a-c0e5c7cf4a85 command_id=fb69fa5e6acf49a07968301437ae056c8fbfaf982d8761240dbf12cee6ba0fcc outcome=RETRYABLE cause=MQCLIENTEXCEPTION
2026-08-11T11:11:09.645+08:00 INFO  d.f.m.outbox.OutboxDispatcher request_id= idempotency_key= order_id= user_id= sku_id= payment_tx= - Outbox publication deferred outbox_id=ed12c6b4-1bee-4c92-9656-023c9927d309 command_id=a4924c02bb51164b954a2a7d3fc2b79413db19e497d38e6d85fbfe8629da147c outcome=RETRYABLE cause=MQCLIENTEXCEPTION
2026-08-11T11:11:09.757+08:00 INFO  d.f.m.outbox.OutboxDispatcher request_id= idempotency_key= order_id= user_id= sku_id= payment_tx= - Outbox publication deferred outbox_id=07f864b3-4b7f-4b7f-a2e6-13e53ced1d8a command_id=ae71f95825b93f0f99b2948d4784d99d397f460eaaf7d7466592ea030a88ae84 outcome=RETRYABLE cause=MQCLIENTEXCEPTION
2026-08-11T11:11:09.760+08:00 INFO  d.f.m.outbox.OutboxDispatcher request_id= idempotency_key= order_id= user_id= sku_id= payment_tx= - Outbox publication deferred outbox_id=cb14e9da-dcaa-47ac-81e8-f9fbd8258b9d command_id=ccc759905c16b82127017701b23f530fca476d5c3e36a586595752f67adb78b9 outcome=RETRYABLE cause=MQCLIENTEXCEPTION
2026-08-11T11:11:09.876+08:00 INFO  d.f.m.outbox.OutboxDispatcher request_id= idempotency_key= order_id= user_id= sku_id= payment_tx= - Outbox publication deferred outbox_id=262992a0-00fe-4d78-b018-44c92d71f8c3 command_id=3ec1d0bad82c578a426e65446fa88fdf0949210871f1debdf040d7b6c5a03b6a outcome=RETRYABLE cause=MQCLIENTEXCEPTION
2026-08-11T11:11:09.879+08:00 INFO  d.f.m.outbox.OutboxDispatcher request_id= idempotency_key= order_id= user_id= sku_id= payment_tx= - Outbox publication deferred outbox_id=691ef9e8-54b6-4aa7-ac20-adc34d3f73a6 command_id=b87f292bf84a2d3f22cf15b4d3273c4f192b4a59ee37000ecdf9b148e4f32d23 outcome=RETRYABLE cause=MQCLIENTEXCEPTION
2026-08-11T11:11:09.882+08:00 INFO  d.f.m.outbox.OutboxDispatcher request_id= idempotency_key= order_id= user_id= sku_id= payment_tx= - Outbox publication deferred outbox_id=4d3f9497-918a-425e-9d8c-838114fa3890 command_id=30d4d6044b75c8e612738e650626be0c96d13a24de566ba9a6df12649cf2c425 outcome=RETRYABLE cause=MQCLIENTEXCEPTION
2026-08-11T11:11:09.994+08:00 INFO  d.f.m.outbox.OutboxDispatcher request_id= idempotency_key= order_id= user_id= sku_id= payment_tx= - Outbox publication deferred outbox_id=4230ab4d-8960-4c86-9e81-443b2c091c84 command_id=550dc4611f47621b50d38c532616f06261e277951f1399ff56ea9f59e2f60043 outcome=RETRYABLE cause=MQCLIENTEXCEPTION
2026-08-11T11:11:09.997+08:00 INFO  d.f.m.outbox.OutboxDispatcher request_id= idempotency_key= order_id= user_id= sku_id= payment_tx= - Outbox publication deferred outbox_id=28c274b1-08ef-4539-8f75-2bb88a99f7f8 command_id=61dd448d886b228e0363dae2383dc8ee75555732577ae64e9e9a5759f9e18a76 outcome=RETRYABLE cause=MQCLIENTEXCEPTION
2026-08-11T11:11:09.999+08:00 INFO  d.f.m.outbox.OutboxDispatcher request_id= idempotency_key= order_id= user_id= sku_id= payment_tx= - Outbox publication deferred outbox_id=60973d43-3693-4836-8b38-44318e0ae05c command_id=42d12ca27175ba15d2216e630a559aac29c53225909bac5c163f3064b0fd1b67 outcome=RETRYABLE cause=MQCLIENTEXCEPTION
2026-08-11T11:11:10.333+08:00 INFO  d.f.m.outbox.OutboxDispatcher request_id= idempotency_key= order_id= user_id= sku_id= payment_tx= - Outbox publication deferred outbox_id=6f46973c-c422-4f77-b556-3f37e39582a1 command_id=14d928ccb1a35ef5454cfa3ce6ca44cd3df0b06d505ab9f024599a9616050ceb outcome=RETRYABLE cause=MQCLIENTEXCEPTION
2026-08-11T11:11:10.659+08:00 INFO  d.f.m.outbox.OutboxDispatcher request_id= idempotency_key= order_id= user_id= sku_id= payment_tx= - Outbox publication deferred outbox_id=db7026bf-c17e-4a0c-9ebf-ec70ff405308 command_id=8d382433e211385c1eb68c800d48fe1da3a5a5b7cbed9d0f32f9b70d6468b21f outcome=RETRYABLE cause=MQCLIENTEXCEPTION
2026-08-11T11:11:10.662+08:00 INFO  d.f.m.outbox.OutboxDispatcher request_id= idempotency_key= order_id= user_id= sku_id= payment_tx= - Outbox publication deferred outbox_id=d79d8425-0ca0-4586-b40a-c0e5c7cf4a85 command_id=fb69fa5e6acf49a07968301437ae056c8fbfaf982d8761240dbf12cee6ba0fcc outcome=RETRYABLE cause=MQCLIENTEXCEPTION
2026-08-11T11:11:10.664+08:00 INFO  d.f.m.outbox.OutboxDispatcher request_id= idempotency_key= order_id= user_id= sku_id= payment_tx= - Outbox publication deferred outbox_id=ed12c6b4-1bee-4c92-9656-023c9927d309 command_id=a4924c02bb51164b954a2a7d3fc2b79413db19e497d38e6d85fbfe8629da147c outcome=RETRYABLE cause=MQCLIENTEXCEPTION
2026-08-11T11:11:10.775+08:00 INFO  d.f.m.outbox.OutboxDispatcher request_id= idempotency_key= order_id= user_id= sku_id= payment_tx= - Outbox publication deferred outbox_id=07f864b3-4b7f-4b7f-a2e6-13e53ced1d8a command_id=ae71f95825b93f0f99b2948d4784d99d397f460eaaf7d7466592ea030a88ae84 outcome=RETRYABLE cause=MQCLIENTEXCEPTION
2026-08-11T11:11:10.778+08:00 INFO  d.f.m.outbox.OutboxDispatcher request_id= idempotency_key= order_id= user_id= sku_id= payment_tx= - Outbox publication deferred outbox_id=cb14e9da-dcaa-47ac-81e8-f9fbd8258b9d command_id=ccc759905c16b82127017701b23f530fca476d5c3e36a586595752f67adb78b9 outcome=RETRYABLE cause=MQCLIENTEXCEPTION
2026-08-11T11:11:10.889+08:00 INFO  d.f.m.outbox.OutboxDispatcher request_id= idempotency_key= order_id= user_id= sku_id= payment_tx= - Outbox publication deferred outbox_id=262992a0-00fe-4d78-b018-44c92d71f8c3 command_id=3ec1d0bad82c578a426e65446fa88fdf0949210871f1debdf040d7b6c5a03b6a outcome=RETRYABLE cause=MQCLIENTEXCEPTION
2026-08-11T11:11:10.892+08:00 INFO  d.f.m.outbox.OutboxDispatcher request_id= idempotency_key= order_id= user_id= sku_id= payment_tx= - Outbox publication deferred outbox_id=691ef9e8-54b6-4aa7-ac20-adc34d3f73a6 command_id=b87f292bf84a2d3f22cf15b4d3273c4f192b4a59ee37000ecdf9b148e4f32d23 outcome=RETRYABLE cause=MQCLIENTEXCEPTION
2026-08-11T11:11:10.894+08:00 INFO  d.f.m.outbox.OutboxDispatcher request_id= idempotency_key= order_id= user_id= sku_id= payment_tx= - Outbox publication deferred outbox_id=4d3f9497-918a-425e-9d8c-838114fa3890 command_id=30d4d6044b75c8e612738e650626be0c96d13a24de566ba9a6df12649cf2c425 outcome=RETRYABLE cause=MQCLIENTEXCEPTION
2026-08-11T11:11:11.004+08:00 INFO  d.f.m.outbox.OutboxDispatcher request_id= idempotency_key= order_id= user_id= sku_id= payment_tx= - Outbox publication deferred outbox_id=4230ab4d-8960-4c86-9e81-443b2c091c84 command_id=550dc4611f47621b50d38c532616f06261e277951f1399ff56ea9f59e2f60043 outcome=RETRYABLE cause=MQCLIENTEXCEPTION
2026-08-11T11:11:11.008+08:00 INFO  d.f.m.outbox.OutboxDispatcher request_id= idempotency_key= order_id= user_id= sku_id= payment_tx= - Outbox publication deferred outbox_id=28c274b1-08ef-4539-8f75-2bb88a99f7f8 command_id=61dd448d886b228e0363dae2383dc8ee75555732577ae64e9e9a5759f9e18a76 outcome=RETRYABLE cause=MQCLIENTEXCEPTION
2026-08-11T11:11:11.124+08:00 INFO  d.f.m.outbox.OutboxDispatcher request_id= idempotency_key= order_id= user_id= sku_id= payment_tx= - Outbox publication deferred outbox_id=60973d43-3693-4836-8b38-44318e0ae05c command_id=42d12ca27175ba15d2216e630a559aac29c53225909bac5c163f3064b0fd1b67 outcome=RETRYABLE cause=MQCLIENTEXCEPTION
2026-08-11T11:11:11.359+08:00 INFO  d.f.m.outbox.OutboxDispatcher request_id= idempotency_key= order_id= user_id= sku_id= payment_tx= - Outbox publication deferred outbox_id=6f46973c-c422-4f77-b556-3f37e39582a1 command_id=14d928ccb1a35ef5454cfa3ce6ca44cd3df0b06d505ab9f024599a9616050ceb outcome=RETRYABLE cause=MQCLIENTEXCEPTION
2026-08-11T11:11:11.731+08:00 INFO  d.f.m.outbox.OutboxDispatcher request_id= idempotency_key= order_id= user_id= sku_id= payment_tx= - Outbox publication outbox_id=db7026bf-c17e-4a0c-9ebf-ec70ff405308 command_id=8d382433e211385c1eb68c800d48fe1da3a5a5b7cbed9d0f32f9b70d6468b21f outcome=ACKNOWLEDGED
2026-08-11T11:11:11.736+08:00 INFO  d.f.m.outbox.OutboxDispatcher request_id= idempotency_key= order_id= user_id= sku_id= payment_tx= - Outbox publication outbox_id=d79d8425-0ca0-4586-b40a-c0e5c7cf4a85 command_id=fb69fa5e6acf49a07968301437ae056c8fbfaf982d8761240dbf12cee6ba0fcc outcome=ACKNOWLEDGED
2026-08-11T11:11:11.740+08:00 INFO  d.f.m.outbox.OutboxDispatcher request_id= idempotency_key= order_id= user_id= sku_id= payment_tx= - Outbox publication outbox_id=ed12c6b4-1bee-4c92-9656-023c9927d309 command_id=a4924c02bb51164b954a2a7d3fc2b79413db19e497d38e6d85fbfe8629da147c outcome=ACKNOWLEDGED
2026-08-11T11:11:11.855+08:00 INFO  d.f.m.outbox.OutboxDispatcher request_id= idempotency_key= order_id= user_id= sku_id= payment_tx= - Outbox publication outbox_id=07f864b3-4b7f-4b7f-a2e6-13e53ced1d8a command_id=ae71f95825b93f0f99b2948d4784d99d397f460eaaf7d7466592ea030a88ae84 outcome=ACKNOWLEDGED
2026-08-11T11:11:11.858+08:00 INFO  d.f.m.outbox.OutboxDispatcher request_id= idempotency_key= order_id= user_id= sku_id= payment_tx= - Outbox publication outbox_id=cb14e9da-dcaa-47ac-81e8-f9fbd8258b9d command_id=ccc759905c16b82127017701b23f530fca476d5c3e36a586595752f67adb78b9 outcome=ACKNOWLEDGED
2026-08-11T11:11:11.977+08:00 INFO  d.f.m.outbox.OutboxDispatcher request_id= idempotency_key= order_id= user_id= sku_id= payment_tx= - Outbox publication outbox_id=262992a0-00fe-4d78-b018-44c92d71f8c3 command_id=3ec1d0bad82c578a426e65446fa88fdf0949210871f1debdf040d7b6c5a03b6a outcome=ACKNOWLEDGED
2026-08-11T11:11:11.982+08:00 INFO  d.f.m.outbox.OutboxDispatcher request_id= idempotency_key= order_id= user_id= sku_id= payment_tx= - Outbox publication outbox_id=691ef9e8-54b6-4aa7-ac20-adc34d3f73a6 command_id=b87f292bf84a2d3f22cf15b4d3273c4f192b4a59ee37000ecdf9b148e4f32d23 outcome=ACKNOWLEDGED
2026-08-11T11:11:11.987+08:00 INFO  d.f.m.outbox.OutboxDispatcher request_id= idempotency_key= order_id= user_id= sku_id= payment_tx= - Outbox publication outbox_id=4d3f9497-918a-425e-9d8c-838114fa3890 command_id=30d4d6044b75c8e612738e650626be0c96d13a24de566ba9a6df12649cf2c425 outcome=ACKNOWLEDGED
2026-08-11T11:11:12.101+08:00 INFO  d.f.m.outbox.OutboxDispatcher request_id= idempotency_key= order_id= user_id= sku_id= payment_tx= - Outbox publication outbox_id=4230ab4d-8960-4c86-9e81-443b2c091c84 command_id=550dc4611f47621b50d38c532616f06261e277951f1399ff56ea9f59e2f60043 outcome=ACKNOWLEDGED
2026-08-11T11:11:12.106+08:00 INFO  d.f.m.outbox.OutboxDispatcher request_id= idempotency_key= order_id= user_id= sku_id= payment_tx= - Outbox publication outbox_id=28c274b1-08ef-4539-8f75-2bb88a99f7f8 command_id=61dd448d886b228e0363dae2383dc8ee75555732577ae64e9e9a5759f9e18a76 outcome=ACKNOWLEDGED
2026-08-11T11:11:12.219+08:00 INFO  d.f.m.outbox.OutboxDispatcher request_id= idempotency_key= order_id= user_id= sku_id= payment_tx= - Outbox publication outbox_id=60973d43-3693-4836-8b38-44318e0ae05c command_id=42d12ca27175ba15d2216e630a559aac29c53225909bac5c163f3064b0fd1b67 outcome=ACKNOWLEDGED
2026-08-11T11:11:12.458+08:00 INFO  d.f.m.outbox.OutboxDispatcher request_id= idempotency_key= order_id= user_id= sku_id= payment_tx= - Outbox publication outbox_id=6f46973c-c422-4f77-b556-3f37e39582a1 command_id=14d928ccb1a35ef5454cfa3ce6ca44cd3df0b06d505ab9f024599a9616050ceb outcome=ACKNOWLEDGED
2026-08-11T11:11:12.526+08:00 INFO  o.s.b.w.e.tomcat.GracefulShutdown request_id= idempotency_key= order_id= user_id= sku_id= payment_tx= - Commencing graceful shutdown. Waiting for active requests to complete
2026-08-11T11:11:14.534+08:00 INFO  o.s.b.w.e.tomcat.GracefulShutdown request_id= idempotency_key= order_id= user_id= sku_id= payment_tx= - Graceful shutdown complete
2026-08-11T11:11:14.534+08:00 ERROR org.apache.tomcat.util.net.Acceptor request_id= idempotency_key= order_id= user_id= sku_id= payment_tx= - Socket accept failed
java.nio.channels.AsynchronousCloseException: null
	at java.base/java.nio.channels.spi.AbstractInterruptibleChannel.end(AbstractInterruptibleChannel.java:218)
	at java.base/sun.nio.ch.ServerSocketChannelImpl.end(ServerSocketChannelImpl.java:372)
	at java.base/sun.nio.ch.ServerSocketChannelImpl.accept(ServerSocketChannelImpl.java:397)
	at org.apache.tomcat.util.net.NioEndpoint.serverSocketAccept(NioEndpoint.java:537)
	at org.apache.tomcat.util.net.NioEndpoint.serverSocketAccept(NioEndpoint.java:72)
	at org.apache.tomcat.util.net.Acceptor.run(Acceptor.java:127)
	at java.base/java.lang.Thread.run(Thread.java:1516)
2026-08-11T11:11:15.248+08:00 INFO  com.zaxxer.hikari.HikariDataSource request_id= idempotency_key= order_id= user_id= sku_id= payment_tx= - HikariPool-1 - Shutdown initiated...
2026-08-11T11:11:15.252+08:00 INFO  com.zaxxer.hikari.HikariDataSource request_id= idempotency_key= order_id= user_id= sku_id= payment_tx= - HikariPool-1 - Shutdown completed.
[INFO] Tests run: 1, Failures: 0, Errors: 0, Skipped: 0, Time elapsed: 37.86 s -- in dev.flashflow.V4OutboxBacklogDrainIntegrationTest
[INFO] Running dev.flashflow.V4OutboxProducerAckLossIntegrationTest
2026-08-11T11:11:15.277+08:00 INFO  o.s.t.c.s.AnnotationConfigContextLoaderUtils request_id= idempotency_key= order_id= user_id= sku_id= payment_tx= - Could not detect default configuration classes for test class [dev.flashflow.V4OutboxProducerAckLossIntegrationTest]: V4OutboxProducerAckLossIntegrationTest does not declare any static, non-private, non-final, nested classes annotated with @Configuration.
2026-08-11T11:11:15.278+08:00 INFO  o.s.b.t.c.SpringBootTestContextBootstrapper request_id= idempotency_key= order_id= user_id= sku_id= payment_tx= - Found @SpringBootConfiguration dev.flashflow.FlashFlowApplication for test class dev.flashflow.V4OutboxProducerAckLossIntegrationTest

  .   ____          _            __ _ _
 /\\ / ___'_ __ _ _(_)_ __  __ _ \ \ \ \
( ( )\___ | '_ | '_| | '_ \/ _` | \ \ \ \
 \\/  ___)| |_)| | | | | || (_| |  ) ) ) )
  '  |____| .__|_| |_|_| |_\__, | / / / /
 =========|_|==============|___/=/_/_/_/

 :: Spring Boot ::                (v3.5.5)

2026-08-11T11:11:15.312+08:00 INFO  d.f.V4OutboxProducerAckLossIntegrationTest request_id= idempotency_key= order_id= user_id= sku_id= payment_tx= - Starting V4OutboxProducerAckLossIntegrationTest using Java 26.0.2 with PID 82601 (started by yuzheng in /Users/yuzheng/Computeracy/Zhenkun26-GitHub/FlashFlow)
2026-08-11T11:11:15.313+08:00 INFO  d.f.V4OutboxProducerAckLossIntegrationTest request_id= idempotency_key= order_id= user_id= sku_id= payment_tx= - The following 1 profile is active: "test"
2026-08-11T11:11:15.449+08:00 INFO  o.s.d.r.c.RepositoryConfigurationDelegate request_id= idempotency_key= order_id= user_id= sku_id= payment_tx= - Multiple Spring Data modules found, entering strict repository configuration mode
2026-08-11T11:11:15.449+08:00 INFO  o.s.d.r.c.RepositoryConfigurationDelegate request_id= idempotency_key= order_id= user_id= sku_id= payment_tx= - Bootstrapping Spring Data Redis repositories in DEFAULT mode.
2026-08-11T11:11:15.456+08:00 INFO  o.s.d.r.c.RepositoryConfigurationDelegate request_id= idempotency_key= order_id= user_id= sku_id= payment_tx= - Finished Spring Data repository scanning in 5 ms. Found 0 Redis repository interfaces.
2026-08-11T11:11:15.482+08:00 INFO  o.s.b.w.e.tomcat.TomcatWebServer request_id= idempotency_key= order_id= user_id= sku_id= payment_tx= - Tomcat initialized with port 0 (http)
2026-08-11T11:11:15.482+08:00 INFO  o.a.catalina.core.StandardService request_id= idempotency_key= order_id= user_id= sku_id= payment_tx= - Starting service [Tomcat]
2026-08-11T11:11:15.482+08:00 INFO  o.a.catalina.core.StandardEngine request_id= idempotency_key= order_id= user_id= sku_id= payment_tx= - Starting Servlet engine: [Apache Tomcat/10.1.44]
2026-08-11T11:11:15.489+08:00 INFO  o.a.c.c.C.[Tomcat].[localhost].[/] request_id= idempotency_key= order_id= user_id= sku_id= payment_tx= - Initializing Spring embedded WebApplicationContext
2026-08-11T11:11:15.489+08:00 INFO  o.s.b.w.s.c.ServletWebServerApplicationContext request_id= idempotency_key= order_id= user_id= sku_id= payment_tx= - Root WebApplicationContext: initialization completed in 174 ms
Standard Commons Logging discovery in action with spring-jcl: please remove commons-logging.jar from classpath in order to avoid potential conflicts
2026-08-11T11:11:15.523+08:00 INFO  com.zaxxer.hikari.HikariDataSource request_id= idempotency_key= order_id= user_id= sku_id= payment_tx= - HikariPool-2 - Starting...
2026-08-11T11:11:15.536+08:00 INFO  com.zaxxer.hikari.pool.HikariPool request_id= idempotency_key= order_id= user_id= sku_id= payment_tx= - HikariPool-2 - Added connection com.mysql.cj.jdbc.ConnectionImpl@4fba033c
2026-08-11T11:11:15.536+08:00 INFO  com.zaxxer.hikari.HikariDataSource request_id= idempotency_key= order_id= user_id= sku_id= payment_tx= - HikariPool-2 - Start completed.
2026-08-11T11:11:15.540+08:00 INFO  org.flywaydb.core.FlywayExecutor request_id= idempotency_key= order_id= user_id= sku_id= payment_tx= - Database: jdbc:mysql://localhost:53479/flashflow (MySQL 8.4)
2026-08-11T11:11:15.545+08:00 WARN  o.f.c.i.database.base.Database request_id= idempotency_key= order_id= user_id= sku_id= payment_tx= - Flyway upgrade recommended: MySQL 8.4 is newer than this version of Flyway and support has not been tested. The latest supported version of MySQL is 8.1.
2026-08-11T11:11:15.553+08:00 INFO  o.f.core.internal.command.DbValidate request_id= idempotency_key= order_id= user_id= sku_id= payment_tx= - Successfully validated 4 migrations (execution time 00:00.006s)
2026-08-11T11:11:15.558+08:00 INFO  o.f.core.internal.command.DbMigrate request_id= idempotency_key= order_id= user_id= sku_id= payment_tx= - Current version of schema `flashflow`: 4
2026-08-11T11:11:15.558+08:00 INFO  o.f.core.internal.command.DbMigrate request_id= idempotency_key= order_id= user_id= sku_id= payment_tx= - Schema `flashflow` is up to date. No migration necessary.
2026-08-11T11:11:15.722+08:00 INFO  o.s.b.a.e.web.EndpointLinksResolver request_id= idempotency_key= order_id= user_id= sku_id= payment_tx= - Exposing 2 endpoints beneath base path '/actuator'
2026-08-11T11:11:15.728+08:00 INFO  o.s.b.w.e.tomcat.TomcatWebServer request_id= idempotency_key= order_id= user_id= sku_id= payment_tx= - Tomcat started on port 55968 (http) with context path '/'
2026-08-11T11:11:15.732+08:00 INFO  d.f.V4OutboxProducerAckLossIntegrationTest request_id= idempotency_key= order_id= user_id= sku_id= payment_tx= - Started V4OutboxProducerAckLossIntegrationTest in 0.451 seconds (process running for 38.548)
2026-08-11T11:11:17.785+08:00 INFO  o.a.c.c.C.[Tomcat].[localhost].[/] request_id= idempotency_key= order_id= user_id= sku_id= payment_tx= - Initializing Spring DispatcherServlet 'dispatcherServlet'
2026-08-11T11:11:17.785+08:00 INFO  o.s.web.servlet.DispatcherServlet request_id= idempotency_key= order_id= user_id= sku_id= payment_tx= - Initializing Servlet 'dispatcherServlet'
2026-08-11T11:11:17.786+08:00 INFO  o.s.web.servlet.DispatcherServlet request_id= idempotency_key= order_id= user_id= sku_id= payment_tx= - Completed initialization in 1 ms
2026-08-11T11:11:17.814+08:00 INFO  d.f.m.o.OutboxAsyncOrderApplicationService request_id=9fa63de9-06fd-4640-bc21-b19afa89b535 idempotency_key=key-v4-ack-loss-3ed6d988 order_id= user_id=user-v4-ack-loss-3ed6d988 sku_id=sku-v4-ack-loss-3ed6d988 payment_tx= - Durable Outbox acceptance command_id=c3277c59942261b6fe4997dd73eae24c55dfb81b95f797059961fdbdadc2113c status=ACCEPTED
2026-08-11T11:11:17.860+08:00 WARN  d.f.m.outbox.OutboxDispatcher request_id= idempotency_key= order_id= user_id= sku_id= payment_tx= - Outbox dispatch poll failed cause=INJECTEDMESSAGINGFAULT
2026-08-11T11:11:21.894+08:00 INFO  d.f.m.outbox.OutboxDispatcher request_id= idempotency_key= order_id= user_id= sku_id= payment_tx= - Outbox publication outbox_id=cfd83afc-5403-4d11-b717-03c0f92d631d command_id=c3277c59942261b6fe4997dd73eae24c55dfb81b95f797059961fdbdadc2113c outcome=ACKNOWLEDGED
2026-08-11T11:11:21.937+08:00 INFO  o.s.b.w.e.tomcat.GracefulShutdown request_id= idempotency_key= order_id= user_id= sku_id= payment_tx= - Commencing graceful shutdown. Waiting for active requests to complete
2026-08-11T11:11:23.943+08:00 INFO  o.s.b.w.e.tomcat.GracefulShutdown request_id= idempotency_key= order_id= user_id= sku_id= payment_tx= - Graceful shutdown complete
2026-08-11T11:11:23.943+08:00 ERROR org.apache.tomcat.util.net.Acceptor request_id= idempotency_key= order_id= user_id= sku_id= payment_tx= - Socket accept failed
java.nio.channels.AsynchronousCloseException: null
	at java.base/java.nio.channels.spi.AbstractInterruptibleChannel.end(AbstractInterruptibleChannel.java:218) ~[na:na]
	at java.base/sun.nio.ch.ServerSocketChannelImpl.end(ServerSocketChannelImpl.java:372) ~[na:na]
	at java.base/sun.nio.ch.ServerSocketChannelImpl.accept(ServerSocketChannelImpl.java:397) ~[na:na]
	at org.apache.tomcat.util.net.NioEndpoint.serverSocketAccept(NioEndpoint.java:537) ~[tomcat-embed-core-10.1.44.jar:10.1.44]
	at org.apache.tomcat.util.net.NioEndpoint.serverSocketAccept(NioEndpoint.java:72) ~[tomcat-embed-core-10.1.44.jar:10.1.44]
	at org.apache.tomcat.util.net.Acceptor.run(Acceptor.java:127) ~[tomcat-embed-core-10.1.44.jar:10.1.44]
	at java.base/java.lang.Thread.run(Thread.java:1516) ~[na:na]
2026-08-11T11:11:23.986+08:00 INFO  com.zaxxer.hikari.HikariDataSource request_id= idempotency_key= order_id= user_id= sku_id= payment_tx= - HikariPool-2 - Shutdown initiated...
2026-08-11T11:11:23.988+08:00 INFO  com.zaxxer.hikari.HikariDataSource request_id= idempotency_key= order_id= user_id= sku_id= payment_tx= - HikariPool-2 - Shutdown completed.
[INFO] Tests run: 1, Failures: 0, Errors: 0, Skipped: 0, Time elapsed: 8.717 s -- in dev.flashflow.V4OutboxProducerAckLossIntegrationTest
[INFO] Running dev.flashflow.V4OutboxRocketMqEndToEndIntegrationTest
2026-08-11T11:11:23.994+08:00 INFO  o.s.t.c.s.AnnotationConfigContextLoaderUtils request_id= idempotency_key= order_id= user_id= sku_id= payment_tx= - Could not detect default configuration classes for test class [dev.flashflow.V4OutboxRocketMqEndToEndIntegrationTest]: V4OutboxRocketMqEndToEndIntegrationTest does not declare any static, non-private, non-final, nested classes annotated with @Configuration.
2026-08-11T11:11:23.996+08:00 INFO  o.s.b.t.c.SpringBootTestContextBootstrapper request_id= idempotency_key= order_id= user_id= sku_id= payment_tx= - Found @SpringBootConfiguration dev.flashflow.FlashFlowApplication for test class dev.flashflow.V4OutboxRocketMqEndToEndIntegrationTest

  .   ____          _            __ _ _
 /\\ / ___'_ __ _ _(_)_ __  __ _ \ \ \ \
( ( )\___ | '_ | '_| | '_ \/ _` | \ \ \ \
 \\/  ___)| |_)| | | | | || (_| |  ) ) ) )
  '  |____| .__|_| |_|_| |_\__, | / / / /
 =========|_|==============|___/=/_/_/_/

 :: Spring Boot ::                (v3.5.5)

2026-08-11T11:11:24.012+08:00 INFO  d.f.V4OutboxRocketMqEndToEndIntegrationTest request_id= idempotency_key= order_id= user_id= sku_id= payment_tx= - Starting V4OutboxRocketMqEndToEndIntegrationTest using Java 26.0.2 with PID 82601 (started by yuzheng in /Users/yuzheng/Computeracy/Zhenkun26-GitHub/FlashFlow)
2026-08-11T11:11:24.012+08:00 INFO  d.f.V4OutboxRocketMqEndToEndIntegrationTest request_id= idempotency_key= order_id= user_id= sku_id= payment_tx= - The following 1 profile is active: "test"
2026-08-11T11:11:24.103+08:00 INFO  o.s.d.r.c.RepositoryConfigurationDelegate request_id= idempotency_key= order_id= user_id= sku_id= payment_tx= - Multiple Spring Data modules found, entering strict repository configuration mode
2026-08-11T11:11:24.103+08:00 INFO  o.s.d.r.c.RepositoryConfigurationDelegate request_id= idempotency_key= order_id= user_id= sku_id= payment_tx= - Bootstrapping Spring Data Redis repositories in DEFAULT mode.
2026-08-11T11:11:24.108+08:00 INFO  o.s.d.r.c.RepositoryConfigurationDelegate request_id= idempotency_key= order_id= user_id= sku_id= payment_tx= - Finished Spring Data repository scanning in 4 ms. Found 0 Redis repository interfaces.
2026-08-11T11:11:24.128+08:00 INFO  o.s.b.w.e.tomcat.TomcatWebServer request_id= idempotency_key= order_id= user_id= sku_id= payment_tx= - Tomcat initialized with port 0 (http)
2026-08-11T11:11:24.128+08:00 INFO  o.a.catalina.core.StandardService request_id= idempotency_key= order_id= user_id= sku_id= payment_tx= - Starting service [Tomcat]
2026-08-11T11:11:24.128+08:00 INFO  o.a.catalina.core.StandardEngine request_id= idempotency_key= order_id= user_id= sku_id= payment_tx= - Starting Servlet engine: [Apache Tomcat/10.1.44]
2026-08-11T11:11:24.134+08:00 INFO  o.a.c.c.C.[Tomcat].[localhost].[/] request_id= idempotency_key= order_id= user_id= sku_id= payment_tx= - Initializing Spring embedded WebApplicationContext
2026-08-11T11:11:24.134+08:00 INFO  o.s.b.w.s.c.ServletWebServerApplicationContext request_id= idempotency_key= order_id= user_id= sku_id= payment_tx= - Root WebApplicationContext: initialization completed in 122 ms
Standard Commons Logging discovery in action with spring-jcl: please remove commons-logging.jar from classpath in order to avoid potential conflicts
2026-08-11T11:11:24.163+08:00 INFO  com.zaxxer.hikari.HikariDataSource request_id= idempotency_key= order_id= user_id= sku_id= payment_tx= - HikariPool-3 - Starting...
2026-08-11T11:11:24.169+08:00 INFO  com.zaxxer.hikari.pool.HikariPool request_id= idempotency_key= order_id= user_id= sku_id= payment_tx= - HikariPool-3 - Added connection com.mysql.cj.jdbc.ConnectionImpl@7176188d
2026-08-11T11:11:24.170+08:00 INFO  com.zaxxer.hikari.HikariDataSource request_id= idempotency_key= order_id= user_id= sku_id= payment_tx= - HikariPool-3 - Start completed.
2026-08-11T11:11:24.172+08:00 INFO  org.flywaydb.core.FlywayExecutor request_id= idempotency_key= order_id= user_id= sku_id= payment_tx= - Database: jdbc:mysql://localhost:53479/flashflow (MySQL 8.4)
2026-08-11T11:11:24.179+08:00 WARN  o.f.c.i.database.base.Database request_id= idempotency_key= order_id= user_id= sku_id= payment_tx= - Flyway upgrade recommended: MySQL 8.4 is newer than this version of Flyway and support has not been tested. The latest supported version of MySQL is 8.1.
2026-08-11T11:11:24.210+08:00 INFO  o.f.core.internal.command.DbValidate request_id= idempotency_key= order_id= user_id= sku_id= payment_tx= - Successfully validated 4 migrations (execution time 00:00.018s)
2026-08-11T11:11:24.223+08:00 INFO  o.f.core.internal.command.DbMigrate request_id= idempotency_key= order_id= user_id= sku_id= payment_tx= - Current version of schema `flashflow`: 4
2026-08-11T11:11:24.223+08:00 INFO  o.f.core.internal.command.DbMigrate request_id= idempotency_key= order_id= user_id= sku_id= payment_tx= - Schema `flashflow` is up to date. No migration necessary.
2026-08-11T11:11:24.347+08:00 INFO  o.s.b.a.e.web.EndpointLinksResolver request_id= idempotency_key= order_id= user_id= sku_id= payment_tx= - Exposing 2 endpoints beneath base path '/actuator'
2026-08-11T11:11:24.352+08:00 INFO  o.s.b.w.e.tomcat.TomcatWebServer request_id= idempotency_key= order_id= user_id= sku_id= payment_tx= - Tomcat started on port 56023 (http) with context path '/'
2026-08-11T11:11:24.354+08:00 INFO  d.f.V4OutboxRocketMqEndToEndIntegrationTest request_id= idempotency_key= order_id= user_id= sku_id= payment_tx= - Started V4OutboxRocketMqEndToEndIntegrationTest in 0.355 seconds (process running for 47.17)
2026-08-11T11:11:26.417+08:00 INFO  o.a.c.c.C.[Tomcat].[localhost].[/] request_id= idempotency_key= order_id= user_id= sku_id= payment_tx= - Initializing Spring DispatcherServlet 'dispatcherServlet'
2026-08-11T11:11:26.417+08:00 INFO  o.s.web.servlet.DispatcherServlet request_id= idempotency_key= order_id= user_id= sku_id= payment_tx= - Initializing Servlet 'dispatcherServlet'
2026-08-11T11:11:26.417+08:00 INFO  o.s.web.servlet.DispatcherServlet request_id= idempotency_key= order_id= user_id= sku_id= payment_tx= - Completed initialization in 0 ms
2026-08-11T11:11:26.445+08:00 INFO  d.f.m.o.OutboxAsyncOrderApplicationService request_id=c57f0a5c-82fd-4fbf-baa7-6921c409a091 idempotency_key=key-v4-66595fc8 order_id= user_id=user-v4-66595fc8 sku_id=sku-v4-66595fc8 payment_tx= - Durable Outbox acceptance command_id=c71b1833d5869830efadfeb7516b41ab22b103845565bc888ab043bcfb381f62 status=ACCEPTED
2026-08-11T11:11:26.525+08:00 INFO  d.f.m.outbox.OutboxDispatcher request_id= idempotency_key= order_id= user_id= sku_id= payment_tx= - Outbox publication outbox_id=7e9f953c-3f57-407a-ae70-da728d304352 command_id=c71b1833d5869830efadfeb7516b41ab22b103845565bc888ab043bcfb381f62 outcome=ACKNOWLEDGED
2026-08-11T11:11:39.382+08:00 INFO  d.f.m.o.OutboxAsyncOrderApplicationService request_id=77d50b36-3e1f-4311-8e93-92898195c61f idempotency_key=key-v4-outage-66595fc8 order_id= user_id=user-v4-outage-66595fc8 sku_id=sku-v4-outage-66595fc8 payment_tx= - Durable Outbox acceptance command_id=70f2d32af9a4cd189c3a92273a20878b42f8fe7dee053f823ead52bb4d772f7d status=ACCEPTED
2026-08-11T11:11:39.409+08:00 INFO  d.f.m.outbox.OutboxDispatcher request_id= idempotency_key= order_id= user_id= sku_id= payment_tx= - Outbox publication deferred outbox_id=bbcbde04-7c11-4cfb-9fc4-b96066aa0be8 command_id=70f2d32af9a4cd189c3a92273a20878b42f8fe7dee053f823ead52bb4d772f7d outcome=RETRYABLE cause=MQCLIENTEXCEPTION
2026-08-11T11:11:39.527+08:00 INFO  d.f.m.outbox.OutboxDispatcher request_id= idempotency_key= order_id= user_id= sku_id= payment_tx= - Outbox publication deferred outbox_id=bbcbde04-7c11-4cfb-9fc4-b96066aa0be8 command_id=70f2d32af9a4cd189c3a92273a20878b42f8fe7dee053f823ead52bb4d772f7d outcome=RETRYABLE cause=MQCLIENTEXCEPTION
2026-08-11T11:11:39.746+08:00 INFO  d.f.m.outbox.OutboxDispatcher request_id= idempotency_key= order_id= user_id= sku_id= payment_tx= - Outbox publication deferred outbox_id=bbcbde04-7c11-4cfb-9fc4-b96066aa0be8 command_id=70f2d32af9a4cd189c3a92273a20878b42f8fe7dee053f823ead52bb4d772f7d outcome=RETRYABLE cause=MQCLIENTEXCEPTION
2026-08-11T11:11:40.188+08:00 INFO  d.f.m.outbox.OutboxDispatcher request_id= idempotency_key= order_id= user_id= sku_id= payment_tx= - Outbox publication deferred outbox_id=bbcbde04-7c11-4cfb-9fc4-b96066aa0be8 command_id=70f2d32af9a4cd189c3a92273a20878b42f8fe7dee053f823ead52bb4d772f7d outcome=RETRYABLE cause=MQCLIENTEXCEPTION
2026-08-11T11:11:41.055+08:00 INFO  d.f.m.outbox.OutboxDispatcher request_id= idempotency_key= order_id= user_id= sku_id= payment_tx= - Outbox publication deferred outbox_id=bbcbde04-7c11-4cfb-9fc4-b96066aa0be8 command_id=70f2d32af9a4cd189c3a92273a20878b42f8fe7dee053f823ead52bb4d772f7d outcome=RETRYABLE cause=MQCLIENTEXCEPTION
2026-08-11T11:11:42.131+08:00 INFO  d.f.m.outbox.OutboxDispatcher request_id= idempotency_key= order_id= user_id= sku_id= payment_tx= - Outbox publication outbox_id=bbcbde04-7c11-4cfb-9fc4-b96066aa0be8 command_id=70f2d32af9a4cd189c3a92273a20878b42f8fe7dee053f823ead52bb4d772f7d outcome=ACKNOWLEDGED
2026-08-11T11:12:13.567+08:00 INFO  o.s.b.w.e.tomcat.GracefulShutdown request_id= idempotency_key= order_id= user_id= sku_id= payment_tx= - Commencing graceful shutdown. Waiting for active requests to complete
2026-08-11T11:12:15.574+08:00 INFO  o.s.b.w.e.tomcat.GracefulShutdown request_id= idempotency_key= order_id= user_id= sku_id= payment_tx= - Graceful shutdown complete
2026-08-11T11:12:15.575+08:00 ERROR org.apache.tomcat.util.net.Acceptor request_id= idempotency_key= order_id= user_id= sku_id= payment_tx= - Socket accept failed
java.nio.channels.AsynchronousCloseException: null
	at java.base/java.nio.channels.spi.AbstractInterruptibleChannel.end(AbstractInterruptibleChannel.java:218) ~[na:na]
	at java.base/sun.nio.ch.ServerSocketChannelImpl.end(ServerSocketChannelImpl.java:372) ~[na:na]
	at java.base/sun.nio.ch.ServerSocketChannelImpl.accept(ServerSocketChannelImpl.java:397) ~[na:na]
	at org.apache.tomcat.util.net.NioEndpoint.serverSocketAccept(NioEndpoint.java:537) ~[tomcat-embed-core-10.1.44.jar:10.1.44]
	at org.apache.tomcat.util.net.NioEndpoint.serverSocketAccept(NioEndpoint.java:72) ~[tomcat-embed-core-10.1.44.jar:10.1.44]
	at org.apache.tomcat.util.net.Acceptor.run(Acceptor.java:127) ~[tomcat-embed-core-10.1.44.jar:10.1.44]
	at java.base/java.lang.Thread.run(Thread.java:1516) ~[na:na]
2026-08-11T11:12:15.645+08:00 INFO  com.zaxxer.hikari.HikariDataSource request_id= idempotency_key= order_id= user_id= sku_id= payment_tx= - HikariPool-3 - Shutdown initiated...
2026-08-11T11:12:15.647+08:00 INFO  com.zaxxer.hikari.HikariDataSource request_id= idempotency_key= order_id= user_id= sku_id= payment_tx= - HikariPool-3 - Shutdown completed.
[INFO] Tests run: 2, Failures: 0, Errors: 0, Skipped: 0, Time elapsed: 51.66 s -- in dev.flashflow.V4OutboxRocketMqEndToEndIntegrationTest
[INFO] Running dev.flashflow.V4OutboxConcurrentRedeliveryIntegrationTest
2026-08-11T11:12:15.655+08:00 INFO  o.s.t.c.s.AnnotationConfigContextLoaderUtils request_id= idempotency_key= order_id= user_id= sku_id= payment_tx= - Could not detect default configuration classes for test class [dev.flashflow.V4OutboxConcurrentRedeliveryIntegrationTest]: V4OutboxConcurrentRedeliveryIntegrationTest does not declare any static, non-private, non-final, nested classes annotated with @Configuration.
2026-08-11T11:12:15.657+08:00 INFO  o.s.b.t.c.SpringBootTestContextBootstrapper request_id= idempotency_key= order_id= user_id= sku_id= payment_tx= - Found @SpringBootConfiguration dev.flashflow.FlashFlowApplication for test class dev.flashflow.V4OutboxConcurrentRedeliveryIntegrationTest

  .   ____          _            __ _ _
 /\\ / ___'_ __ _ _(_)_ __  __ _ \ \ \ \
( ( )\___ | '_ | '_| | '_ \/ _` | \ \ \ \
 \\/  ___)| |_)| | | | | || (_| |  ) ) ) )
  '  |____| .__|_| |_|_| |_\__, | / / / /
 =========|_|==============|___/=/_/_/_/

 :: Spring Boot ::                (v3.5.5)

2026-08-11T11:12:15.681+08:00 INFO  d.f.V4OutboxConcurrentRedeliveryIntegrationTest request_id= idempotency_key= order_id= user_id= sku_id= payment_tx= - Starting V4OutboxConcurrentRedeliveryIntegrationTest using Java 26.0.2 with PID 82601 (started by yuzheng in /Users/yuzheng/Computeracy/Zhenkun26-GitHub/FlashFlow)
2026-08-11T11:12:15.681+08:00 INFO  d.f.V4OutboxConcurrentRedeliveryIntegrationTest request_id= idempotency_key= order_id= user_id= sku_id= payment_tx= - The following 1 profile is active: "test"
2026-08-11T11:12:15.778+08:00 INFO  o.s.d.r.c.RepositoryConfigurationDelegate request_id= idempotency_key= order_id= user_id= sku_id= payment_tx= - Multiple Spring Data modules found, entering strict repository configuration mode
2026-08-11T11:12:15.778+08:00 INFO  o.s.d.r.c.RepositoryConfigurationDelegate request_id= idempotency_key= order_id= user_id= sku_id= payment_tx= - Bootstrapping Spring Data Redis repositories in DEFAULT mode.
2026-08-11T11:12:15.783+08:00 INFO  o.s.d.r.c.RepositoryConfigurationDelegate request_id= idempotency_key= order_id= user_id= sku_id= payment_tx= - Finished Spring Data repository scanning in 3 ms. Found 0 Redis repository interfaces.
2026-08-11T11:12:15.799+08:00 INFO  o.s.b.w.e.tomcat.TomcatWebServer request_id= idempotency_key= order_id= user_id= sku_id= payment_tx= - Tomcat initialized with port 0 (http)
2026-08-11T11:12:15.799+08:00 INFO  o.a.catalina.core.StandardService request_id= idempotency_key= order_id= user_id= sku_id= payment_tx= - Starting service [Tomcat]
2026-08-11T11:12:15.799+08:00 INFO  o.a.catalina.core.StandardEngine request_id= idempotency_key= order_id= user_id= sku_id= payment_tx= - Starting Servlet engine: [Apache Tomcat/10.1.44]
2026-08-11T11:12:15.805+08:00 INFO  o.a.c.c.C.[Tomcat].[localhost].[/] request_id= idempotency_key= order_id= user_id= sku_id= payment_tx= - Initializing Spring embedded WebApplicationContext
2026-08-11T11:12:15.805+08:00 INFO  o.s.b.w.s.c.ServletWebServerApplicationContext request_id= idempotency_key= order_id= user_id= sku_id= payment_tx= - Root WebApplicationContext: initialization completed in 124 ms
Standard Commons Logging discovery in action with spring-jcl: please remove commons-logging.jar from classpath in order to avoid potential conflicts
2026-08-11T11:12:15.832+08:00 INFO  com.zaxxer.hikari.HikariDataSource request_id= idempotency_key= order_id= user_id= sku_id= payment_tx= - HikariPool-4 - Starting...
2026-08-11T11:12:15.845+08:00 INFO  com.zaxxer.hikari.pool.HikariPool request_id= idempotency_key= order_id= user_id= sku_id= payment_tx= - HikariPool-4 - Added connection com.mysql.cj.jdbc.ConnectionImpl@7b836cf6
2026-08-11T11:12:15.845+08:00 INFO  com.zaxxer.hikari.HikariDataSource request_id= idempotency_key= order_id= user_id= sku_id= payment_tx= - HikariPool-4 - Start completed.
2026-08-11T11:12:15.848+08:00 INFO  org.flywaydb.core.FlywayExecutor request_id= idempotency_key= order_id= user_id= sku_id= payment_tx= - Database: jdbc:mysql://localhost:53479/flashflow (MySQL 8.4)
2026-08-11T11:12:15.853+08:00 WARN  o.f.c.i.database.base.Database request_id= idempotency_key= order_id= user_id= sku_id= payment_tx= - Flyway upgrade recommended: MySQL 8.4 is newer than this version of Flyway and support has not been tested. The latest supported version of MySQL is 8.1.
2026-08-11T11:12:15.860+08:00 INFO  o.f.core.internal.command.DbValidate request_id= idempotency_key= order_id= user_id= sku_id= payment_tx= - Successfully validated 4 migrations (execution time 00:00.006s)
2026-08-11T11:12:15.864+08:00 INFO  o.f.core.internal.command.DbMigrate request_id= idempotency_key= order_id= user_id= sku_id= payment_tx= - Current version of schema `flashflow`: 4
2026-08-11T11:12:15.865+08:00 INFO  o.f.core.internal.command.DbMigrate request_id= idempotency_key= order_id= user_id= sku_id= payment_tx= - Schema `flashflow` is up to date. No migration necessary.
2026-08-11T11:12:16.008+08:00 INFO  o.s.b.a.e.web.EndpointLinksResolver request_id= idempotency_key= order_id= user_id= sku_id= payment_tx= - Exposing 2 endpoints beneath base path '/actuator'
2026-08-11T11:12:16.021+08:00 INFO  o.s.b.w.e.tomcat.TomcatWebServer request_id= idempotency_key= order_id= user_id= sku_id= payment_tx= - Tomcat started on port 56363 (http) with context path '/'
2026-08-11T11:12:16.023+08:00 INFO  d.f.V4OutboxConcurrentRedeliveryIntegrationTest request_id= idempotency_key= order_id= user_id= sku_id= payment_tx= - Started V4OutboxConcurrentRedeliveryIntegrationTest in 0.365 seconds (process running for 98.837)
2026-08-11T11:12:18.063+08:00 INFO  o.a.c.c.C.[Tomcat].[localhost].[/] request_id= idempotency_key= order_id= user_id= sku_id= payment_tx= - Initializing Spring DispatcherServlet 'dispatcherServlet'
2026-08-11T11:12:18.063+08:00 INFO  o.s.web.servlet.DispatcherServlet request_id= idempotency_key= order_id= user_id= sku_id= payment_tx= - Initializing Servlet 'dispatcherServlet'
2026-08-11T11:12:18.064+08:00 INFO  o.s.web.servlet.DispatcherServlet request_id= idempotency_key= order_id= user_id= sku_id= payment_tx= - Completed initialization in 1 ms
2026-08-11T11:12:18.082+08:00 INFO  d.f.m.o.OutboxAsyncOrderApplicationService request_id=0fc8396e-0ce2-44a8-bdf1-151313e264a1 idempotency_key=key-45825f53-0 order_id= user_id=user-45825f53-0 sku_id=sku-v4-concurrent-45825f53 payment_tx= - Durable Outbox acceptance command_id=1c2aae8ee2e16047d79f41379378468270467039f33f06d92e4a1414f8ee2740 status=ACCEPTED
2026-08-11T11:12:18.099+08:00 INFO  d.f.m.o.OutboxAsyncOrderApplicationService request_id=088cf028-4ed8-4163-8cec-ac63776375aa idempotency_key=key-45825f53-1 order_id= user_id=user-45825f53-1 sku_id=sku-v4-concurrent-45825f53 payment_tx= - Durable Outbox acceptance command_id=d8a03067f3d4e8183bc26d5f78591af5359972e6b6018ba9a1fe90833e5366bd status=ACCEPTED
2026-08-11T11:12:18.118+08:00 INFO  d.f.m.o.OutboxAsyncOrderApplicationService request_id=b97565d9-2499-427e-8f74-ef5364f4bc74 idempotency_key=key-45825f53-2 order_id= user_id=user-45825f53-2 sku_id=sku-v4-concurrent-45825f53 payment_tx= - Durable Outbox acceptance command_id=f2c510a1318e05bab31ab40f3d24a3aeb2a8ffff43dca02a2cc620eaa5317cb9 status=ACCEPTED
2026-08-11T11:12:18.133+08:00 INFO  d.f.m.o.OutboxAsyncOrderApplicationService request_id=edc4364e-d177-4b26-9bb1-15228240ec58 idempotency_key=key-45825f53-3 order_id= user_id=user-45825f53-3 sku_id=sku-v4-concurrent-45825f53 payment_tx= - Durable Outbox acceptance command_id=2830f079f915f4497c4c693855c17a3d378da9d6b4e9a559a53ca0a1221160a9 status=ACCEPTED
2026-08-11T11:12:18.148+08:00 INFO  d.f.m.o.OutboxAsyncOrderApplicationService request_id=04d18131-e6d8-4751-bac3-83815f2c6234 idempotency_key=key-45825f53-4 order_id= user_id=user-45825f53-4 sku_id=sku-v4-concurrent-45825f53 payment_tx= - Durable Outbox acceptance command_id=6e4dc8d8f936715a2f71eab4d531a8faaf5ad4d07a367bd64a74ab4954d66d8e status=ACCEPTED
2026-08-11T11:12:18.167+08:00 INFO  d.f.m.o.OutboxAsyncOrderApplicationService request_id=3fc13b34-47ea-4a69-b1a3-458fa899b22c idempotency_key=key-45825f53-5 order_id= user_id=user-45825f53-5 sku_id=sku-v4-concurrent-45825f53 payment_tx= - Durable Outbox acceptance command_id=96f1992378bb86dc9f6fe35630574415c6d150ec763a9016276b1e5d12cf7f2c status=ACCEPTED
2026-08-11T11:12:18.184+08:00 INFO  d.f.m.outbox.OutboxDispatcher request_id= idempotency_key= order_id= user_id= sku_id= payment_tx= - Outbox publication outbox_id=392aa856-b614-4dcb-9500-270e811ba881 command_id=1c2aae8ee2e16047d79f41379378468270467039f33f06d92e4a1414f8ee2740 outcome=ACKNOWLEDGED
2026-08-11T11:12:18.184+08:00 INFO  d.f.m.o.OutboxAsyncOrderApplicationService request_id=b42b6725-85a7-4f77-867b-d91b2a0e6b01 idempotency_key=key-45825f53-6 order_id= user_id=user-45825f53-6 sku_id=sku-v4-concurrent-45825f53 payment_tx= - Durable Outbox acceptance command_id=05528b056eec91491381483cd6634797e0b205f3a4b4b0ab6c26fbfa345d44a3 status=ACCEPTED
2026-08-11T11:12:18.193+08:00 INFO  d.f.m.outbox.OutboxDispatcher request_id= idempotency_key= order_id= user_id= sku_id= payment_tx= - Outbox publication outbox_id=43fee871-c2f6-4d6e-ac98-b5c8cf3f231b command_id=d8a03067f3d4e8183bc26d5f78591af5359972e6b6018ba9a1fe90833e5366bd outcome=ACKNOWLEDGED
2026-08-11T11:12:18.197+08:00 INFO  d.f.m.o.OutboxAsyncOrderApplicationService request_id=4965686c-b60d-469a-962c-7209c5bae45e idempotency_key=key-45825f53-7 order_id= user_id=user-45825f53-7 sku_id=sku-v4-concurrent-45825f53 payment_tx= - Durable Outbox acceptance command_id=6bbb9af42c6eec7f481bcb8cae72f332a3c4f12f481c072fcb3254301ad8b5ab status=ACCEPTED
2026-08-11T11:12:18.230+08:00 INFO  d.f.m.outbox.OutboxDispatcher request_id= idempotency_key= order_id= user_id= sku_id= payment_tx= - Outbox publication outbox_id=db05887d-ab49-4234-9c24-e7ebf76c2e5c command_id=f2c510a1318e05bab31ab40f3d24a3aeb2a8ffff43dca02a2cc620eaa5317cb9 outcome=ACKNOWLEDGED
2026-08-11T11:12:18.240+08:00 INFO  d.f.m.outbox.OutboxDispatcher request_id= idempotency_key= order_id= user_id= sku_id= payment_tx= - Outbox publication outbox_id=7ae1a2f9-e8aa-4ea4-a55b-11c89f4f3610 command_id=2830f079f915f4497c4c693855c17a3d378da9d6b4e9a559a53ca0a1221160a9 outcome=ACKNOWLEDGED
2026-08-11T11:12:18.458+08:00 INFO  d.f.m.outbox.OutboxDispatcher request_id= idempotency_key= order_id= user_id= sku_id= payment_tx= - Outbox publication outbox_id=f37671dc-f106-4a68-86fb-01762c43c838 command_id=6e4dc8d8f936715a2f71eab4d531a8faaf5ad4d07a367bd64a74ab4954d66d8e outcome=ACKNOWLEDGED
2026-08-11T11:12:18.460+08:00 INFO  d.f.m.outbox.OutboxDispatcher request_id= idempotency_key= order_id= user_id= sku_id= payment_tx= - Outbox publication outbox_id=3593f91d-81e5-4a33-82d8-e74283830067 command_id=96f1992378bb86dc9f6fe35630574415c6d150ec763a9016276b1e5d12cf7f2c outcome=ACKNOWLEDGED
2026-08-11T11:12:18.720+08:00 INFO  d.f.m.outbox.OutboxDispatcher request_id= idempotency_key= order_id= user_id= sku_id= payment_tx= - Outbox publication outbox_id=d94ed15a-06b9-4ee1-bfff-3a56a0baf876 command_id=05528b056eec91491381483cd6634797e0b205f3a4b4b0ab6c26fbfa345d44a3 outcome=ACKNOWLEDGED
2026-08-11T11:12:18.723+08:00 INFO  d.f.m.outbox.OutboxDispatcher request_id= idempotency_key= order_id= user_id= sku_id= payment_tx= - Outbox publication outbox_id=01ecad0e-48cf-405e-8b51-015fb36833bd command_id=6bbb9af42c6eec7f481bcb8cae72f332a3c4f12f481c072fcb3254301ad8b5ab outcome=ACKNOWLEDGED
2026-08-11T11:12:38.314+08:00 INFO  o.s.b.w.e.tomcat.GracefulShutdown request_id= idempotency_key= order_id= user_id= sku_id= payment_tx= - Commencing graceful shutdown. Waiting for active requests to complete
2026-08-11T11:12:40.319+08:00 INFO  o.s.b.w.e.tomcat.GracefulShutdown request_id= idempotency_key= order_id= user_id= sku_id= payment_tx= - Graceful shutdown complete
2026-08-11T11:12:40.320+08:00 ERROR org.apache.tomcat.util.net.Acceptor request_id= idempotency_key= order_id= user_id= sku_id= payment_tx= - Socket accept failed
java.nio.channels.AsynchronousCloseException: null
	at java.base/java.nio.channels.spi.AbstractInterruptibleChannel.end(AbstractInterruptibleChannel.java:218) ~[na:na]
	at java.base/sun.nio.ch.ServerSocketChannelImpl.end(ServerSocketChannelImpl.java:372) ~[na:na]
	at java.base/sun.nio.ch.ServerSocketChannelImpl.accept(ServerSocketChannelImpl.java:397) ~[na:na]
	at org.apache.tomcat.util.net.NioEndpoint.serverSocketAccept(NioEndpoint.java:537) ~[tomcat-embed-core-10.1.44.jar:10.1.44]
	at org.apache.tomcat.util.net.NioEndpoint.serverSocketAccept(NioEndpoint.java:72) ~[tomcat-embed-core-10.1.44.jar:10.1.44]
	at org.apache.tomcat.util.net.Acceptor.run(Acceptor.java:127) ~[tomcat-embed-core-10.1.44.jar:10.1.44]
	at java.base/java.lang.Thread.run(Thread.java:1516) ~[na:na]
2026-08-11T11:12:40.351+08:00 INFO  com.zaxxer.hikari.HikariDataSource request_id= idempotency_key= order_id= user_id= sku_id= payment_tx= - HikariPool-4 - Shutdown initiated...
2026-08-11T11:12:40.352+08:00 INFO  com.zaxxer.hikari.HikariDataSource request_id= idempotency_key= order_id= user_id= sku_id= payment_tx= - HikariPool-4 - Shutdown completed.
[INFO] Tests run: 1, Failures: 0, Errors: 0, Skipped: 0, Time elapsed: 24.70 s -- in dev.flashflow.V4OutboxConcurrentRedeliveryIntegrationTest
[INFO] 
[INFO] Results:
[INFO] 
[INFO] Tests run: 5, Failures: 0, Errors: 0, Skipped: 0
[INFO] 
[INFO] ------------------------------------------------------------------------
[INFO] BUILD SUCCESS
[INFO] ------------------------------------------------------------------------
[INFO] Total time:  02:05 min
[INFO] Finished at: 2026-08-11T11:12:40+08:00
[INFO] ------------------------------------------------------------------------
