[INFO] Scanning for projects...
[INFO] 
[INFO] ----------------------< dev.flashflow:flashflow >-----------------------
[INFO] Building FlashFlow 0.1.0-SNAPSHOT
[INFO]   from pom.xml
[INFO] --------------------------------[ jar ]---------------------------------
[WARNING] 1 problem was encountered while building the effective model for org.javassist:javassist:jar:3.21.0-GA during dependency collection step for project (use -X to see details)
[INFO] 
[INFO] --- resources:3.3.1:resources (default-resources) @ flashflow ---
[INFO] Copying 5 resources from src/main/resources to target/classes
[INFO] Copying 11 resources from src/main/resources to target/classes
[INFO] 
[INFO] --- compiler:3.14.0:compile (default-compile) @ flashflow ---
[INFO] Nothing to compile - all classes are up to date.
[INFO] 
[INFO] --- resources:3.3.1:testResources (default-testResources) @ flashflow ---
[INFO] skip non existing resourceDirectory /Users/yuzheng/Computeracy/Zhenkun26-GitHub/FlashFlow/src/test/resources
[INFO] 
[INFO] --- compiler:3.14.0:testCompile (default-testCompile) @ flashflow ---
[INFO] Recompiling the module because of changed source code.
[INFO] Compiling 54 source files with javac [debug parameters release 21] to target/test-classes
[WARNING] /Users/yuzheng/Computeracy/Zhenkun26-GitHub/FlashFlow/src/test/java/dev/flashflow/ExpirationAdmissionFailureIntegrationTest.java:[26,6] org.springframework.boot.test.mock.mockito 中的 org.springframework.boot.test.mock.mockito.MockBean 已过时, 且标记为待删除
[WARNING] /Users/yuzheng/Computeracy/Zhenkun26-GitHub/FlashFlow/src/test/java/dev/flashflow/ExpirationRollbackIntegrationTest.java:[21,6] org.springframework.boot.test.mock.mockito 中的 org.springframework.boot.test.mock.mockito.MockBean 已过时, 且标记为待删除
[INFO] /Users/yuzheng/Computeracy/Zhenkun26-GitHub/FlashFlow/src/test/java/dev/flashflow/admission/RedisLuaAdmissionFailureTest.java: /Users/yuzheng/Computeracy/Zhenkun26-GitHub/FlashFlow/src/test/java/dev/flashflow/admission/RedisLuaAdmissionFailureTest.java使用了未经检查或不安全的操作。
[INFO] /Users/yuzheng/Computeracy/Zhenkun26-GitHub/FlashFlow/src/test/java/dev/flashflow/admission/RedisLuaAdmissionFailureTest.java: 有关详细信息, 请使用 -Xlint:unchecked 重新编译。
[INFO] 
[INFO] --- surefire:3.5.3:test (default-test) @ flashflow ---
[INFO] Using auto detected provider org.apache.maven.surefire.junitplatform.JUnitPlatformProvider
[INFO] 
[INFO] -------------------------------------------------------
[INFO]  T E S T S
[INFO] -------------------------------------------------------
[INFO] Running dev.flashflow.V4OutboxBacklogDrainIntegrationTest
Standard Commons Logging discovery in action with spring-jcl: please remove commons-logging.jar from classpath in order to avoid potential conflicts
10:07:44.410 [main] INFO org.springframework.test.context.support.AnnotationConfigContextLoaderUtils -- Could not detect default configuration classes for test class [dev.flashflow.V4OutboxBacklogDrainIntegrationTest]: V4OutboxBacklogDrainIntegrationTest does not declare any static, non-private, non-final, nested classes annotated with @Configuration.
10:07:44.465 [main] INFO org.springframework.boot.test.context.SpringBootTestContextBootstrapper -- Found @SpringBootConfiguration dev.flashflow.FlashFlowApplication for test class dev.flashflow.V4OutboxBacklogDrainIntegrationTest
10:07:44.504 [main] INFO org.testcontainers.images.PullPolicy -- Image pull policy will be performed by: DefaultPullPolicy()
10:07:44.505 [main] INFO org.testcontainers.utility.ImageNameSubstitutor -- Image name substitution will be performed by: DefaultImageNameSubstitutor (composite of 'ConfigurationFileImageNameSubstitutor' and 'PrefixingImageNameSubstitutor')
10:07:44.514 [main] INFO org.testcontainers.DockerClientFactory -- Testcontainers version: 1.21.3
10:07:44.596 [main] INFO org.testcontainers.dockerclient.DockerClientProviderStrategy -- Loaded org.testcontainers.dockerclient.UnixSocketClientProviderStrategy from ~/.testcontainers.properties, will try it first
10:07:44.694 [main] INFO org.testcontainers.dockerclient.DockerClientProviderStrategy -- Found Docker environment with local Unix socket (unix:///var/run/docker.sock)
10:07:44.695 [main] INFO org.testcontainers.DockerClientFactory -- Docker host IP address is localhost
10:07:44.710 [main] INFO org.testcontainers.DockerClientFactory -- Connected to docker: 
  Server Version: 29.4.1
  API Version: 1.54
  Operating System: Docker Desktop
  Total Memory: 7936 MB
  Labels: 
    com.docker.desktop.address=unix:///Users/yuzheng/Library/Containers/com.docker.docker/Data/docker-cli.sock
10:07:44.799 [main] INFO tc.testcontainers/ryuk:0.12.0 -- Creating container for image: testcontainers/ryuk:0.12.0
10:07:44.824 [main] INFO org.testcontainers.utility.RegistryAuthLocator -- Credential helper/store (docker-credential-osxkeychain) does not have credentials for https://index.docker.io/v1/
10:07:44.886 [main] INFO tc.testcontainers/ryuk:0.12.0 -- Container testcontainers/ryuk:0.12.0 is starting: 4476d680cb9c5045295fe1efdfbff0c8d881dade306f7ec8b85c1dede1ee713c
10:07:45.019 [main] INFO tc.testcontainers/ryuk:0.12.0 -- Container testcontainers/ryuk:0.12.0 started in PT0.219386S
10:07:45.021 [main] INFO org.testcontainers.utility.RyukResourceReaper -- Ryuk started - will monitor and terminate Testcontainers containers on JVM exit
10:07:45.022 [main] INFO org.testcontainers.DockerClientFactory -- Checking the system...
10:07:45.022 [main] INFO org.testcontainers.DockerClientFactory -- ✔︎ Docker server version should be at least 1.6.0
10:07:45.023 [main] INFO tc.mysql:8.4.6 -- Creating container for image: mysql:8.4.6
10:07:45.069 [main] INFO tc.mysql:8.4.6 -- Container mysql:8.4.6 is starting: c5ae5fd20f8bc402ed2cc0d37697fc673748ed5b6addd24c935aae473ce337b7
10:07:45.191 [main] INFO tc.mysql:8.4.6 -- Waiting for database connection to become available at jdbc:mysql://localhost:60276/flashflow using query 'SELECT 1'
10:07:49.950 [main] INFO tc.mysql:8.4.6 -- Container mysql:8.4.6 started in PT4.927571S
10:07:49.950 [main] INFO tc.mysql:8.4.6 -- Container is started (JDBC URL: jdbc:mysql://localhost:60276/flashflow)
10:07:49.951 [main] INFO tc.redis:7.4.2-alpine -- Creating container for image: redis:7.4.2-alpine
10:07:49.975 [main] INFO tc.redis:7.4.2-alpine -- Container redis:7.4.2-alpine is starting: c5d9589c0458ff1fc11b22aa9557a0d230df983eb67b7b99efd5ebecdef4d799
10:07:50.129 [main] INFO tc.redis:7.4.2-alpine -- Container redis:7.4.2-alpine started in PT0.178413S

  .   ____          _            __ _ _
 /\\ / ___'_ __ _ _(_)_ __  __ _ \ \ \ \
( ( )\___ | '_ | '_| | '_ \/ _` | \ \ \ \
 \\/  ___)| |_)| | | | | || (_| |  ) ) ) )
  '  |____| .__|_| |_|_| |_\__, | / / / /
 =========|_|==============|___/=/_/_/_/

 :: Spring Boot ::                (v3.5.5)

2026-08-11T10:07:50.276+08:00 INFO  d.f.V4OutboxBacklogDrainIntegrationTest request_id= idempotency_key= order_id= user_id= sku_id= payment_tx= - Starting V4OutboxBacklogDrainIntegrationTest using Java 26.0.2 with PID 54269 (started by yuzheng in /Users/yuzheng/Computeracy/Zhenkun26-GitHub/FlashFlow)
2026-08-11T10:07:50.277+08:00 INFO  d.f.V4OutboxBacklogDrainIntegrationTest request_id= idempotency_key= order_id= user_id= sku_id= payment_tx= - The following 1 profile is active: "test"
2026-08-11T10:07:50.649+08:00 INFO  o.s.d.r.c.RepositoryConfigurationDelegate request_id= idempotency_key= order_id= user_id= sku_id= payment_tx= - Multiple Spring Data modules found, entering strict repository configuration mode
2026-08-11T10:07:50.650+08:00 INFO  o.s.d.r.c.RepositoryConfigurationDelegate request_id= idempotency_key= order_id= user_id= sku_id= payment_tx= - Bootstrapping Spring Data Redis repositories in DEFAULT mode.
2026-08-11T10:07:50.675+08:00 INFO  o.s.d.r.c.RepositoryConfigurationDelegate request_id= idempotency_key= order_id= user_id= sku_id= payment_tx= - Finished Spring Data repository scanning in 15 ms. Found 0 Redis repository interfaces.
2026-08-11T10:07:50.906+08:00 INFO  o.s.b.w.e.tomcat.TomcatWebServer request_id= idempotency_key= order_id= user_id= sku_id= payment_tx= - Tomcat initialized with port 0 (http)
2026-08-11T10:07:50.912+08:00 INFO  o.a.catalina.core.StandardService request_id= idempotency_key= order_id= user_id= sku_id= payment_tx= - Starting service [Tomcat]
2026-08-11T10:07:50.912+08:00 INFO  o.a.catalina.core.StandardEngine request_id= idempotency_key= order_id= user_id= sku_id= payment_tx= - Starting Servlet engine: [Apache Tomcat/10.1.44]
2026-08-11T10:07:50.930+08:00 INFO  o.a.c.c.C.[Tomcat].[localhost].[/] request_id= idempotency_key= order_id= user_id= sku_id= payment_tx= - Initializing Spring embedded WebApplicationContext
2026-08-11T10:07:50.930+08:00 INFO  o.s.b.w.s.c.ServletWebServerApplicationContext request_id= idempotency_key= order_id= user_id= sku_id= payment_tx= - Root WebApplicationContext: initialization completed in 643 ms
Standard Commons Logging discovery in action with spring-jcl: please remove commons-logging.jar from classpath in order to avoid potential conflicts
WARNING: A terminally deprecated method in sun.misc.Unsafe has been called
WARNING: sun.misc.Unsafe::allocateMemory has been called by io.netty.util.internal.PlatformDependent0$2 (file:/Users/yuzheng/.m2/repository/io/netty/netty-common/4.1.124.Final/netty-common-4.1.124.Final.jar)
WARNING: Please consider reporting this to the maintainers of class io.netty.util.internal.PlatformDependent0$2
WARNING: sun.misc.Unsafe::allocateMemory will be removed in a future release
WARNING: A restricted method in java.lang.System has been called
WARNING: java.lang.System::loadLibrary has been called by io.netty.util.internal.NativeLibraryUtil in an unnamed module (file:/Users/yuzheng/.m2/repository/io/netty/netty-common/4.1.124.Final/netty-common-4.1.124.Final.jar)
WARNING: Use --enable-native-access=ALL-UNNAMED to avoid a warning for callers in this module
WARNING: Restricted methods will be blocked in a future release unless native access is enabled

2026-08-11T10:07:51.685+08:00 INFO  com.zaxxer.hikari.HikariDataSource request_id= idempotency_key= order_id= user_id= sku_id= payment_tx= - HikariPool-1 - Starting...
2026-08-11T10:07:51.809+08:00 INFO  com.zaxxer.hikari.pool.HikariPool request_id= idempotency_key= order_id= user_id= sku_id= payment_tx= - HikariPool-1 - Added connection com.mysql.cj.jdbc.ConnectionImpl@1bd5b1c8
2026-08-11T10:07:51.809+08:00 INFO  com.zaxxer.hikari.HikariDataSource request_id= idempotency_key= order_id= user_id= sku_id= payment_tx= - HikariPool-1 - Start completed.
2026-08-11T10:07:51.845+08:00 INFO  org.flywaydb.core.FlywayExecutor request_id= idempotency_key= order_id= user_id= sku_id= payment_tx= - Database: jdbc:mysql://localhost:60276/flashflow (MySQL 8.4)
2026-08-11T10:07:51.867+08:00 WARN  o.f.c.i.database.base.Database request_id= idempotency_key= order_id= user_id= sku_id= payment_tx= - Flyway upgrade recommended: MySQL 8.4 is newer than this version of Flyway and support has not been tested. The latest supported version of MySQL is 8.1.
2026-08-11T10:07:51.883+08:00 INFO  o.f.c.i.s.JdbcTableSchemaHistory request_id= idempotency_key= order_id= user_id= sku_id= payment_tx= - Schema history table `flashflow`.`flyway_schema_history` does not exist yet
2026-08-11T10:07:51.889+08:00 INFO  o.f.core.internal.command.DbValidate request_id= idempotency_key= order_id= user_id= sku_id= payment_tx= - Successfully validated 4 migrations (execution time 00:00.017s)
2026-08-11T10:07:51.909+08:00 INFO  o.f.c.i.s.JdbcTableSchemaHistory request_id= idempotency_key= order_id= user_id= sku_id= payment_tx= - Creating Schema History table `flashflow`.`flyway_schema_history` ...
2026-08-11T10:07:51.952+08:00 INFO  o.f.core.internal.command.DbMigrate request_id= idempotency_key= order_id= user_id= sku_id= payment_tx= - Current version of schema `flashflow`: << Empty Schema >>
2026-08-11T10:07:51.963+08:00 INFO  o.f.core.internal.command.DbMigrate request_id= idempotency_key= order_id= user_id= sku_id= payment_tx= - Migrating schema `flashflow` to version "1 - create flashflow v1 schema"
2026-08-11T10:07:52.114+08:00 INFO  o.f.core.internal.command.DbMigrate request_id= idempotency_key= order_id= user_id= sku_id= payment_tx= - Migrating schema `flashflow` to version "2 - create order command ledger"
2026-08-11T10:07:52.140+08:00 INFO  o.f.core.internal.command.DbMigrate request_id= idempotency_key= order_id= user_id= sku_id= payment_tx= - Migrating schema `flashflow` to version "3 - extend order command transport evidence"
2026-08-11T10:07:52.184+08:00 INFO  o.f.core.internal.command.DbMigrate request_id= idempotency_key= order_id= user_id= sku_id= payment_tx= - Migrating schema `flashflow` to version "4 - create order command outbox"
2026-08-11T10:07:52.217+08:00 INFO  o.f.core.internal.command.DbMigrate request_id= idempotency_key= order_id= user_id= sku_id= payment_tx= - Successfully applied 4 migrations to schema `flashflow`, now at version v4 (execution time 00:00.201s)
2026-08-11T10:07:52.792+08:00 INFO  o.s.b.a.e.web.EndpointLinksResolver request_id= idempotency_key= order_id= user_id= sku_id= payment_tx= - Exposing 2 endpoints beneath base path '/actuator'
2026-08-11T10:07:52.857+08:00 INFO  o.s.b.w.e.tomcat.TomcatWebServer request_id= idempotency_key= order_id= user_id= sku_id= payment_tx= - Tomcat started on port 60347 (http) with context path '/'
2026-08-11T10:07:52.864+08:00 INFO  d.f.V4OutboxBacklogDrainIntegrationTest request_id= idempotency_key= order_id= user_id= sku_id= payment_tx= - Started V4OutboxBacklogDrainIntegrationTest in 2.723 seconds (process running for 8.719)
OpenJDK 64-Bit Server VM warning: Sharing is only supported for boot loader classes because bootstrap classpath has been appended
2026-08-11T10:08:05.717+08:00 INFO  o.a.c.c.C.[Tomcat].[localhost].[/] request_id= idempotency_key= order_id= user_id= sku_id= payment_tx= - Initializing Spring DispatcherServlet 'dispatcherServlet'
2026-08-11T10:08:05.717+08:00 INFO  o.s.web.servlet.DispatcherServlet request_id= idempotency_key= order_id= user_id= sku_id= payment_tx= - Initializing Servlet 'dispatcherServlet'
2026-08-11T10:08:05.719+08:00 INFO  o.s.web.servlet.DispatcherServlet request_id= idempotency_key= order_id= user_id= sku_id= payment_tx= - Completed initialization in 2 ms
2026-08-11T10:08:05.757+08:00 INFO  d.f.m.o.OutboxAsyncOrderApplicationService request_id=f4459632-90fa-4943-b0e7-d0257c089490 idempotency_key=key-907b5a1c-0 order_id= user_id=user-907b5a1c-0 sku_id=sku-v4-backlog-907b5a1c payment_tx= - Durable Outbox acceptance command_id=fbf05fc3d7471503ccee0c99ee16b798dc394386a561756a96bc343fc40c44b8 status=ACCEPTED
2026-08-11T10:08:05.785+08:00 INFO  d.f.m.o.OutboxAsyncOrderApplicationService request_id=e94093d0-6174-48ea-a18a-3a57def902f4 idempotency_key=key-907b5a1c-1 order_id= user_id=user-907b5a1c-1 sku_id=sku-v4-backlog-907b5a1c payment_tx= - Durable Outbox acceptance command_id=c7461b1d524ab017235e56e044e1f152ff4f8fe0c212eff1fb2e76b82ff41677 status=ACCEPTED
2026-08-11T10:08:05.798+08:00 INFO  d.f.m.o.OutboxAsyncOrderApplicationService request_id=b3f6d24f-b9b8-47bc-bd4a-f91f785c6068 idempotency_key=key-907b5a1c-2 order_id= user_id=user-907b5a1c-2 sku_id=sku-v4-backlog-907b5a1c payment_tx= - Durable Outbox acceptance command_id=7e1ba64107f76ad53fd732b304512ed909db713c2023506dbb6b4e756ec6aa04 status=ACCEPTED
2026-08-11T10:08:05.812+08:00 INFO  d.f.m.o.OutboxAsyncOrderApplicationService request_id=3a59cd79-a3f8-4563-a0bd-e3844db27bdc idempotency_key=key-907b5a1c-3 order_id= user_id=user-907b5a1c-3 sku_id=sku-v4-backlog-907b5a1c payment_tx= - Durable Outbox acceptance command_id=f90197bf29a0ceb151057786d79cea07541679bb09cd093462b28d25d31a056c status=ACCEPTED
2026-08-11T10:08:05.830+08:00 INFO  d.f.m.o.OutboxAsyncOrderApplicationService request_id=2392fe49-5917-40ef-936e-93c18d0d22f9 idempotency_key=key-907b5a1c-4 order_id= user_id=user-907b5a1c-4 sku_id=sku-v4-backlog-907b5a1c payment_tx= - Durable Outbox acceptance command_id=eb7681716d82cdd2386cddb3b28c93948dc659763bce5abc33c3b8985b061d6f status=ACCEPTED
2026-08-11T10:08:05.837+08:00 INFO  d.f.m.outbox.OutboxDispatcher request_id= idempotency_key= order_id= user_id= sku_id= payment_tx= - Outbox publication deferred outbox_id=71bf7d94-af82-436b-846b-08c3317bfd76 command_id=fbf05fc3d7471503ccee0c99ee16b798dc394386a561756a96bc343fc40c44b8 outcome=RETRYABLE cause=MQCLIENTEXCEPTION
2026-08-11T10:08:05.843+08:00 INFO  d.f.m.outbox.OutboxDispatcher request_id= idempotency_key= order_id= user_id= sku_id= payment_tx= - Outbox publication deferred outbox_id=00673324-f15d-4d7c-a800-1e7a30fe82be command_id=c7461b1d524ab017235e56e044e1f152ff4f8fe0c212eff1fb2e76b82ff41677 outcome=RETRYABLE cause=MQCLIENTEXCEPTION
2026-08-11T10:08:05.845+08:00 INFO  d.f.m.o.OutboxAsyncOrderApplicationService request_id=d41ab9a3-6f45-4f85-8566-023549082c23 idempotency_key=key-907b5a1c-5 order_id= user_id=user-907b5a1c-5 sku_id=sku-v4-backlog-907b5a1c payment_tx= - Durable Outbox acceptance command_id=fa40361b3ab4b1bbb638db3f4b64e4af211dba32cf7116ca37589bc25bd0363b status=ACCEPTED
2026-08-11T10:08:05.848+08:00 INFO  d.f.m.outbox.OutboxDispatcher request_id= idempotency_key= order_id= user_id= sku_id= payment_tx= - Outbox publication deferred outbox_id=4347c667-653a-4803-9c97-1a27689fdce1 command_id=7e1ba64107f76ad53fd732b304512ed909db713c2023506dbb6b4e756ec6aa04 outcome=RETRYABLE cause=MQCLIENTEXCEPTION
2026-08-11T10:08:05.853+08:00 INFO  d.f.m.outbox.OutboxDispatcher request_id= idempotency_key= order_id= user_id= sku_id= payment_tx= - Outbox publication deferred outbox_id=d6360ee3-1c4e-436b-880c-87d9025f9252 command_id=f90197bf29a0ceb151057786d79cea07541679bb09cd093462b28d25d31a056c outcome=RETRYABLE cause=MQCLIENTEXCEPTION
2026-08-11T10:08:05.856+08:00 INFO  d.f.m.o.OutboxAsyncOrderApplicationService request_id=4175da1d-4125-4cd7-bea1-31dfd4b4665c idempotency_key=key-907b5a1c-6 order_id= user_id=user-907b5a1c-6 sku_id=sku-v4-backlog-907b5a1c payment_tx= - Durable Outbox acceptance command_id=697e19f1c96fd9a8c8a99702fcc8362d71af488edeab13bd85bea1fd92460afd status=ACCEPTED
2026-08-11T10:08:05.865+08:00 INFO  d.f.m.o.OutboxAsyncOrderApplicationService request_id=c3a62c83-084d-4809-a2cc-9cd1466bf2a4 idempotency_key=key-907b5a1c-7 order_id= user_id=user-907b5a1c-7 sku_id=sku-v4-backlog-907b5a1c payment_tx= - Durable Outbox acceptance command_id=d140cb758bea32732052ea7654bb4123f89dc5044b75f51097ac36566d0f5650 status=ACCEPTED
2026-08-11T10:08:05.874+08:00 INFO  d.f.m.o.OutboxAsyncOrderApplicationService request_id=e6b689d7-bd24-4195-bf2f-35e13bace20f idempotency_key=key-907b5a1c-8 order_id= user_id=user-907b5a1c-8 sku_id=sku-v4-backlog-907b5a1c payment_tx= - Durable Outbox acceptance command_id=e430205ab37c6941ba52ab58a035c3253a73770c34fef5cf81f4213b43a1c6ce status=ACCEPTED
2026-08-11T10:08:05.883+08:00 INFO  d.f.m.o.OutboxAsyncOrderApplicationService request_id=0995ca3a-69ca-4830-805b-4ed01eca5704 idempotency_key=key-907b5a1c-9 order_id= user_id=user-907b5a1c-9 sku_id=sku-v4-backlog-907b5a1c payment_tx= - Durable Outbox acceptance command_id=e1bf8cdca77f338c0f7f913bc35ce9eabbd82ff177d4ec0ddfa95d826def4943 status=ACCEPTED
2026-08-11T10:08:05.893+08:00 INFO  d.f.m.o.OutboxAsyncOrderApplicationService request_id=6784b537-0579-4f96-9dee-52c83b46cb6b idempotency_key=key-907b5a1c-10 order_id= user_id=user-907b5a1c-10 sku_id=sku-v4-backlog-907b5a1c payment_tx= - Durable Outbox acceptance command_id=5f63d57e3402723324c8efbc2549f322266813cf1b567d285f33c785236d5bf1 status=ACCEPTED
2026-08-11T10:08:05.900+08:00 INFO  d.f.m.o.OutboxAsyncOrderApplicationService request_id=3b6ee95e-5dec-4823-aacd-06c1d65e71a4 idempotency_key=key-907b5a1c-11 order_id= user_id=user-907b5a1c-11 sku_id=sku-v4-backlog-907b5a1c payment_tx= - Durable Outbox acceptance command_id=892eb273c03610e22537d482e912630c6216bac5f016655203259684b12bfffa status=ACCEPTED
2026-08-11T10:08:05.968+08:00 INFO  d.f.m.outbox.OutboxDispatcher request_id= idempotency_key= order_id= user_id= sku_id= payment_tx= - Outbox publication deferred outbox_id=7cfc8a74-8ce5-42e0-890d-6b0c6057245a command_id=eb7681716d82cdd2386cddb3b28c93948dc659763bce5abc33c3b8985b061d6f outcome=RETRYABLE cause=MQCLIENTEXCEPTION
2026-08-11T10:08:05.971+08:00 INFO  d.f.m.outbox.OutboxDispatcher request_id= idempotency_key= order_id= user_id= sku_id= payment_tx= - Outbox publication deferred outbox_id=169acd35-6b18-455e-aca6-9dac3ab69d19 command_id=fa40361b3ab4b1bbb638db3f4b64e4af211dba32cf7116ca37589bc25bd0363b outcome=RETRYABLE cause=MQCLIENTEXCEPTION
2026-08-11T10:08:05.973+08:00 INFO  d.f.m.outbox.OutboxDispatcher request_id= idempotency_key= order_id= user_id= sku_id= payment_tx= - Outbox publication deferred outbox_id=e33bf7ca-011a-4d02-9a44-ed7755851f6e command_id=697e19f1c96fd9a8c8a99702fcc8362d71af488edeab13bd85bea1fd92460afd outcome=RETRYABLE cause=MQCLIENTEXCEPTION
2026-08-11T10:08:05.976+08:00 INFO  d.f.m.outbox.OutboxDispatcher request_id= idempotency_key= order_id= user_id= sku_id= payment_tx= - Outbox publication deferred outbox_id=837db1f2-eb4d-460a-86cb-535b999810e1 command_id=d140cb758bea32732052ea7654bb4123f89dc5044b75f51097ac36566d0f5650 outcome=RETRYABLE cause=MQCLIENTEXCEPTION
2026-08-11T10:08:06.094+08:00 INFO  d.f.m.outbox.OutboxDispatcher request_id= idempotency_key= order_id= user_id= sku_id= payment_tx= - Outbox publication deferred outbox_id=81ad9346-4d4e-489c-a4c9-208ae626d251 command_id=e430205ab37c6941ba52ab58a035c3253a73770c34fef5cf81f4213b43a1c6ce outcome=RETRYABLE cause=MQCLIENTEXCEPTION
2026-08-11T10:08:06.096+08:00 INFO  d.f.m.outbox.OutboxDispatcher request_id= idempotency_key= order_id= user_id= sku_id= payment_tx= - Outbox publication deferred outbox_id=82a2d6af-4837-402f-a3ff-eae6dfd620bb command_id=e1bf8cdca77f338c0f7f913bc35ce9eabbd82ff177d4ec0ddfa95d826def4943 outcome=RETRYABLE cause=MQCLIENTEXCEPTION
2026-08-11T10:08:06.098+08:00 INFO  d.f.m.outbox.OutboxDispatcher request_id= idempotency_key= order_id= user_id= sku_id= payment_tx= - Outbox publication deferred outbox_id=e9d964ae-4522-46a7-8857-6f6af403c354 command_id=5f63d57e3402723324c8efbc2549f322266813cf1b567d285f33c785236d5bf1 outcome=RETRYABLE cause=MQCLIENTEXCEPTION
2026-08-11T10:08:06.101+08:00 INFO  d.f.m.outbox.OutboxDispatcher request_id= idempotency_key= order_id= user_id= sku_id= payment_tx= - Outbox publication deferred outbox_id=ad7ddc73-03e7-4e0f-9731-a04615079998 command_id=892eb273c03610e22537d482e912630c6216bac5f016655203259684b12bfffa outcome=RETRYABLE cause=MQCLIENTEXCEPTION
2026-08-11T10:08:06.229+08:00 INFO  d.f.m.outbox.OutboxDispatcher request_id= idempotency_key= order_id= user_id= sku_id= payment_tx= - Outbox publication deferred outbox_id=71bf7d94-af82-436b-846b-08c3317bfd76 command_id=fbf05fc3d7471503ccee0c99ee16b798dc394386a561756a96bc343fc40c44b8 outcome=RETRYABLE cause=MQCLIENTEXCEPTION
2026-08-11T10:08:06.234+08:00 INFO  d.f.m.outbox.OutboxDispatcher request_id= idempotency_key= order_id= user_id= sku_id= payment_tx= - Outbox publication deferred outbox_id=00673324-f15d-4d7c-a800-1e7a30fe82be command_id=c7461b1d524ab017235e56e044e1f152ff4f8fe0c212eff1fb2e76b82ff41677 outcome=RETRYABLE cause=MQCLIENTEXCEPTION
2026-08-11T10:08:06.239+08:00 INFO  d.f.m.outbox.OutboxDispatcher request_id= idempotency_key= order_id= user_id= sku_id= payment_tx= - Outbox publication deferred outbox_id=4347c667-653a-4803-9c97-1a27689fdce1 command_id=7e1ba64107f76ad53fd732b304512ed909db713c2023506dbb6b4e756ec6aa04 outcome=RETRYABLE cause=MQCLIENTEXCEPTION
2026-08-11T10:08:06.243+08:00 INFO  d.f.m.outbox.OutboxDispatcher request_id= idempotency_key= order_id= user_id= sku_id= payment_tx= - Outbox publication deferred outbox_id=d6360ee3-1c4e-436b-880c-87d9025f9252 command_id=f90197bf29a0ceb151057786d79cea07541679bb09cd093462b28d25d31a056c outcome=RETRYABLE cause=MQCLIENTEXCEPTION
2026-08-11T10:08:06.369+08:00 INFO  d.f.m.outbox.OutboxDispatcher request_id= idempotency_key= order_id= user_id= sku_id= payment_tx= - Outbox publication deferred outbox_id=7cfc8a74-8ce5-42e0-890d-6b0c6057245a command_id=eb7681716d82cdd2386cddb3b28c93948dc659763bce5abc33c3b8985b061d6f outcome=RETRYABLE cause=MQCLIENTEXCEPTION
2026-08-11T10:08:06.375+08:00 INFO  d.f.m.outbox.OutboxDispatcher request_id= idempotency_key= order_id= user_id= sku_id= payment_tx= - Outbox publication deferred outbox_id=169acd35-6b18-455e-aca6-9dac3ab69d19 command_id=fa40361b3ab4b1bbb638db3f4b64e4af211dba32cf7116ca37589bc25bd0363b outcome=RETRYABLE cause=MQCLIENTEXCEPTION
2026-08-11T10:08:06.383+08:00 INFO  d.f.m.outbox.OutboxDispatcher request_id= idempotency_key= order_id= user_id= sku_id= payment_tx= - Outbox publication deferred outbox_id=e33bf7ca-011a-4d02-9a44-ed7755851f6e command_id=697e19f1c96fd9a8c8a99702fcc8362d71af488edeab13bd85bea1fd92460afd outcome=RETRYABLE cause=MQCLIENTEXCEPTION
2026-08-11T10:08:06.388+08:00 INFO  d.f.m.outbox.OutboxDispatcher request_id= idempotency_key= order_id= user_id= sku_id= payment_tx= - Outbox publication deferred outbox_id=837db1f2-eb4d-460a-86cb-535b999810e1 command_id=d140cb758bea32732052ea7654bb4123f89dc5044b75f51097ac36566d0f5650 outcome=RETRYABLE cause=MQCLIENTEXCEPTION
2026-08-11T10:08:06.510+08:00 INFO  d.f.m.outbox.OutboxDispatcher request_id= idempotency_key= order_id= user_id= sku_id= payment_tx= - Outbox publication deferred outbox_id=81ad9346-4d4e-489c-a4c9-208ae626d251 command_id=e430205ab37c6941ba52ab58a035c3253a73770c34fef5cf81f4213b43a1c6ce outcome=RETRYABLE cause=MQCLIENTEXCEPTION
2026-08-11T10:08:06.517+08:00 INFO  d.f.m.outbox.OutboxDispatcher request_id= idempotency_key= order_id= user_id= sku_id= payment_tx= - Outbox publication deferred outbox_id=82a2d6af-4837-402f-a3ff-eae6dfd620bb command_id=e1bf8cdca77f338c0f7f913bc35ce9eabbd82ff177d4ec0ddfa95d826def4943 outcome=RETRYABLE cause=MQCLIENTEXCEPTION
2026-08-11T10:08:06.526+08:00 INFO  d.f.m.outbox.OutboxDispatcher request_id= idempotency_key= order_id= user_id= sku_id= payment_tx= - Outbox publication deferred outbox_id=e9d964ae-4522-46a7-8857-6f6af403c354 command_id=5f63d57e3402723324c8efbc2549f322266813cf1b567d285f33c785236d5bf1 outcome=RETRYABLE cause=MQCLIENTEXCEPTION
2026-08-11T10:08:06.537+08:00 INFO  d.f.m.outbox.OutboxDispatcher request_id= idempotency_key= order_id= user_id= sku_id= payment_tx= - Outbox publication deferred outbox_id=ad7ddc73-03e7-4e0f-9731-a04615079998 command_id=892eb273c03610e22537d482e912630c6216bac5f016655203259684b12bfffa outcome=RETRYABLE cause=MQCLIENTEXCEPTION
2026-08-11T10:08:06.668+08:00 INFO  d.f.m.outbox.OutboxDispatcher request_id= idempotency_key= order_id= user_id= sku_id= payment_tx= - Outbox publication deferred outbox_id=71bf7d94-af82-436b-846b-08c3317bfd76 command_id=fbf05fc3d7471503ccee0c99ee16b798dc394386a561756a96bc343fc40c44b8 outcome=RETRYABLE cause=MQCLIENTEXCEPTION
2026-08-11T10:08:06.675+08:00 INFO  d.f.m.outbox.OutboxDispatcher request_id= idempotency_key= order_id= user_id= sku_id= payment_tx= - Outbox publication deferred outbox_id=00673324-f15d-4d7c-a800-1e7a30fe82be command_id=c7461b1d524ab017235e56e044e1f152ff4f8fe0c212eff1fb2e76b82ff41677 outcome=RETRYABLE cause=MQCLIENTEXCEPTION
2026-08-11T10:08:06.680+08:00 INFO  d.f.m.outbox.OutboxDispatcher request_id= idempotency_key= order_id= user_id= sku_id= payment_tx= - Outbox publication deferred outbox_id=4347c667-653a-4803-9c97-1a27689fdce1 command_id=7e1ba64107f76ad53fd732b304512ed909db713c2023506dbb6b4e756ec6aa04 outcome=RETRYABLE cause=MQCLIENTEXCEPTION
2026-08-11T10:08:06.685+08:00 INFO  d.f.m.outbox.OutboxDispatcher request_id= idempotency_key= order_id= user_id= sku_id= payment_tx= - Outbox publication deferred outbox_id=d6360ee3-1c4e-436b-880c-87d9025f9252 command_id=f90197bf29a0ceb151057786d79cea07541679bb09cd093462b28d25d31a056c outcome=RETRYABLE cause=MQCLIENTEXCEPTION
2026-08-11T10:08:06.837+08:00 INFO  d.f.m.outbox.OutboxDispatcher request_id= idempotency_key= order_id= user_id= sku_id= payment_tx= - Outbox publication deferred outbox_id=7cfc8a74-8ce5-42e0-890d-6b0c6057245a command_id=eb7681716d82cdd2386cddb3b28c93948dc659763bce5abc33c3b8985b061d6f outcome=RETRYABLE cause=MQCLIENTEXCEPTION
2026-08-11T10:08:06.844+08:00 INFO  d.f.m.outbox.OutboxDispatcher request_id= idempotency_key= order_id= user_id= sku_id= payment_tx= - Outbox publication deferred outbox_id=169acd35-6b18-455e-aca6-9dac3ab69d19 command_id=fa40361b3ab4b1bbb638db3f4b64e4af211dba32cf7116ca37589bc25bd0363b outcome=RETRYABLE cause=MQCLIENTEXCEPTION
2026-08-11T10:08:06.848+08:00 INFO  d.f.m.outbox.OutboxDispatcher request_id= idempotency_key= order_id= user_id= sku_id= payment_tx= - Outbox publication deferred outbox_id=e33bf7ca-011a-4d02-9a44-ed7755851f6e command_id=697e19f1c96fd9a8c8a99702fcc8362d71af488edeab13bd85bea1fd92460afd outcome=RETRYABLE cause=MQCLIENTEXCEPTION
2026-08-11T10:08:06.855+08:00 INFO  d.f.m.outbox.OutboxDispatcher request_id= idempotency_key= order_id= user_id= sku_id= payment_tx= - Outbox publication deferred outbox_id=837db1f2-eb4d-460a-86cb-535b999810e1 command_id=d140cb758bea32732052ea7654bb4123f89dc5044b75f51097ac36566d0f5650 outcome=RETRYABLE cause=MQCLIENTEXCEPTION
2026-08-11T10:08:06.984+08:00 INFO  d.f.m.outbox.OutboxDispatcher request_id= idempotency_key= order_id= user_id= sku_id= payment_tx= - Outbox publication deferred outbox_id=81ad9346-4d4e-489c-a4c9-208ae626d251 command_id=e430205ab37c6941ba52ab58a035c3253a73770c34fef5cf81f4213b43a1c6ce outcome=RETRYABLE cause=MQCLIENTEXCEPTION
2026-08-11T10:08:06.990+08:00 INFO  d.f.m.outbox.OutboxDispatcher request_id= idempotency_key= order_id= user_id= sku_id= payment_tx= - Outbox publication deferred outbox_id=82a2d6af-4837-402f-a3ff-eae6dfd620bb command_id=e1bf8cdca77f338c0f7f913bc35ce9eabbd82ff177d4ec0ddfa95d826def4943 outcome=RETRYABLE cause=MQCLIENTEXCEPTION
2026-08-11T10:08:06.997+08:00 INFO  d.f.m.outbox.OutboxDispatcher request_id= idempotency_key= order_id= user_id= sku_id= payment_tx= - Outbox publication deferred outbox_id=e9d964ae-4522-46a7-8857-6f6af403c354 command_id=5f63d57e3402723324c8efbc2549f322266813cf1b567d285f33c785236d5bf1 outcome=RETRYABLE cause=MQCLIENTEXCEPTION
2026-08-11T10:08:07.005+08:00 INFO  d.f.m.outbox.OutboxDispatcher request_id= idempotency_key= order_id= user_id= sku_id= payment_tx= - Outbox publication deferred outbox_id=ad7ddc73-03e7-4e0f-9731-a04615079998 command_id=892eb273c03610e22537d482e912630c6216bac5f016655203259684b12bfffa outcome=RETRYABLE cause=MQCLIENTEXCEPTION
2026-08-11T10:08:07.133+08:00 INFO  d.f.m.outbox.OutboxDispatcher request_id= idempotency_key= order_id= user_id= sku_id= payment_tx= - Outbox publication deferred outbox_id=71bf7d94-af82-436b-846b-08c3317bfd76 command_id=fbf05fc3d7471503ccee0c99ee16b798dc394386a561756a96bc343fc40c44b8 outcome=RETRYABLE cause=MQCLIENTEXCEPTION
2026-08-11T10:08:07.159+08:00 INFO  d.f.m.outbox.OutboxDispatcher request_id= idempotency_key= order_id= user_id= sku_id= payment_tx= - Outbox publication deferred outbox_id=00673324-f15d-4d7c-a800-1e7a30fe82be command_id=c7461b1d524ab017235e56e044e1f152ff4f8fe0c212eff1fb2e76b82ff41677 outcome=RETRYABLE cause=MQCLIENTEXCEPTION
2026-08-11T10:08:07.166+08:00 INFO  d.f.m.outbox.OutboxDispatcher request_id= idempotency_key= order_id= user_id= sku_id= payment_tx= - Outbox publication deferred outbox_id=4347c667-653a-4803-9c97-1a27689fdce1 command_id=7e1ba64107f76ad53fd732b304512ed909db713c2023506dbb6b4e756ec6aa04 outcome=RETRYABLE cause=MQCLIENTEXCEPTION
2026-08-11T10:08:07.173+08:00 INFO  d.f.m.outbox.OutboxDispatcher request_id= idempotency_key= order_id= user_id= sku_id= payment_tx= - Outbox publication deferred outbox_id=d6360ee3-1c4e-436b-880c-87d9025f9252 command_id=f90197bf29a0ceb151057786d79cea07541679bb09cd093462b28d25d31a056c outcome=RETRYABLE cause=MQCLIENTEXCEPTION
2026-08-11T10:08:07.309+08:00 INFO  d.f.m.outbox.OutboxDispatcher request_id= idempotency_key= order_id= user_id= sku_id= payment_tx= - Outbox publication deferred outbox_id=7cfc8a74-8ce5-42e0-890d-6b0c6057245a command_id=eb7681716d82cdd2386cddb3b28c93948dc659763bce5abc33c3b8985b061d6f outcome=RETRYABLE cause=MQCLIENTEXCEPTION
2026-08-11T10:08:07.314+08:00 INFO  d.f.m.outbox.OutboxDispatcher request_id= idempotency_key= order_id= user_id= sku_id= payment_tx= - Outbox publication deferred outbox_id=169acd35-6b18-455e-aca6-9dac3ab69d19 command_id=fa40361b3ab4b1bbb638db3f4b64e4af211dba32cf7116ca37589bc25bd0363b outcome=RETRYABLE cause=MQCLIENTEXCEPTION
2026-08-11T10:08:07.327+08:00 INFO  d.f.m.outbox.OutboxDispatcher request_id= idempotency_key= order_id= user_id= sku_id= payment_tx= - Outbox publication deferred outbox_id=e33bf7ca-011a-4d02-9a44-ed7755851f6e command_id=697e19f1c96fd9a8c8a99702fcc8362d71af488edeab13bd85bea1fd92460afd outcome=RETRYABLE cause=MQCLIENTEXCEPTION
2026-08-11T10:08:07.340+08:00 INFO  d.f.m.outbox.OutboxDispatcher request_id= idempotency_key= order_id= user_id= sku_id= payment_tx= - Outbox publication deferred outbox_id=837db1f2-eb4d-460a-86cb-535b999810e1 command_id=d140cb758bea32732052ea7654bb4123f89dc5044b75f51097ac36566d0f5650 outcome=RETRYABLE cause=MQCLIENTEXCEPTION
2026-08-11T10:08:07.471+08:00 INFO  d.f.m.outbox.OutboxDispatcher request_id= idempotency_key= order_id= user_id= sku_id= payment_tx= - Outbox publication deferred outbox_id=81ad9346-4d4e-489c-a4c9-208ae626d251 command_id=e430205ab37c6941ba52ab58a035c3253a73770c34fef5cf81f4213b43a1c6ce outcome=RETRYABLE cause=MQCLIENTEXCEPTION
2026-08-11T10:08:07.477+08:00 INFO  d.f.m.outbox.OutboxDispatcher request_id= idempotency_key= order_id= user_id= sku_id= payment_tx= - Outbox publication deferred outbox_id=82a2d6af-4837-402f-a3ff-eae6dfd620bb command_id=e1bf8cdca77f338c0f7f913bc35ce9eabbd82ff177d4ec0ddfa95d826def4943 outcome=RETRYABLE cause=MQCLIENTEXCEPTION
2026-08-11T10:08:07.482+08:00 INFO  d.f.m.outbox.OutboxDispatcher request_id= idempotency_key= order_id= user_id= sku_id= payment_tx= - Outbox publication deferred outbox_id=e9d964ae-4522-46a7-8857-6f6af403c354 command_id=5f63d57e3402723324c8efbc2549f322266813cf1b567d285f33c785236d5bf1 outcome=RETRYABLE cause=MQCLIENTEXCEPTION
2026-08-11T10:08:07.488+08:00 INFO  d.f.m.outbox.OutboxDispatcher request_id= idempotency_key= order_id= user_id= sku_id= payment_tx= - Outbox publication deferred outbox_id=ad7ddc73-03e7-4e0f-9731-a04615079998 command_id=892eb273c03610e22537d482e912630c6216bac5f016655203259684b12bfffa outcome=RETRYABLE cause=MQCLIENTEXCEPTION
2026-08-11T10:08:08.050+08:00 INFO  d.f.m.outbox.OutboxDispatcher request_id= idempotency_key= order_id= user_id= sku_id= payment_tx= - Outbox publication deferred outbox_id=71bf7d94-af82-436b-846b-08c3317bfd76 command_id=fbf05fc3d7471503ccee0c99ee16b798dc394386a561756a96bc343fc40c44b8 outcome=RETRYABLE cause=MQCLIENTEXCEPTION
2026-08-11T10:08:08.055+08:00 INFO  d.f.m.outbox.OutboxDispatcher request_id= idempotency_key= order_id= user_id= sku_id= payment_tx= - Outbox publication deferred outbox_id=00673324-f15d-4d7c-a800-1e7a30fe82be command_id=c7461b1d524ab017235e56e044e1f152ff4f8fe0c212eff1fb2e76b82ff41677 outcome=RETRYABLE cause=MQCLIENTEXCEPTION
2026-08-11T10:08:08.060+08:00 INFO  d.f.m.outbox.OutboxDispatcher request_id= idempotency_key= order_id= user_id= sku_id= payment_tx= - Outbox publication deferred outbox_id=4347c667-653a-4803-9c97-1a27689fdce1 command_id=7e1ba64107f76ad53fd732b304512ed909db713c2023506dbb6b4e756ec6aa04 outcome=RETRYABLE cause=MQCLIENTEXCEPTION
2026-08-11T10:08:08.064+08:00 INFO  d.f.m.outbox.OutboxDispatcher request_id= idempotency_key= order_id= user_id= sku_id= payment_tx= - Outbox publication deferred outbox_id=d6360ee3-1c4e-436b-880c-87d9025f9252 command_id=f90197bf29a0ceb151057786d79cea07541679bb09cd093462b28d25d31a056c outcome=RETRYABLE cause=MQCLIENTEXCEPTION
2026-08-11T10:08:08.191+08:00 INFO  d.f.m.outbox.OutboxDispatcher request_id= idempotency_key= order_id= user_id= sku_id= payment_tx= - Outbox publication deferred outbox_id=7cfc8a74-8ce5-42e0-890d-6b0c6057245a command_id=eb7681716d82cdd2386cddb3b28c93948dc659763bce5abc33c3b8985b061d6f outcome=RETRYABLE cause=MQCLIENTEXCEPTION
2026-08-11T10:08:08.196+08:00 INFO  d.f.m.outbox.OutboxDispatcher request_id= idempotency_key= order_id= user_id= sku_id= payment_tx= - Outbox publication deferred outbox_id=169acd35-6b18-455e-aca6-9dac3ab69d19 command_id=fa40361b3ab4b1bbb638db3f4b64e4af211dba32cf7116ca37589bc25bd0363b outcome=RETRYABLE cause=MQCLIENTEXCEPTION
2026-08-11T10:08:08.198+08:00 INFO  d.f.m.outbox.OutboxDispatcher request_id= idempotency_key= order_id= user_id= sku_id= payment_tx= - Outbox publication deferred outbox_id=e33bf7ca-011a-4d02-9a44-ed7755851f6e command_id=697e19f1c96fd9a8c8a99702fcc8362d71af488edeab13bd85bea1fd92460afd outcome=RETRYABLE cause=MQCLIENTEXCEPTION
2026-08-11T10:08:08.200+08:00 INFO  d.f.m.outbox.OutboxDispatcher request_id= idempotency_key= order_id= user_id= sku_id= payment_tx= - Outbox publication deferred outbox_id=837db1f2-eb4d-460a-86cb-535b999810e1 command_id=d140cb758bea32732052ea7654bb4123f89dc5044b75f51097ac36566d0f5650 outcome=RETRYABLE cause=MQCLIENTEXCEPTION
2026-08-11T10:08:08.315+08:00 INFO  d.f.m.outbox.OutboxDispatcher request_id= idempotency_key= order_id= user_id= sku_id= payment_tx= - Outbox publication deferred outbox_id=81ad9346-4d4e-489c-a4c9-208ae626d251 command_id=e430205ab37c6941ba52ab58a035c3253a73770c34fef5cf81f4213b43a1c6ce outcome=RETRYABLE cause=MQCLIENTEXCEPTION
2026-08-11T10:08:08.317+08:00 INFO  d.f.m.outbox.OutboxDispatcher request_id= idempotency_key= order_id= user_id= sku_id= payment_tx= - Outbox publication deferred outbox_id=82a2d6af-4837-402f-a3ff-eae6dfd620bb command_id=e1bf8cdca77f338c0f7f913bc35ce9eabbd82ff177d4ec0ddfa95d826def4943 outcome=RETRYABLE cause=MQCLIENTEXCEPTION
2026-08-11T10:08:08.318+08:00 INFO  d.f.m.outbox.OutboxDispatcher request_id= idempotency_key= order_id= user_id= sku_id= payment_tx= - Outbox publication deferred outbox_id=e9d964ae-4522-46a7-8857-6f6af403c354 command_id=5f63d57e3402723324c8efbc2549f322266813cf1b567d285f33c785236d5bf1 outcome=RETRYABLE cause=MQCLIENTEXCEPTION
2026-08-11T10:08:08.321+08:00 INFO  d.f.m.outbox.OutboxDispatcher request_id= idempotency_key= order_id= user_id= sku_id= payment_tx= - Outbox publication deferred outbox_id=ad7ddc73-03e7-4e0f-9731-a04615079998 command_id=892eb273c03610e22537d482e912630c6216bac5f016655203259684b12bfffa outcome=RETRYABLE cause=MQCLIENTEXCEPTION
2026-08-11T10:08:09.104+08:00 INFO  d.f.m.outbox.OutboxDispatcher request_id= idempotency_key= order_id= user_id= sku_id= payment_tx= - Outbox publication deferred outbox_id=71bf7d94-af82-436b-846b-08c3317bfd76 command_id=fbf05fc3d7471503ccee0c99ee16b798dc394386a561756a96bc343fc40c44b8 outcome=RETRYABLE cause=MQCLIENTEXCEPTION
2026-08-11T10:08:09.115+08:00 INFO  d.f.m.outbox.OutboxDispatcher request_id= idempotency_key= order_id= user_id= sku_id= payment_tx= - Outbox publication deferred outbox_id=00673324-f15d-4d7c-a800-1e7a30fe82be command_id=c7461b1d524ab017235e56e044e1f152ff4f8fe0c212eff1fb2e76b82ff41677 outcome=RETRYABLE cause=MQCLIENTEXCEPTION
2026-08-11T10:08:09.126+08:00 INFO  d.f.m.outbox.OutboxDispatcher request_id= idempotency_key= order_id= user_id= sku_id= payment_tx= - Outbox publication deferred outbox_id=4347c667-653a-4803-9c97-1a27689fdce1 command_id=7e1ba64107f76ad53fd732b304512ed909db713c2023506dbb6b4e756ec6aa04 outcome=RETRYABLE cause=MQCLIENTEXCEPTION
2026-08-11T10:08:09.143+08:00 INFO  d.f.m.outbox.OutboxDispatcher request_id= idempotency_key= order_id= user_id= sku_id= payment_tx= - Outbox publication deferred outbox_id=d6360ee3-1c4e-436b-880c-87d9025f9252 command_id=f90197bf29a0ceb151057786d79cea07541679bb09cd093462b28d25d31a056c outcome=RETRYABLE cause=MQCLIENTEXCEPTION
2026-08-11T10:08:09.274+08:00 INFO  d.f.m.outbox.OutboxDispatcher request_id= idempotency_key= order_id= user_id= sku_id= payment_tx= - Outbox publication deferred outbox_id=7cfc8a74-8ce5-42e0-890d-6b0c6057245a command_id=eb7681716d82cdd2386cddb3b28c93948dc659763bce5abc33c3b8985b061d6f outcome=RETRYABLE cause=MQCLIENTEXCEPTION
2026-08-11T10:08:09.290+08:00 INFO  d.f.m.outbox.OutboxDispatcher request_id= idempotency_key= order_id= user_id= sku_id= payment_tx= - Outbox publication deferred outbox_id=169acd35-6b18-455e-aca6-9dac3ab69d19 command_id=fa40361b3ab4b1bbb638db3f4b64e4af211dba32cf7116ca37589bc25bd0363b outcome=RETRYABLE cause=MQCLIENTEXCEPTION
2026-08-11T10:08:09.299+08:00 INFO  d.f.m.outbox.OutboxDispatcher request_id= idempotency_key= order_id= user_id= sku_id= payment_tx= - Outbox publication deferred outbox_id=e33bf7ca-011a-4d02-9a44-ed7755851f6e command_id=697e19f1c96fd9a8c8a99702fcc8362d71af488edeab13bd85bea1fd92460afd outcome=RETRYABLE cause=MQCLIENTEXCEPTION
2026-08-11T10:08:09.306+08:00 INFO  d.f.m.outbox.OutboxDispatcher request_id= idempotency_key= order_id= user_id= sku_id= payment_tx= - Outbox publication deferred outbox_id=837db1f2-eb4d-460a-86cb-535b999810e1 command_id=d140cb758bea32732052ea7654bb4123f89dc5044b75f51097ac36566d0f5650 outcome=RETRYABLE cause=MQCLIENTEXCEPTION
2026-08-11T10:08:09.453+08:00 INFO  d.f.m.outbox.OutboxDispatcher request_id= idempotency_key= order_id= user_id= sku_id= payment_tx= - Outbox publication deferred outbox_id=81ad9346-4d4e-489c-a4c9-208ae626d251 command_id=e430205ab37c6941ba52ab58a035c3253a73770c34fef5cf81f4213b43a1c6ce outcome=RETRYABLE cause=MQCLIENTEXCEPTION
2026-08-11T10:08:09.465+08:00 INFO  d.f.m.outbox.OutboxDispatcher request_id= idempotency_key= order_id= user_id= sku_id= payment_tx= - Outbox publication deferred outbox_id=82a2d6af-4837-402f-a3ff-eae6dfd620bb command_id=e1bf8cdca77f338c0f7f913bc35ce9eabbd82ff177d4ec0ddfa95d826def4943 outcome=RETRYABLE cause=MQCLIENTEXCEPTION
2026-08-11T10:08:09.488+08:00 INFO  d.f.m.outbox.OutboxDispatcher request_id= idempotency_key= order_id= user_id= sku_id= payment_tx= - Outbox publication deferred outbox_id=e9d964ae-4522-46a7-8857-6f6af403c354 command_id=5f63d57e3402723324c8efbc2549f322266813cf1b567d285f33c785236d5bf1 outcome=RETRYABLE cause=MQCLIENTEXCEPTION
2026-08-11T10:08:09.497+08:00 INFO  d.f.m.outbox.OutboxDispatcher request_id= idempotency_key= order_id= user_id= sku_id= payment_tx= - Outbox publication deferred outbox_id=ad7ddc73-03e7-4e0f-9731-a04615079998 command_id=892eb273c03610e22537d482e912630c6216bac5f016655203259684b12bfffa outcome=RETRYABLE cause=MQCLIENTEXCEPTION
2026-08-11T10:08:10.145+08:00 INFO  d.f.m.outbox.OutboxDispatcher request_id= idempotency_key= order_id= user_id= sku_id= payment_tx= - Outbox publication deferred outbox_id=71bf7d94-af82-436b-846b-08c3317bfd76 command_id=fbf05fc3d7471503ccee0c99ee16b798dc394386a561756a96bc343fc40c44b8 outcome=RETRYABLE cause=MQCLIENTEXCEPTION
2026-08-11T10:08:10.148+08:00 INFO  d.f.m.outbox.OutboxDispatcher request_id= idempotency_key= order_id= user_id= sku_id= payment_tx= - Outbox publication deferred outbox_id=00673324-f15d-4d7c-a800-1e7a30fe82be command_id=c7461b1d524ab017235e56e044e1f152ff4f8fe0c212eff1fb2e76b82ff41677 outcome=RETRYABLE cause=MQCLIENTEXCEPTION
2026-08-11T10:08:10.151+08:00 INFO  d.f.m.outbox.OutboxDispatcher request_id= idempotency_key= order_id= user_id= sku_id= payment_tx= - Outbox publication deferred outbox_id=4347c667-653a-4803-9c97-1a27689fdce1 command_id=7e1ba64107f76ad53fd732b304512ed909db713c2023506dbb6b4e756ec6aa04 outcome=RETRYABLE cause=MQCLIENTEXCEPTION
2026-08-11T10:08:10.153+08:00 INFO  d.f.m.outbox.OutboxDispatcher request_id= idempotency_key= order_id= user_id= sku_id= payment_tx= - Outbox publication deferred outbox_id=d6360ee3-1c4e-436b-880c-87d9025f9252 command_id=f90197bf29a0ceb151057786d79cea07541679bb09cd093462b28d25d31a056c outcome=RETRYABLE cause=MQCLIENTEXCEPTION
2026-08-11T10:08:10.371+08:00 INFO  d.f.m.outbox.OutboxDispatcher request_id= idempotency_key= order_id= user_id= sku_id= payment_tx= - Outbox publication deferred outbox_id=7cfc8a74-8ce5-42e0-890d-6b0c6057245a command_id=eb7681716d82cdd2386cddb3b28c93948dc659763bce5abc33c3b8985b061d6f outcome=RETRYABLE cause=MQCLIENTEXCEPTION
2026-08-11T10:08:10.374+08:00 INFO  d.f.m.outbox.OutboxDispatcher request_id= idempotency_key= order_id= user_id= sku_id= payment_tx= - Outbox publication deferred outbox_id=169acd35-6b18-455e-aca6-9dac3ab69d19 command_id=fa40361b3ab4b1bbb638db3f4b64e4af211dba32cf7116ca37589bc25bd0363b outcome=RETRYABLE cause=MQCLIENTEXCEPTION
2026-08-11T10:08:10.376+08:00 INFO  d.f.m.outbox.OutboxDispatcher request_id= idempotency_key= order_id= user_id= sku_id= payment_tx= - Outbox publication deferred outbox_id=e33bf7ca-011a-4d02-9a44-ed7755851f6e command_id=697e19f1c96fd9a8c8a99702fcc8362d71af488edeab13bd85bea1fd92460afd outcome=RETRYABLE cause=MQCLIENTEXCEPTION
2026-08-11T10:08:10.378+08:00 INFO  d.f.m.outbox.OutboxDispatcher request_id= idempotency_key= order_id= user_id= sku_id= payment_tx= - Outbox publication deferred outbox_id=837db1f2-eb4d-460a-86cb-535b999810e1 command_id=d140cb758bea32732052ea7654bb4123f89dc5044b75f51097ac36566d0f5650 outcome=RETRYABLE cause=MQCLIENTEXCEPTION
2026-08-11T10:08:10.492+08:00 INFO  d.f.m.outbox.OutboxDispatcher request_id= idempotency_key= order_id= user_id= sku_id= payment_tx= - Outbox publication deferred outbox_id=81ad9346-4d4e-489c-a4c9-208ae626d251 command_id=e430205ab37c6941ba52ab58a035c3253a73770c34fef5cf81f4213b43a1c6ce outcome=RETRYABLE cause=MQCLIENTEXCEPTION
2026-08-11T10:08:10.495+08:00 INFO  d.f.m.outbox.OutboxDispatcher request_id= idempotency_key= order_id= user_id= sku_id= payment_tx= - Outbox publication deferred outbox_id=82a2d6af-4837-402f-a3ff-eae6dfd620bb command_id=e1bf8cdca77f338c0f7f913bc35ce9eabbd82ff177d4ec0ddfa95d826def4943 outcome=RETRYABLE cause=MQCLIENTEXCEPTION
2026-08-11T10:08:10.498+08:00 INFO  d.f.m.outbox.OutboxDispatcher request_id= idempotency_key= order_id= user_id= sku_id= payment_tx= - Outbox publication deferred outbox_id=e9d964ae-4522-46a7-8857-6f6af403c354 command_id=5f63d57e3402723324c8efbc2549f322266813cf1b567d285f33c785236d5bf1 outcome=RETRYABLE cause=MQCLIENTEXCEPTION
2026-08-11T10:08:10.609+08:00 INFO  d.f.m.outbox.OutboxDispatcher request_id= idempotency_key= order_id= user_id= sku_id= payment_tx= - Outbox publication deferred outbox_id=ad7ddc73-03e7-4e0f-9731-a04615079998 command_id=892eb273c03610e22537d482e912630c6216bac5f016655203259684b12bfffa outcome=RETRYABLE cause=MQCLIENTEXCEPTION
2026-08-11T10:08:11.288+08:00 INFO  d.f.m.outbox.OutboxDispatcher request_id= idempotency_key= order_id= user_id= sku_id= payment_tx= - Outbox publication deferred outbox_id=71bf7d94-af82-436b-846b-08c3317bfd76 command_id=fbf05fc3d7471503ccee0c99ee16b798dc394386a561756a96bc343fc40c44b8 outcome=RETRYABLE cause=MQCLIENTEXCEPTION
2026-08-11T10:08:11.292+08:00 INFO  d.f.m.outbox.OutboxDispatcher request_id= idempotency_key= order_id= user_id= sku_id= payment_tx= - Outbox publication deferred outbox_id=00673324-f15d-4d7c-a800-1e7a30fe82be command_id=c7461b1d524ab017235e56e044e1f152ff4f8fe0c212eff1fb2e76b82ff41677 outcome=RETRYABLE cause=MQCLIENTEXCEPTION
2026-08-11T10:08:11.298+08:00 INFO  d.f.m.outbox.OutboxDispatcher request_id= idempotency_key= order_id= user_id= sku_id= payment_tx= - Outbox publication deferred outbox_id=4347c667-653a-4803-9c97-1a27689fdce1 command_id=7e1ba64107f76ad53fd732b304512ed909db713c2023506dbb6b4e756ec6aa04 outcome=RETRYABLE cause=MQCLIENTEXCEPTION
2026-08-11T10:08:11.301+08:00 INFO  d.f.m.outbox.OutboxDispatcher request_id= idempotency_key= order_id= user_id= sku_id= payment_tx= - Outbox publication deferred outbox_id=d6360ee3-1c4e-436b-880c-87d9025f9252 command_id=f90197bf29a0ceb151057786d79cea07541679bb09cd093462b28d25d31a056c outcome=RETRYABLE cause=MQCLIENTEXCEPTION
2026-08-11T10:08:11.419+08:00 INFO  d.f.m.outbox.OutboxDispatcher request_id= idempotency_key= order_id= user_id= sku_id= payment_tx= - Outbox publication deferred outbox_id=7cfc8a74-8ce5-42e0-890d-6b0c6057245a command_id=eb7681716d82cdd2386cddb3b28c93948dc659763bce5abc33c3b8985b061d6f outcome=RETRYABLE cause=MQCLIENTEXCEPTION
2026-08-11T10:08:11.424+08:00 INFO  d.f.m.outbox.OutboxDispatcher request_id= idempotency_key= order_id= user_id= sku_id= payment_tx= - Outbox publication deferred outbox_id=169acd35-6b18-455e-aca6-9dac3ab69d19 command_id=fa40361b3ab4b1bbb638db3f4b64e4af211dba32cf7116ca37589bc25bd0363b outcome=RETRYABLE cause=MQCLIENTEXCEPTION
2026-08-11T10:08:11.428+08:00 INFO  d.f.m.outbox.OutboxDispatcher request_id= idempotency_key= order_id= user_id= sku_id= payment_tx= - Outbox publication deferred outbox_id=e33bf7ca-011a-4d02-9a44-ed7755851f6e command_id=697e19f1c96fd9a8c8a99702fcc8362d71af488edeab13bd85bea1fd92460afd outcome=RETRYABLE cause=MQCLIENTEXCEPTION
2026-08-11T10:08:11.433+08:00 INFO  d.f.m.outbox.OutboxDispatcher request_id= idempotency_key= order_id= user_id= sku_id= payment_tx= - Outbox publication deferred outbox_id=837db1f2-eb4d-460a-86cb-535b999810e1 command_id=d140cb758bea32732052ea7654bb4123f89dc5044b75f51097ac36566d0f5650 outcome=RETRYABLE cause=MQCLIENTEXCEPTION
2026-08-11T10:08:11.546+08:00 INFO  d.f.m.outbox.OutboxDispatcher request_id= idempotency_key= order_id= user_id= sku_id= payment_tx= - Outbox publication deferred outbox_id=81ad9346-4d4e-489c-a4c9-208ae626d251 command_id=e430205ab37c6941ba52ab58a035c3253a73770c34fef5cf81f4213b43a1c6ce outcome=RETRYABLE cause=MQCLIENTEXCEPTION
2026-08-11T10:08:11.549+08:00 INFO  d.f.m.outbox.OutboxDispatcher request_id= idempotency_key= order_id= user_id= sku_id= payment_tx= - Outbox publication deferred outbox_id=82a2d6af-4837-402f-a3ff-eae6dfd620bb command_id=e1bf8cdca77f338c0f7f913bc35ce9eabbd82ff177d4ec0ddfa95d826def4943 outcome=RETRYABLE cause=MQCLIENTEXCEPTION
2026-08-11T10:08:11.551+08:00 INFO  d.f.m.outbox.OutboxDispatcher request_id= idempotency_key= order_id= user_id= sku_id= payment_tx= - Outbox publication deferred outbox_id=e9d964ae-4522-46a7-8857-6f6af403c354 command_id=5f63d57e3402723324c8efbc2549f322266813cf1b567d285f33c785236d5bf1 outcome=RETRYABLE cause=MQCLIENTEXCEPTION
2026-08-11T10:08:11.662+08:00 INFO  d.f.m.outbox.OutboxDispatcher request_id= idempotency_key= order_id= user_id= sku_id= payment_tx= - Outbox publication deferred outbox_id=ad7ddc73-03e7-4e0f-9731-a04615079998 command_id=892eb273c03610e22537d482e912630c6216bac5f016655203259684b12bfffa outcome=RETRYABLE cause=MQCLIENTEXCEPTION
2026-08-11T10:08:12.306+08:00 INFO  d.f.m.outbox.OutboxDispatcher request_id= idempotency_key= order_id= user_id= sku_id= payment_tx= - Outbox publication deferred outbox_id=71bf7d94-af82-436b-846b-08c3317bfd76 command_id=fbf05fc3d7471503ccee0c99ee16b798dc394386a561756a96bc343fc40c44b8 outcome=RETRYABLE cause=MQCLIENTEXCEPTION
2026-08-11T10:08:12.309+08:00 INFO  d.f.m.outbox.OutboxDispatcher request_id= idempotency_key= order_id= user_id= sku_id= payment_tx= - Outbox publication deferred outbox_id=00673324-f15d-4d7c-a800-1e7a30fe82be command_id=c7461b1d524ab017235e56e044e1f152ff4f8fe0c212eff1fb2e76b82ff41677 outcome=RETRYABLE cause=MQCLIENTEXCEPTION
2026-08-11T10:08:12.311+08:00 INFO  d.f.m.outbox.OutboxDispatcher request_id= idempotency_key= order_id= user_id= sku_id= payment_tx= - Outbox publication deferred outbox_id=4347c667-653a-4803-9c97-1a27689fdce1 command_id=7e1ba64107f76ad53fd732b304512ed909db713c2023506dbb6b4e756ec6aa04 outcome=RETRYABLE cause=MQCLIENTEXCEPTION
2026-08-11T10:08:12.424+08:00 INFO  d.f.m.outbox.OutboxDispatcher request_id= idempotency_key= order_id= user_id= sku_id= payment_tx= - Outbox publication deferred outbox_id=d6360ee3-1c4e-436b-880c-87d9025f9252 command_id=f90197bf29a0ceb151057786d79cea07541679bb09cd093462b28d25d31a056c outcome=RETRYABLE cause=MQCLIENTEXCEPTION
2026-08-11T10:08:12.426+08:00 INFO  d.f.m.outbox.OutboxDispatcher request_id= idempotency_key= order_id= user_id= sku_id= payment_tx= - Outbox publication deferred outbox_id=7cfc8a74-8ce5-42e0-890d-6b0c6057245a command_id=eb7681716d82cdd2386cddb3b28c93948dc659763bce5abc33c3b8985b061d6f outcome=RETRYABLE cause=MQCLIENTEXCEPTION
2026-08-11T10:08:12.537+08:00 INFO  d.f.m.outbox.OutboxDispatcher request_id= idempotency_key= order_id= user_id= sku_id= payment_tx= - Outbox publication deferred outbox_id=169acd35-6b18-455e-aca6-9dac3ab69d19 command_id=fa40361b3ab4b1bbb638db3f4b64e4af211dba32cf7116ca37589bc25bd0363b outcome=RETRYABLE cause=MQCLIENTEXCEPTION
2026-08-11T10:08:12.540+08:00 INFO  d.f.m.outbox.OutboxDispatcher request_id= idempotency_key= order_id= user_id= sku_id= payment_tx= - Outbox publication deferred outbox_id=e33bf7ca-011a-4d02-9a44-ed7755851f6e command_id=697e19f1c96fd9a8c8a99702fcc8362d71af488edeab13bd85bea1fd92460afd outcome=RETRYABLE cause=MQCLIENTEXCEPTION
2026-08-11T10:08:12.545+08:00 INFO  d.f.m.outbox.OutboxDispatcher request_id= idempotency_key= order_id= user_id= sku_id= payment_tx= - Outbox publication deferred outbox_id=837db1f2-eb4d-460a-86cb-535b999810e1 command_id=d140cb758bea32732052ea7654bb4123f89dc5044b75f51097ac36566d0f5650 outcome=RETRYABLE cause=MQCLIENTEXCEPTION
2026-08-11T10:08:12.655+08:00 INFO  d.f.m.outbox.OutboxDispatcher request_id= idempotency_key= order_id= user_id= sku_id= payment_tx= - Outbox publication deferred outbox_id=81ad9346-4d4e-489c-a4c9-208ae626d251 command_id=e430205ab37c6941ba52ab58a035c3253a73770c34fef5cf81f4213b43a1c6ce outcome=RETRYABLE cause=MQCLIENTEXCEPTION
2026-08-11T10:08:12.657+08:00 INFO  d.f.m.outbox.OutboxDispatcher request_id= idempotency_key= order_id= user_id= sku_id= payment_tx= - Outbox publication deferred outbox_id=82a2d6af-4837-402f-a3ff-eae6dfd620bb command_id=e1bf8cdca77f338c0f7f913bc35ce9eabbd82ff177d4ec0ddfa95d826def4943 outcome=RETRYABLE cause=MQCLIENTEXCEPTION
2026-08-11T10:08:12.660+08:00 INFO  d.f.m.outbox.OutboxDispatcher request_id= idempotency_key= order_id= user_id= sku_id= payment_tx= - Outbox publication deferred outbox_id=e9d964ae-4522-46a7-8857-6f6af403c354 command_id=5f63d57e3402723324c8efbc2549f322266813cf1b567d285f33c785236d5bf1 outcome=RETRYABLE cause=MQCLIENTEXCEPTION
2026-08-11T10:08:12.772+08:00 INFO  d.f.m.outbox.OutboxDispatcher request_id= idempotency_key= order_id= user_id= sku_id= payment_tx= - Outbox publication deferred outbox_id=ad7ddc73-03e7-4e0f-9731-a04615079998 command_id=892eb273c03610e22537d482e912630c6216bac5f016655203259684b12bfffa outcome=RETRYABLE cause=MQCLIENTEXCEPTION
2026-08-11T10:08:13.407+08:00 INFO  d.f.m.outbox.OutboxDispatcher request_id= idempotency_key= order_id= user_id= sku_id= payment_tx= - Outbox publication deferred outbox_id=71bf7d94-af82-436b-846b-08c3317bfd76 command_id=fbf05fc3d7471503ccee0c99ee16b798dc394386a561756a96bc343fc40c44b8 outcome=RETRYABLE cause=MQCLIENTEXCEPTION
2026-08-11T10:08:13.409+08:00 INFO  d.f.m.outbox.OutboxDispatcher request_id= idempotency_key= order_id= user_id= sku_id= payment_tx= - Outbox publication deferred outbox_id=00673324-f15d-4d7c-a800-1e7a30fe82be command_id=c7461b1d524ab017235e56e044e1f152ff4f8fe0c212eff1fb2e76b82ff41677 outcome=RETRYABLE cause=MQCLIENTEXCEPTION
2026-08-11T10:08:13.412+08:00 INFO  d.f.m.outbox.OutboxDispatcher request_id= idempotency_key= order_id= user_id= sku_id= payment_tx= - Outbox publication deferred outbox_id=4347c667-653a-4803-9c97-1a27689fdce1 command_id=7e1ba64107f76ad53fd732b304512ed909db713c2023506dbb6b4e756ec6aa04 outcome=RETRYABLE cause=MQCLIENTEXCEPTION
2026-08-11T10:08:13.523+08:00 INFO  d.f.m.outbox.OutboxDispatcher request_id= idempotency_key= order_id= user_id= sku_id= payment_tx= - Outbox publication deferred outbox_id=d6360ee3-1c4e-436b-880c-87d9025f9252 command_id=f90197bf29a0ceb151057786d79cea07541679bb09cd093462b28d25d31a056c outcome=RETRYABLE cause=MQCLIENTEXCEPTION
2026-08-11T10:08:13.527+08:00 INFO  d.f.m.outbox.OutboxDispatcher request_id= idempotency_key= order_id= user_id= sku_id= payment_tx= - Outbox publication deferred outbox_id=7cfc8a74-8ce5-42e0-890d-6b0c6057245a command_id=eb7681716d82cdd2386cddb3b28c93948dc659763bce5abc33c3b8985b061d6f outcome=RETRYABLE cause=MQCLIENTEXCEPTION
2026-08-11T10:08:13.642+08:00 INFO  d.f.m.outbox.OutboxDispatcher request_id= idempotency_key= order_id= user_id= sku_id= payment_tx= - Outbox publication deferred outbox_id=169acd35-6b18-455e-aca6-9dac3ab69d19 command_id=fa40361b3ab4b1bbb638db3f4b64e4af211dba32cf7116ca37589bc25bd0363b outcome=RETRYABLE cause=MQCLIENTEXCEPTION
2026-08-11T10:08:13.646+08:00 INFO  d.f.m.outbox.OutboxDispatcher request_id= idempotency_key= order_id= user_id= sku_id= payment_tx= - Outbox publication deferred outbox_id=e33bf7ca-011a-4d02-9a44-ed7755851f6e command_id=697e19f1c96fd9a8c8a99702fcc8362d71af488edeab13bd85bea1fd92460afd outcome=RETRYABLE cause=MQCLIENTEXCEPTION
2026-08-11T10:08:13.649+08:00 INFO  d.f.m.outbox.OutboxDispatcher request_id= idempotency_key= order_id= user_id= sku_id= payment_tx= - Outbox publication deferred outbox_id=837db1f2-eb4d-460a-86cb-535b999810e1 command_id=d140cb758bea32732052ea7654bb4123f89dc5044b75f51097ac36566d0f5650 outcome=RETRYABLE cause=MQCLIENTEXCEPTION
2026-08-11T10:08:13.765+08:00 INFO  d.f.m.outbox.OutboxDispatcher request_id= idempotency_key= order_id= user_id= sku_id= payment_tx= - Outbox publication deferred outbox_id=81ad9346-4d4e-489c-a4c9-208ae626d251 command_id=e430205ab37c6941ba52ab58a035c3253a73770c34fef5cf81f4213b43a1c6ce outcome=RETRYABLE cause=MQCLIENTEXCEPTION
2026-08-11T10:08:13.768+08:00 INFO  d.f.m.outbox.OutboxDispatcher request_id= idempotency_key= order_id= user_id= sku_id= payment_tx= - Outbox publication deferred outbox_id=82a2d6af-4837-402f-a3ff-eae6dfd620bb command_id=e1bf8cdca77f338c0f7f913bc35ce9eabbd82ff177d4ec0ddfa95d826def4943 outcome=RETRYABLE cause=MQCLIENTEXCEPTION
2026-08-11T10:08:13.771+08:00 INFO  d.f.m.outbox.OutboxDispatcher request_id= idempotency_key= order_id= user_id= sku_id= payment_tx= - Outbox publication deferred outbox_id=e9d964ae-4522-46a7-8857-6f6af403c354 command_id=5f63d57e3402723324c8efbc2549f322266813cf1b567d285f33c785236d5bf1 outcome=RETRYABLE cause=MQCLIENTEXCEPTION
2026-08-11T10:08:13.884+08:00 INFO  d.f.m.outbox.OutboxDispatcher request_id= idempotency_key= order_id= user_id= sku_id= payment_tx= - Outbox publication deferred outbox_id=ad7ddc73-03e7-4e0f-9731-a04615079998 command_id=892eb273c03610e22537d482e912630c6216bac5f016655203259684b12bfffa outcome=RETRYABLE cause=MQCLIENTEXCEPTION
2026-08-11T10:08:14.415+08:00 INFO  d.f.m.outbox.OutboxDispatcher request_id= idempotency_key= order_id= user_id= sku_id= payment_tx= - Outbox publication deferred outbox_id=71bf7d94-af82-436b-846b-08c3317bfd76 command_id=fbf05fc3d7471503ccee0c99ee16b798dc394386a561756a96bc343fc40c44b8 outcome=RETRYABLE cause=MQCLIENTEXCEPTION
2026-08-11T10:08:14.417+08:00 INFO  d.f.m.outbox.OutboxDispatcher request_id= idempotency_key= order_id= user_id= sku_id= payment_tx= - Outbox publication deferred outbox_id=00673324-f15d-4d7c-a800-1e7a30fe82be command_id=c7461b1d524ab017235e56e044e1f152ff4f8fe0c212eff1fb2e76b82ff41677 outcome=RETRYABLE cause=MQCLIENTEXCEPTION
2026-08-11T10:08:14.527+08:00 INFO  d.f.m.outbox.OutboxDispatcher request_id= idempotency_key= order_id= user_id= sku_id= payment_tx= - Outbox publication deferred outbox_id=4347c667-653a-4803-9c97-1a27689fdce1 command_id=7e1ba64107f76ad53fd732b304512ed909db713c2023506dbb6b4e756ec6aa04 outcome=RETRYABLE cause=MQCLIENTEXCEPTION
2026-08-11T10:08:14.639+08:00 INFO  d.f.m.outbox.OutboxDispatcher request_id= idempotency_key= order_id= user_id= sku_id= payment_tx= - Outbox publication deferred outbox_id=d6360ee3-1c4e-436b-880c-87d9025f9252 command_id=f90197bf29a0ceb151057786d79cea07541679bb09cd093462b28d25d31a056c outcome=RETRYABLE cause=MQCLIENTEXCEPTION
2026-08-11T10:08:14.641+08:00 INFO  d.f.m.outbox.OutboxDispatcher request_id= idempotency_key= order_id= user_id= sku_id= payment_tx= - Outbox publication deferred outbox_id=7cfc8a74-8ce5-42e0-890d-6b0c6057245a command_id=eb7681716d82cdd2386cddb3b28c93948dc659763bce5abc33c3b8985b061d6f outcome=RETRYABLE cause=MQCLIENTEXCEPTION
2026-08-11T10:08:14.754+08:00 INFO  d.f.m.outbox.OutboxDispatcher request_id= idempotency_key= order_id= user_id= sku_id= payment_tx= - Outbox publication deferred outbox_id=169acd35-6b18-455e-aca6-9dac3ab69d19 command_id=fa40361b3ab4b1bbb638db3f4b64e4af211dba32cf7116ca37589bc25bd0363b outcome=RETRYABLE cause=MQCLIENTEXCEPTION
2026-08-11T10:08:14.757+08:00 INFO  d.f.m.outbox.OutboxDispatcher request_id= idempotency_key= order_id= user_id= sku_id= payment_tx= - Outbox publication deferred outbox_id=e33bf7ca-011a-4d02-9a44-ed7755851f6e command_id=697e19f1c96fd9a8c8a99702fcc8362d71af488edeab13bd85bea1fd92460afd outcome=RETRYABLE cause=MQCLIENTEXCEPTION
2026-08-11T10:08:14.762+08:00 INFO  d.f.m.outbox.OutboxDispatcher request_id= idempotency_key= order_id= user_id= sku_id= payment_tx= - Outbox publication deferred outbox_id=837db1f2-eb4d-460a-86cb-535b999810e1 command_id=d140cb758bea32732052ea7654bb4123f89dc5044b75f51097ac36566d0f5650 outcome=RETRYABLE cause=MQCLIENTEXCEPTION
2026-08-11T10:08:14.874+08:00 INFO  d.f.m.outbox.OutboxDispatcher request_id= idempotency_key= order_id= user_id= sku_id= payment_tx= - Outbox publication deferred outbox_id=81ad9346-4d4e-489c-a4c9-208ae626d251 command_id=e430205ab37c6941ba52ab58a035c3253a73770c34fef5cf81f4213b43a1c6ce outcome=RETRYABLE cause=MQCLIENTEXCEPTION
2026-08-11T10:08:14.876+08:00 INFO  d.f.m.outbox.OutboxDispatcher request_id= idempotency_key= order_id= user_id= sku_id= payment_tx= - Outbox publication deferred outbox_id=82a2d6af-4837-402f-a3ff-eae6dfd620bb command_id=e1bf8cdca77f338c0f7f913bc35ce9eabbd82ff177d4ec0ddfa95d826def4943 outcome=RETRYABLE cause=MQCLIENTEXCEPTION
2026-08-11T10:08:14.878+08:00 INFO  d.f.m.outbox.OutboxDispatcher request_id= idempotency_key= order_id= user_id= sku_id= payment_tx= - Outbox publication deferred outbox_id=e9d964ae-4522-46a7-8857-6f6af403c354 command_id=5f63d57e3402723324c8efbc2549f322266813cf1b567d285f33c785236d5bf1 outcome=RETRYABLE cause=MQCLIENTEXCEPTION
2026-08-11T10:08:14.985+08:00 INFO  d.f.m.outbox.OutboxDispatcher request_id= idempotency_key= order_id= user_id= sku_id= payment_tx= - Outbox publication deferred outbox_id=ad7ddc73-03e7-4e0f-9731-a04615079998 command_id=892eb273c03610e22537d482e912630c6216bac5f016655203259684b12bfffa outcome=RETRYABLE cause=MQCLIENTEXCEPTION
2026-08-11T10:08:15.522+08:00 INFO  d.f.m.outbox.OutboxDispatcher request_id= idempotency_key= order_id= user_id= sku_id= payment_tx= - Outbox publication deferred outbox_id=71bf7d94-af82-436b-846b-08c3317bfd76 command_id=fbf05fc3d7471503ccee0c99ee16b798dc394386a561756a96bc343fc40c44b8 outcome=RETRYABLE cause=MQCLIENTEXCEPTION
2026-08-11T10:08:15.524+08:00 INFO  d.f.m.outbox.OutboxDispatcher request_id= idempotency_key= order_id= user_id= sku_id= payment_tx= - Outbox publication deferred outbox_id=00673324-f15d-4d7c-a800-1e7a30fe82be command_id=c7461b1d524ab017235e56e044e1f152ff4f8fe0c212eff1fb2e76b82ff41677 outcome=RETRYABLE cause=MQCLIENTEXCEPTION
2026-08-11T10:08:15.637+08:00 INFO  d.f.m.outbox.OutboxDispatcher request_id= idempotency_key= order_id= user_id= sku_id= payment_tx= - Outbox publication deferred outbox_id=4347c667-653a-4803-9c97-1a27689fdce1 command_id=7e1ba64107f76ad53fd732b304512ed909db713c2023506dbb6b4e756ec6aa04 outcome=RETRYABLE cause=MQCLIENTEXCEPTION
2026-08-11T10:08:15.746+08:00 INFO  d.f.m.outbox.OutboxDispatcher request_id= idempotency_key= order_id= user_id= sku_id= payment_tx= - Outbox publication deferred outbox_id=d6360ee3-1c4e-436b-880c-87d9025f9252 command_id=f90197bf29a0ceb151057786d79cea07541679bb09cd093462b28d25d31a056c outcome=RETRYABLE cause=MQCLIENTEXCEPTION
2026-08-11T10:08:15.748+08:00 INFO  d.f.m.outbox.OutboxDispatcher request_id= idempotency_key= order_id= user_id= sku_id= payment_tx= - Outbox publication deferred outbox_id=7cfc8a74-8ce5-42e0-890d-6b0c6057245a command_id=eb7681716d82cdd2386cddb3b28c93948dc659763bce5abc33c3b8985b061d6f outcome=RETRYABLE cause=MQCLIENTEXCEPTION
2026-08-11T10:08:15.861+08:00 INFO  d.f.m.outbox.OutboxDispatcher request_id= idempotency_key= order_id= user_id= sku_id= payment_tx= - Outbox publication deferred outbox_id=169acd35-6b18-455e-aca6-9dac3ab69d19 command_id=fa40361b3ab4b1bbb638db3f4b64e4af211dba32cf7116ca37589bc25bd0363b outcome=RETRYABLE cause=MQCLIENTEXCEPTION
2026-08-11T10:08:15.863+08:00 INFO  d.f.m.outbox.OutboxDispatcher request_id= idempotency_key= order_id= user_id= sku_id= payment_tx= - Outbox publication deferred outbox_id=e33bf7ca-011a-4d02-9a44-ed7755851f6e command_id=697e19f1c96fd9a8c8a99702fcc8362d71af488edeab13bd85bea1fd92460afd outcome=RETRYABLE cause=MQCLIENTEXCEPTION
2026-08-11T10:08:15.865+08:00 INFO  d.f.m.outbox.OutboxDispatcher request_id= idempotency_key= order_id= user_id= sku_id= payment_tx= - Outbox publication deferred outbox_id=837db1f2-eb4d-460a-86cb-535b999810e1 command_id=d140cb758bea32732052ea7654bb4123f89dc5044b75f51097ac36566d0f5650 outcome=RETRYABLE cause=MQCLIENTEXCEPTION
2026-08-11T10:08:15.976+08:00 INFO  d.f.m.outbox.OutboxDispatcher request_id= idempotency_key= order_id= user_id= sku_id= payment_tx= - Outbox publication deferred outbox_id=81ad9346-4d4e-489c-a4c9-208ae626d251 command_id=e430205ab37c6941ba52ab58a035c3253a73770c34fef5cf81f4213b43a1c6ce outcome=RETRYABLE cause=MQCLIENTEXCEPTION
2026-08-11T10:08:15.979+08:00 INFO  d.f.m.outbox.OutboxDispatcher request_id= idempotency_key= order_id= user_id= sku_id= payment_tx= - Outbox publication deferred outbox_id=82a2d6af-4837-402f-a3ff-eae6dfd620bb command_id=e1bf8cdca77f338c0f7f913bc35ce9eabbd82ff177d4ec0ddfa95d826def4943 outcome=RETRYABLE cause=MQCLIENTEXCEPTION
2026-08-11T10:08:15.981+08:00 INFO  d.f.m.outbox.OutboxDispatcher request_id= idempotency_key= order_id= user_id= sku_id= payment_tx= - Outbox publication deferred outbox_id=e9d964ae-4522-46a7-8857-6f6af403c354 command_id=5f63d57e3402723324c8efbc2549f322266813cf1b567d285f33c785236d5bf1 outcome=RETRYABLE cause=MQCLIENTEXCEPTION
2026-08-11T10:08:16.091+08:00 INFO  d.f.m.outbox.OutboxDispatcher request_id= idempotency_key= order_id= user_id= sku_id= payment_tx= - Outbox publication deferred outbox_id=ad7ddc73-03e7-4e0f-9731-a04615079998 command_id=892eb273c03610e22537d482e912630c6216bac5f016655203259684b12bfffa outcome=RETRYABLE cause=MQCLIENTEXCEPTION
2026-08-11T10:08:16.627+08:00 INFO  d.f.m.outbox.OutboxDispatcher request_id= idempotency_key= order_id= user_id= sku_id= payment_tx= - Outbox publication deferred outbox_id=71bf7d94-af82-436b-846b-08c3317bfd76 command_id=fbf05fc3d7471503ccee0c99ee16b798dc394386a561756a96bc343fc40c44b8 outcome=RETRYABLE cause=MQCLIENTEXCEPTION
2026-08-11T10:08:16.630+08:00 INFO  d.f.m.outbox.OutboxDispatcher request_id= idempotency_key= order_id= user_id= sku_id= payment_tx= - Outbox publication deferred outbox_id=00673324-f15d-4d7c-a800-1e7a30fe82be command_id=c7461b1d524ab017235e56e044e1f152ff4f8fe0c212eff1fb2e76b82ff41677 outcome=RETRYABLE cause=MQCLIENTEXCEPTION
2026-08-11T10:08:16.738+08:00 INFO  d.f.m.outbox.OutboxDispatcher request_id= idempotency_key= order_id= user_id= sku_id= payment_tx= - Outbox publication deferred outbox_id=4347c667-653a-4803-9c97-1a27689fdce1 command_id=7e1ba64107f76ad53fd732b304512ed909db713c2023506dbb6b4e756ec6aa04 outcome=RETRYABLE cause=MQCLIENTEXCEPTION
2026-08-11T10:08:16.848+08:00 INFO  d.f.m.outbox.OutboxDispatcher request_id= idempotency_key= order_id= user_id= sku_id= payment_tx= - Outbox publication deferred outbox_id=d6360ee3-1c4e-436b-880c-87d9025f9252 command_id=f90197bf29a0ceb151057786d79cea07541679bb09cd093462b28d25d31a056c outcome=RETRYABLE cause=MQCLIENTEXCEPTION
2026-08-11T10:08:16.851+08:00 INFO  d.f.m.outbox.OutboxDispatcher request_id= idempotency_key= order_id= user_id= sku_id= payment_tx= - Outbox publication deferred outbox_id=7cfc8a74-8ce5-42e0-890d-6b0c6057245a command_id=eb7681716d82cdd2386cddb3b28c93948dc659763bce5abc33c3b8985b061d6f outcome=RETRYABLE cause=MQCLIENTEXCEPTION
2026-08-11T10:08:16.963+08:00 INFO  d.f.m.outbox.OutboxDispatcher request_id= idempotency_key= order_id= user_id= sku_id= payment_tx= - Outbox publication deferred outbox_id=169acd35-6b18-455e-aca6-9dac3ab69d19 command_id=fa40361b3ab4b1bbb638db3f4b64e4af211dba32cf7116ca37589bc25bd0363b outcome=RETRYABLE cause=MQCLIENTEXCEPTION
2026-08-11T10:08:16.965+08:00 INFO  d.f.m.outbox.OutboxDispatcher request_id= idempotency_key= order_id= user_id= sku_id= payment_tx= - Outbox publication deferred outbox_id=e33bf7ca-011a-4d02-9a44-ed7755851f6e command_id=697e19f1c96fd9a8c8a99702fcc8362d71af488edeab13bd85bea1fd92460afd outcome=RETRYABLE cause=MQCLIENTEXCEPTION
2026-08-11T10:08:16.968+08:00 INFO  d.f.m.outbox.OutboxDispatcher request_id= idempotency_key= order_id= user_id= sku_id= payment_tx= - Outbox publication deferred outbox_id=837db1f2-eb4d-460a-86cb-535b999810e1 command_id=d140cb758bea32732052ea7654bb4123f89dc5044b75f51097ac36566d0f5650 outcome=RETRYABLE cause=MQCLIENTEXCEPTION
2026-08-11T10:08:17.080+08:00 INFO  d.f.m.outbox.OutboxDispatcher request_id= idempotency_key= order_id= user_id= sku_id= payment_tx= - Outbox publication deferred outbox_id=81ad9346-4d4e-489c-a4c9-208ae626d251 command_id=e430205ab37c6941ba52ab58a035c3253a73770c34fef5cf81f4213b43a1c6ce outcome=RETRYABLE cause=MQCLIENTEXCEPTION
2026-08-11T10:08:17.083+08:00 INFO  d.f.m.outbox.OutboxDispatcher request_id= idempotency_key= order_id= user_id= sku_id= payment_tx= - Outbox publication deferred outbox_id=82a2d6af-4837-402f-a3ff-eae6dfd620bb command_id=e1bf8cdca77f338c0f7f913bc35ce9eabbd82ff177d4ec0ddfa95d826def4943 outcome=RETRYABLE cause=MQCLIENTEXCEPTION
2026-08-11T10:08:17.085+08:00 INFO  d.f.m.outbox.OutboxDispatcher request_id= idempotency_key= order_id= user_id= sku_id= payment_tx= - Outbox publication deferred outbox_id=e9d964ae-4522-46a7-8857-6f6af403c354 command_id=5f63d57e3402723324c8efbc2549f322266813cf1b567d285f33c785236d5bf1 outcome=RETRYABLE cause=MQCLIENTEXCEPTION
2026-08-11T10:08:17.191+08:00 INFO  d.f.m.outbox.OutboxDispatcher request_id= idempotency_key= order_id= user_id= sku_id= payment_tx= - Outbox publication deferred outbox_id=ad7ddc73-03e7-4e0f-9731-a04615079998 command_id=892eb273c03610e22537d482e912630c6216bac5f016655203259684b12bfffa outcome=RETRYABLE cause=MQCLIENTEXCEPTION
2026-08-11T10:08:17.720+08:00 INFO  d.f.m.outbox.OutboxDispatcher request_id= idempotency_key= order_id= user_id= sku_id= payment_tx= - Outbox publication deferred outbox_id=71bf7d94-af82-436b-846b-08c3317bfd76 command_id=fbf05fc3d7471503ccee0c99ee16b798dc394386a561756a96bc343fc40c44b8 outcome=RETRYABLE cause=MQCLIENTEXCEPTION
2026-08-11T10:08:17.723+08:00 INFO  d.f.m.outbox.OutboxDispatcher request_id= idempotency_key= order_id= user_id= sku_id= payment_tx= - Outbox publication deferred outbox_id=00673324-f15d-4d7c-a800-1e7a30fe82be command_id=c7461b1d524ab017235e56e044e1f152ff4f8fe0c212eff1fb2e76b82ff41677 outcome=RETRYABLE cause=MQCLIENTEXCEPTION
2026-08-11T10:08:17.836+08:00 INFO  d.f.m.outbox.OutboxDispatcher request_id= idempotency_key= order_id= user_id= sku_id= payment_tx= - Outbox publication deferred outbox_id=4347c667-653a-4803-9c97-1a27689fdce1 command_id=7e1ba64107f76ad53fd732b304512ed909db713c2023506dbb6b4e756ec6aa04 outcome=RETRYABLE cause=MQCLIENTEXCEPTION
2026-08-11T10:08:17.958+08:00 INFO  d.f.m.outbox.OutboxDispatcher request_id= idempotency_key= order_id= user_id= sku_id= payment_tx= - Outbox publication deferred outbox_id=d6360ee3-1c4e-436b-880c-87d9025f9252 command_id=f90197bf29a0ceb151057786d79cea07541679bb09cd093462b28d25d31a056c outcome=RETRYABLE cause=MQCLIENTEXCEPTION
2026-08-11T10:08:17.964+08:00 INFO  d.f.m.outbox.OutboxDispatcher request_id= idempotency_key= order_id= user_id= sku_id= payment_tx= - Outbox publication deferred outbox_id=7cfc8a74-8ce5-42e0-890d-6b0c6057245a command_id=eb7681716d82cdd2386cddb3b28c93948dc659763bce5abc33c3b8985b061d6f outcome=RETRYABLE cause=MQCLIENTEXCEPTION
2026-08-11T10:08:18.091+08:00 INFO  d.f.m.outbox.OutboxDispatcher request_id= idempotency_key= order_id= user_id= sku_id= payment_tx= - Outbox publication deferred outbox_id=169acd35-6b18-455e-aca6-9dac3ab69d19 command_id=fa40361b3ab4b1bbb638db3f4b64e4af211dba32cf7116ca37589bc25bd0363b outcome=RETRYABLE cause=MQCLIENTEXCEPTION
2026-08-11T10:08:18.096+08:00 INFO  d.f.m.outbox.OutboxDispatcher request_id= idempotency_key= order_id= user_id= sku_id= payment_tx= - Outbox publication deferred outbox_id=e33bf7ca-011a-4d02-9a44-ed7755851f6e command_id=697e19f1c96fd9a8c8a99702fcc8362d71af488edeab13bd85bea1fd92460afd outcome=RETRYABLE cause=MQCLIENTEXCEPTION
2026-08-11T10:08:18.101+08:00 INFO  d.f.m.outbox.OutboxDispatcher request_id= idempotency_key= order_id= user_id= sku_id= payment_tx= - Outbox publication deferred outbox_id=837db1f2-eb4d-460a-86cb-535b999810e1 command_id=d140cb758bea32732052ea7654bb4123f89dc5044b75f51097ac36566d0f5650 outcome=RETRYABLE cause=MQCLIENTEXCEPTION
2026-08-11T10:08:18.235+08:00 INFO  d.f.m.outbox.OutboxDispatcher request_id= idempotency_key= order_id= user_id= sku_id= payment_tx= - Outbox publication outbox_id=81ad9346-4d4e-489c-a4c9-208ae626d251 command_id=e430205ab37c6941ba52ab58a035c3253a73770c34fef5cf81f4213b43a1c6ce outcome=ACKNOWLEDGED
2026-08-11T10:08:18.240+08:00 INFO  d.f.m.outbox.OutboxDispatcher request_id= idempotency_key= order_id= user_id= sku_id= payment_tx= - Outbox publication outbox_id=82a2d6af-4837-402f-a3ff-eae6dfd620bb command_id=e1bf8cdca77f338c0f7f913bc35ce9eabbd82ff177d4ec0ddfa95d826def4943 outcome=ACKNOWLEDGED
2026-08-11T10:08:18.245+08:00 INFO  d.f.m.outbox.OutboxDispatcher request_id= idempotency_key= order_id= user_id= sku_id= payment_tx= - Outbox publication outbox_id=e9d964ae-4522-46a7-8857-6f6af403c354 command_id=5f63d57e3402723324c8efbc2549f322266813cf1b567d285f33c785236d5bf1 outcome=ACKNOWLEDGED
2026-08-11T10:08:18.248+08:00 INFO  d.f.m.outbox.OutboxDispatcher request_id= idempotency_key= order_id= user_id= sku_id= payment_tx= - Outbox publication outbox_id=ad7ddc73-03e7-4e0f-9731-a04615079998 command_id=892eb273c03610e22537d482e912630c6216bac5f016655203259684b12bfffa outcome=ACKNOWLEDGED
2026-08-11T10:08:18.803+08:00 INFO  d.f.m.outbox.OutboxDispatcher request_id= idempotency_key= order_id= user_id= sku_id= payment_tx= - Outbox publication outbox_id=71bf7d94-af82-436b-846b-08c3317bfd76 command_id=fbf05fc3d7471503ccee0c99ee16b798dc394386a561756a96bc343fc40c44b8 outcome=ACKNOWLEDGED
2026-08-11T10:08:18.807+08:00 INFO  d.f.m.outbox.OutboxDispatcher request_id= idempotency_key= order_id= user_id= sku_id= payment_tx= - Outbox publication outbox_id=00673324-f15d-4d7c-a800-1e7a30fe82be command_id=c7461b1d524ab017235e56e044e1f152ff4f8fe0c212eff1fb2e76b82ff41677 outcome=ACKNOWLEDGED
2026-08-11T10:08:18.924+08:00 INFO  d.f.m.outbox.OutboxDispatcher request_id= idempotency_key= order_id= user_id= sku_id= payment_tx= - Outbox publication outbox_id=4347c667-653a-4803-9c97-1a27689fdce1 command_id=7e1ba64107f76ad53fd732b304512ed909db713c2023506dbb6b4e756ec6aa04 outcome=ACKNOWLEDGED
2026-08-11T10:08:19.055+08:00 INFO  d.f.m.outbox.OutboxDispatcher request_id= idempotency_key= order_id= user_id= sku_id= payment_tx= - Outbox publication outbox_id=d6360ee3-1c4e-436b-880c-87d9025f9252 command_id=f90197bf29a0ceb151057786d79cea07541679bb09cd093462b28d25d31a056c outcome=ACKNOWLEDGED
2026-08-11T10:08:19.062+08:00 INFO  d.f.m.outbox.OutboxDispatcher request_id= idempotency_key= order_id= user_id= sku_id= payment_tx= - Outbox publication outbox_id=7cfc8a74-8ce5-42e0-890d-6b0c6057245a command_id=eb7681716d82cdd2386cddb3b28c93948dc659763bce5abc33c3b8985b061d6f outcome=ACKNOWLEDGED
2026-08-11T10:08:19.203+08:00 INFO  d.f.m.outbox.OutboxDispatcher request_id= idempotency_key= order_id= user_id= sku_id= payment_tx= - Outbox publication outbox_id=169acd35-6b18-455e-aca6-9dac3ab69d19 command_id=fa40361b3ab4b1bbb638db3f4b64e4af211dba32cf7116ca37589bc25bd0363b outcome=ACKNOWLEDGED
2026-08-11T10:08:19.212+08:00 INFO  d.f.m.outbox.OutboxDispatcher request_id= idempotency_key= order_id= user_id= sku_id= payment_tx= - Outbox publication outbox_id=e33bf7ca-011a-4d02-9a44-ed7755851f6e command_id=697e19f1c96fd9a8c8a99702fcc8362d71af488edeab13bd85bea1fd92460afd outcome=ACKNOWLEDGED
2026-08-11T10:08:19.218+08:00 INFO  d.f.m.outbox.OutboxDispatcher request_id= idempotency_key= order_id= user_id= sku_id= payment_tx= - Outbox publication outbox_id=837db1f2-eb4d-460a-86cb-535b999810e1 command_id=d140cb758bea32732052ea7654bb4123f89dc5044b75f51097ac36566d0f5650 outcome=ACKNOWLEDGED
2026-08-11T10:08:39.659+08:00 INFO  o.s.b.w.e.tomcat.GracefulShutdown request_id= idempotency_key= order_id= user_id= sku_id= payment_tx= - Commencing graceful shutdown. Waiting for active requests to complete
2026-08-11T10:08:41.666+08:00 INFO  o.s.b.w.e.tomcat.GracefulShutdown request_id= idempotency_key= order_id= user_id= sku_id= payment_tx= - Graceful shutdown complete
2026-08-11T10:08:41.666+08:00 ERROR org.apache.tomcat.util.net.Acceptor request_id= idempotency_key= order_id= user_id= sku_id= payment_tx= - Socket accept failed
java.nio.channels.AsynchronousCloseException: null
	at java.base/java.nio.channels.spi.AbstractInterruptibleChannel.end(AbstractInterruptibleChannel.java:218)
	at java.base/sun.nio.ch.ServerSocketChannelImpl.end(ServerSocketChannelImpl.java:372)
	at java.base/sun.nio.ch.ServerSocketChannelImpl.accept(ServerSocketChannelImpl.java:397)
	at org.apache.tomcat.util.net.NioEndpoint.serverSocketAccept(NioEndpoint.java:537)
	at org.apache.tomcat.util.net.NioEndpoint.serverSocketAccept(NioEndpoint.java:72)
	at org.apache.tomcat.util.net.Acceptor.run(Acceptor.java:127)
	at java.base/java.lang.Thread.run(Thread.java:1516)
2026-08-11T10:08:41.764+08:00 INFO  com.zaxxer.hikari.HikariDataSource request_id= idempotency_key= order_id= user_id= sku_id= payment_tx= - HikariPool-1 - Shutdown initiated...
2026-08-11T10:08:41.769+08:00 INFO  com.zaxxer.hikari.HikariDataSource request_id= idempotency_key= order_id= user_id= sku_id= payment_tx= - HikariPool-1 - Shutdown completed.
[INFO] Tests run: 1, Failures: 0, Errors: 0, Skipped: 0, Time elapsed: 57.42 s -- in dev.flashflow.V4OutboxBacklogDrainIntegrationTest
[INFO] Running dev.flashflow.V4OutboxProducerAckLossIntegrationTest
2026-08-11T10:08:41.785+08:00 INFO  o.s.t.c.s.AnnotationConfigContextLoaderUtils request_id= idempotency_key= order_id= user_id= sku_id= payment_tx= - Could not detect default configuration classes for test class [dev.flashflow.V4OutboxProducerAckLossIntegrationTest]: V4OutboxProducerAckLossIntegrationTest does not declare any static, non-private, non-final, nested classes annotated with @Configuration.
2026-08-11T10:08:41.786+08:00 INFO  o.s.b.t.c.SpringBootTestContextBootstrapper request_id= idempotency_key= order_id= user_id= sku_id= payment_tx= - Found @SpringBootConfiguration dev.flashflow.FlashFlowApplication for test class dev.flashflow.V4OutboxProducerAckLossIntegrationTest

  .   ____          _            __ _ _
 /\\ / ___'_ __ _ _(_)_ __  __ _ \ \ \ \
( ( )\___ | '_ | '_| | '_ \/ _` | \ \ \ \
 \\/  ___)| |_)| | | | | || (_| |  ) ) ) )
  '  |____| .__|_| |_|_| |_\__, | / / / /
 =========|_|==============|___/=/_/_/_/

 :: Spring Boot ::                (v3.5.5)

2026-08-11T10:08:41.812+08:00 INFO  d.f.V4OutboxProducerAckLossIntegrationTest request_id= idempotency_key= order_id= user_id= sku_id= payment_tx= - Starting V4OutboxProducerAckLossIntegrationTest using Java 26.0.2 with PID 54269 (started by yuzheng in /Users/yuzheng/Computeracy/Zhenkun26-GitHub/FlashFlow)
2026-08-11T10:08:41.812+08:00 INFO  d.f.V4OutboxProducerAckLossIntegrationTest request_id= idempotency_key= order_id= user_id= sku_id= payment_tx= - The following 1 profile is active: "test"
2026-08-11T10:08:41.930+08:00 INFO  o.s.d.r.c.RepositoryConfigurationDelegate request_id= idempotency_key= order_id= user_id= sku_id= payment_tx= - Multiple Spring Data modules found, entering strict repository configuration mode
2026-08-11T10:08:41.930+08:00 INFO  o.s.d.r.c.RepositoryConfigurationDelegate request_id= idempotency_key= order_id= user_id= sku_id= payment_tx= - Bootstrapping Spring Data Redis repositories in DEFAULT mode.
2026-08-11T10:08:41.935+08:00 INFO  o.s.d.r.c.RepositoryConfigurationDelegate request_id= idempotency_key= order_id= user_id= sku_id= payment_tx= - Finished Spring Data repository scanning in 3 ms. Found 0 Redis repository interfaces.
2026-08-11T10:08:41.956+08:00 INFO  o.s.b.w.e.tomcat.TomcatWebServer request_id= idempotency_key= order_id= user_id= sku_id= payment_tx= - Tomcat initialized with port 0 (http)
2026-08-11T10:08:41.956+08:00 INFO  o.a.catalina.core.StandardService request_id= idempotency_key= order_id= user_id= sku_id= payment_tx= - Starting service [Tomcat]
2026-08-11T10:08:41.956+08:00 INFO  o.a.catalina.core.StandardEngine request_id= idempotency_key= order_id= user_id= sku_id= payment_tx= - Starting Servlet engine: [Apache Tomcat/10.1.44]
2026-08-11T10:08:41.962+08:00 INFO  o.a.c.c.C.[Tomcat].[localhost].[/] request_id= idempotency_key= order_id= user_id= sku_id= payment_tx= - Initializing Spring embedded WebApplicationContext
2026-08-11T10:08:41.962+08:00 INFO  o.s.b.w.s.c.ServletWebServerApplicationContext request_id= idempotency_key= order_id= user_id= sku_id= payment_tx= - Root WebApplicationContext: initialization completed in 150 ms
Standard Commons Logging discovery in action with spring-jcl: please remove commons-logging.jar from classpath in order to avoid potential conflicts
2026-08-11T10:08:41.998+08:00 INFO  com.zaxxer.hikari.HikariDataSource request_id= idempotency_key= order_id= user_id= sku_id= payment_tx= - HikariPool-2 - Starting...
2026-08-11T10:08:42.011+08:00 INFO  com.zaxxer.hikari.pool.HikariPool request_id= idempotency_key= order_id= user_id= sku_id= payment_tx= - HikariPool-2 - Added connection com.mysql.cj.jdbc.ConnectionImpl@2e884ee5
2026-08-11T10:08:42.011+08:00 INFO  com.zaxxer.hikari.HikariDataSource request_id= idempotency_key= order_id= user_id= sku_id= payment_tx= - HikariPool-2 - Start completed.
2026-08-11T10:08:42.014+08:00 INFO  org.flywaydb.core.FlywayExecutor request_id= idempotency_key= order_id= user_id= sku_id= payment_tx= - Database: jdbc:mysql://localhost:60276/flashflow (MySQL 8.4)
2026-08-11T10:08:42.019+08:00 WARN  o.f.c.i.database.base.Database request_id= idempotency_key= order_id= user_id= sku_id= payment_tx= - Flyway upgrade recommended: MySQL 8.4 is newer than this version of Flyway and support has not been tested. The latest supported version of MySQL is 8.1.
2026-08-11T10:08:42.027+08:00 INFO  o.f.core.internal.command.DbValidate request_id= idempotency_key= order_id= user_id= sku_id= payment_tx= - Successfully validated 4 migrations (execution time 00:00.007s)
2026-08-11T10:08:42.038+08:00 INFO  o.f.core.internal.command.DbMigrate request_id= idempotency_key= order_id= user_id= sku_id= payment_tx= - Current version of schema `flashflow`: 4
2026-08-11T10:08:42.038+08:00 INFO  o.f.core.internal.command.DbMigrate request_id= idempotency_key= order_id= user_id= sku_id= payment_tx= - Schema `flashflow` is up to date. No migration necessary.
2026-08-11T10:08:42.231+08:00 INFO  o.s.b.a.e.web.EndpointLinksResolver request_id= idempotency_key= order_id= user_id= sku_id= payment_tx= - Exposing 2 endpoints beneath base path '/actuator'
2026-08-11T10:08:42.236+08:00 INFO  o.s.b.w.e.tomcat.TomcatWebServer request_id= idempotency_key= order_id= user_id= sku_id= payment_tx= - Tomcat started on port 62773 (http) with context path '/'
2026-08-11T10:08:42.239+08:00 INFO  d.f.V4OutboxProducerAckLossIntegrationTest request_id= idempotency_key= order_id= user_id= sku_id= payment_tx= - Started V4OutboxProducerAckLossIntegrationTest in 0.451 seconds (process running for 58.097)
2026-08-11T10:08:44.271+08:00 INFO  o.a.c.c.C.[Tomcat].[localhost].[/] request_id= idempotency_key= order_id= user_id= sku_id= payment_tx= - Initializing Spring DispatcherServlet 'dispatcherServlet'
2026-08-11T10:08:44.271+08:00 INFO  o.s.web.servlet.DispatcherServlet request_id= idempotency_key= order_id= user_id= sku_id= payment_tx= - Initializing Servlet 'dispatcherServlet'
2026-08-11T10:08:44.271+08:00 INFO  o.s.web.servlet.DispatcherServlet request_id= idempotency_key= order_id= user_id= sku_id= payment_tx= - Completed initialization in 0 ms
2026-08-11T10:08:44.281+08:00 INFO  d.f.m.o.OutboxAsyncOrderApplicationService request_id=ccb178bd-dffb-4a28-a926-b468df442726 idempotency_key=key-v4-ack-loss-c5080f4e order_id= user_id=user-v4-ack-loss-c5080f4e sku_id=sku-v4-ack-loss-c5080f4e payment_tx= - Durable Outbox acceptance command_id=e3456b2c677515d6d4b17b63f493da84b91c5d34f659db91177dfa6b1028e2e0 status=ACCEPTED
2026-08-11T10:08:44.388+08:00 WARN  d.f.m.outbox.OutboxDispatcher request_id= idempotency_key= order_id= user_id= sku_id= payment_tx= - Outbox dispatch poll failed cause=INJECTEDMESSAGINGFAULT
2026-08-11T10:08:48.413+08:00 INFO  d.f.m.outbox.OutboxDispatcher request_id= idempotency_key= order_id= user_id= sku_id= payment_tx= - Outbox publication outbox_id=0796f0e5-9e9d-43f1-9a98-51d707fbea27 command_id=e3456b2c677515d6d4b17b63f493da84b91c5d34f659db91177dfa6b1028e2e0 outcome=ACKNOWLEDGED
2026-08-11T10:08:48.447+08:00 INFO  o.s.b.w.e.tomcat.GracefulShutdown request_id= idempotency_key= order_id= user_id= sku_id= payment_tx= - Commencing graceful shutdown. Waiting for active requests to complete
2026-08-11T10:08:50.455+08:00 INFO  o.s.b.w.e.tomcat.GracefulShutdown request_id= idempotency_key= order_id= user_id= sku_id= payment_tx= - Graceful shutdown complete
2026-08-11T10:08:50.455+08:00 ERROR org.apache.tomcat.util.net.Acceptor request_id= idempotency_key= order_id= user_id= sku_id= payment_tx= - Socket accept failed
java.nio.channels.AsynchronousCloseException: null
	at java.base/java.nio.channels.spi.AbstractInterruptibleChannel.end(AbstractInterruptibleChannel.java:218) ~[na:na]
	at java.base/sun.nio.ch.ServerSocketChannelImpl.end(ServerSocketChannelImpl.java:372) ~[na:na]
	at java.base/sun.nio.ch.ServerSocketChannelImpl.accept(ServerSocketChannelImpl.java:397) ~[na:na]
	at org.apache.tomcat.util.net.NioEndpoint.serverSocketAccept(NioEndpoint.java:537) ~[tomcat-embed-core-10.1.44.jar:10.1.44]
	at org.apache.tomcat.util.net.NioEndpoint.serverSocketAccept(NioEndpoint.java:72) ~[tomcat-embed-core-10.1.44.jar:10.1.44]
	at org.apache.tomcat.util.net.Acceptor.run(Acceptor.java:127) ~[tomcat-embed-core-10.1.44.jar:10.1.44]
	at java.base/java.lang.Thread.run(Thread.java:1516) ~[na:na]
2026-08-11T10:08:50.529+08:00 INFO  com.zaxxer.hikari.HikariDataSource request_id= idempotency_key= order_id= user_id= sku_id= payment_tx= - HikariPool-2 - Shutdown initiated...
2026-08-11T10:08:50.531+08:00 INFO  com.zaxxer.hikari.HikariDataSource request_id= idempotency_key= order_id= user_id= sku_id= payment_tx= - HikariPool-2 - Shutdown completed.
[INFO] Tests run: 1, Failures: 0, Errors: 0, Skipped: 0, Time elapsed: 8.753 s -- in dev.flashflow.V4OutboxProducerAckLossIntegrationTest
[INFO] Running dev.flashflow.V4OutboxRocketMqEndToEndIntegrationTest
2026-08-11T10:08:50.539+08:00 INFO  o.s.t.c.s.AnnotationConfigContextLoaderUtils request_id= idempotency_key= order_id= user_id= sku_id= payment_tx= - Could not detect default configuration classes for test class [dev.flashflow.V4OutboxRocketMqEndToEndIntegrationTest]: V4OutboxRocketMqEndToEndIntegrationTest does not declare any static, non-private, non-final, nested classes annotated with @Configuration.
2026-08-11T10:08:50.541+08:00 INFO  o.s.b.t.c.SpringBootTestContextBootstrapper request_id= idempotency_key= order_id= user_id= sku_id= payment_tx= - Found @SpringBootConfiguration dev.flashflow.FlashFlowApplication for test class dev.flashflow.V4OutboxRocketMqEndToEndIntegrationTest

  .   ____          _            __ _ _
 /\\ / ___'_ __ _ _(_)_ __  __ _ \ \ \ \
( ( )\___ | '_ | '_| | '_ \/ _` | \ \ \ \
 \\/  ___)| |_)| | | | | || (_| |  ) ) ) )
  '  |____| .__|_| |_|_| |_\__, | / / / /
 =========|_|==============|___/=/_/_/_/

 :: Spring Boot ::                (v3.5.5)

2026-08-11T10:08:50.554+08:00 INFO  d.f.V4OutboxRocketMqEndToEndIntegrationTest request_id= idempotency_key= order_id= user_id= sku_id= payment_tx= - Starting V4OutboxRocketMqEndToEndIntegrationTest using Java 26.0.2 with PID 54269 (started by yuzheng in /Users/yuzheng/Computeracy/Zhenkun26-GitHub/FlashFlow)
2026-08-11T10:08:50.554+08:00 INFO  d.f.V4OutboxRocketMqEndToEndIntegrationTest request_id= idempotency_key= order_id= user_id= sku_id= payment_tx= - The following 1 profile is active: "test"
2026-08-11T10:08:50.658+08:00 INFO  o.s.d.r.c.RepositoryConfigurationDelegate request_id= idempotency_key= order_id= user_id= sku_id= payment_tx= - Multiple Spring Data modules found, entering strict repository configuration mode
2026-08-11T10:08:50.658+08:00 INFO  o.s.d.r.c.RepositoryConfigurationDelegate request_id= idempotency_key= order_id= user_id= sku_id= payment_tx= - Bootstrapping Spring Data Redis repositories in DEFAULT mode.
2026-08-11T10:08:50.663+08:00 INFO  o.s.d.r.c.RepositoryConfigurationDelegate request_id= idempotency_key= order_id= user_id= sku_id= payment_tx= - Finished Spring Data repository scanning in 4 ms. Found 0 Redis repository interfaces.
2026-08-11T10:08:50.678+08:00 INFO  o.s.b.w.e.tomcat.TomcatWebServer request_id= idempotency_key= order_id= user_id= sku_id= payment_tx= - Tomcat initialized with port 0 (http)
2026-08-11T10:08:50.679+08:00 INFO  o.a.catalina.core.StandardService request_id= idempotency_key= order_id= user_id= sku_id= payment_tx= - Starting service [Tomcat]
2026-08-11T10:08:50.679+08:00 INFO  o.a.catalina.core.StandardEngine request_id= idempotency_key= order_id= user_id= sku_id= payment_tx= - Starting Servlet engine: [Apache Tomcat/10.1.44]
2026-08-11T10:08:50.685+08:00 INFO  o.a.c.c.C.[Tomcat].[localhost].[/] request_id= idempotency_key= order_id= user_id= sku_id= payment_tx= - Initializing Spring embedded WebApplicationContext
2026-08-11T10:08:50.685+08:00 INFO  o.s.b.w.s.c.ServletWebServerApplicationContext request_id= idempotency_key= order_id= user_id= sku_id= payment_tx= - Root WebApplicationContext: initialization completed in 130 ms
Standard Commons Logging discovery in action with spring-jcl: please remove commons-logging.jar from classpath in order to avoid potential conflicts
2026-08-11T10:08:50.722+08:00 INFO  com.zaxxer.hikari.HikariDataSource request_id= idempotency_key= order_id= user_id= sku_id= payment_tx= - HikariPool-3 - Starting...
2026-08-11T10:08:50.730+08:00 INFO  com.zaxxer.hikari.pool.HikariPool request_id= idempotency_key= order_id= user_id= sku_id= payment_tx= - HikariPool-3 - Added connection com.mysql.cj.jdbc.ConnectionImpl@4e9f4264
2026-08-11T10:08:50.730+08:00 INFO  com.zaxxer.hikari.HikariDataSource request_id= idempotency_key= order_id= user_id= sku_id= payment_tx= - HikariPool-3 - Start completed.
2026-08-11T10:08:50.734+08:00 INFO  org.flywaydb.core.FlywayExecutor request_id= idempotency_key= order_id= user_id= sku_id= payment_tx= - Database: jdbc:mysql://localhost:60276/flashflow (MySQL 8.4)
2026-08-11T10:08:50.739+08:00 WARN  o.f.c.i.database.base.Database request_id= idempotency_key= order_id= user_id= sku_id= payment_tx= - Flyway upgrade recommended: MySQL 8.4 is newer than this version of Flyway and support has not been tested. The latest supported version of MySQL is 8.1.
2026-08-11T10:08:50.747+08:00 INFO  o.f.core.internal.command.DbValidate request_id= idempotency_key= order_id= user_id= sku_id= payment_tx= - Successfully validated 4 migrations (execution time 00:00.006s)
2026-08-11T10:08:50.750+08:00 INFO  o.f.core.internal.command.DbMigrate request_id= idempotency_key= order_id= user_id= sku_id= payment_tx= - Current version of schema `flashflow`: 4
2026-08-11T10:08:50.750+08:00 INFO  o.f.core.internal.command.DbMigrate request_id= idempotency_key= order_id= user_id= sku_id= payment_tx= - Schema `flashflow` is up to date. No migration necessary.
2026-08-11T10:08:50.852+08:00 INFO  o.s.b.a.e.web.EndpointLinksResolver request_id= idempotency_key= order_id= user_id= sku_id= payment_tx= - Exposing 2 endpoints beneath base path '/actuator'
2026-08-11T10:08:50.858+08:00 INFO  o.s.b.w.e.tomcat.TomcatWebServer request_id= idempotency_key= order_id= user_id= sku_id= payment_tx= - Tomcat started on port 62874 (http) with context path '/'
2026-08-11T10:08:50.860+08:00 INFO  d.f.V4OutboxRocketMqEndToEndIntegrationTest request_id= idempotency_key= order_id= user_id= sku_id= payment_tx= - Started V4OutboxRocketMqEndToEndIntegrationTest in 0.317 seconds (process running for 66.718)
2026-08-11T10:08:52.902+08:00 INFO  o.a.c.c.C.[Tomcat].[localhost].[/] request_id= idempotency_key= order_id= user_id= sku_id= payment_tx= - Initializing Spring DispatcherServlet 'dispatcherServlet'
2026-08-11T10:08:52.902+08:00 INFO  o.s.web.servlet.DispatcherServlet request_id= idempotency_key= order_id= user_id= sku_id= payment_tx= - Initializing Servlet 'dispatcherServlet'
2026-08-11T10:08:52.903+08:00 INFO  o.s.web.servlet.DispatcherServlet request_id= idempotency_key= order_id= user_id= sku_id= payment_tx= - Completed initialization in 1 ms
2026-08-11T10:08:52.912+08:00 INFO  d.f.m.o.OutboxAsyncOrderApplicationService request_id=7d4f7565-8db0-436b-a667-76067866b68c idempotency_key=key-v4-8eaefa2c order_id= user_id=user-v4-8eaefa2c sku_id=sku-v4-8eaefa2c payment_tx= - Durable Outbox acceptance command_id=dd915f74e110738de4af64e4dac23ad56187bc47b5f69b1cce8e2275d3ff99af status=ACCEPTED
2026-08-11T10:08:53.005+08:00 INFO  d.f.m.outbox.OutboxDispatcher request_id= idempotency_key= order_id= user_id= sku_id= payment_tx= - Outbox publication outbox_id=157fdc62-cb5f-47b8-9f00-98acd0318d34 command_id=dd915f74e110738de4af64e4dac23ad56187bc47b5f69b1cce8e2275d3ff99af outcome=ACKNOWLEDGED
2026-08-11T10:09:05.506+08:00 INFO  d.f.m.o.OutboxAsyncOrderApplicationService request_id=b3fb6c45-f3cb-484a-97b9-a8496b085c7e idempotency_key=key-v4-outage-8eaefa2c order_id= user_id=user-v4-outage-8eaefa2c sku_id=sku-v4-outage-8eaefa2c payment_tx= - Durable Outbox acceptance command_id=98d267e6845e7b075a7c5211d66dddbdde39a7f9e9d79b757ca2d5a52c34385a status=ACCEPTED
2026-08-11T10:09:05.611+08:00 INFO  d.f.m.outbox.OutboxDispatcher request_id= idempotency_key= order_id= user_id= sku_id= payment_tx= - Outbox publication deferred outbox_id=33e4ee20-d9f9-4fe3-b2c1-31a5aaf1b903 command_id=98d267e6845e7b075a7c5211d66dddbdde39a7f9e9d79b757ca2d5a52c34385a outcome=RETRYABLE cause=MQCLIENTEXCEPTION
2026-08-11T10:09:05.729+08:00 INFO  d.f.m.outbox.OutboxDispatcher request_id= idempotency_key= order_id= user_id= sku_id= payment_tx= - Outbox publication deferred outbox_id=33e4ee20-d9f9-4fe3-b2c1-31a5aaf1b903 command_id=98d267e6845e7b075a7c5211d66dddbdde39a7f9e9d79b757ca2d5a52c34385a outcome=RETRYABLE cause=MQCLIENTEXCEPTION
2026-08-11T10:09:05.964+08:00 INFO  d.f.m.outbox.OutboxDispatcher request_id= idempotency_key= order_id= user_id= sku_id= payment_tx= - Outbox publication deferred outbox_id=33e4ee20-d9f9-4fe3-b2c1-31a5aaf1b903 command_id=98d267e6845e7b075a7c5211d66dddbdde39a7f9e9d79b757ca2d5a52c34385a outcome=RETRYABLE cause=MQCLIENTEXCEPTION
2026-08-11T10:09:06.401+08:00 INFO  d.f.m.outbox.OutboxDispatcher request_id= idempotency_key= order_id= user_id= sku_id= payment_tx= - Outbox publication deferred outbox_id=33e4ee20-d9f9-4fe3-b2c1-31a5aaf1b903 command_id=98d267e6845e7b075a7c5211d66dddbdde39a7f9e9d79b757ca2d5a52c34385a outcome=RETRYABLE cause=MQCLIENTEXCEPTION
2026-08-11T10:09:07.300+08:00 INFO  d.f.m.outbox.OutboxDispatcher request_id= idempotency_key= order_id= user_id= sku_id= payment_tx= - Outbox publication deferred outbox_id=33e4ee20-d9f9-4fe3-b2c1-31a5aaf1b903 command_id=98d267e6845e7b075a7c5211d66dddbdde39a7f9e9d79b757ca2d5a52c34385a outcome=RETRYABLE cause=MQCLIENTEXCEPTION
2026-08-11T10:09:08.369+08:00 INFO  d.f.m.outbox.OutboxDispatcher request_id= idempotency_key= order_id= user_id= sku_id= payment_tx= - Outbox publication outbox_id=33e4ee20-d9f9-4fe3-b2c1-31a5aaf1b903 command_id=98d267e6845e7b075a7c5211d66dddbdde39a7f9e9d79b757ca2d5a52c34385a outcome=ACKNOWLEDGED
2026-08-11T10:09:35.756+08:00 INFO  o.s.b.w.e.tomcat.GracefulShutdown request_id= idempotency_key= order_id= user_id= sku_id= payment_tx= - Commencing graceful shutdown. Waiting for active requests to complete
2026-08-11T10:09:37.769+08:00 INFO  o.s.b.w.e.tomcat.GracefulShutdown request_id= idempotency_key= order_id= user_id= sku_id= payment_tx= - Graceful shutdown complete
2026-08-11T10:09:37.769+08:00 ERROR org.apache.tomcat.util.net.Acceptor request_id= idempotency_key= order_id= user_id= sku_id= payment_tx= - Socket accept failed
java.nio.channels.AsynchronousCloseException: null
	at java.base/java.nio.channels.spi.AbstractInterruptibleChannel.end(AbstractInterruptibleChannel.java:218) ~[na:na]
	at java.base/sun.nio.ch.ServerSocketChannelImpl.end(ServerSocketChannelImpl.java:372) ~[na:na]
	at java.base/sun.nio.ch.ServerSocketChannelImpl.accept(ServerSocketChannelImpl.java:397) ~[na:na]
	at org.apache.tomcat.util.net.NioEndpoint.serverSocketAccept(NioEndpoint.java:537) ~[tomcat-embed-core-10.1.44.jar:10.1.44]
	at org.apache.tomcat.util.net.NioEndpoint.serverSocketAccept(NioEndpoint.java:72) ~[tomcat-embed-core-10.1.44.jar:10.1.44]
	at org.apache.tomcat.util.net.Acceptor.run(Acceptor.java:127) ~[tomcat-embed-core-10.1.44.jar:10.1.44]
	at java.base/java.lang.Thread.run(Thread.java:1516) ~[na:na]
2026-08-11T10:09:37.853+08:00 INFO  com.zaxxer.hikari.HikariDataSource request_id= idempotency_key= order_id= user_id= sku_id= payment_tx= - HikariPool-3 - Shutdown initiated...
2026-08-11T10:09:37.860+08:00 INFO  com.zaxxer.hikari.HikariDataSource request_id= idempotency_key= order_id= user_id= sku_id= payment_tx= - HikariPool-3 - Shutdown completed.
[ERROR] Tests run: 2, Failures: 1, Errors: 0, Skipped: 0, Time elapsed: 47.33 s <<< FAILURE! -- in dev.flashflow.V4OutboxRocketMqEndToEndIntegrationTest
[ERROR] dev.flashflow.V4OutboxRocketMqEndToEndIntegrationTest.brokerOutageLeavesDurableBacklogAndRecoveryPublishesWithoutCallerRetry -- Time elapsed: 42.69 s <<< FAILURE!
java.lang.AssertionError: condition did not pass within PT30S
	at dev.flashflow.V4OutboxRocketMqEndToEndIntegrationTest.await(V4OutboxRocketMqEndToEndIntegrationTest.java:133)
	at dev.flashflow.V4OutboxRocketMqEndToEndIntegrationTest.brokerOutageLeavesDurableBacklogAndRecoveryPublishesWithoutCallerRetry(V4OutboxRocketMqEndToEndIntegrationTest.java:104)
	at java.base/java.lang.reflect.Method.invoke(Method.java:565)
	at java.base/java.util.ArrayList.forEach(ArrayList.java:1612)
	at java.base/java.util.ArrayList.forEach(ArrayList.java:1612)

[INFO] Running dev.flashflow.V4OutboxConcurrentRedeliveryIntegrationTest
2026-08-11T10:09:37.870+08:00 INFO  o.s.t.c.s.AnnotationConfigContextLoaderUtils request_id= idempotency_key= order_id= user_id= sku_id= payment_tx= - Could not detect default configuration classes for test class [dev.flashflow.V4OutboxConcurrentRedeliveryIntegrationTest]: V4OutboxConcurrentRedeliveryIntegrationTest does not declare any static, non-private, non-final, nested classes annotated with @Configuration.
2026-08-11T10:09:37.872+08:00 INFO  o.s.b.t.c.SpringBootTestContextBootstrapper request_id= idempotency_key= order_id= user_id= sku_id= payment_tx= - Found @SpringBootConfiguration dev.flashflow.FlashFlowApplication for test class dev.flashflow.V4OutboxConcurrentRedeliveryIntegrationTest

  .   ____          _            __ _ _
 /\\ / ___'_ __ _ _(_)_ __  __ _ \ \ \ \
( ( )\___ | '_ | '_| | '_ \/ _` | \ \ \ \
 \\/  ___)| |_)| | | | | || (_| |  ) ) ) )
  '  |____| .__|_| |_|_| |_\__, | / / / /
 =========|_|==============|___/=/_/_/_/

 :: Spring Boot ::                (v3.5.5)

2026-08-11T10:09:37.897+08:00 INFO  d.f.V4OutboxConcurrentRedeliveryIntegrationTest request_id= idempotency_key= order_id= user_id= sku_id= payment_tx= - Starting V4OutboxConcurrentRedeliveryIntegrationTest using Java 26.0.2 with PID 54269 (started by yuzheng in /Users/yuzheng/Computeracy/Zhenkun26-GitHub/FlashFlow)
2026-08-11T10:09:37.898+08:00 INFO  d.f.V4OutboxConcurrentRedeliveryIntegrationTest request_id= idempotency_key= order_id= user_id= sku_id= payment_tx= - The following 1 profile is active: "test"
2026-08-11T10:09:38.015+08:00 INFO  o.s.d.r.c.RepositoryConfigurationDelegate request_id= idempotency_key= order_id= user_id= sku_id= payment_tx= - Multiple Spring Data modules found, entering strict repository configuration mode
2026-08-11T10:09:38.016+08:00 INFO  o.s.d.r.c.RepositoryConfigurationDelegate request_id= idempotency_key= order_id= user_id= sku_id= payment_tx= - Bootstrapping Spring Data Redis repositories in DEFAULT mode.
2026-08-11T10:09:38.021+08:00 INFO  o.s.d.r.c.RepositoryConfigurationDelegate request_id= idempotency_key= order_id= user_id= sku_id= payment_tx= - Finished Spring Data repository scanning in 4 ms. Found 0 Redis repository interfaces.
2026-08-11T10:09:38.044+08:00 INFO  o.s.b.w.e.tomcat.TomcatWebServer request_id= idempotency_key= order_id= user_id= sku_id= payment_tx= - Tomcat initialized with port 0 (http)
2026-08-11T10:09:38.044+08:00 INFO  o.a.catalina.core.StandardService request_id= idempotency_key= order_id= user_id= sku_id= payment_tx= - Starting service [Tomcat]
2026-08-11T10:09:38.044+08:00 INFO  o.a.catalina.core.StandardEngine request_id= idempotency_key= order_id= user_id= sku_id= payment_tx= - Starting Servlet engine: [Apache Tomcat/10.1.44]
2026-08-11T10:09:38.068+08:00 INFO  o.a.c.c.C.[Tomcat].[localhost].[/] request_id= idempotency_key= order_id= user_id= sku_id= payment_tx= - Initializing Spring embedded WebApplicationContext
2026-08-11T10:09:38.068+08:00 INFO  o.s.b.w.s.c.ServletWebServerApplicationContext request_id= idempotency_key= order_id= user_id= sku_id= payment_tx= - Root WebApplicationContext: initialization completed in 169 ms
Standard Commons Logging discovery in action with spring-jcl: please remove commons-logging.jar from classpath in order to avoid potential conflicts
2026-08-11T10:09:38.120+08:00 INFO  com.zaxxer.hikari.HikariDataSource request_id= idempotency_key= order_id= user_id= sku_id= payment_tx= - HikariPool-4 - Starting...
2026-08-11T10:09:38.135+08:00 INFO  com.zaxxer.hikari.pool.HikariPool request_id= idempotency_key= order_id= user_id= sku_id= payment_tx= - HikariPool-4 - Added connection com.mysql.cj.jdbc.ConnectionImpl@7c5abd91
2026-08-11T10:09:38.135+08:00 INFO  com.zaxxer.hikari.HikariDataSource request_id= idempotency_key= order_id= user_id= sku_id= payment_tx= - HikariPool-4 - Start completed.
2026-08-11T10:09:38.143+08:00 INFO  org.flywaydb.core.FlywayExecutor request_id= idempotency_key= order_id= user_id= sku_id= payment_tx= - Database: jdbc:mysql://localhost:60276/flashflow (MySQL 8.4)
2026-08-11T10:09:38.152+08:00 WARN  o.f.c.i.database.base.Database request_id= idempotency_key= order_id= user_id= sku_id= payment_tx= - Flyway upgrade recommended: MySQL 8.4 is newer than this version of Flyway and support has not been tested. The latest supported version of MySQL is 8.1.
2026-08-11T10:09:38.161+08:00 INFO  o.f.core.internal.command.DbValidate request_id= idempotency_key= order_id= user_id= sku_id= payment_tx= - Successfully validated 4 migrations (execution time 00:00.006s)
2026-08-11T10:09:38.164+08:00 INFO  o.f.core.internal.command.DbMigrate request_id= idempotency_key= order_id= user_id= sku_id= payment_tx= - Current version of schema `flashflow`: 4
2026-08-11T10:09:38.164+08:00 INFO  o.f.core.internal.command.DbMigrate request_id= idempotency_key= order_id= user_id= sku_id= payment_tx= - Schema `flashflow` is up to date. No migration necessary.
2026-08-11T10:09:38.314+08:00 INFO  o.s.b.a.e.web.EndpointLinksResolver request_id= idempotency_key= order_id= user_id= sku_id= payment_tx= - Exposing 2 endpoints beneath base path '/actuator'
2026-08-11T10:09:38.319+08:00 INFO  o.s.b.w.e.tomcat.TomcatWebServer request_id= idempotency_key= order_id= user_id= sku_id= payment_tx= - Tomcat started on port 64756 (http) with context path '/'
2026-08-11T10:09:38.321+08:00 INFO  d.f.V4OutboxConcurrentRedeliveryIntegrationTest request_id= idempotency_key= order_id= user_id= sku_id= payment_tx= - Started V4OutboxConcurrentRedeliveryIntegrationTest in 0.445 seconds (process running for 114.182)
2026-08-11T10:09:40.350+08:00 INFO  o.a.c.c.C.[Tomcat].[localhost].[/] request_id= idempotency_key= order_id= user_id= sku_id= payment_tx= - Initializing Spring DispatcherServlet 'dispatcherServlet'
2026-08-11T10:09:40.350+08:00 INFO  o.s.web.servlet.DispatcherServlet request_id= idempotency_key= order_id= user_id= sku_id= payment_tx= - Initializing Servlet 'dispatcherServlet'
2026-08-11T10:09:40.350+08:00 INFO  o.s.web.servlet.DispatcherServlet request_id= idempotency_key= order_id= user_id= sku_id= payment_tx= - Completed initialization in 0 ms
2026-08-11T10:09:40.360+08:00 INFO  d.f.m.o.OutboxAsyncOrderApplicationService request_id=df4cdb43-263b-45f7-9036-16ed30a88879 idempotency_key=key-b58d17d7-0 order_id= user_id=user-b58d17d7-0 sku_id=sku-v4-concurrent-b58d17d7 payment_tx= - Durable Outbox acceptance command_id=b5e1a138b1a6fb37163261bc12fb8102e0d71b72fedadcb15dc0a552c76f6058 status=ACCEPTED
2026-08-11T10:09:40.368+08:00 INFO  d.f.m.o.OutboxAsyncOrderApplicationService request_id=226c0a7d-5b85-465d-8b06-65e15bc6716f idempotency_key=key-b58d17d7-1 order_id= user_id=user-b58d17d7-1 sku_id=sku-v4-concurrent-b58d17d7 payment_tx= - Durable Outbox acceptance command_id=48c17d85d0e03965e12967c99dd365de385baed223096561101713798cb411ab status=ACCEPTED
2026-08-11T10:09:40.374+08:00 INFO  d.f.m.o.OutboxAsyncOrderApplicationService request_id=612ce251-cbc4-4323-a9d9-56af58f9f91f idempotency_key=key-b58d17d7-2 order_id= user_id=user-b58d17d7-2 sku_id=sku-v4-concurrent-b58d17d7 payment_tx= - Durable Outbox acceptance command_id=a7ce9594e06a9aa351e509c965dcbd152e0f977ac07d936149618bae3a478f8a status=ACCEPTED
2026-08-11T10:09:40.379+08:00 INFO  d.f.m.o.OutboxAsyncOrderApplicationService request_id=4f5b7066-5313-4525-a050-8a61c857fd61 idempotency_key=key-b58d17d7-3 order_id= user_id=user-b58d17d7-3 sku_id=sku-v4-concurrent-b58d17d7 payment_tx= - Durable Outbox acceptance command_id=14abe9f621b151b9f58fe6ecc9b2136bc42d01191f8b61d4cc1ff6295448c0b8 status=ACCEPTED
2026-08-11T10:09:40.384+08:00 INFO  d.f.m.o.OutboxAsyncOrderApplicationService request_id=fd6bbc2b-03b1-4459-87ff-aa6ce828bcdc idempotency_key=key-b58d17d7-4 order_id= user_id=user-b58d17d7-4 sku_id=sku-v4-concurrent-b58d17d7 payment_tx= - Durable Outbox acceptance command_id=7de98f0bdc12cd1f1beab02d1ec2cee48617f807cba7cfdd0889a3f1bad1bb2b status=ACCEPTED
2026-08-11T10:09:40.389+08:00 INFO  d.f.m.o.OutboxAsyncOrderApplicationService request_id=12549813-f3da-42ad-89ed-19d28e988957 idempotency_key=key-b58d17d7-5 order_id= user_id=user-b58d17d7-5 sku_id=sku-v4-concurrent-b58d17d7 payment_tx= - Durable Outbox acceptance command_id=e2d0841af3e37821a184b20b6abf634bea7bd393a83d5b86316017d7f9c66959 status=ACCEPTED
2026-08-11T10:09:40.394+08:00 INFO  d.f.m.o.OutboxAsyncOrderApplicationService request_id=df976aa7-8ee6-40f3-9444-e447d3d50463 idempotency_key=key-b58d17d7-6 order_id= user_id=user-b58d17d7-6 sku_id=sku-v4-concurrent-b58d17d7 payment_tx= - Durable Outbox acceptance command_id=d059c06a603252484789e1b08fe45c210d99892a719d437c6a2adc12e8d449b6 status=ACCEPTED
2026-08-11T10:09:40.399+08:00 INFO  d.f.m.o.OutboxAsyncOrderApplicationService request_id=47b73d4d-5929-4382-a8bc-57e7a4fca3e5 idempotency_key=key-b58d17d7-7 order_id= user_id=user-b58d17d7-7 sku_id=sku-v4-concurrent-b58d17d7 payment_tx= - Durable Outbox acceptance command_id=9b003353e1aefeb9366e33618429e0df253446874546698b5b2cecaeb17627da status=ACCEPTED
2026-08-11T10:09:40.416+08:00 INFO  d.f.m.outbox.OutboxDispatcher request_id= idempotency_key= order_id= user_id= sku_id= payment_tx= - Outbox publication outbox_id=6ed0930d-b708-4cc0-933f-e693460c48b2 command_id=7de98f0bdc12cd1f1beab02d1ec2cee48617f807cba7cfdd0889a3f1bad1bb2b outcome=ACKNOWLEDGED
2026-08-11T10:09:40.416+08:00 INFO  d.f.m.outbox.OutboxDispatcher request_id= idempotency_key= order_id= user_id= sku_id= payment_tx= - Outbox publication outbox_id=c982b2fc-3696-47fa-8e1c-0d28e83a086a command_id=b5e1a138b1a6fb37163261bc12fb8102e0d71b72fedadcb15dc0a552c76f6058 outcome=ACKNOWLEDGED
2026-08-11T10:09:40.421+08:00 INFO  d.f.m.outbox.OutboxDispatcher request_id= idempotency_key= order_id= user_id= sku_id= payment_tx= - Outbox publication outbox_id=d30b517b-2f58-4d57-bf5a-ce09828a5389 command_id=d059c06a603252484789e1b08fe45c210d99892a719d437c6a2adc12e8d449b6 outcome=ACKNOWLEDGED
2026-08-11T10:09:40.421+08:00 INFO  d.f.m.outbox.OutboxDispatcher request_id= idempotency_key= order_id= user_id= sku_id= payment_tx= - Outbox publication outbox_id=24c4db46-2269-4b56-9a5f-cfec4160c7cd command_id=48c17d85d0e03965e12967c99dd365de385baed223096561101713798cb411ab outcome=ACKNOWLEDGED
2026-08-11T10:09:40.442+08:00 INFO  d.f.m.outbox.OutboxDispatcher request_id= idempotency_key= order_id= user_id= sku_id= payment_tx= - Outbox publication outbox_id=b03faa8e-507d-45a3-ab13-41f319f92aa1 command_id=a7ce9594e06a9aa351e509c965dcbd152e0f977ac07d936149618bae3a478f8a outcome=ACKNOWLEDGED
2026-08-11T10:09:40.447+08:00 INFO  d.f.m.outbox.OutboxDispatcher request_id= idempotency_key= order_id= user_id= sku_id= payment_tx= - Outbox publication outbox_id=fe87b15f-7adc-483b-b3f8-b7452a2eaaac command_id=14abe9f621b151b9f58fe6ecc9b2136bc42d01191f8b61d4cc1ff6295448c0b8 outcome=ACKNOWLEDGED
2026-08-11T10:09:40.724+08:00 INFO  d.f.m.outbox.OutboxDispatcher request_id= idempotency_key= order_id= user_id= sku_id= payment_tx= - Outbox publication outbox_id=a6503355-7e47-4944-b122-922d356ae572 command_id=e2d0841af3e37821a184b20b6abf634bea7bd393a83d5b86316017d7f9c66959 outcome=ACKNOWLEDGED
2026-08-11T10:09:40.732+08:00 INFO  d.f.m.outbox.OutboxDispatcher request_id= idempotency_key= order_id= user_id= sku_id= payment_tx= - Outbox publication outbox_id=a6cb6536-dbd7-471f-acb7-2b99507e00fe command_id=9b003353e1aefeb9366e33618429e0df253446874546698b5b2cecaeb17627da outcome=ACKNOWLEDGED
2026-08-11T10:10:00.194+08:00 INFO  o.s.b.w.e.tomcat.GracefulShutdown request_id= idempotency_key= order_id= user_id= sku_id= payment_tx= - Commencing graceful shutdown. Waiting for active requests to complete
2026-08-11T10:10:02.201+08:00 INFO  o.s.b.w.e.tomcat.GracefulShutdown request_id= idempotency_key= order_id= user_id= sku_id= payment_tx= - Graceful shutdown complete
2026-08-11T10:10:02.201+08:00 ERROR org.apache.tomcat.util.net.Acceptor request_id= idempotency_key= order_id= user_id= sku_id= payment_tx= - Socket accept failed
java.nio.channels.AsynchronousCloseException: null
	at java.base/java.nio.channels.spi.AbstractInterruptibleChannel.end(AbstractInterruptibleChannel.java:218) ~[na:na]
	at java.base/sun.nio.ch.ServerSocketChannelImpl.end(ServerSocketChannelImpl.java:372) ~[na:na]
	at java.base/sun.nio.ch.ServerSocketChannelImpl.accept(ServerSocketChannelImpl.java:397) ~[na:na]
	at org.apache.tomcat.util.net.NioEndpoint.serverSocketAccept(NioEndpoint.java:537) ~[tomcat-embed-core-10.1.44.jar:10.1.44]
	at org.apache.tomcat.util.net.NioEndpoint.serverSocketAccept(NioEndpoint.java:72) ~[tomcat-embed-core-10.1.44.jar:10.1.44]
	at org.apache.tomcat.util.net.Acceptor.run(Acceptor.java:127) ~[tomcat-embed-core-10.1.44.jar:10.1.44]
	at java.base/java.lang.Thread.run(Thread.java:1516) ~[na:na]
2026-08-11T10:10:02.272+08:00 INFO  com.zaxxer.hikari.HikariDataSource request_id= idempotency_key= order_id= user_id= sku_id= payment_tx= - HikariPool-4 - Shutdown initiated...
2026-08-11T10:10:02.274+08:00 INFO  com.zaxxer.hikari.HikariDataSource request_id= idempotency_key= order_id= user_id= sku_id= payment_tx= - HikariPool-4 - Shutdown completed.
[INFO] Tests run: 1, Failures: 0, Errors: 0, Skipped: 0, Time elapsed: 24.41 s -- in dev.flashflow.V4OutboxConcurrentRedeliveryIntegrationTest
[INFO] 
[INFO] Results:
[INFO] 
[ERROR] Failures: 
[ERROR]   V4OutboxRocketMqEndToEndIntegrationTest.brokerOutageLeavesDurableBacklogAndRecoveryPublishesWithoutCallerRetry:104->await:133 condition did not pass within PT30S
[INFO] 
[ERROR] Tests run: 5, Failures: 1, Errors: 0, Skipped: 0
[INFO] 
[INFO] ------------------------------------------------------------------------
[INFO] BUILD FAILURE
[INFO] ------------------------------------------------------------------------
[INFO] Total time:  02:20 min
[INFO] Finished at: 2026-08-11T10:10:02+08:00
[INFO] ------------------------------------------------------------------------
[ERROR] Failed to execute goal org.apache.maven.plugins:maven-surefire-plugin:3.5.3:test (default-test) on project flashflow: There are test failures.
[ERROR] 
[ERROR] See /Users/yuzheng/Computeracy/Zhenkun26-GitHub/FlashFlow/target/surefire-reports for the individual test results.
[ERROR] See dump files (if any exist) [date].dump, [date]-jvmRun[N].dump and [date].dumpstream.
[ERROR] -> [Help 1]
[ERROR] 
[ERROR] To see the full stack trace of the errors, re-run Maven with the -e switch.
[ERROR] Re-run Maven using the -X switch to enable full debug logging.
[ERROR] 
[ERROR] For more information about the errors and possible solutions, please read the following articles:
[ERROR] [Help 1] http://cwiki.apache.org/confluence/display/MAVEN/MojoFailureException
