[INFO] Scanning for projects...
[INFO] 
[INFO] ----------------------< dev.flashflow:flashflow >-----------------------
[INFO] Building FlashFlow 0.1.0-SNAPSHOT
[INFO]   from pom.xml
[INFO] --------------------------------[ jar ]---------------------------------
[WARNING] 1 problem was encountered while building the effective model for org.javassist:javassist:jar:3.21.0-GA during dependency collection step for project (use -X to see details)
[INFO] 
[INFO] --- resources:3.3.1:resources (default-resources) @ flashflow ---
[INFO] Copying 5 resources from src/main/resources to target/classes
[INFO] Copying 11 resources from src/main/resources to target/classes
[INFO] 
[INFO] --- compiler:3.14.0:compile (default-compile) @ flashflow ---
[INFO] Nothing to compile - all classes are up to date.
[INFO] 
[INFO] --- resources:3.3.1:testResources (default-testResources) @ flashflow ---
[INFO] skip non existing resourceDirectory /Users/yuzheng/Computeracy/Zhenkun26-GitHub/FlashFlow/src/test/resources
[INFO] 
[INFO] --- compiler:3.14.0:testCompile (default-testCompile) @ flashflow ---
[INFO] Recompiling the module because of changed source code.
[INFO] Compiling 54 source files with javac [debug parameters release 21] to target/test-classes
[WARNING] /Users/yuzheng/Computeracy/Zhenkun26-GitHub/FlashFlow/src/test/java/dev/flashflow/ExpirationAdmissionFailureIntegrationTest.java:[26,6] org.springframework.boot.test.mock.mockito 中的 org.springframework.boot.test.mock.mockito.MockBean 已过时, 且标记为待删除
[WARNING] /Users/yuzheng/Computeracy/Zhenkun26-GitHub/FlashFlow/src/test/java/dev/flashflow/ExpirationRollbackIntegrationTest.java:[21,6] org.springframework.boot.test.mock.mockito 中的 org.springframework.boot.test.mock.mockito.MockBean 已过时, 且标记为待删除
[INFO] /Users/yuzheng/Computeracy/Zhenkun26-GitHub/FlashFlow/src/test/java/dev/flashflow/admission/RedisLuaAdmissionFailureTest.java: /Users/yuzheng/Computeracy/Zhenkun26-GitHub/FlashFlow/src/test/java/dev/flashflow/admission/RedisLuaAdmissionFailureTest.java使用了未经检查或不安全的操作。
[INFO] /Users/yuzheng/Computeracy/Zhenkun26-GitHub/FlashFlow/src/test/java/dev/flashflow/admission/RedisLuaAdmissionFailureTest.java: 有关详细信息, 请使用 -Xlint:unchecked 重新编译。
[INFO] 
[INFO] --- surefire:3.5.3:test (default-test) @ flashflow ---
[INFO] Using auto detected provider org.apache.maven.surefire.junitplatform.JUnitPlatformProvider
[INFO] 
[INFO] -------------------------------------------------------
[INFO]  T E S T S
[INFO] -------------------------------------------------------
[INFO] Running dev.flashflow.MessagingBoundaryTest
[INFO] Tests run: 2, Failures: 0, Errors: 0, Skipped: 0, Time elapsed: 0.048 s -- in dev.flashflow.MessagingBoundaryTest
[INFO] Running dev.flashflow.V4OutboxBacklogDrainIntegrationTest
Standard Commons Logging discovery in action with spring-jcl: please remove commons-logging.jar from classpath in order to avoid potential conflicts
09:34:51.788 [main] INFO org.springframework.test.context.support.AnnotationConfigContextLoaderUtils -- Could not detect default configuration classes for test class [dev.flashflow.V4OutboxBacklogDrainIntegrationTest]: V4OutboxBacklogDrainIntegrationTest does not declare any static, non-private, non-final, nested classes annotated with @Configuration.
09:34:51.836 [main] INFO org.springframework.boot.test.context.SpringBootTestContextBootstrapper -- Found @SpringBootConfiguration dev.flashflow.FlashFlowApplication for test class dev.flashflow.V4OutboxBacklogDrainIntegrationTest
09:34:51.877 [main] INFO org.testcontainers.images.PullPolicy -- Image pull policy will be performed by: DefaultPullPolicy()
09:34:51.878 [main] INFO org.testcontainers.utility.ImageNameSubstitutor -- Image name substitution will be performed by: DefaultImageNameSubstitutor (composite of 'ConfigurationFileImageNameSubstitutor' and 'PrefixingImageNameSubstitutor')
09:34:51.885 [main] INFO org.testcontainers.DockerClientFactory -- Testcontainers version: 1.21.3
09:34:51.957 [main] INFO org.testcontainers.dockerclient.DockerClientProviderStrategy -- Loaded org.testcontainers.dockerclient.UnixSocketClientProviderStrategy from ~/.testcontainers.properties, will try it first
09:34:52.063 [main] INFO org.testcontainers.dockerclient.DockerClientProviderStrategy -- Found Docker environment with local Unix socket (unix:///var/run/docker.sock)
09:34:52.063 [main] INFO org.testcontainers.DockerClientFactory -- Docker host IP address is localhost
09:34:52.073 [main] INFO org.testcontainers.DockerClientFactory -- Connected to docker: 
  Server Version: 29.4.1
  API Version: 1.54
  Operating System: Docker Desktop
  Total Memory: 7936 MB
  Labels: 
    com.docker.desktop.address=unix:///Users/yuzheng/Library/Containers/com.docker.docker/Data/docker-cli.sock
09:34:52.163 [main] INFO tc.testcontainers/ryuk:0.12.0 -- Creating container for image: testcontainers/ryuk:0.12.0
09:34:52.187 [main] INFO org.testcontainers.utility.RegistryAuthLocator -- Credential helper/store (docker-credential-osxkeychain) does not have credentials for https://index.docker.io/v1/
09:34:52.278 [main] INFO tc.testcontainers/ryuk:0.12.0 -- Container testcontainers/ryuk:0.12.0 is starting: 61f17ac4fea82882fe582c378d734584e215a374b2cd015e0cc5d1673baca675
09:34:52.402 [main] INFO tc.testcontainers/ryuk:0.12.0 -- Container testcontainers/ryuk:0.12.0 started in PT0.23949S
09:34:52.405 [main] INFO org.testcontainers.utility.RyukResourceReaper -- Ryuk started - will monitor and terminate Testcontainers containers on JVM exit
09:34:52.405 [main] INFO org.testcontainers.DockerClientFactory -- Checking the system...
09:34:52.405 [main] INFO org.testcontainers.DockerClientFactory -- ✔︎ Docker server version should be at least 1.6.0
09:34:52.406 [main] INFO tc.mysql:8.4.6 -- Creating container for image: mysql:8.4.6
09:34:52.440 [main] INFO tc.mysql:8.4.6 -- Container mysql:8.4.6 is starting: 94cda6d2adf91f2e21a3dd0c37cdbb91f26107c4f9d8ddefe58b6f58c7cdd9b0
09:34:52.543 [main] INFO tc.mysql:8.4.6 -- Waiting for database connection to become available at jdbc:mysql://localhost:58722/flashflow using query 'SELECT 1'
09:34:57.215 [main] INFO tc.mysql:8.4.6 -- Container mysql:8.4.6 started in PT4.808693S
09:34:57.215 [main] INFO tc.mysql:8.4.6 -- Container is started (JDBC URL: jdbc:mysql://localhost:58722/flashflow)
09:34:57.215 [main] INFO tc.redis:7.4.2-alpine -- Creating container for image: redis:7.4.2-alpine
09:34:57.236 [main] INFO tc.redis:7.4.2-alpine -- Container redis:7.4.2-alpine is starting: c71476eb7269631a6d07b5cd95bd5512afd477a1e10184be46e019a8ee591392
09:34:57.385 [main] INFO tc.redis:7.4.2-alpine -- Container redis:7.4.2-alpine started in PT0.170009S

  .   ____          _            __ _ _
 /\\ / ___'_ __ _ _(_)_ __  __ _ \ \ \ \
( ( )\___ | '_ | '_| | '_ \/ _` | \ \ \ \
 \\/  ___)| |_)| | | | | || (_| |  ) ) ) )
  '  |____| .__|_| |_|_| |_\__, | / / / /
 =========|_|==============|___/=/_/_/_/

 :: Spring Boot ::                (v3.5.5)

2026-08-11T09:34:57.529+08:00 INFO  d.f.V4OutboxBacklogDrainIntegrationTest request_id= idempotency_key= order_id= user_id= sku_id= payment_tx= - Starting V4OutboxBacklogDrainIntegrationTest using Java 26.0.2 with PID 41564 (started by yuzheng in /Users/yuzheng/Computeracy/Zhenkun26-GitHub/FlashFlow)
2026-08-11T09:34:57.530+08:00 INFO  d.f.V4OutboxBacklogDrainIntegrationTest request_id= idempotency_key= order_id= user_id= sku_id= payment_tx= - The following 1 profile is active: "test"
2026-08-11T09:34:57.897+08:00 INFO  o.s.d.r.c.RepositoryConfigurationDelegate request_id= idempotency_key= order_id= user_id= sku_id= payment_tx= - Multiple Spring Data modules found, entering strict repository configuration mode
2026-08-11T09:34:57.898+08:00 INFO  o.s.d.r.c.RepositoryConfigurationDelegate request_id= idempotency_key= order_id= user_id= sku_id= payment_tx= - Bootstrapping Spring Data Redis repositories in DEFAULT mode.
2026-08-11T09:34:57.916+08:00 INFO  o.s.d.r.c.RepositoryConfigurationDelegate request_id= idempotency_key= order_id= user_id= sku_id= payment_tx= - Finished Spring Data repository scanning in 10 ms. Found 0 Redis repository interfaces.
2026-08-11T09:34:58.139+08:00 INFO  o.s.b.w.e.tomcat.TomcatWebServer request_id= idempotency_key= order_id= user_id= sku_id= payment_tx= - Tomcat initialized with port 0 (http)
2026-08-11T09:34:58.145+08:00 INFO  o.a.catalina.core.StandardService request_id= idempotency_key= order_id= user_id= sku_id= payment_tx= - Starting service [Tomcat]
2026-08-11T09:34:58.145+08:00 INFO  o.a.catalina.core.StandardEngine request_id= idempotency_key= order_id= user_id= sku_id= payment_tx= - Starting Servlet engine: [Apache Tomcat/10.1.44]
2026-08-11T09:34:58.161+08:00 INFO  o.a.c.c.C.[Tomcat].[localhost].[/] request_id= idempotency_key= order_id= user_id= sku_id= payment_tx= - Initializing Spring embedded WebApplicationContext
2026-08-11T09:34:58.162+08:00 INFO  o.s.b.w.s.c.ServletWebServerApplicationContext request_id= idempotency_key= order_id= user_id= sku_id= payment_tx= - Root WebApplicationContext: initialization completed in 622 ms
Standard Commons Logging discovery in action with spring-jcl: please remove commons-logging.jar from classpath in order to avoid potential conflicts
WARNING: A terminally deprecated method in sun.misc.Unsafe has been called
WARNING: sun.misc.Unsafe::allocateMemory has been called by io.netty.util.internal.PlatformDependent0$2 (file:/Users/yuzheng/.m2/repository/io/netty/netty-common/4.1.124.Final/netty-common-4.1.124.Final.jar)
WARNING: Please consider reporting this to the maintainers of class io.netty.util.internal.PlatformDependent0$2
WARNING: sun.misc.Unsafe::allocateMemory will be removed in a future release
WARNING: A restricted method in java.lang.System has been called
WARNING: java.lang.System::loadLibrary has been called by io.netty.util.internal.NativeLibraryUtil in an unnamed module (file:/Users/yuzheng/.m2/repository/io/netty/netty-common/4.1.124.Final/netty-common-4.1.124.Final.jar)
WARNING: Use --enable-native-access=ALL-UNNAMED to avoid a warning for callers in this module
WARNING: Restricted methods will be blocked in a future release unless native access is enabled

2026-08-11T09:34:58.780+08:00 INFO  com.zaxxer.hikari.HikariDataSource request_id= idempotency_key= order_id= user_id= sku_id= payment_tx= - HikariPool-1 - Starting...
2026-08-11T09:34:58.849+08:00 INFO  com.zaxxer.hikari.pool.HikariPool request_id= idempotency_key= order_id= user_id= sku_id= payment_tx= - HikariPool-1 - Added connection com.mysql.cj.jdbc.ConnectionImpl@3203ffa3
2026-08-11T09:34:58.850+08:00 INFO  com.zaxxer.hikari.HikariDataSource request_id= idempotency_key= order_id= user_id= sku_id= payment_tx= - HikariPool-1 - Start completed.
2026-08-11T09:34:58.870+08:00 INFO  org.flywaydb.core.FlywayExecutor request_id= idempotency_key= order_id= user_id= sku_id= payment_tx= - Database: jdbc:mysql://localhost:58722/flashflow (MySQL 8.4)
2026-08-11T09:34:58.888+08:00 WARN  o.f.c.i.database.base.Database request_id= idempotency_key= order_id= user_id= sku_id= payment_tx= - Flyway upgrade recommended: MySQL 8.4 is newer than this version of Flyway and support has not been tested. The latest supported version of MySQL is 8.1.
2026-08-11T09:34:58.903+08:00 INFO  o.f.c.i.s.JdbcTableSchemaHistory request_id= idempotency_key= order_id= user_id= sku_id= payment_tx= - Schema history table `flashflow`.`flyway_schema_history` does not exist yet
2026-08-11T09:34:58.905+08:00 INFO  o.f.core.internal.command.DbValidate request_id= idempotency_key= order_id= user_id= sku_id= payment_tx= - Successfully validated 4 migrations (execution time 00:00.012s)
2026-08-11T09:34:58.924+08:00 INFO  o.f.c.i.s.JdbcTableSchemaHistory request_id= idempotency_key= order_id= user_id= sku_id= payment_tx= - Creating Schema History table `flashflow`.`flyway_schema_history` ...
2026-08-11T09:34:58.960+08:00 INFO  o.f.core.internal.command.DbMigrate request_id= idempotency_key= order_id= user_id= sku_id= payment_tx= - Current version of schema `flashflow`: << Empty Schema >>
2026-08-11T09:34:58.973+08:00 INFO  o.f.core.internal.command.DbMigrate request_id= idempotency_key= order_id= user_id= sku_id= payment_tx= - Migrating schema `flashflow` to version "1 - create flashflow v1 schema"
2026-08-11T09:34:59.071+08:00 INFO  o.f.core.internal.command.DbMigrate request_id= idempotency_key= order_id= user_id= sku_id= payment_tx= - Migrating schema `flashflow` to version "2 - create order command ledger"
2026-08-11T09:34:59.090+08:00 INFO  o.f.core.internal.command.DbMigrate request_id= idempotency_key= order_id= user_id= sku_id= payment_tx= - Migrating schema `flashflow` to version "3 - extend order command transport evidence"
2026-08-11T09:34:59.119+08:00 INFO  o.f.core.internal.command.DbMigrate request_id= idempotency_key= order_id= user_id= sku_id= payment_tx= - Migrating schema `flashflow` to version "4 - create order command outbox"
2026-08-11T09:34:59.139+08:00 INFO  o.f.core.internal.command.DbMigrate request_id= idempotency_key= order_id= user_id= sku_id= payment_tx= - Successfully applied 4 migrations to schema `flashflow`, now at version v4 (execution time 00:00.130s)
2026-08-11T09:34:59.690+08:00 INFO  o.s.b.a.e.web.EndpointLinksResolver request_id= idempotency_key= order_id= user_id= sku_id= payment_tx= - Exposing 2 endpoints beneath base path '/actuator'
2026-08-11T09:34:59.752+08:00 INFO  o.s.b.w.e.tomcat.TomcatWebServer request_id= idempotency_key= order_id= user_id= sku_id= payment_tx= - Tomcat started on port 58792 (http) with context path '/'
2026-08-11T09:34:59.763+08:00 INFO  d.f.V4OutboxBacklogDrainIntegrationTest request_id= idempotency_key= order_id= user_id= sku_id= payment_tx= - Started V4OutboxBacklogDrainIntegrationTest in 2.366 seconds (process running for 8.34)
OpenJDK 64-Bit Server VM warning: Sharing is only supported for boot loader classes because bootstrap classpath has been appended
2026-08-11T09:35:12.542+08:00 INFO  o.a.c.c.C.[Tomcat].[localhost].[/] request_id= idempotency_key= order_id= user_id= sku_id= payment_tx= - Initializing Spring DispatcherServlet 'dispatcherServlet'
2026-08-11T09:35:12.542+08:00 INFO  o.s.web.servlet.DispatcherServlet request_id= idempotency_key= order_id= user_id= sku_id= payment_tx= - Initializing Servlet 'dispatcherServlet'
2026-08-11T09:35:12.543+08:00 INFO  o.s.web.servlet.DispatcherServlet request_id= idempotency_key= order_id= user_id= sku_id= payment_tx= - Completed initialization in 1 ms
2026-08-11T09:35:12.572+08:00 INFO  d.f.m.o.OutboxAsyncOrderApplicationService request_id=6c1305ab-6462-4a1b-865e-0bccb9426bfa idempotency_key=key-f2195d4f-0 order_id= user_id=user-f2195d4f-0 sku_id=sku-v4-backlog-f2195d4f payment_tx= - Durable Outbox acceptance command_id=e85703374dd067c8104287328716a52bfc4d711c89ccee568c82be0764babb47 status=ACCEPTED
2026-08-11T09:35:12.600+08:00 INFO  d.f.m.o.OutboxAsyncOrderApplicationService request_id=c6038c7e-2433-4b5a-9531-4316a9863774 idempotency_key=key-f2195d4f-1 order_id= user_id=user-f2195d4f-1 sku_id=sku-v4-backlog-f2195d4f payment_tx= - Durable Outbox acceptance command_id=c489594ea305354fdde3ce78a60ba6afa65ea103413c8d63b4ab9300dfef5617 status=ACCEPTED
2026-08-11T09:35:12.609+08:00 INFO  d.f.m.o.OutboxAsyncOrderApplicationService request_id=617ec7cd-4e66-4ca4-899c-ec9f208fd893 idempotency_key=key-f2195d4f-2 order_id= user_id=user-f2195d4f-2 sku_id=sku-v4-backlog-f2195d4f payment_tx= - Durable Outbox acceptance command_id=5d0ad14384a94e5406b001708613fc17df00c6f760551c09311bd4c63f72d451 status=ACCEPTED
2026-08-11T09:35:12.620+08:00 INFO  d.f.m.o.OutboxAsyncOrderApplicationService request_id=8454204d-36ab-4a7d-ad91-eb09cefc3319 idempotency_key=key-f2195d4f-3 order_id= user_id=user-f2195d4f-3 sku_id=sku-v4-backlog-f2195d4f payment_tx= - Durable Outbox acceptance command_id=ea49c2dbbaf96b7817227af58819287ff75a811caa24a0e39c9180e605cecae0 status=ACCEPTED
2026-08-11T09:35:12.631+08:00 INFO  d.f.m.o.OutboxAsyncOrderApplicationService request_id=fa0e9920-2776-44e6-a7c1-3ac57d4aa782 idempotency_key=key-f2195d4f-4 order_id= user_id=user-f2195d4f-4 sku_id=sku-v4-backlog-f2195d4f payment_tx= - Durable Outbox acceptance command_id=4650f73f7881de8f540c0581cceec2356c9f3a20d5739dc897f8d55f94486b42 status=ACCEPTED
2026-08-11T09:35:12.642+08:00 INFO  d.f.m.o.OutboxAsyncOrderApplicationService request_id=0018f901-277f-411b-a92e-188aa4d29834 idempotency_key=key-f2195d4f-5 order_id= user_id=user-f2195d4f-5 sku_id=sku-v4-backlog-f2195d4f payment_tx= - Durable Outbox acceptance command_id=a9b2a80d83711a699e2ea4001d1be940a51e9c89fad1964b73e96f442b4b06af status=ACCEPTED
2026-08-11T09:35:12.658+08:00 INFO  d.f.m.o.OutboxAsyncOrderApplicationService request_id=40f4169c-459c-46c7-936c-d941cff3c574 idempotency_key=key-f2195d4f-6 order_id= user_id=user-f2195d4f-6 sku_id=sku-v4-backlog-f2195d4f payment_tx= - Durable Outbox acceptance command_id=af162229add65d6b9e52d098380898939ca9b42d40ce9e016d7779ca3097e50a status=ACCEPTED
2026-08-11T09:35:12.672+08:00 INFO  d.f.m.o.OutboxAsyncOrderApplicationService request_id=72abf369-2aa8-4b47-943c-4bed679a5f91 idempotency_key=key-f2195d4f-7 order_id= user_id=user-f2195d4f-7 sku_id=sku-v4-backlog-f2195d4f payment_tx= - Durable Outbox acceptance command_id=6a21c34fdf88d48e4e33fe793f5c705af5f75556dbd877c37157ccacc9392a5a status=ACCEPTED
2026-08-11T09:35:12.677+08:00 INFO  d.f.m.outbox.OutboxDispatcher request_id= idempotency_key= order_id= user_id= sku_id= payment_tx= - Outbox publication deferred outbox_id=919b4d22-c7e2-4ba7-bd2b-51f4116b8612 command_id=e85703374dd067c8104287328716a52bfc4d711c89ccee568c82be0764babb47 outcome=RETRYABLE cause=MQCLIENTEXCEPTION
2026-08-11T09:35:12.681+08:00 INFO  d.f.m.outbox.OutboxDispatcher request_id= idempotency_key= order_id= user_id= sku_id= payment_tx= - Outbox publication deferred outbox_id=97a9e68a-9082-44cb-97db-2be26ebcd200 command_id=c489594ea305354fdde3ce78a60ba6afa65ea103413c8d63b4ab9300dfef5617 outcome=RETRYABLE cause=MQCLIENTEXCEPTION
2026-08-11T09:35:12.682+08:00 INFO  d.f.m.o.OutboxAsyncOrderApplicationService request_id=cf345912-bbee-4bf2-8b74-38d4c0d6977b idempotency_key=key-f2195d4f-8 order_id= user_id=user-f2195d4f-8 sku_id=sku-v4-backlog-f2195d4f payment_tx= - Durable Outbox acceptance command_id=d9f465bd8296750bf1af932a6114bf9fb038fcbc44860167526a633cff975075 status=ACCEPTED
2026-08-11T09:35:12.685+08:00 INFO  d.f.m.outbox.OutboxDispatcher request_id= idempotency_key= order_id= user_id= sku_id= payment_tx= - Outbox publication deferred outbox_id=834104af-1fb8-4071-8e8c-0b9ed74296ea command_id=5d0ad14384a94e5406b001708613fc17df00c6f760551c09311bd4c63f72d451 outcome=RETRYABLE cause=MQCLIENTEXCEPTION
2026-08-11T09:35:12.687+08:00 INFO  d.f.m.outbox.OutboxDispatcher request_id= idempotency_key= order_id= user_id= sku_id= payment_tx= - Outbox publication deferred outbox_id=c0d2bf33-0589-4fe3-883b-bbd252c5fc10 command_id=ea49c2dbbaf96b7817227af58819287ff75a811caa24a0e39c9180e605cecae0 outcome=RETRYABLE cause=MQCLIENTEXCEPTION
2026-08-11T09:35:12.690+08:00 INFO  d.f.m.o.OutboxAsyncOrderApplicationService request_id=cc69ca78-6a72-4e3e-9567-28ff2aa01706 idempotency_key=key-f2195d4f-9 order_id= user_id=user-f2195d4f-9 sku_id=sku-v4-backlog-f2195d4f payment_tx= - Durable Outbox acceptance command_id=636ac31c1ff4e3bb0654ef0cec956444c658ad18a82af56280d37cfaac95e95a status=ACCEPTED
2026-08-11T09:35:12.697+08:00 INFO  d.f.m.o.OutboxAsyncOrderApplicationService request_id=c6334366-2046-4af1-b8c9-8df216b545c1 idempotency_key=key-f2195d4f-10 order_id= user_id=user-f2195d4f-10 sku_id=sku-v4-backlog-f2195d4f payment_tx= - Durable Outbox acceptance command_id=b2cbc2ba95d7416f8e5033969b737f7956f13565e97eaa427c359cd8d6f63adc status=ACCEPTED
2026-08-11T09:35:12.703+08:00 INFO  d.f.m.o.OutboxAsyncOrderApplicationService request_id=8b0bf3a5-7e70-47d1-b327-e1212f890a52 idempotency_key=key-f2195d4f-11 order_id= user_id=user-f2195d4f-11 sku_id=sku-v4-backlog-f2195d4f payment_tx= - Durable Outbox acceptance command_id=3ecb4a53f16102ebafc06264ef748b921e816026cf207723a7d6ab06df04979f status=ACCEPTED
2026-08-11T09:35:12.803+08:00 INFO  d.f.m.outbox.OutboxDispatcher request_id= idempotency_key= order_id= user_id= sku_id= payment_tx= - Outbox publication deferred outbox_id=d9b7a9c7-2670-47b4-b5ef-ac5c852f5c2c command_id=4650f73f7881de8f540c0581cceec2356c9f3a20d5739dc897f8d55f94486b42 outcome=RETRYABLE cause=MQCLIENTEXCEPTION
2026-08-11T09:35:12.809+08:00 INFO  d.f.m.outbox.OutboxDispatcher request_id= idempotency_key= order_id= user_id= sku_id= payment_tx= - Outbox publication deferred outbox_id=a41f10f4-f9b2-4b5b-996f-30362c6778d3 command_id=a9b2a80d83711a699e2ea4001d1be940a51e9c89fad1964b73e96f442b4b06af outcome=RETRYABLE cause=MQCLIENTEXCEPTION
2026-08-11T09:35:12.814+08:00 INFO  d.f.m.outbox.OutboxDispatcher request_id= idempotency_key= order_id= user_id= sku_id= payment_tx= - Outbox publication deferred outbox_id=8e488331-cd56-4e46-b3fa-024017b381b4 command_id=af162229add65d6b9e52d098380898939ca9b42d40ce9e016d7779ca3097e50a outcome=RETRYABLE cause=MQCLIENTEXCEPTION
2026-08-11T09:35:12.818+08:00 INFO  d.f.m.outbox.OutboxDispatcher request_id= idempotency_key= order_id= user_id= sku_id= payment_tx= - Outbox publication deferred outbox_id=d8b33e94-cf3b-4a3d-ab98-90383698f194 command_id=6a21c34fdf88d48e4e33fe793f5c705af5f75556dbd877c37157ccacc9392a5a outcome=RETRYABLE cause=MQCLIENTEXCEPTION
2026-08-11T09:35:12.937+08:00 INFO  d.f.m.outbox.OutboxDispatcher request_id= idempotency_key= order_id= user_id= sku_id= payment_tx= - Outbox publication deferred outbox_id=e802777e-6553-4b24-a436-aec6c8c35af8 command_id=d9f465bd8296750bf1af932a6114bf9fb038fcbc44860167526a633cff975075 outcome=RETRYABLE cause=MQCLIENTEXCEPTION
2026-08-11T09:35:12.945+08:00 INFO  d.f.m.outbox.OutboxDispatcher request_id= idempotency_key= order_id= user_id= sku_id= payment_tx= - Outbox publication deferred outbox_id=b53abfe7-f844-474f-9f76-5f4d03c24e26 command_id=636ac31c1ff4e3bb0654ef0cec956444c658ad18a82af56280d37cfaac95e95a outcome=RETRYABLE cause=MQCLIENTEXCEPTION
2026-08-11T09:35:12.950+08:00 INFO  d.f.m.outbox.OutboxDispatcher request_id= idempotency_key= order_id= user_id= sku_id= payment_tx= - Outbox publication deferred outbox_id=73030965-01d3-43b7-96a9-6952b6e7ac17 command_id=b2cbc2ba95d7416f8e5033969b737f7956f13565e97eaa427c359cd8d6f63adc outcome=RETRYABLE cause=MQCLIENTEXCEPTION
2026-08-11T09:35:12.955+08:00 INFO  d.f.m.outbox.OutboxDispatcher request_id= idempotency_key= order_id= user_id= sku_id= payment_tx= - Outbox publication deferred outbox_id=7979859e-ee88-4682-8c4e-082776feb33e command_id=3ecb4a53f16102ebafc06264ef748b921e816026cf207723a7d6ab06df04979f outcome=RETRYABLE cause=MQCLIENTEXCEPTION
2026-08-11T09:35:13.069+08:00 INFO  d.f.m.outbox.OutboxDispatcher request_id= idempotency_key= order_id= user_id= sku_id= payment_tx= - Outbox publication deferred outbox_id=919b4d22-c7e2-4ba7-bd2b-51f4116b8612 command_id=e85703374dd067c8104287328716a52bfc4d711c89ccee568c82be0764babb47 outcome=RETRYABLE cause=MQCLIENTEXCEPTION
2026-08-11T09:35:13.072+08:00 INFO  d.f.m.outbox.OutboxDispatcher request_id= idempotency_key= order_id= user_id= sku_id= payment_tx= - Outbox publication deferred outbox_id=97a9e68a-9082-44cb-97db-2be26ebcd200 command_id=c489594ea305354fdde3ce78a60ba6afa65ea103413c8d63b4ab9300dfef5617 outcome=RETRYABLE cause=MQCLIENTEXCEPTION
2026-08-11T09:35:13.077+08:00 INFO  d.f.m.outbox.OutboxDispatcher request_id= idempotency_key= order_id= user_id= sku_id= payment_tx= - Outbox publication deferred outbox_id=834104af-1fb8-4071-8e8c-0b9ed74296ea command_id=5d0ad14384a94e5406b001708613fc17df00c6f760551c09311bd4c63f72d451 outcome=RETRYABLE cause=MQCLIENTEXCEPTION
2026-08-11T09:35:13.081+08:00 INFO  d.f.m.outbox.OutboxDispatcher request_id= idempotency_key= order_id= user_id= sku_id= payment_tx= - Outbox publication deferred outbox_id=c0d2bf33-0589-4fe3-883b-bbd252c5fc10 command_id=ea49c2dbbaf96b7817227af58819287ff75a811caa24a0e39c9180e605cecae0 outcome=RETRYABLE cause=MQCLIENTEXCEPTION
2026-08-11T09:35:13.214+08:00 INFO  d.f.m.outbox.OutboxDispatcher request_id= idempotency_key= order_id= user_id= sku_id= payment_tx= - Outbox publication deferred outbox_id=d9b7a9c7-2670-47b4-b5ef-ac5c852f5c2c command_id=4650f73f7881de8f540c0581cceec2356c9f3a20d5739dc897f8d55f94486b42 outcome=RETRYABLE cause=MQCLIENTEXCEPTION
2026-08-11T09:35:13.221+08:00 INFO  d.f.m.outbox.OutboxDispatcher request_id= idempotency_key= order_id= user_id= sku_id= payment_tx= - Outbox publication deferred outbox_id=a41f10f4-f9b2-4b5b-996f-30362c6778d3 command_id=a9b2a80d83711a699e2ea4001d1be940a51e9c89fad1964b73e96f442b4b06af outcome=RETRYABLE cause=MQCLIENTEXCEPTION
2026-08-11T09:35:13.228+08:00 INFO  d.f.m.outbox.OutboxDispatcher request_id= idempotency_key= order_id= user_id= sku_id= payment_tx= - Outbox publication deferred outbox_id=8e488331-cd56-4e46-b3fa-024017b381b4 command_id=af162229add65d6b9e52d098380898939ca9b42d40ce9e016d7779ca3097e50a outcome=RETRYABLE cause=MQCLIENTEXCEPTION
2026-08-11T09:35:13.236+08:00 INFO  d.f.m.outbox.OutboxDispatcher request_id= idempotency_key= order_id= user_id= sku_id= payment_tx= - Outbox publication deferred outbox_id=d8b33e94-cf3b-4a3d-ab98-90383698f194 command_id=6a21c34fdf88d48e4e33fe793f5c705af5f75556dbd877c37157ccacc9392a5a outcome=RETRYABLE cause=MQCLIENTEXCEPTION
2026-08-11T09:35:13.359+08:00 INFO  d.f.m.outbox.OutboxDispatcher request_id= idempotency_key= order_id= user_id= sku_id= payment_tx= - Outbox publication deferred outbox_id=e802777e-6553-4b24-a436-aec6c8c35af8 command_id=d9f465bd8296750bf1af932a6114bf9fb038fcbc44860167526a633cff975075 outcome=RETRYABLE cause=MQCLIENTEXCEPTION
2026-08-11T09:35:13.367+08:00 INFO  d.f.m.outbox.OutboxDispatcher request_id= idempotency_key= order_id= user_id= sku_id= payment_tx= - Outbox publication deferred outbox_id=b53abfe7-f844-474f-9f76-5f4d03c24e26 command_id=636ac31c1ff4e3bb0654ef0cec956444c658ad18a82af56280d37cfaac95e95a outcome=RETRYABLE cause=MQCLIENTEXCEPTION
2026-08-11T09:35:13.377+08:00 INFO  d.f.m.outbox.OutboxDispatcher request_id= idempotency_key= order_id= user_id= sku_id= payment_tx= - Outbox publication deferred outbox_id=73030965-01d3-43b7-96a9-6952b6e7ac17 command_id=b2cbc2ba95d7416f8e5033969b737f7956f13565e97eaa427c359cd8d6f63adc outcome=RETRYABLE cause=MQCLIENTEXCEPTION
2026-08-11T09:35:13.384+08:00 INFO  d.f.m.outbox.OutboxDispatcher request_id= idempotency_key= order_id= user_id= sku_id= payment_tx= - Outbox publication deferred outbox_id=7979859e-ee88-4682-8c4e-082776feb33e command_id=3ecb4a53f16102ebafc06264ef748b921e816026cf207723a7d6ab06df04979f outcome=RETRYABLE cause=MQCLIENTEXCEPTION
2026-08-11T09:35:13.506+08:00 INFO  d.f.m.outbox.OutboxDispatcher request_id= idempotency_key= order_id= user_id= sku_id= payment_tx= - Outbox publication deferred outbox_id=919b4d22-c7e2-4ba7-bd2b-51f4116b8612 command_id=e85703374dd067c8104287328716a52bfc4d711c89ccee568c82be0764babb47 outcome=RETRYABLE cause=MQCLIENTEXCEPTION
2026-08-11T09:35:13.511+08:00 INFO  d.f.m.outbox.OutboxDispatcher request_id= idempotency_key= order_id= user_id= sku_id= payment_tx= - Outbox publication deferred outbox_id=97a9e68a-9082-44cb-97db-2be26ebcd200 command_id=c489594ea305354fdde3ce78a60ba6afa65ea103413c8d63b4ab9300dfef5617 outcome=RETRYABLE cause=MQCLIENTEXCEPTION
2026-08-11T09:35:13.516+08:00 INFO  d.f.m.outbox.OutboxDispatcher request_id= idempotency_key= order_id= user_id= sku_id= payment_tx= - Outbox publication deferred outbox_id=834104af-1fb8-4071-8e8c-0b9ed74296ea command_id=5d0ad14384a94e5406b001708613fc17df00c6f760551c09311bd4c63f72d451 outcome=RETRYABLE cause=MQCLIENTEXCEPTION
2026-08-11T09:35:13.521+08:00 INFO  d.f.m.outbox.OutboxDispatcher request_id= idempotency_key= order_id= user_id= sku_id= payment_tx= - Outbox publication deferred outbox_id=c0d2bf33-0589-4fe3-883b-bbd252c5fc10 command_id=ea49c2dbbaf96b7817227af58819287ff75a811caa24a0e39c9180e605cecae0 outcome=RETRYABLE cause=MQCLIENTEXCEPTION
2026-08-11T09:35:13.644+08:00 INFO  d.f.m.outbox.OutboxDispatcher request_id= idempotency_key= order_id= user_id= sku_id= payment_tx= - Outbox publication deferred outbox_id=d9b7a9c7-2670-47b4-b5ef-ac5c852f5c2c command_id=4650f73f7881de8f540c0581cceec2356c9f3a20d5739dc897f8d55f94486b42 outcome=RETRYABLE cause=MQCLIENTEXCEPTION
2026-08-11T09:35:13.650+08:00 INFO  d.f.m.outbox.OutboxDispatcher request_id= idempotency_key= order_id= user_id= sku_id= payment_tx= - Outbox publication deferred outbox_id=a41f10f4-f9b2-4b5b-996f-30362c6778d3 command_id=a9b2a80d83711a699e2ea4001d1be940a51e9c89fad1964b73e96f442b4b06af outcome=RETRYABLE cause=MQCLIENTEXCEPTION
2026-08-11T09:35:13.656+08:00 INFO  d.f.m.outbox.OutboxDispatcher request_id= idempotency_key= order_id= user_id= sku_id= payment_tx= - Outbox publication deferred outbox_id=8e488331-cd56-4e46-b3fa-024017b381b4 command_id=af162229add65d6b9e52d098380898939ca9b42d40ce9e016d7779ca3097e50a outcome=RETRYABLE cause=MQCLIENTEXCEPTION
2026-08-11T09:35:13.661+08:00 INFO  d.f.m.outbox.OutboxDispatcher request_id= idempotency_key= order_id= user_id= sku_id= payment_tx= - Outbox publication deferred outbox_id=d8b33e94-cf3b-4a3d-ab98-90383698f194 command_id=6a21c34fdf88d48e4e33fe793f5c705af5f75556dbd877c37157ccacc9392a5a outcome=RETRYABLE cause=MQCLIENTEXCEPTION
2026-08-11T09:35:13.790+08:00 INFO  d.f.m.outbox.OutboxDispatcher request_id= idempotency_key= order_id= user_id= sku_id= payment_tx= - Outbox publication deferred outbox_id=e802777e-6553-4b24-a436-aec6c8c35af8 command_id=d9f465bd8296750bf1af932a6114bf9fb038fcbc44860167526a633cff975075 outcome=RETRYABLE cause=MQCLIENTEXCEPTION
2026-08-11T09:35:13.796+08:00 INFO  d.f.m.outbox.OutboxDispatcher request_id= idempotency_key= order_id= user_id= sku_id= payment_tx= - Outbox publication deferred outbox_id=b53abfe7-f844-474f-9f76-5f4d03c24e26 command_id=636ac31c1ff4e3bb0654ef0cec956444c658ad18a82af56280d37cfaac95e95a outcome=RETRYABLE cause=MQCLIENTEXCEPTION
2026-08-11T09:35:13.800+08:00 INFO  d.f.m.outbox.OutboxDispatcher request_id= idempotency_key= order_id= user_id= sku_id= payment_tx= - Outbox publication deferred outbox_id=73030965-01d3-43b7-96a9-6952b6e7ac17 command_id=b2cbc2ba95d7416f8e5033969b737f7956f13565e97eaa427c359cd8d6f63adc outcome=RETRYABLE cause=MQCLIENTEXCEPTION
2026-08-11T09:35:13.804+08:00 INFO  d.f.m.outbox.OutboxDispatcher request_id= idempotency_key= order_id= user_id= sku_id= payment_tx= - Outbox publication deferred outbox_id=7979859e-ee88-4682-8c4e-082776feb33e command_id=3ecb4a53f16102ebafc06264ef748b921e816026cf207723a7d6ab06df04979f outcome=RETRYABLE cause=MQCLIENTEXCEPTION
2026-08-11T09:35:13.922+08:00 INFO  d.f.m.outbox.OutboxDispatcher request_id= idempotency_key= order_id= user_id= sku_id= payment_tx= - Outbox publication deferred outbox_id=919b4d22-c7e2-4ba7-bd2b-51f4116b8612 command_id=e85703374dd067c8104287328716a52bfc4d711c89ccee568c82be0764babb47 outcome=RETRYABLE cause=MQCLIENTEXCEPTION
2026-08-11T09:35:13.927+08:00 INFO  d.f.m.outbox.OutboxDispatcher request_id= idempotency_key= order_id= user_id= sku_id= payment_tx= - Outbox publication deferred outbox_id=97a9e68a-9082-44cb-97db-2be26ebcd200 command_id=c489594ea305354fdde3ce78a60ba6afa65ea103413c8d63b4ab9300dfef5617 outcome=RETRYABLE cause=MQCLIENTEXCEPTION
2026-08-11T09:35:14.042+08:00 INFO  d.f.m.outbox.OutboxDispatcher request_id= idempotency_key= order_id= user_id= sku_id= payment_tx= - Outbox publication deferred outbox_id=834104af-1fb8-4071-8e8c-0b9ed74296ea command_id=5d0ad14384a94e5406b001708613fc17df00c6f760551c09311bd4c63f72d451 outcome=RETRYABLE cause=MQCLIENTEXCEPTION
2026-08-11T09:35:14.047+08:00 INFO  d.f.m.outbox.OutboxDispatcher request_id= idempotency_key= order_id= user_id= sku_id= payment_tx= - Outbox publication deferred outbox_id=c0d2bf33-0589-4fe3-883b-bbd252c5fc10 command_id=ea49c2dbbaf96b7817227af58819287ff75a811caa24a0e39c9180e605cecae0 outcome=RETRYABLE cause=MQCLIENTEXCEPTION
2026-08-11T09:35:14.175+08:00 INFO  d.f.m.outbox.OutboxDispatcher request_id= idempotency_key= order_id= user_id= sku_id= payment_tx= - Outbox publication deferred outbox_id=d9b7a9c7-2670-47b4-b5ef-ac5c852f5c2c command_id=4650f73f7881de8f540c0581cceec2356c9f3a20d5739dc897f8d55f94486b42 outcome=RETRYABLE cause=MQCLIENTEXCEPTION
2026-08-11T09:35:14.179+08:00 INFO  d.f.m.outbox.OutboxDispatcher request_id= idempotency_key= order_id= user_id= sku_id= payment_tx= - Outbox publication deferred outbox_id=a41f10f4-f9b2-4b5b-996f-30362c6778d3 command_id=a9b2a80d83711a699e2ea4001d1be940a51e9c89fad1964b73e96f442b4b06af outcome=RETRYABLE cause=MQCLIENTEXCEPTION
2026-08-11T09:35:14.183+08:00 INFO  d.f.m.outbox.OutboxDispatcher request_id= idempotency_key= order_id= user_id= sku_id= payment_tx= - Outbox publication deferred outbox_id=8e488331-cd56-4e46-b3fa-024017b381b4 command_id=af162229add65d6b9e52d098380898939ca9b42d40ce9e016d7779ca3097e50a outcome=RETRYABLE cause=MQCLIENTEXCEPTION
2026-08-11T09:35:14.189+08:00 INFO  d.f.m.outbox.OutboxDispatcher request_id= idempotency_key= order_id= user_id= sku_id= payment_tx= - Outbox publication deferred outbox_id=d8b33e94-cf3b-4a3d-ab98-90383698f194 command_id=6a21c34fdf88d48e4e33fe793f5c705af5f75556dbd877c37157ccacc9392a5a outcome=RETRYABLE cause=MQCLIENTEXCEPTION
2026-08-11T09:35:14.310+08:00 INFO  d.f.m.outbox.OutboxDispatcher request_id= idempotency_key= order_id= user_id= sku_id= payment_tx= - Outbox publication deferred outbox_id=e802777e-6553-4b24-a436-aec6c8c35af8 command_id=d9f465bd8296750bf1af932a6114bf9fb038fcbc44860167526a633cff975075 outcome=RETRYABLE cause=MQCLIENTEXCEPTION
2026-08-11T09:35:14.315+08:00 INFO  d.f.m.outbox.OutboxDispatcher request_id= idempotency_key= order_id= user_id= sku_id= payment_tx= - Outbox publication deferred outbox_id=b53abfe7-f844-474f-9f76-5f4d03c24e26 command_id=636ac31c1ff4e3bb0654ef0cec956444c658ad18a82af56280d37cfaac95e95a outcome=RETRYABLE cause=MQCLIENTEXCEPTION
2026-08-11T09:35:14.320+08:00 INFO  d.f.m.outbox.OutboxDispatcher request_id= idempotency_key= order_id= user_id= sku_id= payment_tx= - Outbox publication deferred outbox_id=73030965-01d3-43b7-96a9-6952b6e7ac17 command_id=b2cbc2ba95d7416f8e5033969b737f7956f13565e97eaa427c359cd8d6f63adc outcome=RETRYABLE cause=MQCLIENTEXCEPTION
2026-08-11T09:35:14.325+08:00 INFO  d.f.m.outbox.OutboxDispatcher request_id= idempotency_key= order_id= user_id= sku_id= payment_tx= - Outbox publication deferred outbox_id=7979859e-ee88-4682-8c4e-082776feb33e command_id=3ecb4a53f16102ebafc06264ef748b921e816026cf207723a7d6ab06df04979f outcome=RETRYABLE cause=MQCLIENTEXCEPTION
2026-08-11T09:35:14.767+08:00 INFO  d.f.m.outbox.OutboxDispatcher request_id= idempotency_key= order_id= user_id= sku_id= payment_tx= - Outbox publication deferred outbox_id=919b4d22-c7e2-4ba7-bd2b-51f4116b8612 command_id=e85703374dd067c8104287328716a52bfc4d711c89ccee568c82be0764babb47 outcome=RETRYABLE cause=MQCLIENTEXCEPTION
2026-08-11T09:35:14.769+08:00 INFO  d.f.m.outbox.OutboxDispatcher request_id= idempotency_key= order_id= user_id= sku_id= payment_tx= - Outbox publication deferred outbox_id=97a9e68a-9082-44cb-97db-2be26ebcd200 command_id=c489594ea305354fdde3ce78a60ba6afa65ea103413c8d63b4ab9300dfef5617 outcome=RETRYABLE cause=MQCLIENTEXCEPTION
2026-08-11T09:35:14.881+08:00 INFO  d.f.m.outbox.OutboxDispatcher request_id= idempotency_key= order_id= user_id= sku_id= payment_tx= - Outbox publication deferred outbox_id=834104af-1fb8-4071-8e8c-0b9ed74296ea command_id=5d0ad14384a94e5406b001708613fc17df00c6f760551c09311bd4c63f72d451 outcome=RETRYABLE cause=MQCLIENTEXCEPTION
2026-08-11T09:35:14.883+08:00 INFO  d.f.m.outbox.OutboxDispatcher request_id= idempotency_key= order_id= user_id= sku_id= payment_tx= - Outbox publication deferred outbox_id=c0d2bf33-0589-4fe3-883b-bbd252c5fc10 command_id=ea49c2dbbaf96b7817227af58819287ff75a811caa24a0e39c9180e605cecae0 outcome=RETRYABLE cause=MQCLIENTEXCEPTION
2026-08-11T09:35:14.998+08:00 INFO  d.f.m.outbox.OutboxDispatcher request_id= idempotency_key= order_id= user_id= sku_id= payment_tx= - Outbox publication deferred outbox_id=d9b7a9c7-2670-47b4-b5ef-ac5c852f5c2c command_id=4650f73f7881de8f540c0581cceec2356c9f3a20d5739dc897f8d55f94486b42 outcome=RETRYABLE cause=MQCLIENTEXCEPTION
2026-08-11T09:35:15.000+08:00 INFO  d.f.m.outbox.OutboxDispatcher request_id= idempotency_key= order_id= user_id= sku_id= payment_tx= - Outbox publication deferred outbox_id=a41f10f4-f9b2-4b5b-996f-30362c6778d3 command_id=a9b2a80d83711a699e2ea4001d1be940a51e9c89fad1964b73e96f442b4b06af outcome=RETRYABLE cause=MQCLIENTEXCEPTION
2026-08-11T09:35:15.003+08:00 INFO  d.f.m.outbox.OutboxDispatcher request_id= idempotency_key= order_id= user_id= sku_id= payment_tx= - Outbox publication deferred outbox_id=8e488331-cd56-4e46-b3fa-024017b381b4 command_id=af162229add65d6b9e52d098380898939ca9b42d40ce9e016d7779ca3097e50a outcome=RETRYABLE cause=MQCLIENTEXCEPTION
2026-08-11T09:35:15.006+08:00 INFO  d.f.m.outbox.OutboxDispatcher request_id= idempotency_key= order_id= user_id= sku_id= payment_tx= - Outbox publication deferred outbox_id=d8b33e94-cf3b-4a3d-ab98-90383698f194 command_id=6a21c34fdf88d48e4e33fe793f5c705af5f75556dbd877c37157ccacc9392a5a outcome=RETRYABLE cause=MQCLIENTEXCEPTION
2026-08-11T09:35:15.114+08:00 INFO  d.f.m.outbox.OutboxDispatcher request_id= idempotency_key= order_id= user_id= sku_id= payment_tx= - Outbox publication deferred outbox_id=e802777e-6553-4b24-a436-aec6c8c35af8 command_id=d9f465bd8296750bf1af932a6114bf9fb038fcbc44860167526a633cff975075 outcome=RETRYABLE cause=MQCLIENTEXCEPTION
2026-08-11T09:35:15.224+08:00 INFO  d.f.m.outbox.OutboxDispatcher request_id= idempotency_key= order_id= user_id= sku_id= payment_tx= - Outbox publication deferred outbox_id=b53abfe7-f844-474f-9f76-5f4d03c24e26 command_id=636ac31c1ff4e3bb0654ef0cec956444c658ad18a82af56280d37cfaac95e95a outcome=RETRYABLE cause=MQCLIENTEXCEPTION
2026-08-11T09:35:15.227+08:00 INFO  d.f.m.outbox.OutboxDispatcher request_id= idempotency_key= order_id= user_id= sku_id= payment_tx= - Outbox publication deferred outbox_id=73030965-01d3-43b7-96a9-6952b6e7ac17 command_id=b2cbc2ba95d7416f8e5033969b737f7956f13565e97eaa427c359cd8d6f63adc outcome=RETRYABLE cause=MQCLIENTEXCEPTION
2026-08-11T09:35:15.229+08:00 INFO  d.f.m.outbox.OutboxDispatcher request_id= idempotency_key= order_id= user_id= sku_id= payment_tx= - Outbox publication deferred outbox_id=7979859e-ee88-4682-8c4e-082776feb33e command_id=3ecb4a53f16102ebafc06264ef748b921e816026cf207723a7d6ab06df04979f outcome=RETRYABLE cause=MQCLIENTEXCEPTION
2026-08-11T09:35:15.869+08:00 INFO  d.f.m.outbox.OutboxDispatcher request_id= idempotency_key= order_id= user_id= sku_id= payment_tx= - Outbox publication deferred outbox_id=919b4d22-c7e2-4ba7-bd2b-51f4116b8612 command_id=e85703374dd067c8104287328716a52bfc4d711c89ccee568c82be0764babb47 outcome=RETRYABLE cause=MQCLIENTEXCEPTION
2026-08-11T09:35:15.871+08:00 INFO  d.f.m.outbox.OutboxDispatcher request_id= idempotency_key= order_id= user_id= sku_id= payment_tx= - Outbox publication deferred outbox_id=97a9e68a-9082-44cb-97db-2be26ebcd200 command_id=c489594ea305354fdde3ce78a60ba6afa65ea103413c8d63b4ab9300dfef5617 outcome=RETRYABLE cause=MQCLIENTEXCEPTION
2026-08-11T09:35:15.990+08:00 INFO  d.f.m.outbox.OutboxDispatcher request_id= idempotency_key= order_id= user_id= sku_id= payment_tx= - Outbox publication deferred outbox_id=834104af-1fb8-4071-8e8c-0b9ed74296ea command_id=5d0ad14384a94e5406b001708613fc17df00c6f760551c09311bd4c63f72d451 outcome=RETRYABLE cause=MQCLIENTEXCEPTION
2026-08-11T09:35:15.992+08:00 INFO  d.f.m.outbox.OutboxDispatcher request_id= idempotency_key= order_id= user_id= sku_id= payment_tx= - Outbox publication deferred outbox_id=c0d2bf33-0589-4fe3-883b-bbd252c5fc10 command_id=ea49c2dbbaf96b7817227af58819287ff75a811caa24a0e39c9180e605cecae0 outcome=RETRYABLE cause=MQCLIENTEXCEPTION
2026-08-11T09:35:16.103+08:00 INFO  d.f.m.outbox.OutboxDispatcher request_id= idempotency_key= order_id= user_id= sku_id= payment_tx= - Outbox publication deferred outbox_id=d9b7a9c7-2670-47b4-b5ef-ac5c852f5c2c command_id=4650f73f7881de8f540c0581cceec2356c9f3a20d5739dc897f8d55f94486b42 outcome=RETRYABLE cause=MQCLIENTEXCEPTION
2026-08-11T09:35:16.105+08:00 INFO  d.f.m.outbox.OutboxDispatcher request_id= idempotency_key= order_id= user_id= sku_id= payment_tx= - Outbox publication deferred outbox_id=a41f10f4-f9b2-4b5b-996f-30362c6778d3 command_id=a9b2a80d83711a699e2ea4001d1be940a51e9c89fad1964b73e96f442b4b06af outcome=RETRYABLE cause=MQCLIENTEXCEPTION
2026-08-11T09:35:16.107+08:00 INFO  d.f.m.outbox.OutboxDispatcher request_id= idempotency_key= order_id= user_id= sku_id= payment_tx= - Outbox publication deferred outbox_id=8e488331-cd56-4e46-b3fa-024017b381b4 command_id=af162229add65d6b9e52d098380898939ca9b42d40ce9e016d7779ca3097e50a outcome=RETRYABLE cause=MQCLIENTEXCEPTION
2026-08-11T09:35:16.110+08:00 INFO  d.f.m.outbox.OutboxDispatcher request_id= idempotency_key= order_id= user_id= sku_id= payment_tx= - Outbox publication deferred outbox_id=d8b33e94-cf3b-4a3d-ab98-90383698f194 command_id=6a21c34fdf88d48e4e33fe793f5c705af5f75556dbd877c37157ccacc9392a5a outcome=RETRYABLE cause=MQCLIENTEXCEPTION
2026-08-11T09:35:16.218+08:00 INFO  d.f.m.outbox.OutboxDispatcher request_id= idempotency_key= order_id= user_id= sku_id= payment_tx= - Outbox publication deferred outbox_id=e802777e-6553-4b24-a436-aec6c8c35af8 command_id=d9f465bd8296750bf1af932a6114bf9fb038fcbc44860167526a633cff975075 outcome=RETRYABLE cause=MQCLIENTEXCEPTION
2026-08-11T09:35:16.333+08:00 INFO  d.f.m.outbox.OutboxDispatcher request_id= idempotency_key= order_id= user_id= sku_id= payment_tx= - Outbox publication deferred outbox_id=b53abfe7-f844-474f-9f76-5f4d03c24e26 command_id=636ac31c1ff4e3bb0654ef0cec956444c658ad18a82af56280d37cfaac95e95a outcome=RETRYABLE cause=MQCLIENTEXCEPTION
2026-08-11T09:35:16.335+08:00 INFO  d.f.m.outbox.OutboxDispatcher request_id= idempotency_key= order_id= user_id= sku_id= payment_tx= - Outbox publication deferred outbox_id=73030965-01d3-43b7-96a9-6952b6e7ac17 command_id=b2cbc2ba95d7416f8e5033969b737f7956f13565e97eaa427c359cd8d6f63adc outcome=RETRYABLE cause=MQCLIENTEXCEPTION
2026-08-11T09:35:16.338+08:00 INFO  d.f.m.outbox.OutboxDispatcher request_id= idempotency_key= order_id= user_id= sku_id= payment_tx= - Outbox publication deferred outbox_id=7979859e-ee88-4682-8c4e-082776feb33e command_id=3ecb4a53f16102ebafc06264ef748b921e816026cf207723a7d6ab06df04979f outcome=RETRYABLE cause=MQCLIENTEXCEPTION
2026-08-11T09:35:16.976+08:00 INFO  d.f.m.outbox.OutboxDispatcher request_id= idempotency_key= order_id= user_id= sku_id= payment_tx= - Outbox publication deferred outbox_id=919b4d22-c7e2-4ba7-bd2b-51f4116b8612 command_id=e85703374dd067c8104287328716a52bfc4d711c89ccee568c82be0764babb47 outcome=RETRYABLE cause=MQCLIENTEXCEPTION
2026-08-11T09:35:16.978+08:00 INFO  d.f.m.outbox.OutboxDispatcher request_id= idempotency_key= order_id= user_id= sku_id= payment_tx= - Outbox publication deferred outbox_id=97a9e68a-9082-44cb-97db-2be26ebcd200 command_id=c489594ea305354fdde3ce78a60ba6afa65ea103413c8d63b4ab9300dfef5617 outcome=RETRYABLE cause=MQCLIENTEXCEPTION
2026-08-11T09:35:17.093+08:00 INFO  d.f.m.outbox.OutboxDispatcher request_id= idempotency_key= order_id= user_id= sku_id= payment_tx= - Outbox publication deferred outbox_id=834104af-1fb8-4071-8e8c-0b9ed74296ea command_id=5d0ad14384a94e5406b001708613fc17df00c6f760551c09311bd4c63f72d451 outcome=RETRYABLE cause=MQCLIENTEXCEPTION
2026-08-11T09:35:17.096+08:00 INFO  d.f.m.outbox.OutboxDispatcher request_id= idempotency_key= order_id= user_id= sku_id= payment_tx= - Outbox publication deferred outbox_id=c0d2bf33-0589-4fe3-883b-bbd252c5fc10 command_id=ea49c2dbbaf96b7817227af58819287ff75a811caa24a0e39c9180e605cecae0 outcome=RETRYABLE cause=MQCLIENTEXCEPTION
2026-08-11T09:35:17.210+08:00 INFO  d.f.m.outbox.OutboxDispatcher request_id= idempotency_key= order_id= user_id= sku_id= payment_tx= - Outbox publication deferred outbox_id=d9b7a9c7-2670-47b4-b5ef-ac5c852f5c2c command_id=4650f73f7881de8f540c0581cceec2356c9f3a20d5739dc897f8d55f94486b42 outcome=RETRYABLE cause=MQCLIENTEXCEPTION
2026-08-11T09:35:17.213+08:00 INFO  d.f.m.outbox.OutboxDispatcher request_id= idempotency_key= order_id= user_id= sku_id= payment_tx= - Outbox publication deferred outbox_id=a41f10f4-f9b2-4b5b-996f-30362c6778d3 command_id=a9b2a80d83711a699e2ea4001d1be940a51e9c89fad1964b73e96f442b4b06af outcome=RETRYABLE cause=MQCLIENTEXCEPTION
2026-08-11T09:35:17.215+08:00 INFO  d.f.m.outbox.OutboxDispatcher request_id= idempotency_key= order_id= user_id= sku_id= payment_tx= - Outbox publication deferred outbox_id=8e488331-cd56-4e46-b3fa-024017b381b4 command_id=af162229add65d6b9e52d098380898939ca9b42d40ce9e016d7779ca3097e50a outcome=RETRYABLE cause=MQCLIENTEXCEPTION
2026-08-11T09:35:17.218+08:00 INFO  d.f.m.outbox.OutboxDispatcher request_id= idempotency_key= order_id= user_id= sku_id= payment_tx= - Outbox publication deferred outbox_id=d8b33e94-cf3b-4a3d-ab98-90383698f194 command_id=6a21c34fdf88d48e4e33fe793f5c705af5f75556dbd877c37157ccacc9392a5a outcome=RETRYABLE cause=MQCLIENTEXCEPTION
2026-08-11T09:35:17.330+08:00 INFO  d.f.m.outbox.OutboxDispatcher request_id= idempotency_key= order_id= user_id= sku_id= payment_tx= - Outbox publication deferred outbox_id=e802777e-6553-4b24-a436-aec6c8c35af8 command_id=d9f465bd8296750bf1af932a6114bf9fb038fcbc44860167526a633cff975075 outcome=RETRYABLE cause=MQCLIENTEXCEPTION
2026-08-11T09:35:17.440+08:00 INFO  d.f.m.outbox.OutboxDispatcher request_id= idempotency_key= order_id= user_id= sku_id= payment_tx= - Outbox publication deferred outbox_id=b53abfe7-f844-474f-9f76-5f4d03c24e26 command_id=636ac31c1ff4e3bb0654ef0cec956444c658ad18a82af56280d37cfaac95e95a outcome=RETRYABLE cause=MQCLIENTEXCEPTION
2026-08-11T09:35:17.443+08:00 INFO  d.f.m.outbox.OutboxDispatcher request_id= idempotency_key= order_id= user_id= sku_id= payment_tx= - Outbox publication deferred outbox_id=73030965-01d3-43b7-96a9-6952b6e7ac17 command_id=b2cbc2ba95d7416f8e5033969b737f7956f13565e97eaa427c359cd8d6f63adc outcome=RETRYABLE cause=MQCLIENTEXCEPTION
2026-08-11T09:35:17.445+08:00 INFO  d.f.m.outbox.OutboxDispatcher request_id= idempotency_key= order_id= user_id= sku_id= payment_tx= - Outbox publication deferred outbox_id=7979859e-ee88-4682-8c4e-082776feb33e command_id=3ecb4a53f16102ebafc06264ef748b921e816026cf207723a7d6ab06df04979f outcome=RETRYABLE cause=MQCLIENTEXCEPTION
2026-08-11T09:35:17.987+08:00 INFO  d.f.m.outbox.OutboxDispatcher request_id= idempotency_key= order_id= user_id= sku_id= payment_tx= - Outbox publication deferred outbox_id=919b4d22-c7e2-4ba7-bd2b-51f4116b8612 command_id=e85703374dd067c8104287328716a52bfc4d711c89ccee568c82be0764babb47 outcome=RETRYABLE cause=MQCLIENTEXCEPTION
2026-08-11T09:35:17.990+08:00 INFO  d.f.m.outbox.OutboxDispatcher request_id= idempotency_key= order_id= user_id= sku_id= payment_tx= - Outbox publication deferred outbox_id=97a9e68a-9082-44cb-97db-2be26ebcd200 command_id=c489594ea305354fdde3ce78a60ba6afa65ea103413c8d63b4ab9300dfef5617 outcome=RETRYABLE cause=MQCLIENTEXCEPTION
2026-08-11T09:35:18.103+08:00 INFO  d.f.m.outbox.OutboxDispatcher request_id= idempotency_key= order_id= user_id= sku_id= payment_tx= - Outbox publication deferred outbox_id=834104af-1fb8-4071-8e8c-0b9ed74296ea command_id=5d0ad14384a94e5406b001708613fc17df00c6f760551c09311bd4c63f72d451 outcome=RETRYABLE cause=MQCLIENTEXCEPTION
2026-08-11T09:35:18.105+08:00 INFO  d.f.m.outbox.OutboxDispatcher request_id= idempotency_key= order_id= user_id= sku_id= payment_tx= - Outbox publication deferred outbox_id=c0d2bf33-0589-4fe3-883b-bbd252c5fc10 command_id=ea49c2dbbaf96b7817227af58819287ff75a811caa24a0e39c9180e605cecae0 outcome=RETRYABLE cause=MQCLIENTEXCEPTION
2026-08-11T09:35:18.217+08:00 INFO  d.f.m.outbox.OutboxDispatcher request_id= idempotency_key= order_id= user_id= sku_id= payment_tx= - Outbox publication deferred outbox_id=d9b7a9c7-2670-47b4-b5ef-ac5c852f5c2c command_id=4650f73f7881de8f540c0581cceec2356c9f3a20d5739dc897f8d55f94486b42 outcome=RETRYABLE cause=MQCLIENTEXCEPTION
2026-08-11T09:35:18.332+08:00 INFO  d.f.m.outbox.OutboxDispatcher request_id= idempotency_key= order_id= user_id= sku_id= payment_tx= - Outbox publication deferred outbox_id=a41f10f4-f9b2-4b5b-996f-30362c6778d3 command_id=a9b2a80d83711a699e2ea4001d1be940a51e9c89fad1964b73e96f442b4b06af outcome=RETRYABLE cause=MQCLIENTEXCEPTION
2026-08-11T09:35:18.334+08:00 INFO  d.f.m.outbox.OutboxDispatcher request_id= idempotency_key= order_id= user_id= sku_id= payment_tx= - Outbox publication deferred outbox_id=8e488331-cd56-4e46-b3fa-024017b381b4 command_id=af162229add65d6b9e52d098380898939ca9b42d40ce9e016d7779ca3097e50a outcome=RETRYABLE cause=MQCLIENTEXCEPTION
2026-08-11T09:35:18.336+08:00 INFO  d.f.m.outbox.OutboxDispatcher request_id= idempotency_key= order_id= user_id= sku_id= payment_tx= - Outbox publication deferred outbox_id=d8b33e94-cf3b-4a3d-ab98-90383698f194 command_id=6a21c34fdf88d48e4e33fe793f5c705af5f75556dbd877c37157ccacc9392a5a outcome=RETRYABLE cause=MQCLIENTEXCEPTION
2026-08-11T09:35:18.449+08:00 INFO  d.f.m.outbox.OutboxDispatcher request_id= idempotency_key= order_id= user_id= sku_id= payment_tx= - Outbox publication deferred outbox_id=e802777e-6553-4b24-a436-aec6c8c35af8 command_id=d9f465bd8296750bf1af932a6114bf9fb038fcbc44860167526a633cff975075 outcome=RETRYABLE cause=MQCLIENTEXCEPTION
2026-08-11T09:35:18.451+08:00 INFO  d.f.m.outbox.OutboxDispatcher request_id= idempotency_key= order_id= user_id= sku_id= payment_tx= - Outbox publication deferred outbox_id=b53abfe7-f844-474f-9f76-5f4d03c24e26 command_id=636ac31c1ff4e3bb0654ef0cec956444c658ad18a82af56280d37cfaac95e95a outcome=RETRYABLE cause=MQCLIENTEXCEPTION
2026-08-11T09:35:18.453+08:00 INFO  d.f.m.outbox.OutboxDispatcher request_id= idempotency_key= order_id= user_id= sku_id= payment_tx= - Outbox publication deferred outbox_id=73030965-01d3-43b7-96a9-6952b6e7ac17 command_id=b2cbc2ba95d7416f8e5033969b737f7956f13565e97eaa427c359cd8d6f63adc outcome=RETRYABLE cause=MQCLIENTEXCEPTION
2026-08-11T09:35:18.562+08:00 INFO  d.f.m.outbox.OutboxDispatcher request_id= idempotency_key= order_id= user_id= sku_id= payment_tx= - Outbox publication deferred outbox_id=7979859e-ee88-4682-8c4e-082776feb33e command_id=3ecb4a53f16102ebafc06264ef748b921e816026cf207723a7d6ab06df04979f outcome=RETRYABLE cause=MQCLIENTEXCEPTION
2026-08-11T09:35:19.100+08:00 INFO  d.f.m.outbox.OutboxDispatcher request_id= idempotency_key= order_id= user_id= sku_id= payment_tx= - Outbox publication deferred outbox_id=919b4d22-c7e2-4ba7-bd2b-51f4116b8612 command_id=e85703374dd067c8104287328716a52bfc4d711c89ccee568c82be0764babb47 outcome=RETRYABLE cause=MQCLIENTEXCEPTION
2026-08-11T09:35:19.102+08:00 INFO  d.f.m.outbox.OutboxDispatcher request_id= idempotency_key= order_id= user_id= sku_id= payment_tx= - Outbox publication deferred outbox_id=97a9e68a-9082-44cb-97db-2be26ebcd200 command_id=c489594ea305354fdde3ce78a60ba6afa65ea103413c8d63b4ab9300dfef5617 outcome=RETRYABLE cause=MQCLIENTEXCEPTION
2026-08-11T09:35:19.218+08:00 INFO  d.f.m.outbox.OutboxDispatcher request_id= idempotency_key= order_id= user_id= sku_id= payment_tx= - Outbox publication deferred outbox_id=834104af-1fb8-4071-8e8c-0b9ed74296ea command_id=5d0ad14384a94e5406b001708613fc17df00c6f760551c09311bd4c63f72d451 outcome=RETRYABLE cause=MQCLIENTEXCEPTION
2026-08-11T09:35:19.220+08:00 INFO  d.f.m.outbox.OutboxDispatcher request_id= idempotency_key= order_id= user_id= sku_id= payment_tx= - Outbox publication deferred outbox_id=c0d2bf33-0589-4fe3-883b-bbd252c5fc10 command_id=ea49c2dbbaf96b7817227af58819287ff75a811caa24a0e39c9180e605cecae0 outcome=RETRYABLE cause=MQCLIENTEXCEPTION
2026-08-11T09:35:19.331+08:00 INFO  d.f.m.outbox.OutboxDispatcher request_id= idempotency_key= order_id= user_id= sku_id= payment_tx= - Outbox publication deferred outbox_id=d9b7a9c7-2670-47b4-b5ef-ac5c852f5c2c command_id=4650f73f7881de8f540c0581cceec2356c9f3a20d5739dc897f8d55f94486b42 outcome=RETRYABLE cause=MQCLIENTEXCEPTION
2026-08-11T09:35:19.444+08:00 INFO  d.f.m.outbox.OutboxDispatcher request_id= idempotency_key= order_id= user_id= sku_id= payment_tx= - Outbox publication deferred outbox_id=a41f10f4-f9b2-4b5b-996f-30362c6778d3 command_id=a9b2a80d83711a699e2ea4001d1be940a51e9c89fad1964b73e96f442b4b06af outcome=RETRYABLE cause=MQCLIENTEXCEPTION
2026-08-11T09:35:19.446+08:00 INFO  d.f.m.outbox.OutboxDispatcher request_id= idempotency_key= order_id= user_id= sku_id= payment_tx= - Outbox publication deferred outbox_id=8e488331-cd56-4e46-b3fa-024017b381b4 command_id=af162229add65d6b9e52d098380898939ca9b42d40ce9e016d7779ca3097e50a outcome=RETRYABLE cause=MQCLIENTEXCEPTION
2026-08-11T09:35:19.449+08:00 INFO  d.f.m.outbox.OutboxDispatcher request_id= idempotency_key= order_id= user_id= sku_id= payment_tx= - Outbox publication deferred outbox_id=d8b33e94-cf3b-4a3d-ab98-90383698f194 command_id=6a21c34fdf88d48e4e33fe793f5c705af5f75556dbd877c37157ccacc9392a5a outcome=RETRYABLE cause=MQCLIENTEXCEPTION
2026-08-11T09:35:19.563+08:00 INFO  d.f.m.outbox.OutboxDispatcher request_id= idempotency_key= order_id= user_id= sku_id= payment_tx= - Outbox publication deferred outbox_id=e802777e-6553-4b24-a436-aec6c8c35af8 command_id=d9f465bd8296750bf1af932a6114bf9fb038fcbc44860167526a633cff975075 outcome=RETRYABLE cause=MQCLIENTEXCEPTION
2026-08-11T09:35:19.565+08:00 INFO  d.f.m.outbox.OutboxDispatcher request_id= idempotency_key= order_id= user_id= sku_id= payment_tx= - Outbox publication deferred outbox_id=b53abfe7-f844-474f-9f76-5f4d03c24e26 command_id=636ac31c1ff4e3bb0654ef0cec956444c658ad18a82af56280d37cfaac95e95a outcome=RETRYABLE cause=MQCLIENTEXCEPTION
2026-08-11T09:35:19.567+08:00 INFO  d.f.m.outbox.OutboxDispatcher request_id= idempotency_key= order_id= user_id= sku_id= payment_tx= - Outbox publication deferred outbox_id=73030965-01d3-43b7-96a9-6952b6e7ac17 command_id=b2cbc2ba95d7416f8e5033969b737f7956f13565e97eaa427c359cd8d6f63adc outcome=RETRYABLE cause=MQCLIENTEXCEPTION
2026-08-11T09:35:19.677+08:00 INFO  d.f.m.outbox.OutboxDispatcher request_id= idempotency_key= order_id= user_id= sku_id= payment_tx= - Outbox publication deferred outbox_id=7979859e-ee88-4682-8c4e-082776feb33e command_id=3ecb4a53f16102ebafc06264ef748b921e816026cf207723a7d6ab06df04979f outcome=RETRYABLE cause=MQCLIENTEXCEPTION
2026-08-11T09:35:20.108+08:00 INFO  d.f.m.outbox.OutboxDispatcher request_id= idempotency_key= order_id= user_id= sku_id= payment_tx= - Outbox publication deferred outbox_id=919b4d22-c7e2-4ba7-bd2b-51f4116b8612 command_id=e85703374dd067c8104287328716a52bfc4d711c89ccee568c82be0764babb47 outcome=RETRYABLE cause=MQCLIENTEXCEPTION
2026-08-11T09:35:20.111+08:00 INFO  d.f.m.outbox.OutboxDispatcher request_id= idempotency_key= order_id= user_id= sku_id= payment_tx= - Outbox publication deferred outbox_id=97a9e68a-9082-44cb-97db-2be26ebcd200 command_id=c489594ea305354fdde3ce78a60ba6afa65ea103413c8d63b4ab9300dfef5617 outcome=RETRYABLE cause=MQCLIENTEXCEPTION
2026-08-11T09:35:20.326+08:00 INFO  d.f.m.outbox.OutboxDispatcher request_id= idempotency_key= order_id= user_id= sku_id= payment_tx= - Outbox publication deferred outbox_id=834104af-1fb8-4071-8e8c-0b9ed74296ea command_id=5d0ad14384a94e5406b001708613fc17df00c6f760551c09311bd4c63f72d451 outcome=RETRYABLE cause=MQCLIENTEXCEPTION
2026-08-11T09:35:20.329+08:00 INFO  d.f.m.outbox.OutboxDispatcher request_id= idempotency_key= order_id= user_id= sku_id= payment_tx= - Outbox publication deferred outbox_id=c0d2bf33-0589-4fe3-883b-bbd252c5fc10 command_id=ea49c2dbbaf96b7817227af58819287ff75a811caa24a0e39c9180e605cecae0 outcome=RETRYABLE cause=MQCLIENTEXCEPTION
2026-08-11T09:35:20.442+08:00 INFO  d.f.m.outbox.OutboxDispatcher request_id= idempotency_key= order_id= user_id= sku_id= payment_tx= - Outbox publication deferred outbox_id=d9b7a9c7-2670-47b4-b5ef-ac5c852f5c2c command_id=4650f73f7881de8f540c0581cceec2356c9f3a20d5739dc897f8d55f94486b42 outcome=RETRYABLE cause=MQCLIENTEXCEPTION
2026-08-11T09:35:20.556+08:00 INFO  d.f.m.outbox.OutboxDispatcher request_id= idempotency_key= order_id= user_id= sku_id= payment_tx= - Outbox publication deferred outbox_id=a41f10f4-f9b2-4b5b-996f-30362c6778d3 command_id=a9b2a80d83711a699e2ea4001d1be940a51e9c89fad1964b73e96f442b4b06af outcome=RETRYABLE cause=MQCLIENTEXCEPTION
2026-08-11T09:35:20.559+08:00 INFO  d.f.m.outbox.OutboxDispatcher request_id= idempotency_key= order_id= user_id= sku_id= payment_tx= - Outbox publication deferred outbox_id=8e488331-cd56-4e46-b3fa-024017b381b4 command_id=af162229add65d6b9e52d098380898939ca9b42d40ce9e016d7779ca3097e50a outcome=RETRYABLE cause=MQCLIENTEXCEPTION
2026-08-11T09:35:20.561+08:00 INFO  d.f.m.outbox.OutboxDispatcher request_id= idempotency_key= order_id= user_id= sku_id= payment_tx= - Outbox publication deferred outbox_id=d8b33e94-cf3b-4a3d-ab98-90383698f194 command_id=6a21c34fdf88d48e4e33fe793f5c705af5f75556dbd877c37157ccacc9392a5a outcome=RETRYABLE cause=MQCLIENTEXCEPTION
2026-08-11T09:35:20.672+08:00 INFO  d.f.m.outbox.OutboxDispatcher request_id= idempotency_key= order_id= user_id= sku_id= payment_tx= - Outbox publication deferred outbox_id=e802777e-6553-4b24-a436-aec6c8c35af8 command_id=d9f465bd8296750bf1af932a6114bf9fb038fcbc44860167526a633cff975075 outcome=RETRYABLE cause=MQCLIENTEXCEPTION
2026-08-11T09:35:20.674+08:00 INFO  d.f.m.outbox.OutboxDispatcher request_id= idempotency_key= order_id= user_id= sku_id= payment_tx= - Outbox publication deferred outbox_id=b53abfe7-f844-474f-9f76-5f4d03c24e26 command_id=636ac31c1ff4e3bb0654ef0cec956444c658ad18a82af56280d37cfaac95e95a outcome=RETRYABLE cause=MQCLIENTEXCEPTION
2026-08-11T09:35:20.677+08:00 INFO  d.f.m.outbox.OutboxDispatcher request_id= idempotency_key= order_id= user_id= sku_id= payment_tx= - Outbox publication deferred outbox_id=73030965-01d3-43b7-96a9-6952b6e7ac17 command_id=b2cbc2ba95d7416f8e5033969b737f7956f13565e97eaa427c359cd8d6f63adc outcome=RETRYABLE cause=MQCLIENTEXCEPTION
2026-08-11T09:35:20.788+08:00 INFO  d.f.m.outbox.OutboxDispatcher request_id= idempotency_key= order_id= user_id= sku_id= payment_tx= - Outbox publication deferred outbox_id=7979859e-ee88-4682-8c4e-082776feb33e command_id=3ecb4a53f16102ebafc06264ef748b921e816026cf207723a7d6ab06df04979f outcome=RETRYABLE cause=MQCLIENTEXCEPTION
2026-08-11T09:35:21.220+08:00 INFO  d.f.m.outbox.OutboxDispatcher request_id= idempotency_key= order_id= user_id= sku_id= payment_tx= - Outbox publication deferred outbox_id=919b4d22-c7e2-4ba7-bd2b-51f4116b8612 command_id=e85703374dd067c8104287328716a52bfc4d711c89ccee568c82be0764babb47 outcome=RETRYABLE cause=MQCLIENTEXCEPTION
2026-08-11T09:35:21.222+08:00 INFO  d.f.m.outbox.OutboxDispatcher request_id= idempotency_key= order_id= user_id= sku_id= payment_tx= - Outbox publication deferred outbox_id=97a9e68a-9082-44cb-97db-2be26ebcd200 command_id=c489594ea305354fdde3ce78a60ba6afa65ea103413c8d63b4ab9300dfef5617 outcome=RETRYABLE cause=MQCLIENTEXCEPTION
2026-08-11T09:35:21.335+08:00 INFO  d.f.m.outbox.OutboxDispatcher request_id= idempotency_key= order_id= user_id= sku_id= payment_tx= - Outbox publication deferred outbox_id=834104af-1fb8-4071-8e8c-0b9ed74296ea command_id=5d0ad14384a94e5406b001708613fc17df00c6f760551c09311bd4c63f72d451 outcome=RETRYABLE cause=MQCLIENTEXCEPTION
2026-08-11T09:35:21.337+08:00 INFO  d.f.m.outbox.OutboxDispatcher request_id= idempotency_key= order_id= user_id= sku_id= payment_tx= - Outbox publication deferred outbox_id=c0d2bf33-0589-4fe3-883b-bbd252c5fc10 command_id=ea49c2dbbaf96b7817227af58819287ff75a811caa24a0e39c9180e605cecae0 outcome=RETRYABLE cause=MQCLIENTEXCEPTION
2026-08-11T09:35:21.450+08:00 INFO  d.f.m.outbox.OutboxDispatcher request_id= idempotency_key= order_id= user_id= sku_id= payment_tx= - Outbox publication deferred outbox_id=d9b7a9c7-2670-47b4-b5ef-ac5c852f5c2c command_id=4650f73f7881de8f540c0581cceec2356c9f3a20d5739dc897f8d55f94486b42 outcome=RETRYABLE cause=MQCLIENTEXCEPTION
2026-08-11T09:35:21.670+08:00 INFO  d.f.m.outbox.OutboxDispatcher request_id= idempotency_key= order_id= user_id= sku_id= payment_tx= - Outbox publication deferred outbox_id=a41f10f4-f9b2-4b5b-996f-30362c6778d3 command_id=a9b2a80d83711a699e2ea4001d1be940a51e9c89fad1964b73e96f442b4b06af outcome=RETRYABLE cause=MQCLIENTEXCEPTION
2026-08-11T09:35:21.672+08:00 INFO  d.f.m.outbox.OutboxDispatcher request_id= idempotency_key= order_id= user_id= sku_id= payment_tx= - Outbox publication deferred outbox_id=8e488331-cd56-4e46-b3fa-024017b381b4 command_id=af162229add65d6b9e52d098380898939ca9b42d40ce9e016d7779ca3097e50a outcome=RETRYABLE cause=MQCLIENTEXCEPTION
2026-08-11T09:35:21.676+08:00 INFO  d.f.m.outbox.OutboxDispatcher request_id= idempotency_key= order_id= user_id= sku_id= payment_tx= - Outbox publication deferred outbox_id=d8b33e94-cf3b-4a3d-ab98-90383698f194 command_id=6a21c34fdf88d48e4e33fe793f5c705af5f75556dbd877c37157ccacc9392a5a outcome=RETRYABLE cause=MQCLIENTEXCEPTION
2026-08-11T09:35:21.791+08:00 INFO  d.f.m.outbox.OutboxDispatcher request_id= idempotency_key= order_id= user_id= sku_id= payment_tx= - Outbox publication deferred outbox_id=e802777e-6553-4b24-a436-aec6c8c35af8 command_id=d9f465bd8296750bf1af932a6114bf9fb038fcbc44860167526a633cff975075 outcome=RETRYABLE cause=MQCLIENTEXCEPTION
2026-08-11T09:35:21.792+08:00 INFO  d.f.m.outbox.OutboxDispatcher request_id= idempotency_key= order_id= user_id= sku_id= payment_tx= - Outbox publication deferred outbox_id=b53abfe7-f844-474f-9f76-5f4d03c24e26 command_id=636ac31c1ff4e3bb0654ef0cec956444c658ad18a82af56280d37cfaac95e95a outcome=RETRYABLE cause=MQCLIENTEXCEPTION
2026-08-11T09:35:21.794+08:00 INFO  d.f.m.outbox.OutboxDispatcher request_id= idempotency_key= order_id= user_id= sku_id= payment_tx= - Outbox publication deferred outbox_id=73030965-01d3-43b7-96a9-6952b6e7ac17 command_id=b2cbc2ba95d7416f8e5033969b737f7956f13565e97eaa427c359cd8d6f63adc outcome=RETRYABLE cause=MQCLIENTEXCEPTION
2026-08-11T09:35:21.907+08:00 INFO  d.f.m.outbox.OutboxDispatcher request_id= idempotency_key= order_id= user_id= sku_id= payment_tx= - Outbox publication deferred outbox_id=7979859e-ee88-4682-8c4e-082776feb33e command_id=3ecb4a53f16102ebafc06264ef748b921e816026cf207723a7d6ab06df04979f outcome=RETRYABLE cause=MQCLIENTEXCEPTION
2026-08-11T09:35:22.230+08:00 INFO  d.f.m.outbox.OutboxDispatcher request_id= idempotency_key= order_id= user_id= sku_id= payment_tx= - Outbox publication deferred outbox_id=919b4d22-c7e2-4ba7-bd2b-51f4116b8612 command_id=e85703374dd067c8104287328716a52bfc4d711c89ccee568c82be0764babb47 outcome=RETRYABLE cause=MQCLIENTEXCEPTION
2026-08-11T09:35:22.232+08:00 INFO  d.f.m.outbox.OutboxDispatcher request_id= idempotency_key= order_id= user_id= sku_id= payment_tx= - Outbox publication deferred outbox_id=97a9e68a-9082-44cb-97db-2be26ebcd200 command_id=c489594ea305354fdde3ce78a60ba6afa65ea103413c8d63b4ab9300dfef5617 outcome=RETRYABLE cause=MQCLIENTEXCEPTION
2026-08-11T09:35:22.341+08:00 INFO  d.f.m.outbox.OutboxDispatcher request_id= idempotency_key= order_id= user_id= sku_id= payment_tx= - Outbox publication deferred outbox_id=834104af-1fb8-4071-8e8c-0b9ed74296ea command_id=5d0ad14384a94e5406b001708613fc17df00c6f760551c09311bd4c63f72d451 outcome=RETRYABLE cause=MQCLIENTEXCEPTION
2026-08-11T09:35:22.451+08:00 INFO  d.f.m.outbox.OutboxDispatcher request_id= idempotency_key= order_id= user_id= sku_id= payment_tx= - Outbox publication deferred outbox_id=c0d2bf33-0589-4fe3-883b-bbd252c5fc10 command_id=ea49c2dbbaf96b7817227af58819287ff75a811caa24a0e39c9180e605cecae0 outcome=RETRYABLE cause=MQCLIENTEXCEPTION
2026-08-11T09:35:22.560+08:00 INFO  d.f.m.outbox.OutboxDispatcher request_id= idempotency_key= order_id= user_id= sku_id= payment_tx= - Outbox publication deferred outbox_id=d9b7a9c7-2670-47b4-b5ef-ac5c852f5c2c command_id=4650f73f7881de8f540c0581cceec2356c9f3a20d5739dc897f8d55f94486b42 outcome=RETRYABLE cause=MQCLIENTEXCEPTION
2026-08-11T09:35:22.777+08:00 INFO  d.f.m.outbox.OutboxDispatcher request_id= idempotency_key= order_id= user_id= sku_id= payment_tx= - Outbox publication deferred outbox_id=a41f10f4-f9b2-4b5b-996f-30362c6778d3 command_id=a9b2a80d83711a699e2ea4001d1be940a51e9c89fad1964b73e96f442b4b06af outcome=RETRYABLE cause=MQCLIENTEXCEPTION
2026-08-11T09:35:22.780+08:00 INFO  d.f.m.outbox.OutboxDispatcher request_id= idempotency_key= order_id= user_id= sku_id= payment_tx= - Outbox publication deferred outbox_id=8e488331-cd56-4e46-b3fa-024017b381b4 command_id=af162229add65d6b9e52d098380898939ca9b42d40ce9e016d7779ca3097e50a outcome=RETRYABLE cause=MQCLIENTEXCEPTION
2026-08-11T09:35:22.782+08:00 INFO  d.f.m.outbox.OutboxDispatcher request_id= idempotency_key= order_id= user_id= sku_id= payment_tx= - Outbox publication deferred outbox_id=d8b33e94-cf3b-4a3d-ab98-90383698f194 command_id=6a21c34fdf88d48e4e33fe793f5c705af5f75556dbd877c37157ccacc9392a5a outcome=RETRYABLE cause=MQCLIENTEXCEPTION
2026-08-11T09:35:22.896+08:00 INFO  d.f.m.outbox.OutboxDispatcher request_id= idempotency_key= order_id= user_id= sku_id= payment_tx= - Outbox publication deferred outbox_id=e802777e-6553-4b24-a436-aec6c8c35af8 command_id=d9f465bd8296750bf1af932a6114bf9fb038fcbc44860167526a633cff975075 outcome=RETRYABLE cause=MQCLIENTEXCEPTION
2026-08-11T09:35:22.898+08:00 INFO  d.f.m.outbox.OutboxDispatcher request_id= idempotency_key= order_id= user_id= sku_id= payment_tx= - Outbox publication deferred outbox_id=b53abfe7-f844-474f-9f76-5f4d03c24e26 command_id=636ac31c1ff4e3bb0654ef0cec956444c658ad18a82af56280d37cfaac95e95a outcome=RETRYABLE cause=MQCLIENTEXCEPTION
2026-08-11T09:35:22.899+08:00 INFO  d.f.m.outbox.OutboxDispatcher request_id= idempotency_key= order_id= user_id= sku_id= payment_tx= - Outbox publication deferred outbox_id=73030965-01d3-43b7-96a9-6952b6e7ac17 command_id=b2cbc2ba95d7416f8e5033969b737f7956f13565e97eaa427c359cd8d6f63adc outcome=RETRYABLE cause=MQCLIENTEXCEPTION
2026-08-11T09:35:23.008+08:00 INFO  d.f.m.outbox.OutboxDispatcher request_id= idempotency_key= order_id= user_id= sku_id= payment_tx= - Outbox publication deferred outbox_id=7979859e-ee88-4682-8c4e-082776feb33e command_id=3ecb4a53f16102ebafc06264ef748b921e816026cf207723a7d6ab06df04979f outcome=RETRYABLE cause=MQCLIENTEXCEPTION
2026-08-11T09:35:23.336+08:00 INFO  d.f.m.outbox.OutboxDispatcher request_id= idempotency_key= order_id= user_id= sku_id= payment_tx= - Outbox publication deferred outbox_id=919b4d22-c7e2-4ba7-bd2b-51f4116b8612 command_id=e85703374dd067c8104287328716a52bfc4d711c89ccee568c82be0764babb47 outcome=RETRYABLE cause=MQCLIENTEXCEPTION
2026-08-11T09:35:23.338+08:00 INFO  d.f.m.outbox.OutboxDispatcher request_id= idempotency_key= order_id= user_id= sku_id= payment_tx= - Outbox publication deferred outbox_id=97a9e68a-9082-44cb-97db-2be26ebcd200 command_id=c489594ea305354fdde3ce78a60ba6afa65ea103413c8d63b4ab9300dfef5617 outcome=RETRYABLE cause=MQCLIENTEXCEPTION
2026-08-11T09:35:23.448+08:00 INFO  d.f.m.outbox.OutboxDispatcher request_id= idempotency_key= order_id= user_id= sku_id= payment_tx= - Outbox publication deferred outbox_id=834104af-1fb8-4071-8e8c-0b9ed74296ea command_id=5d0ad14384a94e5406b001708613fc17df00c6f760551c09311bd4c63f72d451 outcome=RETRYABLE cause=MQCLIENTEXCEPTION
2026-08-11T09:35:23.559+08:00 INFO  d.f.m.outbox.OutboxDispatcher request_id= idempotency_key= order_id= user_id= sku_id= payment_tx= - Outbox publication deferred outbox_id=c0d2bf33-0589-4fe3-883b-bbd252c5fc10 command_id=ea49c2dbbaf96b7817227af58819287ff75a811caa24a0e39c9180e605cecae0 outcome=RETRYABLE cause=MQCLIENTEXCEPTION
2026-08-11T09:35:23.669+08:00 INFO  d.f.m.outbox.OutboxDispatcher request_id= idempotency_key= order_id= user_id= sku_id= payment_tx= - Outbox publication deferred outbox_id=d9b7a9c7-2670-47b4-b5ef-ac5c852f5c2c command_id=4650f73f7881de8f540c0581cceec2356c9f3a20d5739dc897f8d55f94486b42 outcome=RETRYABLE cause=MQCLIENTEXCEPTION
2026-08-11T09:35:23.885+08:00 INFO  d.f.m.outbox.OutboxDispatcher request_id= idempotency_key= order_id= user_id= sku_id= payment_tx= - Outbox publication deferred outbox_id=a41f10f4-f9b2-4b5b-996f-30362c6778d3 command_id=a9b2a80d83711a699e2ea4001d1be940a51e9c89fad1964b73e96f442b4b06af outcome=RETRYABLE cause=MQCLIENTEXCEPTION
2026-08-11T09:35:23.887+08:00 INFO  d.f.m.outbox.OutboxDispatcher request_id= idempotency_key= order_id= user_id= sku_id= payment_tx= - Outbox publication deferred outbox_id=8e488331-cd56-4e46-b3fa-024017b381b4 command_id=af162229add65d6b9e52d098380898939ca9b42d40ce9e016d7779ca3097e50a outcome=RETRYABLE cause=MQCLIENTEXCEPTION
2026-08-11T09:35:23.889+08:00 INFO  d.f.m.outbox.OutboxDispatcher request_id= idempotency_key= order_id= user_id= sku_id= payment_tx= - Outbox publication deferred outbox_id=d8b33e94-cf3b-4a3d-ab98-90383698f194 command_id=6a21c34fdf88d48e4e33fe793f5c705af5f75556dbd877c37157ccacc9392a5a outcome=RETRYABLE cause=MQCLIENTEXCEPTION
2026-08-11T09:35:24.003+08:00 INFO  d.f.m.outbox.OutboxDispatcher request_id= idempotency_key= order_id= user_id= sku_id= payment_tx= - Outbox publication deferred outbox_id=e802777e-6553-4b24-a436-aec6c8c35af8 command_id=d9f465bd8296750bf1af932a6114bf9fb038fcbc44860167526a633cff975075 outcome=RETRYABLE cause=MQCLIENTEXCEPTION
2026-08-11T09:35:24.005+08:00 INFO  d.f.m.outbox.OutboxDispatcher request_id= idempotency_key= order_id= user_id= sku_id= payment_tx= - Outbox publication deferred outbox_id=b53abfe7-f844-474f-9f76-5f4d03c24e26 command_id=636ac31c1ff4e3bb0654ef0cec956444c658ad18a82af56280d37cfaac95e95a outcome=RETRYABLE cause=MQCLIENTEXCEPTION
2026-08-11T09:35:24.006+08:00 INFO  d.f.m.outbox.OutboxDispatcher request_id= idempotency_key= order_id= user_id= sku_id= payment_tx= - Outbox publication deferred outbox_id=73030965-01d3-43b7-96a9-6952b6e7ac17 command_id=b2cbc2ba95d7416f8e5033969b737f7956f13565e97eaa427c359cd8d6f63adc outcome=RETRYABLE cause=MQCLIENTEXCEPTION
2026-08-11T09:35:24.118+08:00 INFO  d.f.m.outbox.OutboxDispatcher request_id= idempotency_key= order_id= user_id= sku_id= payment_tx= - Outbox publication deferred outbox_id=7979859e-ee88-4682-8c4e-082776feb33e command_id=3ecb4a53f16102ebafc06264ef748b921e816026cf207723a7d6ab06df04979f outcome=RETRYABLE cause=MQCLIENTEXCEPTION
2026-08-11T09:35:24.462+08:00 INFO  d.f.m.outbox.OutboxDispatcher request_id= idempotency_key= order_id= user_id= sku_id= payment_tx= - Outbox publication deferred outbox_id=919b4d22-c7e2-4ba7-bd2b-51f4116b8612 command_id=e85703374dd067c8104287328716a52bfc4d711c89ccee568c82be0764babb47 outcome=RETRYABLE cause=MQCLIENTEXCEPTION
2026-08-11T09:35:24.468+08:00 INFO  d.f.m.outbox.OutboxDispatcher request_id= idempotency_key= order_id= user_id= sku_id= payment_tx= - Outbox publication deferred outbox_id=97a9e68a-9082-44cb-97db-2be26ebcd200 command_id=c489594ea305354fdde3ce78a60ba6afa65ea103413c8d63b4ab9300dfef5617 outcome=RETRYABLE cause=MQCLIENTEXCEPTION
2026-08-11T09:35:24.596+08:00 INFO  d.f.m.outbox.OutboxDispatcher request_id= idempotency_key= order_id= user_id= sku_id= payment_tx= - Outbox publication outbox_id=834104af-1fb8-4071-8e8c-0b9ed74296ea command_id=5d0ad14384a94e5406b001708613fc17df00c6f760551c09311bd4c63f72d451 outcome=ACKNOWLEDGED
2026-08-11T09:35:24.601+08:00 INFO  d.f.m.outbox.OutboxDispatcher request_id= idempotency_key= order_id= user_id= sku_id= payment_tx= - Outbox publication outbox_id=c0d2bf33-0589-4fe3-883b-bbd252c5fc10 command_id=ea49c2dbbaf96b7817227af58819287ff75a811caa24a0e39c9180e605cecae0 outcome=ACKNOWLEDGED
2026-08-11T09:35:24.715+08:00 INFO  d.f.m.outbox.OutboxDispatcher request_id= idempotency_key= order_id= user_id= sku_id= payment_tx= - Outbox publication outbox_id=d9b7a9c7-2670-47b4-b5ef-ac5c852f5c2c command_id=4650f73f7881de8f540c0581cceec2356c9f3a20d5739dc897f8d55f94486b42 outcome=ACKNOWLEDGED
2026-08-11T09:35:24.940+08:00 INFO  d.f.m.outbox.OutboxDispatcher request_id= idempotency_key= order_id= user_id= sku_id= payment_tx= - Outbox publication outbox_id=a41f10f4-f9b2-4b5b-996f-30362c6778d3 command_id=a9b2a80d83711a699e2ea4001d1be940a51e9c89fad1964b73e96f442b4b06af outcome=ACKNOWLEDGED
2026-08-11T09:35:24.944+08:00 INFO  d.f.m.outbox.OutboxDispatcher request_id= idempotency_key= order_id= user_id= sku_id= payment_tx= - Outbox publication outbox_id=8e488331-cd56-4e46-b3fa-024017b381b4 command_id=af162229add65d6b9e52d098380898939ca9b42d40ce9e016d7779ca3097e50a outcome=ACKNOWLEDGED
2026-08-11T09:35:24.949+08:00 INFO  d.f.m.outbox.OutboxDispatcher request_id= idempotency_key= order_id= user_id= sku_id= payment_tx= - Outbox publication outbox_id=d8b33e94-cf3b-4a3d-ab98-90383698f194 command_id=6a21c34fdf88d48e4e33fe793f5c705af5f75556dbd877c37157ccacc9392a5a outcome=ACKNOWLEDGED
2026-08-11T09:35:25.069+08:00 INFO  d.f.m.outbox.OutboxDispatcher request_id= idempotency_key= order_id= user_id= sku_id= payment_tx= - Outbox publication outbox_id=e802777e-6553-4b24-a436-aec6c8c35af8 command_id=d9f465bd8296750bf1af932a6114bf9fb038fcbc44860167526a633cff975075 outcome=ACKNOWLEDGED
2026-08-11T09:35:25.073+08:00 INFO  d.f.m.outbox.OutboxDispatcher request_id= idempotency_key= order_id= user_id= sku_id= payment_tx= - Outbox publication outbox_id=b53abfe7-f844-474f-9f76-5f4d03c24e26 command_id=636ac31c1ff4e3bb0654ef0cec956444c658ad18a82af56280d37cfaac95e95a outcome=ACKNOWLEDGED
2026-08-11T09:35:25.077+08:00 INFO  d.f.m.outbox.OutboxDispatcher request_id= idempotency_key= order_id= user_id= sku_id= payment_tx= - Outbox publication outbox_id=73030965-01d3-43b7-96a9-6952b6e7ac17 command_id=b2cbc2ba95d7416f8e5033969b737f7956f13565e97eaa427c359cd8d6f63adc outcome=ACKNOWLEDGED
2026-08-11T09:35:25.193+08:00 INFO  d.f.m.outbox.OutboxDispatcher request_id= idempotency_key= order_id= user_id= sku_id= payment_tx= - Outbox publication outbox_id=7979859e-ee88-4682-8c4e-082776feb33e command_id=3ecb4a53f16102ebafc06264ef748b921e816026cf207723a7d6ab06df04979f outcome=ACKNOWLEDGED
2026-08-11T09:35:25.545+08:00 INFO  d.f.m.outbox.OutboxDispatcher request_id= idempotency_key= order_id= user_id= sku_id= payment_tx= - Outbox publication outbox_id=919b4d22-c7e2-4ba7-bd2b-51f4116b8612 command_id=e85703374dd067c8104287328716a52bfc4d711c89ccee568c82be0764babb47 outcome=ACKNOWLEDGED
2026-08-11T09:35:25.552+08:00 INFO  d.f.m.outbox.OutboxDispatcher request_id= idempotency_key= order_id= user_id= sku_id= payment_tx= - Outbox publication outbox_id=97a9e68a-9082-44cb-97db-2be26ebcd200 command_id=c489594ea305354fdde3ce78a60ba6afa65ea103413c8d63b4ab9300dfef5617 outcome=ACKNOWLEDGED
2026-08-11T09:35:25.631+08:00 INFO  o.s.b.w.e.tomcat.GracefulShutdown request_id= idempotency_key= order_id= user_id= sku_id= payment_tx= - Commencing graceful shutdown. Waiting for active requests to complete
2026-08-11T09:35:27.640+08:00 INFO  o.s.b.w.e.tomcat.GracefulShutdown request_id= idempotency_key= order_id= user_id= sku_id= payment_tx= - Graceful shutdown complete
2026-08-11T09:35:27.640+08:00 ERROR org.apache.tomcat.util.net.Acceptor request_id= idempotency_key= order_id= user_id= sku_id= payment_tx= - Socket accept failed
java.nio.channels.AsynchronousCloseException: null
	at java.base/java.nio.channels.spi.AbstractInterruptibleChannel.end(AbstractInterruptibleChannel.java:218)
	at java.base/sun.nio.ch.ServerSocketChannelImpl.end(ServerSocketChannelImpl.java:372)
	at java.base/sun.nio.ch.ServerSocketChannelImpl.accept(ServerSocketChannelImpl.java:397)
	at org.apache.tomcat.util.net.NioEndpoint.serverSocketAccept(NioEndpoint.java:537)
	at org.apache.tomcat.util.net.NioEndpoint.serverSocketAccept(NioEndpoint.java:72)
	at org.apache.tomcat.util.net.Acceptor.run(Acceptor.java:127)
	at java.base/java.lang.Thread.run(Thread.java:1516)
2026-08-11T09:35:27.730+08:00 INFO  com.zaxxer.hikari.HikariDataSource request_id= idempotency_key= order_id= user_id= sku_id= payment_tx= - HikariPool-1 - Shutdown initiated...
2026-08-11T09:35:27.732+08:00 INFO  com.zaxxer.hikari.HikariDataSource request_id= idempotency_key= order_id= user_id= sku_id= payment_tx= - HikariPool-1 - Shutdown completed.
[INFO] Tests run: 1, Failures: 0, Errors: 0, Skipped: 0, Time elapsed: 36.00 s -- in dev.flashflow.V4OutboxBacklogDrainIntegrationTest
[INFO] Running dev.flashflow.ExperimentManifestValidatorTest
[INFO] Tests run: 4, Failures: 0, Errors: 0, Skipped: 0, Time elapsed: 0.014 s -- in dev.flashflow.ExperimentManifestValidatorTest
[INFO] Running dev.flashflow.V4OutboxProducerAckLossIntegrationTest
2026-08-11T09:35:27.755+08:00 INFO  o.s.t.c.s.AnnotationConfigContextLoaderUtils request_id= idempotency_key= order_id= user_id= sku_id= payment_tx= - Could not detect default configuration classes for test class [dev.flashflow.V4OutboxProducerAckLossIntegrationTest]: V4OutboxProducerAckLossIntegrationTest does not declare any static, non-private, non-final, nested classes annotated with @Configuration.
2026-08-11T09:35:27.755+08:00 INFO  o.s.b.t.c.SpringBootTestContextBootstrapper request_id= idempotency_key= order_id= user_id= sku_id= payment_tx= - Found @SpringBootConfiguration dev.flashflow.FlashFlowApplication for test class dev.flashflow.V4OutboxProducerAckLossIntegrationTest

  .   ____          _            __ _ _
 /\\ / ___'_ __ _ _(_)_ __  __ _ \ \ \ \
( ( )\___ | '_ | '_| | '_ \/ _` | \ \ \ \
 \\/  ___)| |_)| | | | | || (_| |  ) ) ) )
  '  |____| .__|_| |_|_| |_\__, | / / / /
 =========|_|==============|___/=/_/_/_/

 :: Spring Boot ::                (v3.5.5)

2026-08-11T09:35:27.768+08:00 INFO  d.f.V4OutboxProducerAckLossIntegrationTest request_id= idempotency_key= order_id= user_id= sku_id= payment_tx= - Starting V4OutboxProducerAckLossIntegrationTest using Java 26.0.2 with PID 41564 (started by yuzheng in /Users/yuzheng/Computeracy/Zhenkun26-GitHub/FlashFlow)
2026-08-11T09:35:27.768+08:00 INFO  d.f.V4OutboxProducerAckLossIntegrationTest request_id= idempotency_key= order_id= user_id= sku_id= payment_tx= - The following 1 profile is active: "test"
2026-08-11T09:35:27.888+08:00 INFO  o.s.d.r.c.RepositoryConfigurationDelegate request_id= idempotency_key= order_id= user_id= sku_id= payment_tx= - Multiple Spring Data modules found, entering strict repository configuration mode
2026-08-11T09:35:27.888+08:00 INFO  o.s.d.r.c.RepositoryConfigurationDelegate request_id= idempotency_key= order_id= user_id= sku_id= payment_tx= - Bootstrapping Spring Data Redis repositories in DEFAULT mode.
2026-08-11T09:35:27.893+08:00 INFO  o.s.d.r.c.RepositoryConfigurationDelegate request_id= idempotency_key= order_id= user_id= sku_id= payment_tx= - Finished Spring Data repository scanning in 4 ms. Found 0 Redis repository interfaces.
2026-08-11T09:35:27.915+08:00 INFO  o.s.b.w.e.tomcat.TomcatWebServer request_id= idempotency_key= order_id= user_id= sku_id= payment_tx= - Tomcat initialized with port 0 (http)
2026-08-11T09:35:27.916+08:00 INFO  o.a.catalina.core.StandardService request_id= idempotency_key= order_id= user_id= sku_id= payment_tx= - Starting service [Tomcat]
2026-08-11T09:35:27.916+08:00 INFO  o.a.catalina.core.StandardEngine request_id= idempotency_key= order_id= user_id= sku_id= payment_tx= - Starting Servlet engine: [Apache Tomcat/10.1.44]
2026-08-11T09:35:27.923+08:00 INFO  o.a.c.c.C.[Tomcat].[localhost].[/] request_id= idempotency_key= order_id= user_id= sku_id= payment_tx= - Initializing Spring embedded WebApplicationContext
2026-08-11T09:35:27.923+08:00 INFO  o.s.b.w.s.c.ServletWebServerApplicationContext request_id= idempotency_key= order_id= user_id= sku_id= payment_tx= - Root WebApplicationContext: initialization completed in 154 ms
Standard Commons Logging discovery in action with spring-jcl: please remove commons-logging.jar from classpath in order to avoid potential conflicts
2026-08-11T09:35:27.954+08:00 INFO  com.zaxxer.hikari.HikariDataSource request_id= idempotency_key= order_id= user_id= sku_id= payment_tx= - HikariPool-2 - Starting...
2026-08-11T09:35:27.963+08:00 INFO  com.zaxxer.hikari.pool.HikariPool request_id= idempotency_key= order_id= user_id= sku_id= payment_tx= - HikariPool-2 - Added connection com.mysql.cj.jdbc.ConnectionImpl@7a9ad451
2026-08-11T09:35:27.963+08:00 INFO  com.zaxxer.hikari.HikariDataSource request_id= idempotency_key= order_id= user_id= sku_id= payment_tx= - HikariPool-2 - Start completed.
2026-08-11T09:35:27.965+08:00 INFO  org.flywaydb.core.FlywayExecutor request_id= idempotency_key= order_id= user_id= sku_id= payment_tx= - Database: jdbc:mysql://localhost:58722/flashflow (MySQL 8.4)
2026-08-11T09:35:27.969+08:00 WARN  o.f.c.i.database.base.Database request_id= idempotency_key= order_id= user_id= sku_id= payment_tx= - Flyway upgrade recommended: MySQL 8.4 is newer than this version of Flyway and support has not been tested. The latest supported version of MySQL is 8.1.
2026-08-11T09:35:27.976+08:00 INFO  o.f.core.internal.command.DbValidate request_id= idempotency_key= order_id= user_id= sku_id= payment_tx= - Successfully validated 4 migrations (execution time 00:00.005s)
2026-08-11T09:35:27.981+08:00 INFO  o.f.core.internal.command.DbMigrate request_id= idempotency_key= order_id= user_id= sku_id= payment_tx= - Current version of schema `flashflow`: 4
2026-08-11T09:35:27.981+08:00 INFO  o.f.core.internal.command.DbMigrate request_id= idempotency_key= order_id= user_id= sku_id= payment_tx= - Schema `flashflow` is up to date. No migration necessary.
2026-08-11T09:35:28.110+08:00 INFO  o.s.b.a.e.web.EndpointLinksResolver request_id= idempotency_key= order_id= user_id= sku_id= payment_tx= - Exposing 2 endpoints beneath base path '/actuator'
2026-08-11T09:35:28.116+08:00 INFO  o.s.b.w.e.tomcat.TomcatWebServer request_id= idempotency_key= order_id= user_id= sku_id= payment_tx= - Tomcat started on port 60704 (http) with context path '/'
2026-08-11T09:35:28.118+08:00 INFO  d.f.V4OutboxProducerAckLossIntegrationTest request_id= idempotency_key= order_id= user_id= sku_id= payment_tx= - Started V4OutboxProducerAckLossIntegrationTest in 0.362 seconds (process running for 36.697)
2026-08-11T09:35:30.158+08:00 INFO  o.a.c.c.C.[Tomcat].[localhost].[/] request_id= idempotency_key= order_id= user_id= sku_id= payment_tx= - Initializing Spring DispatcherServlet 'dispatcherServlet'
2026-08-11T09:35:30.158+08:00 INFO  o.s.web.servlet.DispatcherServlet request_id= idempotency_key= order_id= user_id= sku_id= payment_tx= - Initializing Servlet 'dispatcherServlet'
2026-08-11T09:35:30.159+08:00 INFO  o.s.web.servlet.DispatcherServlet request_id= idempotency_key= order_id= user_id= sku_id= payment_tx= - Completed initialization in 1 ms
2026-08-11T09:35:30.172+08:00 INFO  d.f.m.o.OutboxAsyncOrderApplicationService request_id=246a605e-36c0-4ce9-a856-62fbfc9ced97 idempotency_key=key-v4-ack-loss-e4674a86 order_id= user_id=user-v4-ack-loss-e4674a86 sku_id=sku-v4-ack-loss-e4674a86 payment_tx= - Durable Outbox acceptance command_id=dd733515df19c048cfba3e211b2260f5e670490c3da1d740829775b0b6b09c16 status=ACCEPTED
2026-08-11T09:35:30.184+08:00 WARN  d.f.m.outbox.OutboxDispatcher request_id= idempotency_key= order_id= user_id= sku_id= payment_tx= - Outbox dispatch poll failed cause=INJECTEDMESSAGINGFAULT
2026-08-11T09:35:34.216+08:00 INFO  d.f.m.outbox.OutboxDispatcher request_id= idempotency_key= order_id= user_id= sku_id= payment_tx= - Outbox publication outbox_id=215895dd-616c-4441-9a3c-4c4a4a994fe8 command_id=dd733515df19c048cfba3e211b2260f5e670490c3da1d740829775b0b6b09c16 outcome=ACKNOWLEDGED
2026-08-11T09:35:34.334+08:00 INFO  o.s.b.w.e.tomcat.GracefulShutdown request_id= idempotency_key= order_id= user_id= sku_id= payment_tx= - Commencing graceful shutdown. Waiting for active requests to complete
2026-08-11T09:35:36.340+08:00 INFO  o.s.b.w.e.tomcat.GracefulShutdown request_id= idempotency_key= order_id= user_id= sku_id= payment_tx= - Graceful shutdown complete
2026-08-11T09:35:36.340+08:00 ERROR org.apache.tomcat.util.net.Acceptor request_id= idempotency_key= order_id= user_id= sku_id= payment_tx= - Socket accept failed
java.nio.channels.AsynchronousCloseException: null
	at java.base/java.nio.channels.spi.AbstractInterruptibleChannel.end(AbstractInterruptibleChannel.java:218) ~[na:na]
	at java.base/sun.nio.ch.ServerSocketChannelImpl.end(ServerSocketChannelImpl.java:372) ~[na:na]
	at java.base/sun.nio.ch.ServerSocketChannelImpl.accept(ServerSocketChannelImpl.java:397) ~[na:na]
	at org.apache.tomcat.util.net.NioEndpoint.serverSocketAccept(NioEndpoint.java:537) ~[tomcat-embed-core-10.1.44.jar:10.1.44]
	at org.apache.tomcat.util.net.NioEndpoint.serverSocketAccept(NioEndpoint.java:72) ~[tomcat-embed-core-10.1.44.jar:10.1.44]
	at org.apache.tomcat.util.net.Acceptor.run(Acceptor.java:127) ~[tomcat-embed-core-10.1.44.jar:10.1.44]
	at java.base/java.lang.Thread.run(Thread.java:1516) ~[na:na]
2026-08-11T09:35:36.394+08:00 INFO  com.zaxxer.hikari.HikariDataSource request_id= idempotency_key= order_id= user_id= sku_id= payment_tx= - HikariPool-2 - Shutdown initiated...
2026-08-11T09:35:36.396+08:00 INFO  com.zaxxer.hikari.HikariDataSource request_id= idempotency_key= order_id= user_id= sku_id= payment_tx= - HikariPool-2 - Shutdown completed.
[INFO] Tests run: 1, Failures: 0, Errors: 0, Skipped: 0, Time elapsed: 8.647 s -- in dev.flashflow.V4OutboxProducerAckLossIntegrationTest
[INFO] Running dev.flashflow.ExpirationRollbackIntegrationTest
2026-08-11T09:35:36.405+08:00 INFO  o.s.t.c.s.AnnotationConfigContextLoaderUtils request_id= idempotency_key= order_id= user_id= sku_id= payment_tx= - Could not detect default configuration classes for test class [dev.flashflow.ExpirationRollbackIntegrationTest]: ExpirationRollbackIntegrationTest does not declare any static, non-private, non-final, nested classes annotated with @Configuration.
2026-08-11T09:35:36.407+08:00 INFO  o.s.b.t.c.SpringBootTestContextBootstrapper request_id= idempotency_key= order_id= user_id= sku_id= payment_tx= - Found @SpringBootConfiguration dev.flashflow.FlashFlowApplication for test class dev.flashflow.ExpirationRollbackIntegrationTest

  .   ____          _            __ _ _
 /\\ / ___'_ __ _ _(_)_ __  __ _ \ \ \ \
( ( )\___ | '_ | '_| | '_ \/ _` | \ \ \ \
 \\/  ___)| |_)| | | | | || (_| |  ) ) ) )
  '  |____| .__|_| |_|_| |_\__, | / / / /
 =========|_|==============|___/=/_/_/_/

 :: Spring Boot ::                (v3.5.5)

2026-08-11T09:35:36.422+08:00 INFO  d.f.ExpirationRollbackIntegrationTest request_id= idempotency_key= order_id= user_id= sku_id= payment_tx= - Starting ExpirationRollbackIntegrationTest using Java 26.0.2 with PID 41564 (started by yuzheng in /Users/yuzheng/Computeracy/Zhenkun26-GitHub/FlashFlow)
2026-08-11T09:35:36.422+08:00 INFO  d.f.ExpirationRollbackIntegrationTest request_id= idempotency_key= order_id= user_id= sku_id= payment_tx= - The following 1 profile is active: "test"
2026-08-11T09:35:36.511+08:00 INFO  o.s.d.r.c.RepositoryConfigurationDelegate request_id= idempotency_key= order_id= user_id= sku_id= payment_tx= - Multiple Spring Data modules found, entering strict repository configuration mode
2026-08-11T09:35:36.511+08:00 INFO  o.s.d.r.c.RepositoryConfigurationDelegate request_id= idempotency_key= order_id= user_id= sku_id= payment_tx= - Bootstrapping Spring Data Redis repositories in DEFAULT mode.
2026-08-11T09:35:36.515+08:00 INFO  o.s.d.r.c.RepositoryConfigurationDelegate request_id= idempotency_key= order_id= user_id= sku_id= payment_tx= - Finished Spring Data repository scanning in 3 ms. Found 0 Redis repository interfaces.
2026-08-11T09:35:36.625+08:00 INFO  com.zaxxer.hikari.HikariDataSource request_id= idempotency_key= order_id= user_id= sku_id= payment_tx= - HikariPool-3 - Starting...
2026-08-11T09:35:36.635+08:00 INFO  com.zaxxer.hikari.pool.HikariPool request_id= idempotency_key= order_id= user_id= sku_id= payment_tx= - HikariPool-3 - Added connection com.mysql.cj.jdbc.ConnectionImpl@332b01b7
2026-08-11T09:35:36.635+08:00 INFO  com.zaxxer.hikari.HikariDataSource request_id= idempotency_key= order_id= user_id= sku_id= payment_tx= - HikariPool-3 - Start completed.
2026-08-11T09:35:36.637+08:00 INFO  org.flywaydb.core.FlywayExecutor request_id= idempotency_key= order_id= user_id= sku_id= payment_tx= - Database: jdbc:mysql://localhost:58722/flashflow (MySQL 8.4)
2026-08-11T09:35:36.641+08:00 WARN  o.f.c.i.database.base.Database request_id= idempotency_key= order_id= user_id= sku_id= payment_tx= - Flyway upgrade recommended: MySQL 8.4 is newer than this version of Flyway and support has not been tested. The latest supported version of MySQL is 8.1.
2026-08-11T09:35:36.649+08:00 INFO  o.f.core.internal.command.DbValidate request_id= idempotency_key= order_id= user_id= sku_id= payment_tx= - Successfully validated 4 migrations (execution time 00:00.007s)
2026-08-11T09:35:36.654+08:00 INFO  o.f.core.internal.command.DbMigrate request_id= idempotency_key= order_id= user_id= sku_id= payment_tx= - Current version of schema `flashflow`: 4
2026-08-11T09:35:36.654+08:00 INFO  o.f.core.internal.command.DbMigrate request_id= idempotency_key= order_id= user_id= sku_id= payment_tx= - Schema `flashflow` is up to date. No migration necessary.
2026-08-11T09:35:36.739+08:00 INFO  o.s.b.a.e.web.EndpointLinksResolver request_id= idempotency_key= order_id= user_id= sku_id= payment_tx= - Exposing 2 endpoints beneath base path '/actuator'
2026-08-11T09:35:36.744+08:00 INFO  d.f.ExpirationRollbackIntegrationTest request_id= idempotency_key= order_id= user_id= sku_id= payment_tx= - Started ExpirationRollbackIntegrationTest in 0.333 seconds (process running for 45.323)
[INFO] Tests run: 1, Failures: 0, Errors: 0, Skipped: 0, Time elapsed: 0.392 s -- in dev.flashflow.ExpirationRollbackIntegrationTest
[INFO] Running dev.flashflow.MigrationConstraintTest
2026-08-11T09:35:36.797+08:00 INFO  o.s.t.c.s.AnnotationConfigContextLoaderUtils request_id= idempotency_key= order_id= user_id= sku_id= payment_tx= - Could not detect default configuration classes for test class [dev.flashflow.MigrationConstraintTest]: MigrationConstraintTest does not declare any static, non-private, non-final, nested classes annotated with @Configuration.
2026-08-11T09:35:36.798+08:00 INFO  o.s.b.t.c.SpringBootTestContextBootstrapper request_id= idempotency_key= order_id= user_id= sku_id= payment_tx= - Found @SpringBootConfiguration dev.flashflow.FlashFlowApplication for test class dev.flashflow.MigrationConstraintTest

  .   ____          _            __ _ _
 /\\ / ___'_ __ _ _(_)_ __  __ _ \ \ \ \
( ( )\___ | '_ | '_| | '_ \/ _` | \ \ \ \
 \\/  ___)| |_)| | | | | || (_| |  ) ) ) )
  '  |____| .__|_| |_|_| |_\__, | / / / /
 =========|_|==============|___/=/_/_/_/

 :: Spring Boot ::                (v3.5.5)

2026-08-11T09:35:36.807+08:00 INFO  d.flashflow.MigrationConstraintTest request_id= idempotency_key= order_id= user_id= sku_id= payment_tx= - Starting MigrationConstraintTest using Java 26.0.2 with PID 41564 (started by yuzheng in /Users/yuzheng/Computeracy/Zhenkun26-GitHub/FlashFlow)
2026-08-11T09:35:36.807+08:00 INFO  d.flashflow.MigrationConstraintTest request_id= idempotency_key= order_id= user_id= sku_id= payment_tx= - The following 1 profile is active: "test"
2026-08-11T09:35:36.865+08:00 INFO  o.s.d.r.c.RepositoryConfigurationDelegate request_id= idempotency_key= order_id= user_id= sku_id= payment_tx= - Multiple Spring Data modules found, entering strict repository configuration mode
2026-08-11T09:35:36.865+08:00 INFO  o.s.d.r.c.RepositoryConfigurationDelegate request_id= idempotency_key= order_id= user_id= sku_id= payment_tx= - Bootstrapping Spring Data Redis repositories in DEFAULT mode.
2026-08-11T09:35:36.869+08:00 INFO  o.s.d.r.c.RepositoryConfigurationDelegate request_id= idempotency_key= order_id= user_id= sku_id= payment_tx= - Finished Spring Data repository scanning in 3 ms. Found 0 Redis repository interfaces.
2026-08-11T09:35:36.897+08:00 INFO  com.zaxxer.hikari.HikariDataSource request_id= idempotency_key= order_id= user_id= sku_id= payment_tx= - HikariPool-4 - Starting...
2026-08-11T09:35:36.905+08:00 INFO  com.zaxxer.hikari.pool.HikariPool request_id= idempotency_key= order_id= user_id= sku_id= payment_tx= - HikariPool-4 - Added connection com.mysql.cj.jdbc.ConnectionImpl@1c20e539
2026-08-11T09:35:36.905+08:00 INFO  com.zaxxer.hikari.HikariDataSource request_id= idempotency_key= order_id= user_id= sku_id= payment_tx= - HikariPool-4 - Start completed.
2026-08-11T09:35:36.907+08:00 INFO  org.flywaydb.core.FlywayExecutor request_id= idempotency_key= order_id= user_id= sku_id= payment_tx= - Database: jdbc:mysql://localhost:58722/flashflow (MySQL 8.4)
2026-08-11T09:35:36.910+08:00 WARN  o.f.c.i.database.base.Database request_id= idempotency_key= order_id= user_id= sku_id= payment_tx= - Flyway upgrade recommended: MySQL 8.4 is newer than this version of Flyway and support has not been tested. The latest supported version of MySQL is 8.1.
2026-08-11T09:35:36.915+08:00 INFO  o.f.core.internal.command.DbValidate request_id= idempotency_key= order_id= user_id= sku_id= payment_tx= - Successfully validated 4 migrations (execution time 00:00.003s)
2026-08-11T09:35:36.919+08:00 INFO  o.f.core.internal.command.DbMigrate request_id= idempotency_key= order_id= user_id= sku_id= payment_tx= - Current version of schema `flashflow`: 4
2026-08-11T09:35:36.919+08:00 INFO  o.f.core.internal.command.DbMigrate request_id= idempotency_key= order_id= user_id= sku_id= payment_tx= - Schema `flashflow` is up to date. No migration necessary.
2026-08-11T09:35:36.987+08:00 INFO  o.s.b.a.e.web.EndpointLinksResolver request_id= idempotency_key= order_id= user_id= sku_id= payment_tx= - Exposing 2 endpoints beneath base path '/actuator'
2026-08-11T09:35:36.992+08:00 INFO  d.flashflow.MigrationConstraintTest request_id= idempotency_key= order_id= user_id= sku_id= payment_tx= - Started MigrationConstraintTest in 0.194 seconds (process running for 45.571)
[INFO] Tests run: 2, Failures: 0, Errors: 0, Skipped: 0, Time elapsed: 0.232 s -- in dev.flashflow.MigrationConstraintTest
[INFO] Running dev.flashflow.DomainStateTest
[INFO] Tests run: 3, Failures: 0, Errors: 0, Skipped: 0, Time elapsed: 0.001 s -- in dev.flashflow.DomainStateTest
[INFO] Running dev.flashflow.PaymentAndExpirationIntegrationTest
2026-08-11T09:35:37.031+08:00 INFO  o.s.t.c.s.AnnotationConfigContextLoaderUtils request_id= idempotency_key= order_id= user_id= sku_id= payment_tx= - Could not detect default configuration classes for test class [dev.flashflow.PaymentAndExpirationIntegrationTest]: PaymentAndExpirationIntegrationTest does not declare any static, non-private, non-final, nested classes annotated with @Configuration.
2026-08-11T09:35:37.031+08:00 INFO  o.s.b.t.c.SpringBootTestContextBootstrapper request_id= idempotency_key= order_id= user_id= sku_id= payment_tx= - Found @SpringBootConfiguration dev.flashflow.FlashFlowApplication for test class dev.flashflow.PaymentAndExpirationIntegrationTest
[INFO] Tests run: 3, Failures: 0, Errors: 0, Skipped: 0, Time elapsed: 0.086 s -- in dev.flashflow.PaymentAndExpirationIntegrationTest
[INFO] Running dev.flashflow.ExpirationAdmissionFailureIntegrationTest
2026-08-11T09:35:37.117+08:00 INFO  o.s.t.c.s.AnnotationConfigContextLoaderUtils request_id= idempotency_key= order_id= user_id= sku_id= payment_tx= - Could not detect default configuration classes for test class [dev.flashflow.ExpirationAdmissionFailureIntegrationTest]: ExpirationAdmissionFailureIntegrationTest does not declare any static, non-private, non-final, nested classes annotated with @Configuration.
2026-08-11T09:35:37.117+08:00 INFO  o.s.b.t.c.SpringBootTestContextBootstrapper request_id= idempotency_key= order_id= user_id= sku_id= payment_tx= - Found @SpringBootConfiguration dev.flashflow.FlashFlowApplication for test class dev.flashflow.ExpirationAdmissionFailureIntegrationTest

  .   ____          _            __ _ _
 /\\ / ___'_ __ _ _(_)_ __  __ _ \ \ \ \
( ( )\___ | '_ | '_| | '_ \/ _` | \ \ \ \
 \\/  ___)| |_)| | | | | || (_| |  ) ) ) )
  '  |____| .__|_| |_|_| |_\__, | / / / /
 =========|_|==============|___/=/_/_/_/

 :: Spring Boot ::                (v3.5.5)

2026-08-11T09:35:37.124+08:00 INFO  d.f.ExpirationAdmissionFailureIntegrationTest request_id= idempotency_key= order_id= user_id= sku_id= payment_tx= - Starting ExpirationAdmissionFailureIntegrationTest using Java 26.0.2 with PID 41564 (started by yuzheng in /Users/yuzheng/Computeracy/Zhenkun26-GitHub/FlashFlow)
2026-08-11T09:35:37.124+08:00 INFO  d.f.ExpirationAdmissionFailureIntegrationTest request_id= idempotency_key= order_id= user_id= sku_id= payment_tx= - The following 1 profile is active: "test"
2026-08-11T09:35:37.185+08:00 INFO  o.s.d.r.c.RepositoryConfigurationDelegate request_id= idempotency_key= order_id= user_id= sku_id= payment_tx= - Multiple Spring Data modules found, entering strict repository configuration mode
2026-08-11T09:35:37.185+08:00 INFO  o.s.d.r.c.RepositoryConfigurationDelegate request_id= idempotency_key= order_id= user_id= sku_id= payment_tx= - Bootstrapping Spring Data Redis repositories in DEFAULT mode.
2026-08-11T09:35:37.191+08:00 INFO  o.s.d.r.c.RepositoryConfigurationDelegate request_id= idempotency_key= order_id= user_id= sku_id= payment_tx= - Finished Spring Data repository scanning in 5 ms. Found 0 Redis repository interfaces.
2026-08-11T09:35:37.370+08:00 INFO  com.zaxxer.hikari.HikariDataSource request_id= idempotency_key= order_id= user_id= sku_id= payment_tx= - HikariPool-5 - Starting...
2026-08-11T09:35:37.383+08:00 INFO  com.zaxxer.hikari.pool.HikariPool request_id= idempotency_key= order_id= user_id= sku_id= payment_tx= - HikariPool-5 - Added connection com.mysql.cj.jdbc.ConnectionImpl@d33be88
2026-08-11T09:35:37.383+08:00 INFO  com.zaxxer.hikari.HikariDataSource request_id= idempotency_key= order_id= user_id= sku_id= payment_tx= - HikariPool-5 - Start completed.
2026-08-11T09:35:37.386+08:00 INFO  org.flywaydb.core.FlywayExecutor request_id= idempotency_key= order_id= user_id= sku_id= payment_tx= - Database: jdbc:mysql://localhost:58722/flashflow (MySQL 8.4)
2026-08-11T09:35:37.391+08:00 WARN  o.f.c.i.database.base.Database request_id= idempotency_key= order_id= user_id= sku_id= payment_tx= - Flyway upgrade recommended: MySQL 8.4 is newer than this version of Flyway and support has not been tested. The latest supported version of MySQL is 8.1.
2026-08-11T09:35:37.400+08:00 INFO  o.f.core.internal.command.DbValidate request_id= idempotency_key= order_id= user_id= sku_id= payment_tx= - Successfully validated 4 migrations (execution time 00:00.007s)
2026-08-11T09:35:37.409+08:00 INFO  o.f.core.internal.command.DbMigrate request_id= idempotency_key= order_id= user_id= sku_id= payment_tx= - Current version of schema `flashflow`: 4
2026-08-11T09:35:37.410+08:00 INFO  o.f.core.internal.command.DbMigrate request_id= idempotency_key= order_id= user_id= sku_id= payment_tx= - Schema `flashflow` is up to date. No migration necessary.
2026-08-11T09:35:37.597+08:00 INFO  o.s.b.a.e.web.EndpointLinksResolver request_id= idempotency_key= order_id= user_id= sku_id= payment_tx= - Exposing 2 endpoints beneath base path '/actuator'
2026-08-11T09:35:37.612+08:00 INFO  d.f.ExpirationAdmissionFailureIntegrationTest request_id= idempotency_key= order_id= user_id= sku_id= payment_tx= - Started ExpirationAdmissionFailureIntegrationTest in 0.494 seconds (process running for 46.191)
[INFO] Tests run: 1, Failures: 0, Errors: 0, Skipped: 0, Time elapsed: 0.575 s -- in dev.flashflow.ExpirationAdmissionFailureIntegrationTest
[INFO] Running dev.flashflow.DelayedExpirationIntegrationTest
2026-08-11T09:35:37.692+08:00 INFO  o.s.t.c.s.AnnotationConfigContextLoaderUtils request_id= idempotency_key= order_id= user_id= sku_id= payment_tx= - Could not detect default configuration classes for test class [dev.flashflow.DelayedExpirationIntegrationTest]: DelayedExpirationIntegrationTest does not declare any static, non-private, non-final, nested classes annotated with @Configuration.
2026-08-11T09:35:37.693+08:00 INFO  o.s.b.t.c.SpringBootTestContextBootstrapper request_id= idempotency_key= order_id= user_id= sku_id= payment_tx= - Found @SpringBootConfiguration dev.flashflow.FlashFlowApplication for test class dev.flashflow.DelayedExpirationIntegrationTest
[INFO] Tests run: 2, Failures: 0, Errors: 0, Skipped: 0, Time elapsed: 0.139 s -- in dev.flashflow.DelayedExpirationIntegrationTest
[INFO] Running dev.flashflow.ForeignKeyLockUpgradeIntegrationTest
2026-08-11T09:35:37.832+08:00 INFO  o.s.t.c.s.AnnotationConfigContextLoaderUtils request_id= idempotency_key= order_id= user_id= sku_id= payment_tx= - Could not detect default configuration classes for test class [dev.flashflow.ForeignKeyLockUpgradeIntegrationTest]: ForeignKeyLockUpgradeIntegrationTest does not declare any static, non-private, non-final, nested classes annotated with @Configuration.
2026-08-11T09:35:37.833+08:00 INFO  o.s.b.t.c.SpringBootTestContextBootstrapper request_id= idempotency_key= order_id= user_id= sku_id= payment_tx= - Found @SpringBootConfiguration dev.flashflow.FlashFlowApplication for test class dev.flashflow.ForeignKeyLockUpgradeIntegrationTest
[INFO] Tests run: 2, Failures: 0, Errors: 0, Skipped: 0, Time elapsed: 0.145 s -- in dev.flashflow.ForeignKeyLockUpgradeIntegrationTest
[INFO] Running dev.flashflow.MessagingReadinessReporterTest
[INFO] Tests run: 3, Failures: 0, Errors: 0, Skipped: 0, Time elapsed: 0.016 s -- in dev.flashflow.MessagingReadinessReporterTest
[INFO] Running dev.flashflow.ExperimentReporterTest
[INFO] Tests run: 1, Failures: 0, Errors: 0, Skipped: 0, Time elapsed: 0.001 s -- in dev.flashflow.ExperimentReporterTest
[INFO] Running dev.flashflow.admission.AdmissionReconciliationFailureTest
[INFO] Tests run: 1, Failures: 0, Errors: 0, Skipped: 0, Time elapsed: 0.013 s -- in dev.flashflow.admission.AdmissionReconciliationFailureTest
[INFO] Running dev.flashflow.admission.RedisLuaAdmissionFailureTest
[INFO] Tests run: 1, Failures: 0, Errors: 0, Skipped: 0, Time elapsed: 0.163 s -- in dev.flashflow.admission.RedisLuaAdmissionFailureTest
[INFO] Running dev.flashflow.ConcurrentIdempotencyIntegrationTest
2026-08-11T09:35:38.175+08:00 INFO  o.s.t.c.s.AnnotationConfigContextLoaderUtils request_id= idempotency_key= order_id= user_id= sku_id= payment_tx= - Could not detect default configuration classes for test class [dev.flashflow.ConcurrentIdempotencyIntegrationTest]: ConcurrentIdempotencyIntegrationTest does not declare any static, non-private, non-final, nested classes annotated with @Configuration.
2026-08-11T09:35:38.175+08:00 INFO  o.s.b.t.c.SpringBootTestContextBootstrapper request_id= idempotency_key= order_id= user_id= sku_id= payment_tx= - Found @SpringBootConfiguration dev.flashflow.FlashFlowApplication for test class dev.flashflow.ConcurrentIdempotencyIntegrationTest
[INFO] Tests run: 2, Failures: 0, Errors: 0, Skipped: 0, Time elapsed: 0.134 s -- in dev.flashflow.ConcurrentIdempotencyIntegrationTest
[INFO] Running dev.flashflow.OutboxAcceptanceIntegrationTest
2026-08-11T09:35:38.311+08:00 INFO  o.s.t.c.s.AnnotationConfigContextLoaderUtils request_id= idempotency_key= order_id= user_id= sku_id= payment_tx= - Could not detect default configuration classes for test class [dev.flashflow.OutboxAcceptanceIntegrationTest]: OutboxAcceptanceIntegrationTest does not declare any static, non-private, non-final, nested classes annotated with @Configuration.
2026-08-11T09:35:38.313+08:00 INFO  o.s.b.t.c.SpringBootTestContextBootstrapper request_id= idempotency_key= order_id= user_id= sku_id= payment_tx= - Found @SpringBootConfiguration dev.flashflow.FlashFlowApplication for test class dev.flashflow.OutboxAcceptanceIntegrationTest

  .   ____          _            __ _ _
 /\\ / ___'_ __ _ _(_)_ __  __ _ \ \ \ \
( ( )\___ | '_ | '_| | '_ \/ _` | \ \ \ \
 \\/  ___)| |_)| | | | | || (_| |  ) ) ) )
  '  |____| .__|_| |_|_| |_\__, | / / / /
 =========|_|==============|___/=/_/_/_/

 :: Spring Boot ::                (v3.5.5)

2026-08-11T09:35:38.324+08:00 INFO  d.f.OutboxAcceptanceIntegrationTest request_id= idempotency_key= order_id= user_id= sku_id= payment_tx= - Starting OutboxAcceptanceIntegrationTest using Java 26.0.2 with PID 41564 (started by yuzheng in /Users/yuzheng/Computeracy/Zhenkun26-GitHub/FlashFlow)
2026-08-11T09:35:38.324+08:00 INFO  d.f.OutboxAcceptanceIntegrationTest request_id= idempotency_key= order_id= user_id= sku_id= payment_tx= - The following 1 profile is active: "test"
2026-08-11T09:35:38.421+08:00 INFO  o.s.d.r.c.RepositoryConfigurationDelegate request_id= idempotency_key= order_id= user_id= sku_id= payment_tx= - Multiple Spring Data modules found, entering strict repository configuration mode
2026-08-11T09:35:38.421+08:00 INFO  o.s.d.r.c.RepositoryConfigurationDelegate request_id= idempotency_key= order_id= user_id= sku_id= payment_tx= - Bootstrapping Spring Data Redis repositories in DEFAULT mode.
2026-08-11T09:35:38.425+08:00 INFO  o.s.d.r.c.RepositoryConfigurationDelegate request_id= idempotency_key= order_id= user_id= sku_id= payment_tx= - Finished Spring Data repository scanning in 3 ms. Found 0 Redis repository interfaces.
2026-08-11T09:35:38.502+08:00 INFO  com.zaxxer.hikari.HikariDataSource request_id= idempotency_key= order_id= user_id= sku_id= payment_tx= - HikariPool-6 - Starting...
2026-08-11T09:35:38.508+08:00 INFO  com.zaxxer.hikari.pool.HikariPool request_id= idempotency_key= order_id= user_id= sku_id= payment_tx= - HikariPool-6 - Added connection com.mysql.cj.jdbc.ConnectionImpl@2976097f
2026-08-11T09:35:38.509+08:00 INFO  com.zaxxer.hikari.HikariDataSource request_id= idempotency_key= order_id= user_id= sku_id= payment_tx= - HikariPool-6 - Start completed.
2026-08-11T09:35:38.510+08:00 INFO  org.flywaydb.core.FlywayExecutor request_id= idempotency_key= order_id= user_id= sku_id= payment_tx= - Database: jdbc:mysql://localhost:58722/flashflow (MySQL 8.4)
2026-08-11T09:35:38.513+08:00 WARN  o.f.c.i.database.base.Database request_id= idempotency_key= order_id= user_id= sku_id= payment_tx= - Flyway upgrade recommended: MySQL 8.4 is newer than this version of Flyway and support has not been tested. The latest supported version of MySQL is 8.1.
2026-08-11T09:35:38.518+08:00 INFO  o.f.core.internal.command.DbValidate request_id= idempotency_key= order_id= user_id= sku_id= payment_tx= - Successfully validated 4 migrations (execution time 00:00.003s)
2026-08-11T09:35:38.521+08:00 INFO  o.f.core.internal.command.DbMigrate request_id= idempotency_key= order_id= user_id= sku_id= payment_tx= - Current version of schema `flashflow`: 4
2026-08-11T09:35:38.522+08:00 INFO  o.f.core.internal.command.DbMigrate request_id= idempotency_key= order_id= user_id= sku_id= payment_tx= - Schema `flashflow` is up to date. No migration necessary.
2026-08-11T09:35:38.613+08:00 INFO  o.s.b.a.e.web.EndpointLinksResolver request_id= idempotency_key= order_id= user_id= sku_id= payment_tx= - Exposing 2 endpoints beneath base path '/actuator'
2026-08-11T09:35:38.620+08:00 INFO  d.f.OutboxAcceptanceIntegrationTest request_id= idempotency_key= order_id= user_id= sku_id= payment_tx= - Started OutboxAcceptanceIntegrationTest in 0.306 seconds (process running for 47.199)
[INFO] Tests run: 2, Failures: 0, Errors: 0, Skipped: 0, Time elapsed: 0.362 s -- in dev.flashflow.OutboxAcceptanceIntegrationTest
[INFO] Running dev.flashflow.RedisLuaAdmissionIntegrationTest
2026-08-11T09:35:38.674+08:00 INFO  o.s.t.c.s.AnnotationConfigContextLoaderUtils request_id= idempotency_key= order_id= user_id= sku_id= payment_tx= - Could not detect default configuration classes for test class [dev.flashflow.RedisLuaAdmissionIntegrationTest]: RedisLuaAdmissionIntegrationTest does not declare any static, non-private, non-final, nested classes annotated with @Configuration.
2026-08-11T09:35:38.674+08:00 INFO  o.s.b.t.c.SpringBootTestContextBootstrapper request_id= idempotency_key= order_id= user_id= sku_id= payment_tx= - Found @SpringBootConfiguration dev.flashflow.FlashFlowApplication for test class dev.flashflow.RedisLuaAdmissionIntegrationTest

  .   ____          _            __ _ _
 /\\ / ___'_ __ _ _(_)_ __  __ _ \ \ \ \
( ( )\___ | '_ | '_| | '_ \/ _` | \ \ \ \
 \\/  ___)| |_)| | | | | || (_| |  ) ) ) )
  '  |____| .__|_| |_|_| |_\__, | / / / /
 =========|_|==============|___/=/_/_/_/

 :: Spring Boot ::                (v3.5.5)

2026-08-11T09:35:38.682+08:00 INFO  d.f.RedisLuaAdmissionIntegrationTest request_id= idempotency_key= order_id= user_id= sku_id= payment_tx= - Starting RedisLuaAdmissionIntegrationTest using Java 26.0.2 with PID 41564 (started by yuzheng in /Users/yuzheng/Computeracy/Zhenkun26-GitHub/FlashFlow)
2026-08-11T09:35:38.682+08:00 INFO  d.f.RedisLuaAdmissionIntegrationTest request_id= idempotency_key= order_id= user_id= sku_id= payment_tx= - The following 1 profile is active: "test"
2026-08-11T09:35:38.748+08:00 INFO  o.s.d.r.c.RepositoryConfigurationDelegate request_id= idempotency_key= order_id= user_id= sku_id= payment_tx= - Multiple Spring Data modules found, entering strict repository configuration mode
2026-08-11T09:35:38.748+08:00 INFO  o.s.d.r.c.RepositoryConfigurationDelegate request_id= idempotency_key= order_id= user_id= sku_id= payment_tx= - Bootstrapping Spring Data Redis repositories in DEFAULT mode.
2026-08-11T09:35:38.751+08:00 INFO  o.s.d.r.c.RepositoryConfigurationDelegate request_id= idempotency_key= order_id= user_id= sku_id= payment_tx= - Finished Spring Data repository scanning in 3 ms. Found 0 Redis repository interfaces.
2026-08-11T09:35:38.783+08:00 INFO  com.zaxxer.hikari.HikariDataSource request_id= idempotency_key= order_id= user_id= sku_id= payment_tx= - HikariPool-7 - Starting...
2026-08-11T09:35:38.792+08:00 INFO  com.zaxxer.hikari.pool.HikariPool request_id= idempotency_key= order_id= user_id= sku_id= payment_tx= - HikariPool-7 - Added connection com.mysql.cj.jdbc.ConnectionImpl@43a9725a
2026-08-11T09:35:38.792+08:00 INFO  com.zaxxer.hikari.HikariDataSource request_id= idempotency_key= order_id= user_id= sku_id= payment_tx= - HikariPool-7 - Start completed.
2026-08-11T09:35:38.794+08:00 INFO  org.flywaydb.core.FlywayExecutor request_id= idempotency_key= order_id= user_id= sku_id= payment_tx= - Database: jdbc:mysql://localhost:58722/flashflow (MySQL 8.4)
2026-08-11T09:35:38.797+08:00 WARN  o.f.c.i.database.base.Database request_id= idempotency_key= order_id= user_id= sku_id= payment_tx= - Flyway upgrade recommended: MySQL 8.4 is newer than this version of Flyway and support has not been tested. The latest supported version of MySQL is 8.1.
2026-08-11T09:35:38.803+08:00 INFO  o.f.core.internal.command.DbValidate request_id= idempotency_key= order_id= user_id= sku_id= payment_tx= - Successfully validated 4 migrations (execution time 00:00.004s)
2026-08-11T09:35:38.807+08:00 INFO  o.f.core.internal.command.DbMigrate request_id= idempotency_key= order_id= user_id= sku_id= payment_tx= - Current version of schema `flashflow`: 4
2026-08-11T09:35:38.807+08:00 INFO  o.f.core.internal.command.DbMigrate request_id= idempotency_key= order_id= user_id= sku_id= payment_tx= - Schema `flashflow` is up to date. No migration necessary.
2026-08-11T09:35:38.875+08:00 INFO  o.s.b.a.e.web.EndpointLinksResolver request_id= idempotency_key= order_id= user_id= sku_id= payment_tx= - Exposing 2 endpoints beneath base path '/actuator'
2026-08-11T09:35:38.881+08:00 INFO  d.f.RedisLuaAdmissionIntegrationTest request_id= idempotency_key= order_id= user_id= sku_id= payment_tx= - Started RedisLuaAdmissionIntegrationTest in 0.206 seconds (process running for 47.46)
[INFO] Tests run: 6, Failures: 0, Errors: 0, Skipped: 0, Time elapsed: 0.287 s -- in dev.flashflow.RedisLuaAdmissionIntegrationTest
[INFO] Running dev.flashflow.AdmissionReconciliationIntegrationTest
2026-08-11T09:35:38.962+08:00 INFO  o.s.t.c.s.AnnotationConfigContextLoaderUtils request_id= idempotency_key= order_id= user_id= sku_id= payment_tx= - Could not detect default configuration classes for test class [dev.flashflow.AdmissionReconciliationIntegrationTest]: AdmissionReconciliationIntegrationTest does not declare any static, non-private, non-final, nested classes annotated with @Configuration.
2026-08-11T09:35:38.962+08:00 INFO  o.s.b.t.c.SpringBootTestContextBootstrapper request_id= idempotency_key= order_id= user_id= sku_id= payment_tx= - Found @SpringBootConfiguration dev.flashflow.FlashFlowApplication for test class dev.flashflow.AdmissionReconciliationIntegrationTest
[INFO] Tests run: 6, Failures: 0, Errors: 0, Skipped: 0, Time elapsed: 0.200 s -- in dev.flashflow.AdmissionReconciliationIntegrationTest
[INFO] Running dev.flashflow.OrderCommandConsumerIntegrationTest
2026-08-11T09:35:39.162+08:00 INFO  o.s.t.c.s.AnnotationConfigContextLoaderUtils request_id= idempotency_key= order_id= user_id= sku_id= payment_tx= - Could not detect default configuration classes for test class [dev.flashflow.OrderCommandConsumerIntegrationTest]: OrderCommandConsumerIntegrationTest does not declare any static, non-private, non-final, nested classes annotated with @Configuration.
2026-08-11T09:35:39.163+08:00 INFO  o.s.b.t.c.SpringBootTestContextBootstrapper request_id= idempotency_key= order_id= user_id= sku_id= payment_tx= - Found @SpringBootConfiguration dev.flashflow.FlashFlowApplication for test class dev.flashflow.OrderCommandConsumerIntegrationTest
[INFO] Tests run: 4, Failures: 0, Errors: 0, Skipped: 0, Time elapsed: 0.154 s -- in dev.flashflow.OrderCommandConsumerIntegrationTest
[INFO] Running dev.flashflow.CommandLedgerIntegrationTest
2026-08-11T09:35:39.317+08:00 INFO  o.s.t.c.s.AnnotationConfigContextLoaderUtils request_id= idempotency_key= order_id= user_id= sku_id= payment_tx= - Could not detect default configuration classes for test class [dev.flashflow.CommandLedgerIntegrationTest]: CommandLedgerIntegrationTest does not declare any static, non-private, non-final, nested classes annotated with @Configuration.
2026-08-11T09:35:39.318+08:00 INFO  o.s.b.t.c.SpringBootTestContextBootstrapper request_id= idempotency_key= order_id= user_id= sku_id= payment_tx= - Found @SpringBootConfiguration dev.flashflow.FlashFlowApplication for test class dev.flashflow.CommandLedgerIntegrationTest
[INFO] Tests run: 2, Failures: 0, Errors: 0, Skipped: 0, Time elapsed: 0.041 s -- in dev.flashflow.CommandLedgerIntegrationTest
[INFO] Running dev.flashflow.V3ControlledComparisonIntegrationTest
2026-08-11T09:35:39.359+08:00 INFO  o.s.t.c.s.AnnotationConfigContextLoaderUtils request_id= idempotency_key= order_id= user_id= sku_id= payment_tx= - Could not detect default configuration classes for test class [dev.flashflow.V3ControlledComparisonIntegrationTest]: V3ControlledComparisonIntegrationTest does not declare any static, non-private, non-final, nested classes annotated with @Configuration.
2026-08-11T09:35:39.359+08:00 INFO  o.s.b.t.c.SpringBootTestContextBootstrapper request_id= idempotency_key= order_id= user_id= sku_id= payment_tx= - Found @SpringBootConfiguration dev.flashflow.FlashFlowApplication for test class dev.flashflow.V3ControlledComparisonIntegrationTest

  .   ____          _            __ _ _
 /\\ / ___'_ __ _ _(_)_ __  __ _ \ \ \ \
( ( )\___ | '_ | '_| | '_ \/ _` | \ \ \ \
 \\/  ___)| |_)| | | | | || (_| |  ) ) ) )
  '  |____| .__|_| |_|_| |_\__, | / / / /
 =========|_|==============|___/=/_/_/_/

 :: Spring Boot ::                (v3.5.5)

2026-08-11T09:35:39.366+08:00 INFO  d.f.V3ControlledComparisonIntegrationTest request_id= idempotency_key= order_id= user_id= sku_id= payment_tx= - Starting V3ControlledComparisonIntegrationTest using Java 26.0.2 with PID 41564 (started by yuzheng in /Users/yuzheng/Computeracy/Zhenkun26-GitHub/FlashFlow)
2026-08-11T09:35:39.366+08:00 INFO  d.f.V3ControlledComparisonIntegrationTest request_id= idempotency_key= order_id= user_id= sku_id= payment_tx= - The following 1 profile is active: "test"
2026-08-11T09:35:39.470+08:00 INFO  o.s.d.r.c.RepositoryConfigurationDelegate request_id= idempotency_key= order_id= user_id= sku_id= payment_tx= - Multiple Spring Data modules found, entering strict repository configuration mode
2026-08-11T09:35:39.470+08:00 INFO  o.s.d.r.c.RepositoryConfigurationDelegate request_id= idempotency_key= order_id= user_id= sku_id= payment_tx= - Bootstrapping Spring Data Redis repositories in DEFAULT mode.
2026-08-11T09:35:39.474+08:00 INFO  o.s.d.r.c.RepositoryConfigurationDelegate request_id= idempotency_key= order_id= user_id= sku_id= payment_tx= - Finished Spring Data repository scanning in 3 ms. Found 0 Redis repository interfaces.
2026-08-11T09:35:39.501+08:00 INFO  o.s.b.w.e.tomcat.TomcatWebServer request_id= idempotency_key= order_id= user_id= sku_id= payment_tx= - Tomcat initialized with port 0 (http)
2026-08-11T09:35:39.502+08:00 INFO  o.a.catalina.core.StandardService request_id= idempotency_key= order_id= user_id= sku_id= payment_tx= - Starting service [Tomcat]
2026-08-11T09:35:39.502+08:00 INFO  o.a.catalina.core.StandardEngine request_id= idempotency_key= order_id= user_id= sku_id= payment_tx= - Starting Servlet engine: [Apache Tomcat/10.1.44]
2026-08-11T09:35:39.509+08:00 INFO  o.a.c.c.C.[Tomcat].[localhost].[/] request_id= idempotency_key= order_id= user_id= sku_id= payment_tx= - Initializing Spring embedded WebApplicationContext
2026-08-11T09:35:39.509+08:00 INFO  o.s.b.w.s.c.ServletWebServerApplicationContext request_id= idempotency_key= order_id= user_id= sku_id= payment_tx= - Root WebApplicationContext: initialization completed in 142 ms
Standard Commons Logging discovery in action with spring-jcl: please remove commons-logging.jar from classpath in order to avoid potential conflicts
2026-08-11T09:35:39.534+08:00 INFO  com.zaxxer.hikari.HikariDataSource request_id= idempotency_key= order_id= user_id= sku_id= payment_tx= - HikariPool-8 - Starting...
2026-08-11T09:35:39.540+08:00 INFO  com.zaxxer.hikari.pool.HikariPool request_id= idempotency_key= order_id= user_id= sku_id= payment_tx= - HikariPool-8 - Added connection com.mysql.cj.jdbc.ConnectionImpl@50bc6266
2026-08-11T09:35:39.540+08:00 INFO  com.zaxxer.hikari.HikariDataSource request_id= idempotency_key= order_id= user_id= sku_id= payment_tx= - HikariPool-8 - Start completed.
2026-08-11T09:35:39.542+08:00 INFO  org.flywaydb.core.FlywayExecutor request_id= idempotency_key= order_id= user_id= sku_id= payment_tx= - Database: jdbc:mysql://localhost:58722/flashflow (MySQL 8.4)
2026-08-11T09:35:39.546+08:00 WARN  o.f.c.i.database.base.Database request_id= idempotency_key= order_id= user_id= sku_id= payment_tx= - Flyway upgrade recommended: MySQL 8.4 is newer than this version of Flyway and support has not been tested. The latest supported version of MySQL is 8.1.
2026-08-11T09:35:39.549+08:00 INFO  o.f.core.internal.command.DbValidate request_id= idempotency_key= order_id= user_id= sku_id= payment_tx= - Successfully validated 4 migrations (execution time 00:00.002s)
2026-08-11T09:35:39.553+08:00 INFO  o.f.core.internal.command.DbMigrate request_id= idempotency_key= order_id= user_id= sku_id= payment_tx= - Current version of schema `flashflow`: 4
2026-08-11T09:35:39.553+08:00 INFO  o.f.core.internal.command.DbMigrate request_id= idempotency_key= order_id= user_id= sku_id= payment_tx= - Schema `flashflow` is up to date. No migration necessary.
2026-08-11T09:35:39.679+08:00 INFO  o.s.b.a.e.web.EndpointLinksResolver request_id= idempotency_key= order_id= user_id= sku_id= payment_tx= - Exposing 2 endpoints beneath base path '/actuator'
2026-08-11T09:35:39.687+08:00 INFO  o.s.b.w.e.tomcat.TomcatWebServer request_id= idempotency_key= order_id= user_id= sku_id= payment_tx= - Tomcat started on port 60779 (http) with context path '/'
2026-08-11T09:35:39.690+08:00 INFO  d.f.V3ControlledComparisonIntegrationTest request_id= idempotency_key= order_id= user_id= sku_id= payment_tx= - Started V3ControlledComparisonIntegrationTest in 0.33 seconds (process running for 48.269)
2026-08-11T09:35:41.720+08:00 INFO  o.a.c.c.C.[Tomcat].[localhost].[/] request_id= idempotency_key= order_id= user_id= sku_id= payment_tx= - Initializing Spring DispatcherServlet 'dispatcherServlet'
2026-08-11T09:35:41.720+08:00 INFO  o.s.web.servlet.DispatcherServlet request_id= idempotency_key= order_id= user_id= sku_id= payment_tx= - Initializing Servlet 'dispatcherServlet'
2026-08-11T09:35:41.721+08:00 INFO  o.s.web.servlet.DispatcherServlet request_id= idempotency_key= order_id= user_id= sku_id= payment_tx= - Completed initialization in 1 ms
2026-08-11T09:35:41.763+08:00 INFO  d.f.m.AsyncOrderApplicationService request_id=bc074da3-8fd8-4e4d-8ee0-de7cb3e0c88c idempotency_key=key-control-v3 order_id= user_id=user-control-v3 sku_id=sku-control-v3 payment_tx= - Asynchronous publication command_id=8e4ed7ff3c9abe6f8db7fa36a7e62b6e8c9ff6afb4c2b94a9af856f370d2e45c outcome=BROKER_ACKNOWLEDGED status=ACCEPTED cause=SEND_OK
2026-08-11T09:35:41.826+08:00 INFO  d.f.V3ControlledComparisonIntegrationTest request_id= idempotency_key= order_id= user_id= sku_id= payment_tx= - V3_CONTROLLED_COMPARISON sync_acceptance_ms=29.4 sync_completion_ms=29.4 v3_acceptance_ms=23.1 v3_completion_ms=79.8 business_created=2 technical_outcomes=SYNC_CREATED,V3_ACCEPTED_V3_COMPLETED message_observations=ACK_AND_DELIVERY scope=LOCAL_SINGLE_REQUEST_NOT_CAPACITY
2026-08-11T09:35:41.828+08:00 INFO  o.s.b.w.e.tomcat.GracefulShutdown request_id= idempotency_key= order_id= user_id= sku_id= payment_tx= - Commencing graceful shutdown. Waiting for active requests to complete
2026-08-11T09:35:43.834+08:00 INFO  o.s.b.w.e.tomcat.GracefulShutdown request_id= idempotency_key= order_id= user_id= sku_id= payment_tx= - Graceful shutdown complete
2026-08-11T09:35:43.834+08:00 ERROR org.apache.tomcat.util.net.Acceptor request_id= idempotency_key= order_id= user_id= sku_id= payment_tx= - Socket accept failed
java.nio.channels.AsynchronousCloseException: null
	at java.base/java.nio.channels.spi.AbstractInterruptibleChannel.end(AbstractInterruptibleChannel.java:218) ~[na:na]
	at java.base/sun.nio.ch.ServerSocketChannelImpl.end(ServerSocketChannelImpl.java:372) ~[na:na]
	at java.base/sun.nio.ch.ServerSocketChannelImpl.accept(ServerSocketChannelImpl.java:397) ~[na:na]
	at org.apache.tomcat.util.net.NioEndpoint.serverSocketAccept(NioEndpoint.java:537) ~[tomcat-embed-core-10.1.44.jar:10.1.44]
	at org.apache.tomcat.util.net.NioEndpoint.serverSocketAccept(NioEndpoint.java:72) ~[tomcat-embed-core-10.1.44.jar:10.1.44]
	at org.apache.tomcat.util.net.Acceptor.run(Acceptor.java:127) ~[tomcat-embed-core-10.1.44.jar:10.1.44]
	at java.base/java.lang.Thread.run(Thread.java:1516) ~[na:na]
2026-08-11T09:35:43.905+08:00 INFO  com.zaxxer.hikari.HikariDataSource request_id= idempotency_key= order_id= user_id= sku_id= payment_tx= - HikariPool-8 - Shutdown initiated...
2026-08-11T09:35:43.907+08:00 INFO  com.zaxxer.hikari.HikariDataSource request_id= idempotency_key= order_id= user_id= sku_id= payment_tx= - HikariPool-8 - Shutdown completed.
[INFO] Tests run: 1, Failures: 0, Errors: 0, Skipped: 0, Time elapsed: 4.552 s -- in dev.flashflow.V3ControlledComparisonIntegrationTest
[INFO] Running dev.flashflow.shared.config.UnsafeStrategyGuardTest
[INFO] Tests run: 2, Failures: 0, Errors: 0, Skipped: 0, Time elapsed: 0.005 s -- in dev.flashflow.shared.config.UnsafeStrategyGuardTest
[INFO] Running dev.flashflow.shared.config.MessagingConfigurationGuardTest
[INFO] Tests run: 5, Failures: 0, Errors: 0, Skipped: 0, Time elapsed: 0.002 s -- in dev.flashflow.shared.config.MessagingConfigurationGuardTest
[INFO] Running dev.flashflow.shared.config.AdmissionConfigurationGuardTest
[INFO] Tests run: 2, Failures: 0, Errors: 0, Skipped: 0, Time elapsed: 0.001 s -- in dev.flashflow.shared.config.AdmissionConfigurationGuardTest
[INFO] Running dev.flashflow.AdmissionCrossStoreFailureIntegrationTest
2026-08-11T09:35:43.919+08:00 INFO  o.s.t.c.s.AnnotationConfigContextLoaderUtils request_id= idempotency_key= order_id= user_id= sku_id= payment_tx= - Could not detect default configuration classes for test class [dev.flashflow.AdmissionCrossStoreFailureIntegrationTest]: AdmissionCrossStoreFailureIntegrationTest does not declare any static, non-private, non-final, nested classes annotated with @Configuration.
2026-08-11T09:35:43.919+08:00 INFO  o.s.b.t.c.SpringBootTestContextBootstrapper request_id= idempotency_key= order_id= user_id= sku_id= payment_tx= - Found @SpringBootConfiguration dev.flashflow.FlashFlowApplication for test class dev.flashflow.AdmissionCrossStoreFailureIntegrationTest
[INFO] Tests run: 4, Failures: 0, Errors: 0, Skipped: 0, Time elapsed: 0.066 s -- in dev.flashflow.AdmissionCrossStoreFailureIntegrationTest
[INFO] Running dev.flashflow.LiveRocketMqRedeliveryIntegrationTest
2026-08-11T09:35:43.985+08:00 INFO  o.s.t.c.s.AnnotationConfigContextLoaderUtils request_id= idempotency_key= order_id= user_id= sku_id= payment_tx= - Could not detect default configuration classes for test class [dev.flashflow.LiveRocketMqRedeliveryIntegrationTest]: LiveRocketMqRedeliveryIntegrationTest does not declare any static, non-private, non-final, nested classes annotated with @Configuration.
2026-08-11T09:35:43.985+08:00 INFO  o.s.b.t.c.SpringBootTestContextBootstrapper request_id= idempotency_key= order_id= user_id= sku_id= payment_tx= - Found @SpringBootConfiguration dev.flashflow.FlashFlowApplication for test class dev.flashflow.LiveRocketMqRedeliveryIntegrationTest

  .   ____          _            __ _ _
 /\\ / ___'_ __ _ _(_)_ __  __ _ \ \ \ \
( ( )\___ | '_ | '_| | '_ \/ _` | \ \ \ \
 \\/  ___)| |_)| | | | | || (_| |  ) ) ) )
  '  |____| .__|_| |_|_| |_\__, | / / / /
 =========|_|==============|___/=/_/_/_/

 :: Spring Boot ::                (v3.5.5)

2026-08-11T09:35:43.993+08:00 INFO  d.f.LiveRocketMqRedeliveryIntegrationTest request_id= idempotency_key= order_id= user_id= sku_id= payment_tx= - Starting LiveRocketMqRedeliveryIntegrationTest using Java 26.0.2 with PID 41564 (started by yuzheng in /Users/yuzheng/Computeracy/Zhenkun26-GitHub/FlashFlow)
2026-08-11T09:35:43.993+08:00 INFO  d.f.LiveRocketMqRedeliveryIntegrationTest request_id= idempotency_key= order_id= user_id= sku_id= payment_tx= - The following 1 profile is active: "test"
2026-08-11T09:35:44.054+08:00 INFO  o.s.d.r.c.RepositoryConfigurationDelegate request_id= idempotency_key= order_id= user_id= sku_id= payment_tx= - Multiple Spring Data modules found, entering strict repository configuration mode
2026-08-11T09:35:44.054+08:00 INFO  o.s.d.r.c.RepositoryConfigurationDelegate request_id= idempotency_key= order_id= user_id= sku_id= payment_tx= - Bootstrapping Spring Data Redis repositories in DEFAULT mode.
2026-08-11T09:35:44.058+08:00 INFO  o.s.d.r.c.RepositoryConfigurationDelegate request_id= idempotency_key= order_id= user_id= sku_id= payment_tx= - Finished Spring Data repository scanning in 3 ms. Found 0 Redis repository interfaces.
2026-08-11T09:35:44.070+08:00 INFO  o.s.b.w.e.tomcat.TomcatWebServer request_id= idempotency_key= order_id= user_id= sku_id= payment_tx= - Tomcat initialized with port 0 (http)
2026-08-11T09:35:44.071+08:00 INFO  o.a.catalina.core.StandardService request_id= idempotency_key= order_id= user_id= sku_id= payment_tx= - Starting service [Tomcat]
2026-08-11T09:35:44.071+08:00 INFO  o.a.catalina.core.StandardEngine request_id= idempotency_key= order_id= user_id= sku_id= payment_tx= - Starting Servlet engine: [Apache Tomcat/10.1.44]
2026-08-11T09:35:44.076+08:00 INFO  o.a.c.c.C.[Tomcat].[localhost].[/] request_id= idempotency_key= order_id= user_id= sku_id= payment_tx= - Initializing Spring embedded WebApplicationContext
2026-08-11T09:35:44.076+08:00 INFO  o.s.b.w.s.c.ServletWebServerApplicationContext request_id= idempotency_key= order_id= user_id= sku_id= payment_tx= - Root WebApplicationContext: initialization completed in 83 ms
Standard Commons Logging discovery in action with spring-jcl: please remove commons-logging.jar from classpath in order to avoid potential conflicts
2026-08-11T09:35:44.097+08:00 INFO  com.zaxxer.hikari.HikariDataSource request_id= idempotency_key= order_id= user_id= sku_id= payment_tx= - HikariPool-9 - Starting...
2026-08-11T09:35:44.103+08:00 INFO  com.zaxxer.hikari.pool.HikariPool request_id= idempotency_key= order_id= user_id= sku_id= payment_tx= - HikariPool-9 - Added connection com.mysql.cj.jdbc.ConnectionImpl@156d8f7b
2026-08-11T09:35:44.103+08:00 INFO  com.zaxxer.hikari.HikariDataSource request_id= idempotency_key= order_id= user_id= sku_id= payment_tx= - HikariPool-9 - Start completed.
2026-08-11T09:35:44.106+08:00 INFO  org.flywaydb.core.FlywayExecutor request_id= idempotency_key= order_id= user_id= sku_id= payment_tx= - Database: jdbc:mysql://localhost:58722/flashflow (MySQL 8.4)
2026-08-11T09:35:44.110+08:00 WARN  o.f.c.i.database.base.Database request_id= idempotency_key= order_id= user_id= sku_id= payment_tx= - Flyway upgrade recommended: MySQL 8.4 is newer than this version of Flyway and support has not been tested. The latest supported version of MySQL is 8.1.
2026-08-11T09:35:44.115+08:00 INFO  o.f.core.internal.command.DbValidate request_id= idempotency_key= order_id= user_id= sku_id= payment_tx= - Successfully validated 4 migrations (execution time 00:00.004s)
2026-08-11T09:35:44.119+08:00 INFO  o.f.core.internal.command.DbMigrate request_id= idempotency_key= order_id= user_id= sku_id= payment_tx= - Current version of schema `flashflow`: 4
2026-08-11T09:35:44.119+08:00 INFO  o.f.core.internal.command.DbMigrate request_id= idempotency_key= order_id= user_id= sku_id= payment_tx= - Schema `flashflow` is up to date. No migration necessary.
2026-08-11T09:35:44.215+08:00 INFO  o.s.b.a.e.web.EndpointLinksResolver request_id= idempotency_key= order_id= user_id= sku_id= payment_tx= - Exposing 2 endpoints beneath base path '/actuator'
2026-08-11T09:35:44.220+08:00 INFO  o.s.b.w.e.tomcat.TomcatWebServer request_id= idempotency_key= order_id= user_id= sku_id= payment_tx= - Tomcat started on port 60819 (http) with context path '/'
2026-08-11T09:35:44.222+08:00 INFO  d.f.LiveRocketMqRedeliveryIntegrationTest request_id= idempotency_key= order_id= user_id= sku_id= payment_tx= - Started LiveRocketMqRedeliveryIntegrationTest in 0.236 seconds (process running for 52.802)
2026-08-11T09:35:46.250+08:00 INFO  o.a.c.c.C.[Tomcat].[localhost].[/] request_id= idempotency_key= order_id= user_id= sku_id= payment_tx= - Initializing Spring DispatcherServlet 'dispatcherServlet'
2026-08-11T09:35:46.250+08:00 INFO  o.s.web.servlet.DispatcherServlet request_id= idempotency_key= order_id= user_id= sku_id= payment_tx= - Initializing Servlet 'dispatcherServlet'
2026-08-11T09:35:46.250+08:00 INFO  o.s.web.servlet.DispatcherServlet request_id= idempotency_key= order_id= user_id= sku_id= payment_tx= - Completed initialization in 0 ms
2026-08-11T09:35:46.265+08:00 INFO  d.f.m.AsyncOrderApplicationService request_id=b3bc1e16-f44c-4ac8-b4e5-4ac68f28104e idempotency_key=key-redelivery order_id= user_id=user-redelivery sku_id=sku-redelivery payment_tx= - Asynchronous publication command_id=c96a0af58397f512ce41cca417eee9eee47778bff09a3b87e8e8edb9c7e14fe6 outcome=BROKER_ACKNOWLEDGED status=ACCEPTED cause=SEND_OK
2026-08-11T09:35:55.908+08:00 INFO  o.s.b.w.e.tomcat.GracefulShutdown request_id= idempotency_key= order_id= user_id= sku_id= payment_tx= - Commencing graceful shutdown. Waiting for active requests to complete
2026-08-11T09:35:57.914+08:00 INFO  o.s.b.w.e.tomcat.GracefulShutdown request_id= idempotency_key= order_id= user_id= sku_id= payment_tx= - Graceful shutdown complete
2026-08-11T09:35:57.914+08:00 ERROR org.apache.tomcat.util.net.Acceptor request_id= idempotency_key= order_id= user_id= sku_id= payment_tx= - Socket accept failed
java.nio.channels.AsynchronousCloseException: null
	at java.base/java.nio.channels.spi.AbstractInterruptibleChannel.end(AbstractInterruptibleChannel.java:218) ~[na:na]
	at java.base/sun.nio.ch.ServerSocketChannelImpl.end(ServerSocketChannelImpl.java:372) ~[na:na]
	at java.base/sun.nio.ch.ServerSocketChannelImpl.accept(ServerSocketChannelImpl.java:397) ~[na:na]
	at org.apache.tomcat.util.net.NioEndpoint.serverSocketAccept(NioEndpoint.java:537) ~[tomcat-embed-core-10.1.44.jar:10.1.44]
	at org.apache.tomcat.util.net.NioEndpoint.serverSocketAccept(NioEndpoint.java:72) ~[tomcat-embed-core-10.1.44.jar:10.1.44]
	at org.apache.tomcat.util.net.Acceptor.run(Acceptor.java:127) ~[tomcat-embed-core-10.1.44.jar:10.1.44]
	at java.base/java.lang.Thread.run(Thread.java:1516) ~[na:na]
2026-08-11T09:35:57.956+08:00 INFO  com.zaxxer.hikari.HikariDataSource request_id= idempotency_key= order_id= user_id= sku_id= payment_tx= - HikariPool-9 - Shutdown initiated...
2026-08-11T09:35:57.958+08:00 INFO  com.zaxxer.hikari.HikariDataSource request_id= idempotency_key= order_id= user_id= sku_id= payment_tx= - HikariPool-9 - Shutdown completed.
[INFO] Tests run: 1, Failures: 0, Errors: 0, Skipped: 0, Time elapsed: 13.98 s -- in dev.flashflow.LiveRocketMqRedeliveryIntegrationTest
[INFO] Running dev.flashflow.V4OutboxRocketMqEndToEndIntegrationTest
2026-08-11T09:35:57.963+08:00 INFO  o.s.t.c.s.AnnotationConfigContextLoaderUtils request_id= idempotency_key= order_id= user_id= sku_id= payment_tx= - Could not detect default configuration classes for test class [dev.flashflow.V4OutboxRocketMqEndToEndIntegrationTest]: V4OutboxRocketMqEndToEndIntegrationTest does not declare any static, non-private, non-final, nested classes annotated with @Configuration.
2026-08-11T09:35:57.963+08:00 INFO  o.s.b.t.c.SpringBootTestContextBootstrapper request_id= idempotency_key= order_id= user_id= sku_id= payment_tx= - Found @SpringBootConfiguration dev.flashflow.FlashFlowApplication for test class dev.flashflow.V4OutboxRocketMqEndToEndIntegrationTest

  .   ____          _            __ _ _
 /\\ / ___'_ __ _ _(_)_ __  __ _ \ \ \ \
( ( )\___ | '_ | '_| | '_ \/ _` | \ \ \ \
 \\/  ___)| |_)| | | | | || (_| |  ) ) ) )
  '  |____| .__|_| |_|_| |_\__, | / / / /
 =========|_|==============|___/=/_/_/_/

 :: Spring Boot ::                (v3.5.5)

2026-08-11T09:35:57.974+08:00 INFO  d.f.V4OutboxRocketMqEndToEndIntegrationTest request_id= idempotency_key= order_id= user_id= sku_id= payment_tx= - Starting V4OutboxRocketMqEndToEndIntegrationTest using Java 26.0.2 with PID 41564 (started by yuzheng in /Users/yuzheng/Computeracy/Zhenkun26-GitHub/FlashFlow)
2026-08-11T09:35:57.974+08:00 INFO  d.f.V4OutboxRocketMqEndToEndIntegrationTest request_id= idempotency_key= order_id= user_id= sku_id= payment_tx= - The following 1 profile is active: "test"
2026-08-11T09:35:58.058+08:00 INFO  o.s.d.r.c.RepositoryConfigurationDelegate request_id= idempotency_key= order_id= user_id= sku_id= payment_tx= - Multiple Spring Data modules found, entering strict repository configuration mode
2026-08-11T09:35:58.058+08:00 INFO  o.s.d.r.c.RepositoryConfigurationDelegate request_id= idempotency_key= order_id= user_id= sku_id= payment_tx= - Bootstrapping Spring Data Redis repositories in DEFAULT mode.
2026-08-11T09:35:58.062+08:00 INFO  o.s.d.r.c.RepositoryConfigurationDelegate request_id= idempotency_key= order_id= user_id= sku_id= payment_tx= - Finished Spring Data repository scanning in 3 ms. Found 0 Redis repository interfaces.
2026-08-11T09:35:58.073+08:00 INFO  o.s.b.w.e.tomcat.TomcatWebServer request_id= idempotency_key= order_id= user_id= sku_id= payment_tx= - Tomcat initialized with port 0 (http)
2026-08-11T09:35:58.074+08:00 INFO  o.a.catalina.core.StandardService request_id= idempotency_key= order_id= user_id= sku_id= payment_tx= - Starting service [Tomcat]
2026-08-11T09:35:58.074+08:00 INFO  o.a.catalina.core.StandardEngine request_id= idempotency_key= order_id= user_id= sku_id= payment_tx= - Starting Servlet engine: [Apache Tomcat/10.1.44]
2026-08-11T09:35:58.079+08:00 INFO  o.a.c.c.C.[Tomcat].[localhost].[/] request_id= idempotency_key= order_id= user_id= sku_id= payment_tx= - Initializing Spring embedded WebApplicationContext
2026-08-11T09:35:58.079+08:00 INFO  o.s.b.w.s.c.ServletWebServerApplicationContext request_id= idempotency_key= order_id= user_id= sku_id= payment_tx= - Root WebApplicationContext: initialization completed in 104 ms
Standard Commons Logging discovery in action with spring-jcl: please remove commons-logging.jar from classpath in order to avoid potential conflicts
2026-08-11T09:35:58.100+08:00 INFO  com.zaxxer.hikari.HikariDataSource request_id= idempotency_key= order_id= user_id= sku_id= payment_tx= - HikariPool-10 - Starting...
2026-08-11T09:35:58.108+08:00 INFO  com.zaxxer.hikari.pool.HikariPool request_id= idempotency_key= order_id= user_id= sku_id= payment_tx= - HikariPool-10 - Added connection com.mysql.cj.jdbc.ConnectionImpl@6e75d52a
2026-08-11T09:35:58.108+08:00 INFO  com.zaxxer.hikari.HikariDataSource request_id= idempotency_key= order_id= user_id= sku_id= payment_tx= - HikariPool-10 - Start completed.
2026-08-11T09:35:58.110+08:00 INFO  org.flywaydb.core.FlywayExecutor request_id= idempotency_key= order_id= user_id= sku_id= payment_tx= - Database: jdbc:mysql://localhost:58722/flashflow (MySQL 8.4)
2026-08-11T09:35:58.113+08:00 WARN  o.f.c.i.database.base.Database request_id= idempotency_key= order_id= user_id= sku_id= payment_tx= - Flyway upgrade recommended: MySQL 8.4 is newer than this version of Flyway and support has not been tested. The latest supported version of MySQL is 8.1.
2026-08-11T09:35:58.119+08:00 INFO  o.f.core.internal.command.DbValidate request_id= idempotency_key= order_id= user_id= sku_id= payment_tx= - Successfully validated 4 migrations (execution time 00:00.005s)
2026-08-11T09:35:58.123+08:00 INFO  o.f.core.internal.command.DbMigrate request_id= idempotency_key= order_id= user_id= sku_id= payment_tx= - Current version of schema `flashflow`: 4
2026-08-11T09:35:58.123+08:00 INFO  o.f.core.internal.command.DbMigrate request_id= idempotency_key= order_id= user_id= sku_id= payment_tx= - Schema `flashflow` is up to date. No migration necessary.
2026-08-11T09:35:58.244+08:00 INFO  o.s.b.a.e.web.EndpointLinksResolver request_id= idempotency_key= order_id= user_id= sku_id= payment_tx= - Exposing 2 endpoints beneath base path '/actuator'
2026-08-11T09:35:58.250+08:00 INFO  o.s.b.w.e.tomcat.TomcatWebServer request_id= idempotency_key= order_id= user_id= sku_id= payment_tx= - Tomcat started on port 60888 (http) with context path '/'
2026-08-11T09:35:58.251+08:00 INFO  d.f.V4OutboxRocketMqEndToEndIntegrationTest request_id= idempotency_key= order_id= user_id= sku_id= payment_tx= - Started V4OutboxRocketMqEndToEndIntegrationTest in 0.286 seconds (process running for 66.832)
2026-08-11T09:36:00.286+08:00 INFO  o.a.c.c.C.[Tomcat].[localhost].[/] request_id= idempotency_key= order_id= user_id= sku_id= payment_tx= - Initializing Spring DispatcherServlet 'dispatcherServlet'
2026-08-11T09:36:00.286+08:00 INFO  o.s.web.servlet.DispatcherServlet request_id= idempotency_key= order_id= user_id= sku_id= payment_tx= - Initializing Servlet 'dispatcherServlet'
2026-08-11T09:36:00.287+08:00 INFO  o.s.web.servlet.DispatcherServlet request_id= idempotency_key= order_id= user_id= sku_id= payment_tx= - Completed initialization in 1 ms
2026-08-11T09:36:00.298+08:00 INFO  d.f.m.o.OutboxAsyncOrderApplicationService request_id=eb5dff91-cbcc-4444-8108-22511ac5d18f idempotency_key=key-v4-7e81d496 order_id= user_id=user-v4-7e81d496 sku_id=sku-v4-7e81d496 payment_tx= - Durable Outbox acceptance command_id=f5e7da55e64162c550430b592135ce80e28595761a45260186d2c25a9daf8611 status=ACCEPTED
2026-08-11T09:36:00.405+08:00 INFO  d.f.m.outbox.OutboxDispatcher request_id= idempotency_key= order_id= user_id= sku_id= payment_tx= - Outbox publication outbox_id=effaf92e-24ca-4bee-a295-70ab704938d7 command_id=f5e7da55e64162c550430b592135ce80e28595761a45260186d2c25a9daf8611 outcome=ACKNOWLEDGED
2026-08-11T09:36:12.962+08:00 INFO  d.f.m.o.OutboxAsyncOrderApplicationService request_id=4b975625-cb32-40a3-8e0f-15433ae09e62 idempotency_key=key-v4-outage-7e81d496 order_id= user_id=user-v4-outage-7e81d496 sku_id=sku-v4-outage-7e81d496 payment_tx= - Durable Outbox acceptance command_id=cc841481b9fecea06fce7ee6b2a64054d637699bf8b7fce65463d94f6894eea3 status=ACCEPTED
2026-08-11T09:36:13.010+08:00 INFO  d.f.m.outbox.OutboxDispatcher request_id= idempotency_key= order_id= user_id= sku_id= payment_tx= - Outbox publication deferred outbox_id=fcdb38e2-d0b8-4369-983e-3cf01ce56a13 command_id=cc841481b9fecea06fce7ee6b2a64054d637699bf8b7fce65463d94f6894eea3 outcome=RETRYABLE cause=MQCLIENTEXCEPTION
2026-08-11T09:36:13.124+08:00 INFO  d.f.m.outbox.OutboxDispatcher request_id= idempotency_key= order_id= user_id= sku_id= payment_tx= - Outbox publication deferred outbox_id=fcdb38e2-d0b8-4369-983e-3cf01ce56a13 command_id=cc841481b9fecea06fce7ee6b2a64054d637699bf8b7fce65463d94f6894eea3 outcome=RETRYABLE cause=MQCLIENTEXCEPTION
2026-08-11T09:36:13.343+08:00 INFO  d.f.m.outbox.OutboxDispatcher request_id= idempotency_key= order_id= user_id= sku_id= payment_tx= - Outbox publication deferred outbox_id=fcdb38e2-d0b8-4369-983e-3cf01ce56a13 command_id=cc841481b9fecea06fce7ee6b2a64054d637699bf8b7fce65463d94f6894eea3 outcome=RETRYABLE cause=MQCLIENTEXCEPTION
2026-08-11T09:36:13.769+08:00 INFO  d.f.m.outbox.OutboxDispatcher request_id= idempotency_key= order_id= user_id= sku_id= payment_tx= - Outbox publication deferred outbox_id=fcdb38e2-d0b8-4369-983e-3cf01ce56a13 command_id=cc841481b9fecea06fce7ee6b2a64054d637699bf8b7fce65463d94f6894eea3 outcome=RETRYABLE cause=MQCLIENTEXCEPTION
2026-08-11T09:36:14.633+08:00 INFO  d.f.m.outbox.OutboxDispatcher request_id= idempotency_key= order_id= user_id= sku_id= payment_tx= - Outbox publication outbox_id=fcdb38e2-d0b8-4369-983e-3cf01ce56a13 command_id=cc841481b9fecea06fce7ee6b2a64054d637699bf8b7fce65463d94f6894eea3 outcome=ACKNOWLEDGED
2026-08-11T09:36:15.753+08:00 INFO  o.s.b.w.e.tomcat.GracefulShutdown request_id= idempotency_key= order_id= user_id= sku_id= payment_tx= - Commencing graceful shutdown. Waiting for active requests to complete
2026-08-11T09:36:17.759+08:00 INFO  o.s.b.w.e.tomcat.GracefulShutdown request_id= idempotency_key= order_id= user_id= sku_id= payment_tx= - Graceful shutdown complete
2026-08-11T09:36:17.759+08:00 ERROR org.apache.tomcat.util.net.Acceptor request_id= idempotency_key= order_id= user_id= sku_id= payment_tx= - Socket accept failed
java.nio.channels.AsynchronousCloseException: null
	at java.base/java.nio.channels.spi.AbstractInterruptibleChannel.end(AbstractInterruptibleChannel.java:218) ~[na:na]
	at java.base/sun.nio.ch.ServerSocketChannelImpl.end(ServerSocketChannelImpl.java:372) ~[na:na]
	at java.base/sun.nio.ch.ServerSocketChannelImpl.accept(ServerSocketChannelImpl.java:397) ~[na:na]
	at org.apache.tomcat.util.net.NioEndpoint.serverSocketAccept(NioEndpoint.java:537) ~[tomcat-embed-core-10.1.44.jar:10.1.44]
	at org.apache.tomcat.util.net.NioEndpoint.serverSocketAccept(NioEndpoint.java:72) ~[tomcat-embed-core-10.1.44.jar:10.1.44]
	at org.apache.tomcat.util.net.Acceptor.run(Acceptor.java:127) ~[tomcat-embed-core-10.1.44.jar:10.1.44]
	at java.base/java.lang.Thread.run(Thread.java:1516) ~[na:na]
2026-08-11T09:36:17.806+08:00 INFO  com.zaxxer.hikari.HikariDataSource request_id= idempotency_key= order_id= user_id= sku_id= payment_tx= - HikariPool-10 - Shutdown initiated...
2026-08-11T09:36:17.807+08:00 INFO  com.zaxxer.hikari.HikariDataSource request_id= idempotency_key= order_id= user_id= sku_id= payment_tx= - HikariPool-10 - Shutdown completed.
[INFO] Tests run: 2, Failures: 0, Errors: 0, Skipped: 0, Time elapsed: 19.85 s -- in dev.flashflow.V4OutboxRocketMqEndToEndIntegrationTest
[INFO] Running dev.flashflow.V4OutboxConcurrentRedeliveryIntegrationTest
2026-08-11T09:36:17.812+08:00 INFO  o.s.t.c.s.AnnotationConfigContextLoaderUtils request_id= idempotency_key= order_id= user_id= sku_id= payment_tx= - Could not detect default configuration classes for test class [dev.flashflow.V4OutboxConcurrentRedeliveryIntegrationTest]: V4OutboxConcurrentRedeliveryIntegrationTest does not declare any static, non-private, non-final, nested classes annotated with @Configuration.
2026-08-11T09:36:17.812+08:00 INFO  o.s.b.t.c.SpringBootTestContextBootstrapper request_id= idempotency_key= order_id= user_id= sku_id= payment_tx= - Found @SpringBootConfiguration dev.flashflow.FlashFlowApplication for test class dev.flashflow.V4OutboxConcurrentRedeliveryIntegrationTest

  .   ____          _            __ _ _
 /\\ / ___'_ __ _ _(_)_ __  __ _ \ \ \ \
( ( )\___ | '_ | '_| | '_ \/ _` | \ \ \ \
 \\/  ___)| |_)| | | | | || (_| |  ) ) ) )
  '  |____| .__|_| |_|_| |_\__, | / / / /
 =========|_|==============|___/=/_/_/_/

 :: Spring Boot ::                (v3.5.5)

2026-08-11T09:36:17.821+08:00 INFO  d.f.V4OutboxConcurrentRedeliveryIntegrationTest request_id= idempotency_key= order_id= user_id= sku_id= payment_tx= - Starting V4OutboxConcurrentRedeliveryIntegrationTest using Java 26.0.2 with PID 41564 (started by yuzheng in /Users/yuzheng/Computeracy/Zhenkun26-GitHub/FlashFlow)
2026-08-11T09:36:17.821+08:00 INFO  d.f.V4OutboxConcurrentRedeliveryIntegrationTest request_id= idempotency_key= order_id= user_id= sku_id= payment_tx= - The following 1 profile is active: "test"
2026-08-11T09:36:17.905+08:00 INFO  o.s.d.r.c.RepositoryConfigurationDelegate request_id= idempotency_key= order_id= user_id= sku_id= payment_tx= - Multiple Spring Data modules found, entering strict repository configuration mode
2026-08-11T09:36:17.905+08:00 INFO  o.s.d.r.c.RepositoryConfigurationDelegate request_id= idempotency_key= order_id= user_id= sku_id= payment_tx= - Bootstrapping Spring Data Redis repositories in DEFAULT mode.
2026-08-11T09:36:17.909+08:00 INFO  o.s.d.r.c.RepositoryConfigurationDelegate request_id= idempotency_key= order_id= user_id= sku_id= payment_tx= - Finished Spring Data repository scanning in 3 ms. Found 0 Redis repository interfaces.
2026-08-11T09:36:17.927+08:00 INFO  o.s.b.w.e.tomcat.TomcatWebServer request_id= idempotency_key= order_id= user_id= sku_id= payment_tx= - Tomcat initialized with port 0 (http)
2026-08-11T09:36:17.928+08:00 INFO  o.a.catalina.core.StandardService request_id= idempotency_key= order_id= user_id= sku_id= payment_tx= - Starting service [Tomcat]
2026-08-11T09:36:17.928+08:00 INFO  o.a.catalina.core.StandardEngine request_id= idempotency_key= order_id= user_id= sku_id= payment_tx= - Starting Servlet engine: [Apache Tomcat/10.1.44]
2026-08-11T09:36:17.933+08:00 INFO  o.a.c.c.C.[Tomcat].[localhost].[/] request_id= idempotency_key= order_id= user_id= sku_id= payment_tx= - Initializing Spring embedded WebApplicationContext
2026-08-11T09:36:17.933+08:00 INFO  o.s.b.w.s.c.ServletWebServerApplicationContext request_id= idempotency_key= order_id= user_id= sku_id= payment_tx= - Root WebApplicationContext: initialization completed in 111 ms
Standard Commons Logging discovery in action with spring-jcl: please remove commons-logging.jar from classpath in order to avoid potential conflicts
2026-08-11T09:36:17.957+08:00 INFO  com.zaxxer.hikari.HikariDataSource request_id= idempotency_key= order_id= user_id= sku_id= payment_tx= - HikariPool-11 - Starting...
2026-08-11T09:36:17.963+08:00 INFO  com.zaxxer.hikari.pool.HikariPool request_id= idempotency_key= order_id= user_id= sku_id= payment_tx= - HikariPool-11 - Added connection com.mysql.cj.jdbc.ConnectionImpl@16399ea0
2026-08-11T09:36:17.963+08:00 INFO  com.zaxxer.hikari.HikariDataSource request_id= idempotency_key= order_id= user_id= sku_id= payment_tx= - HikariPool-11 - Start completed.
2026-08-11T09:36:17.965+08:00 INFO  org.flywaydb.core.FlywayExecutor request_id= idempotency_key= order_id= user_id= sku_id= payment_tx= - Database: jdbc:mysql://localhost:58722/flashflow (MySQL 8.4)
2026-08-11T09:36:17.968+08:00 WARN  o.f.c.i.database.base.Database request_id= idempotency_key= order_id= user_id= sku_id= payment_tx= - Flyway upgrade recommended: MySQL 8.4 is newer than this version of Flyway and support has not been tested. The latest supported version of MySQL is 8.1.
2026-08-11T09:36:17.975+08:00 INFO  o.f.core.internal.command.DbValidate request_id= idempotency_key= order_id= user_id= sku_id= payment_tx= - Successfully validated 4 migrations (execution time 00:00.005s)
2026-08-11T09:36:17.978+08:00 INFO  o.f.core.internal.command.DbMigrate request_id= idempotency_key= order_id= user_id= sku_id= payment_tx= - Current version of schema `flashflow`: 4
2026-08-11T09:36:17.979+08:00 INFO  o.f.core.internal.command.DbMigrate request_id= idempotency_key= order_id= user_id= sku_id= payment_tx= - Schema `flashflow` is up to date. No migration necessary.
2026-08-11T09:36:18.056+08:00 INFO  o.s.b.a.e.web.EndpointLinksResolver request_id= idempotency_key= order_id= user_id= sku_id= payment_tx= - Exposing 2 endpoints beneath base path '/actuator'
2026-08-11T09:36:18.061+08:00 INFO  o.s.b.w.e.tomcat.TomcatWebServer request_id= idempotency_key= order_id= user_id= sku_id= payment_tx= - Tomcat started on port 60989 (http) with context path '/'
2026-08-11T09:36:18.062+08:00 INFO  d.f.V4OutboxConcurrentRedeliveryIntegrationTest request_id= idempotency_key= order_id= user_id= sku_id= payment_tx= - Started V4OutboxConcurrentRedeliveryIntegrationTest in 0.248 seconds (process running for 86.644)
2026-08-11T09:36:20.095+08:00 INFO  o.a.c.c.C.[Tomcat].[localhost].[/] request_id= idempotency_key= order_id= user_id= sku_id= payment_tx= - Initializing Spring DispatcherServlet 'dispatcherServlet'
2026-08-11T09:36:20.095+08:00 INFO  o.s.web.servlet.DispatcherServlet request_id= idempotency_key= order_id= user_id= sku_id= payment_tx= - Initializing Servlet 'dispatcherServlet'
2026-08-11T09:36:20.096+08:00 INFO  o.s.web.servlet.DispatcherServlet request_id= idempotency_key= order_id= user_id= sku_id= payment_tx= - Completed initialization in 1 ms
2026-08-11T09:36:20.106+08:00 INFO  d.f.m.o.OutboxAsyncOrderApplicationService request_id=67e6efb3-7e7a-490b-a1e2-820daa74c963 idempotency_key=key-33dfbdef-0 order_id= user_id=user-33dfbdef-0 sku_id=sku-v4-concurrent-33dfbdef payment_tx= - Durable Outbox acceptance command_id=b038e63af0c43062dd81ddae172139849745910745ad3bde5b15904fd26ba4b3 status=ACCEPTED
2026-08-11T09:36:20.117+08:00 INFO  d.f.m.o.OutboxAsyncOrderApplicationService request_id=69eacc4d-f35f-4ea7-8214-5f2794d44c28 idempotency_key=key-33dfbdef-1 order_id= user_id=user-33dfbdef-1 sku_id=sku-v4-concurrent-33dfbdef payment_tx= - Durable Outbox acceptance command_id=5e2e45fc5954f9b92ce0f1a94f1c8d7bc4f5ddf018beba6c424042dd51093c5a status=ACCEPTED
2026-08-11T09:36:20.118+08:00 INFO  d.f.m.outbox.OutboxDispatcher request_id= idempotency_key= order_id= user_id= sku_id= payment_tx= - Outbox publication deferred outbox_id=ae4db7d5-7987-484c-8ec8-8734a3994f64 command_id=b038e63af0c43062dd81ddae172139849745910745ad3bde5b15904fd26ba4b3 outcome=RETRYABLE cause=MQCLIENTEXCEPTION
2026-08-11T09:36:20.124+08:00 INFO  d.f.m.o.OutboxAsyncOrderApplicationService request_id=a6bd30d7-31ff-4493-a41c-634b98f940f6 idempotency_key=key-33dfbdef-2 order_id= user_id=user-33dfbdef-2 sku_id=sku-v4-concurrent-33dfbdef payment_tx= - Durable Outbox acceptance command_id=4e0b243f4606f952e1f2ca490be303d67e896e1fff7524aa58821fdb329ff5ad status=ACCEPTED
2026-08-11T09:36:20.132+08:00 INFO  d.f.m.o.OutboxAsyncOrderApplicationService request_id=fc6bff06-5863-46dc-a5e6-0b77862526cc idempotency_key=key-33dfbdef-3 order_id= user_id=user-33dfbdef-3 sku_id=sku-v4-concurrent-33dfbdef payment_tx= - Durable Outbox acceptance command_id=94be021007fc3c76a18024649a308ed11821a2d27067d2464e3d5cb21d59b408 status=ACCEPTED
2026-08-11T09:36:20.139+08:00 INFO  d.f.m.o.OutboxAsyncOrderApplicationService request_id=6aa9089c-6714-4df0-a6fc-2417bffe7c02 idempotency_key=key-33dfbdef-4 order_id= user_id=user-33dfbdef-4 sku_id=sku-v4-concurrent-33dfbdef payment_tx= - Durable Outbox acceptance command_id=ab1b6d91c0c6410e6ceb07791b4d160ea8b821177b4aa0e2bff99cf295ef89ce status=ACCEPTED
2026-08-11T09:36:20.146+08:00 INFO  d.f.m.o.OutboxAsyncOrderApplicationService request_id=b924cf1e-b83e-4f0c-93dc-4a1c554d47b5 idempotency_key=key-33dfbdef-5 order_id= user_id=user-33dfbdef-5 sku_id=sku-v4-concurrent-33dfbdef payment_tx= - Durable Outbox acceptance command_id=f79744d825446e0f35f99f1d20a2426d90b2ceb92452f68800d5b59177dae7f1 status=ACCEPTED
2026-08-11T09:36:20.152+08:00 INFO  d.f.m.o.OutboxAsyncOrderApplicationService request_id=69666177-475b-4c8a-ae84-18c4c0b51122 idempotency_key=key-33dfbdef-6 order_id= user_id=user-33dfbdef-6 sku_id=sku-v4-concurrent-33dfbdef payment_tx= - Durable Outbox acceptance command_id=9250c331dbb950526347eea10729e21b5e24136057d3e3f52e2e402d742e8881 status=ACCEPTED
2026-08-11T09:36:20.158+08:00 INFO  d.f.m.o.OutboxAsyncOrderApplicationService request_id=b6e0e3ab-9bcd-4e25-a299-df651f5c4afe idempotency_key=key-33dfbdef-7 order_id= user_id=user-33dfbdef-7 sku_id=sku-v4-concurrent-33dfbdef payment_tx= - Durable Outbox acceptance command_id=510fbc06efcaf93a6c2c39a333a60eae066849ab6277287dfc591fca0bbc394d status=ACCEPTED
2026-08-11T09:36:20.172+08:00 INFO  d.f.m.outbox.OutboxDispatcher request_id= idempotency_key= order_id= user_id= sku_id= payment_tx= - Outbox publication deferred outbox_id=29a0902e-6550-40a9-8b5f-0b949f0c43b5 command_id=94be021007fc3c76a18024649a308ed11821a2d27067d2464e3d5cb21d59b408 outcome=RETRYABLE cause=MQCLIENTEXCEPTION
2026-08-11T09:36:20.173+08:00 INFO  d.f.m.outbox.OutboxDispatcher request_id= idempotency_key= order_id= user_id= sku_id= payment_tx= - Outbox publication deferred outbox_id=dcacf32f-4833-495a-9399-7e664402aca7 command_id=5e2e45fc5954f9b92ce0f1a94f1c8d7bc4f5ddf018beba6c424042dd51093c5a outcome=RETRYABLE cause=MQCLIENTEXCEPTION
2026-08-11T09:36:20.174+08:00 INFO  d.f.m.outbox.OutboxDispatcher request_id= idempotency_key= order_id= user_id= sku_id= payment_tx= - Outbox publication deferred outbox_id=1338c1ad-f90d-4e6c-b579-1d96a7014673 command_id=f79744d825446e0f35f99f1d20a2426d90b2ceb92452f68800d5b59177dae7f1 outcome=RETRYABLE cause=MQCLIENTEXCEPTION
2026-08-11T09:36:20.175+08:00 INFO  d.f.m.outbox.OutboxDispatcher request_id= idempotency_key= order_id= user_id= sku_id= payment_tx= - Outbox publication deferred outbox_id=e91ab572-815a-4ed4-8c5a-5eaa9100792f command_id=9250c331dbb950526347eea10729e21b5e24136057d3e3f52e2e402d742e8881 outcome=RETRYABLE cause=MQCLIENTEXCEPTION
2026-08-11T09:36:20.176+08:00 INFO  d.f.m.outbox.OutboxDispatcher request_id= idempotency_key= order_id= user_id= sku_id= payment_tx= - Outbox publication deferred outbox_id=853a6127-5c90-467f-854c-dd5ceac95612 command_id=ab1b6d91c0c6410e6ceb07791b4d160ea8b821177b4aa0e2bff99cf295ef89ce outcome=RETRYABLE cause=MQCLIENTEXCEPTION
2026-08-11T09:36:20.177+08:00 INFO  d.f.m.outbox.OutboxDispatcher request_id= idempotency_key= order_id= user_id= sku_id= payment_tx= - Outbox publication deferred outbox_id=2134e538-f67d-4fd9-aea7-e57b29b0333b command_id=4e0b243f4606f952e1f2ca490be303d67e896e1fff7524aa58821fdb329ff5ad outcome=RETRYABLE cause=MQCLIENTEXCEPTION
2026-08-11T09:36:20.178+08:00 INFO  d.f.m.outbox.OutboxDispatcher request_id= idempotency_key= order_id= user_id= sku_id= payment_tx= - Outbox publication deferred outbox_id=2d5d9989-ccb4-45b7-bf11-836668fd56ce command_id=510fbc06efcaf93a6c2c39a333a60eae066849ab6277287dfc591fca0bbc394d outcome=RETRYABLE cause=MQCLIENTEXCEPTION
2026-08-11T09:36:20.381+08:00 INFO  d.f.m.outbox.OutboxDispatcher request_id= idempotency_key= order_id= user_id= sku_id= payment_tx= - Outbox publication deferred outbox_id=ae4db7d5-7987-484c-8ec8-8734a3994f64 command_id=b038e63af0c43062dd81ddae172139849745910745ad3bde5b15904fd26ba4b3 outcome=RETRYABLE cause=MQCLIENTEXCEPTION
2026-08-11T09:36:20.383+08:00 INFO  d.f.m.outbox.OutboxDispatcher request_id= idempotency_key= order_id= user_id= sku_id= payment_tx= - Outbox publication deferred outbox_id=dcacf32f-4833-495a-9399-7e664402aca7 command_id=5e2e45fc5954f9b92ce0f1a94f1c8d7bc4f5ddf018beba6c424042dd51093c5a outcome=RETRYABLE cause=MQCLIENTEXCEPTION
2026-08-11T09:36:20.643+08:00 INFO  d.f.m.outbox.OutboxDispatcher request_id= idempotency_key= order_id= user_id= sku_id= payment_tx= - Outbox publication deferred outbox_id=29a0902e-6550-40a9-8b5f-0b949f0c43b5 command_id=94be021007fc3c76a18024649a308ed11821a2d27067d2464e3d5cb21d59b408 outcome=RETRYABLE cause=MQCLIENTEXCEPTION
2026-08-11T09:36:20.645+08:00 INFO  d.f.m.outbox.OutboxDispatcher request_id= idempotency_key= order_id= user_id= sku_id= payment_tx= - Outbox publication deferred outbox_id=1338c1ad-f90d-4e6c-b579-1d96a7014673 command_id=f79744d825446e0f35f99f1d20a2426d90b2ceb92452f68800d5b59177dae7f1 outcome=RETRYABLE cause=MQCLIENTEXCEPTION
2026-08-11T09:36:20.905+08:00 INFO  d.f.m.outbox.OutboxDispatcher request_id= idempotency_key= order_id= user_id= sku_id= payment_tx= - Outbox publication deferred outbox_id=e91ab572-815a-4ed4-8c5a-5eaa9100792f command_id=9250c331dbb950526347eea10729e21b5e24136057d3e3f52e2e402d742e8881 outcome=RETRYABLE cause=MQCLIENTEXCEPTION
2026-08-11T09:36:20.907+08:00 INFO  d.f.m.outbox.OutboxDispatcher request_id= idempotency_key= order_id= user_id= sku_id= payment_tx= - Outbox publication deferred outbox_id=853a6127-5c90-467f-854c-dd5ceac95612 command_id=ab1b6d91c0c6410e6ceb07791b4d160ea8b821177b4aa0e2bff99cf295ef89ce outcome=RETRYABLE cause=MQCLIENTEXCEPTION
2026-08-11T09:36:21.167+08:00 INFO  d.f.m.outbox.OutboxDispatcher request_id= idempotency_key= order_id= user_id= sku_id= payment_tx= - Outbox publication deferred outbox_id=2134e538-f67d-4fd9-aea7-e57b29b0333b command_id=4e0b243f4606f952e1f2ca490be303d67e896e1fff7524aa58821fdb329ff5ad outcome=RETRYABLE cause=MQCLIENTEXCEPTION
2026-08-11T09:36:21.169+08:00 INFO  d.f.m.outbox.OutboxDispatcher request_id= idempotency_key= order_id= user_id= sku_id= payment_tx= - Outbox publication deferred outbox_id=2d5d9989-ccb4-45b7-bf11-836668fd56ce command_id=510fbc06efcaf93a6c2c39a333a60eae066849ab6277287dfc591fca0bbc394d outcome=RETRYABLE cause=MQCLIENTEXCEPTION
2026-08-11T09:36:21.432+08:00 INFO  d.f.m.outbox.OutboxDispatcher request_id= idempotency_key= order_id= user_id= sku_id= payment_tx= - Outbox publication deferred outbox_id=ae4db7d5-7987-484c-8ec8-8734a3994f64 command_id=b038e63af0c43062dd81ddae172139849745910745ad3bde5b15904fd26ba4b3 outcome=RETRYABLE cause=MQCLIENTEXCEPTION
2026-08-11T09:36:21.433+08:00 INFO  d.f.m.outbox.OutboxDispatcher request_id= idempotency_key= order_id= user_id= sku_id= payment_tx= - Outbox publication deferred outbox_id=dcacf32f-4833-495a-9399-7e664402aca7 command_id=5e2e45fc5954f9b92ce0f1a94f1c8d7bc4f5ddf018beba6c424042dd51093c5a outcome=RETRYABLE cause=MQCLIENTEXCEPTION
2026-08-11T09:36:21.697+08:00 INFO  d.f.m.outbox.OutboxDispatcher request_id= idempotency_key= order_id= user_id= sku_id= payment_tx= - Outbox publication deferred outbox_id=29a0902e-6550-40a9-8b5f-0b949f0c43b5 command_id=94be021007fc3c76a18024649a308ed11821a2d27067d2464e3d5cb21d59b408 outcome=RETRYABLE cause=MQCLIENTEXCEPTION
2026-08-11T09:36:21.702+08:00 INFO  d.f.m.outbox.OutboxDispatcher request_id= idempotency_key= order_id= user_id= sku_id= payment_tx= - Outbox publication deferred outbox_id=1338c1ad-f90d-4e6c-b579-1d96a7014673 command_id=f79744d825446e0f35f99f1d20a2426d90b2ceb92452f68800d5b59177dae7f1 outcome=RETRYABLE cause=MQCLIENTEXCEPTION
2026-08-11T09:36:21.966+08:00 INFO  d.f.m.outbox.OutboxDispatcher request_id= idempotency_key= order_id= user_id= sku_id= payment_tx= - Outbox publication deferred outbox_id=e91ab572-815a-4ed4-8c5a-5eaa9100792f command_id=9250c331dbb950526347eea10729e21b5e24136057d3e3f52e2e402d742e8881 outcome=RETRYABLE cause=MQCLIENTEXCEPTION
2026-08-11T09:36:21.969+08:00 INFO  d.f.m.outbox.OutboxDispatcher request_id= idempotency_key= order_id= user_id= sku_id= payment_tx= - Outbox publication deferred outbox_id=853a6127-5c90-467f-854c-dd5ceac95612 command_id=ab1b6d91c0c6410e6ceb07791b4d160ea8b821177b4aa0e2bff99cf295ef89ce outcome=RETRYABLE cause=MQCLIENTEXCEPTION
2026-08-11T09:36:22.227+08:00 INFO  d.f.m.outbox.OutboxDispatcher request_id= idempotency_key= order_id= user_id= sku_id= payment_tx= - Outbox publication deferred outbox_id=2134e538-f67d-4fd9-aea7-e57b29b0333b command_id=4e0b243f4606f952e1f2ca490be303d67e896e1fff7524aa58821fdb329ff5ad outcome=RETRYABLE cause=MQCLIENTEXCEPTION
2026-08-11T09:36:22.230+08:00 INFO  d.f.m.outbox.OutboxDispatcher request_id= idempotency_key= order_id= user_id= sku_id= payment_tx= - Outbox publication deferred outbox_id=2d5d9989-ccb4-45b7-bf11-836668fd56ce command_id=510fbc06efcaf93a6c2c39a333a60eae066849ab6277287dfc591fca0bbc394d outcome=RETRYABLE cause=MQCLIENTEXCEPTION
2026-08-11T09:36:22.490+08:00 INFO  d.f.m.outbox.OutboxDispatcher request_id= idempotency_key= order_id= user_id= sku_id= payment_tx= - Outbox publication deferred outbox_id=ae4db7d5-7987-484c-8ec8-8734a3994f64 command_id=b038e63af0c43062dd81ddae172139849745910745ad3bde5b15904fd26ba4b3 outcome=RETRYABLE cause=MQCLIENTEXCEPTION
2026-08-11T09:36:22.492+08:00 INFO  d.f.m.outbox.OutboxDispatcher request_id= idempotency_key= order_id= user_id= sku_id= payment_tx= - Outbox publication deferred outbox_id=dcacf32f-4833-495a-9399-7e664402aca7 command_id=5e2e45fc5954f9b92ce0f1a94f1c8d7bc4f5ddf018beba6c424042dd51093c5a outcome=RETRYABLE cause=MQCLIENTEXCEPTION
2026-08-11T09:36:22.756+08:00 INFO  d.f.m.outbox.OutboxDispatcher request_id= idempotency_key= order_id= user_id= sku_id= payment_tx= - Outbox publication deferred outbox_id=29a0902e-6550-40a9-8b5f-0b949f0c43b5 command_id=94be021007fc3c76a18024649a308ed11821a2d27067d2464e3d5cb21d59b408 outcome=RETRYABLE cause=MQCLIENTEXCEPTION
2026-08-11T09:36:22.761+08:00 INFO  d.f.m.outbox.OutboxDispatcher request_id= idempotency_key= order_id= user_id= sku_id= payment_tx= - Outbox publication deferred outbox_id=1338c1ad-f90d-4e6c-b579-1d96a7014673 command_id=f79744d825446e0f35f99f1d20a2426d90b2ceb92452f68800d5b59177dae7f1 outcome=RETRYABLE cause=MQCLIENTEXCEPTION
2026-08-11T09:36:23.020+08:00 INFO  d.f.m.outbox.OutboxDispatcher request_id= idempotency_key= order_id= user_id= sku_id= payment_tx= - Outbox publication deferred outbox_id=e91ab572-815a-4ed4-8c5a-5eaa9100792f command_id=9250c331dbb950526347eea10729e21b5e24136057d3e3f52e2e402d742e8881 outcome=RETRYABLE cause=MQCLIENTEXCEPTION
2026-08-11T09:36:23.022+08:00 INFO  d.f.m.outbox.OutboxDispatcher request_id= idempotency_key= order_id= user_id= sku_id= payment_tx= - Outbox publication deferred outbox_id=853a6127-5c90-467f-854c-dd5ceac95612 command_id=ab1b6d91c0c6410e6ceb07791b4d160ea8b821177b4aa0e2bff99cf295ef89ce outcome=RETRYABLE cause=MQCLIENTEXCEPTION
2026-08-11T09:36:23.284+08:00 INFO  d.f.m.outbox.OutboxDispatcher request_id= idempotency_key= order_id= user_id= sku_id= payment_tx= - Outbox publication deferred outbox_id=2134e538-f67d-4fd9-aea7-e57b29b0333b command_id=4e0b243f4606f952e1f2ca490be303d67e896e1fff7524aa58821fdb329ff5ad outcome=RETRYABLE cause=MQCLIENTEXCEPTION
2026-08-11T09:36:23.286+08:00 INFO  d.f.m.outbox.OutboxDispatcher request_id= idempotency_key= order_id= user_id= sku_id= payment_tx= - Outbox publication deferred outbox_id=2d5d9989-ccb4-45b7-bf11-836668fd56ce command_id=510fbc06efcaf93a6c2c39a333a60eae066849ab6277287dfc591fca0bbc394d outcome=RETRYABLE cause=MQCLIENTEXCEPTION
2026-08-11T09:36:23.549+08:00 INFO  d.f.m.outbox.OutboxDispatcher request_id= idempotency_key= order_id= user_id= sku_id= payment_tx= - Outbox publication deferred outbox_id=ae4db7d5-7987-484c-8ec8-8734a3994f64 command_id=b038e63af0c43062dd81ddae172139849745910745ad3bde5b15904fd26ba4b3 outcome=RETRYABLE cause=MQCLIENTEXCEPTION
2026-08-11T09:36:23.551+08:00 INFO  d.f.m.outbox.OutboxDispatcher request_id= idempotency_key= order_id= user_id= sku_id= payment_tx= - Outbox publication deferred outbox_id=dcacf32f-4833-495a-9399-7e664402aca7 command_id=5e2e45fc5954f9b92ce0f1a94f1c8d7bc4f5ddf018beba6c424042dd51093c5a outcome=RETRYABLE cause=MQCLIENTEXCEPTION
2026-08-11T09:36:23.811+08:00 INFO  d.f.m.outbox.OutboxDispatcher request_id= idempotency_key= order_id= user_id= sku_id= payment_tx= - Outbox publication deferred outbox_id=29a0902e-6550-40a9-8b5f-0b949f0c43b5 command_id=94be021007fc3c76a18024649a308ed11821a2d27067d2464e3d5cb21d59b408 outcome=RETRYABLE cause=MQCLIENTEXCEPTION
2026-08-11T09:36:23.813+08:00 INFO  d.f.m.outbox.OutboxDispatcher request_id= idempotency_key= order_id= user_id= sku_id= payment_tx= - Outbox publication deferred outbox_id=1338c1ad-f90d-4e6c-b579-1d96a7014673 command_id=f79744d825446e0f35f99f1d20a2426d90b2ceb92452f68800d5b59177dae7f1 outcome=RETRYABLE cause=MQCLIENTEXCEPTION
2026-08-11T09:36:24.074+08:00 INFO  d.f.m.outbox.OutboxDispatcher request_id= idempotency_key= order_id= user_id= sku_id= payment_tx= - Outbox publication deferred outbox_id=e91ab572-815a-4ed4-8c5a-5eaa9100792f command_id=9250c331dbb950526347eea10729e21b5e24136057d3e3f52e2e402d742e8881 outcome=RETRYABLE cause=MQCLIENTEXCEPTION
2026-08-11T09:36:24.076+08:00 INFO  d.f.m.outbox.OutboxDispatcher request_id= idempotency_key= order_id= user_id= sku_id= payment_tx= - Outbox publication deferred outbox_id=853a6127-5c90-467f-854c-dd5ceac95612 command_id=ab1b6d91c0c6410e6ceb07791b4d160ea8b821177b4aa0e2bff99cf295ef89ce outcome=RETRYABLE cause=MQCLIENTEXCEPTION
2026-08-11T09:36:24.339+08:00 INFO  d.f.m.outbox.OutboxDispatcher request_id= idempotency_key= order_id= user_id= sku_id= payment_tx= - Outbox publication deferred outbox_id=2134e538-f67d-4fd9-aea7-e57b29b0333b command_id=4e0b243f4606f952e1f2ca490be303d67e896e1fff7524aa58821fdb329ff5ad outcome=RETRYABLE cause=MQCLIENTEXCEPTION
2026-08-11T09:36:24.343+08:00 INFO  d.f.m.outbox.OutboxDispatcher request_id= idempotency_key= order_id= user_id= sku_id= payment_tx= - Outbox publication deferred outbox_id=2d5d9989-ccb4-45b7-bf11-836668fd56ce command_id=510fbc06efcaf93a6c2c39a333a60eae066849ab6277287dfc591fca0bbc394d outcome=RETRYABLE cause=MQCLIENTEXCEPTION
2026-08-11T09:36:24.625+08:00 INFO  d.f.m.outbox.OutboxDispatcher request_id= idempotency_key= order_id= user_id= sku_id= payment_tx= - Outbox publication outbox_id=ae4db7d5-7987-484c-8ec8-8734a3994f64 command_id=b038e63af0c43062dd81ddae172139849745910745ad3bde5b15904fd26ba4b3 outcome=ACKNOWLEDGED
2026-08-11T09:36:24.631+08:00 INFO  d.f.m.outbox.OutboxDispatcher request_id= idempotency_key= order_id= user_id= sku_id= payment_tx= - Outbox publication outbox_id=dcacf32f-4833-495a-9399-7e664402aca7 command_id=5e2e45fc5954f9b92ce0f1a94f1c8d7bc4f5ddf018beba6c424042dd51093c5a outcome=ACKNOWLEDGED
2026-08-11T09:36:24.912+08:00 INFO  d.f.m.outbox.OutboxDispatcher request_id= idempotency_key= order_id= user_id= sku_id= payment_tx= - Outbox publication outbox_id=29a0902e-6550-40a9-8b5f-0b949f0c43b5 command_id=94be021007fc3c76a18024649a308ed11821a2d27067d2464e3d5cb21d59b408 outcome=ACKNOWLEDGED
2026-08-11T09:36:24.918+08:00 INFO  d.f.m.outbox.OutboxDispatcher request_id= idempotency_key= order_id= user_id= sku_id= payment_tx= - Outbox publication outbox_id=1338c1ad-f90d-4e6c-b579-1d96a7014673 command_id=f79744d825446e0f35f99f1d20a2426d90b2ceb92452f68800d5b59177dae7f1 outcome=ACKNOWLEDGED
2026-08-11T09:36:25.193+08:00 INFO  d.f.m.outbox.OutboxDispatcher request_id= idempotency_key= order_id= user_id= sku_id= payment_tx= - Outbox publication outbox_id=e91ab572-815a-4ed4-8c5a-5eaa9100792f command_id=9250c331dbb950526347eea10729e21b5e24136057d3e3f52e2e402d742e8881 outcome=ACKNOWLEDGED
2026-08-11T09:36:25.198+08:00 INFO  d.f.m.outbox.OutboxDispatcher request_id= idempotency_key= order_id= user_id= sku_id= payment_tx= - Outbox publication outbox_id=853a6127-5c90-467f-854c-dd5ceac95612 command_id=ab1b6d91c0c6410e6ceb07791b4d160ea8b821177b4aa0e2bff99cf295ef89ce outcome=ACKNOWLEDGED
2026-08-11T09:36:25.477+08:00 INFO  d.f.m.outbox.OutboxDispatcher request_id= idempotency_key= order_id= user_id= sku_id= payment_tx= - Outbox publication outbox_id=2134e538-f67d-4fd9-aea7-e57b29b0333b command_id=4e0b243f4606f952e1f2ca490be303d67e896e1fff7524aa58821fdb329ff5ad outcome=ACKNOWLEDGED
2026-08-11T09:36:25.485+08:00 INFO  d.f.m.outbox.OutboxDispatcher request_id= idempotency_key= order_id= user_id= sku_id= payment_tx= - Outbox publication outbox_id=2d5d9989-ccb4-45b7-bf11-836668fd56ce command_id=510fbc06efcaf93a6c2c39a333a60eae066849ab6277287dfc591fca0bbc394d outcome=ACKNOWLEDGED
2026-08-11T09:36:59.747+08:00 INFO  o.s.b.w.e.tomcat.GracefulShutdown request_id= idempotency_key= order_id= user_id= sku_id= payment_tx= - Commencing graceful shutdown. Waiting for active requests to complete
2026-08-11T09:37:01.753+08:00 INFO  o.s.b.w.e.tomcat.GracefulShutdown request_id= idempotency_key= order_id= user_id= sku_id= payment_tx= - Graceful shutdown complete
2026-08-11T09:37:01.753+08:00 ERROR org.apache.tomcat.util.net.Acceptor request_id= idempotency_key= order_id= user_id= sku_id= payment_tx= - Socket accept failed
java.nio.channels.AsynchronousCloseException: null
	at java.base/java.nio.channels.spi.AbstractInterruptibleChannel.end(AbstractInterruptibleChannel.java:218) ~[na:na]
	at java.base/sun.nio.ch.ServerSocketChannelImpl.end(ServerSocketChannelImpl.java:372) ~[na:na]
	at java.base/sun.nio.ch.ServerSocketChannelImpl.accept(ServerSocketChannelImpl.java:397) ~[na:na]
	at org.apache.tomcat.util.net.NioEndpoint.serverSocketAccept(NioEndpoint.java:537) ~[tomcat-embed-core-10.1.44.jar:10.1.44]
	at org.apache.tomcat.util.net.NioEndpoint.serverSocketAccept(NioEndpoint.java:72) ~[tomcat-embed-core-10.1.44.jar:10.1.44]
	at org.apache.tomcat.util.net.Acceptor.run(Acceptor.java:127) ~[tomcat-embed-core-10.1.44.jar:10.1.44]
	at java.base/java.lang.Thread.run(Thread.java:1516) ~[na:na]
2026-08-11T09:37:01.814+08:00 INFO  com.zaxxer.hikari.HikariDataSource request_id= idempotency_key= order_id= user_id= sku_id= payment_tx= - HikariPool-11 - Shutdown initiated...
2026-08-11T09:37:01.816+08:00 INFO  com.zaxxer.hikari.HikariDataSource request_id= idempotency_key= order_id= user_id= sku_id= payment_tx= - HikariPool-11 - Shutdown completed.
[INFO] Tests run: 1, Failures: 0, Errors: 0, Skipped: 0, Time elapsed: 44.01 s -- in dev.flashflow.V4OutboxConcurrentRedeliveryIntegrationTest
[INFO] Running dev.flashflow.ExperimentEvidenceReporterTest
[INFO] Tests run: 5, Failures: 0, Errors: 0, Skipped: 0, Time elapsed: 0.026 s -- in dev.flashflow.ExperimentEvidenceReporterTest
[INFO] Running dev.flashflow.ordering.FlashFlowMetricsTest
[INFO] Tests run: 3, Failures: 0, Errors: 0, Skipped: 0, Time elapsed: 0.002 s -- in dev.flashflow.ordering.FlashFlowMetricsTest
[INFO] Running dev.flashflow.OrderIntegrationTest
2026-08-11T09:37:01.852+08:00 INFO  o.s.t.c.s.AnnotationConfigContextLoaderUtils request_id= idempotency_key= order_id= user_id= sku_id= payment_tx= - Could not detect default configuration classes for test class [dev.flashflow.OrderIntegrationTest]: OrderIntegrationTest does not declare any static, non-private, non-final, nested classes annotated with @Configuration.
2026-08-11T09:37:01.853+08:00 INFO  o.s.b.t.c.SpringBootTestContextBootstrapper request_id= idempotency_key= order_id= user_id= sku_id= payment_tx= - Found @SpringBootConfiguration dev.flashflow.FlashFlowApplication for test class dev.flashflow.OrderIntegrationTest
[INFO] Tests run: 2, Failures: 0, Errors: 0, Skipped: 0, Time elapsed: 0.064 s -- in dev.flashflow.OrderIntegrationTest
[INFO] Running dev.flashflow.StrategyInvariantIntegrationTest
2026-08-11T09:37:01.916+08:00 INFO  o.s.t.c.s.AnnotationConfigContextLoaderUtils request_id= idempotency_key= order_id= user_id= sku_id= payment_tx= - Could not detect default configuration classes for test class [dev.flashflow.StrategyInvariantIntegrationTest]: StrategyInvariantIntegrationTest does not declare any static, non-private, non-final, nested classes annotated with @Configuration.
2026-08-11T09:37:01.916+08:00 INFO  o.s.b.t.c.SpringBootTestContextBootstrapper request_id= idempotency_key= order_id= user_id= sku_id= payment_tx= - Found @SpringBootConfiguration dev.flashflow.FlashFlowApplication for test class dev.flashflow.StrategyInvariantIntegrationTest
[INFO] Tests run: 5, Failures: 0, Errors: 0, Skipped: 0, Time elapsed: 0.233 s -- in dev.flashflow.StrategyInvariantIntegrationTest
[INFO] Running dev.flashflow.RedisOrderingIntegrationTest
2026-08-11T09:37:02.150+08:00 INFO  o.s.t.c.s.AnnotationConfigContextLoaderUtils request_id= idempotency_key= order_id= user_id= sku_id= payment_tx= - Could not detect default configuration classes for test class [dev.flashflow.RedisOrderingIntegrationTest]: RedisOrderingIntegrationTest does not declare any static, non-private, non-final, nested classes annotated with @Configuration.
2026-08-11T09:37:02.150+08:00 INFO  o.s.b.t.c.SpringBootTestContextBootstrapper request_id= idempotency_key= order_id= user_id= sku_id= payment_tx= - Found @SpringBootConfiguration dev.flashflow.FlashFlowApplication for test class dev.flashflow.RedisOrderingIntegrationTest
[INFO] Tests run: 4, Failures: 0, Errors: 0, Skipped: 0, Time elapsed: 0.114 s -- in dev.flashflow.RedisOrderingIntegrationTest
[INFO] Running dev.flashflow.UnsafeInterleavingTest
[INFO] Tests run: 1, Failures: 0, Errors: 0, Skipped: 0, Time elapsed: 0.052 s -- in dev.flashflow.UnsafeInterleavingTest
[INFO] Running dev.flashflow.LiveRocketMqScannerRecoveryIntegrationTest
2026-08-11T09:37:02.318+08:00 INFO  o.s.t.c.s.AnnotationConfigContextLoaderUtils request_id= idempotency_key= order_id= user_id= sku_id= payment_tx= - Could not detect default configuration classes for test class [dev.flashflow.LiveRocketMqScannerRecoveryIntegrationTest]: LiveRocketMqScannerRecoveryIntegrationTest does not declare any static, non-private, non-final, nested classes annotated with @Configuration.
2026-08-11T09:37:02.319+08:00 INFO  o.s.b.t.c.SpringBootTestContextBootstrapper request_id= idempotency_key= order_id= user_id= sku_id= payment_tx= - Found @SpringBootConfiguration dev.flashflow.FlashFlowApplication for test class dev.flashflow.LiveRocketMqScannerRecoveryIntegrationTest

  .   ____          _            __ _ _
 /\\ / ___'_ __ _ _(_)_ __  __ _ \ \ \ \
( ( )\___ | '_ | '_| | '_ \/ _` | \ \ \ \
 \\/  ___)| |_)| | | | | || (_| |  ) ) ) )
  '  |____| .__|_| |_|_| |_\__, | / / / /
 =========|_|==============|___/=/_/_/_/

 :: Spring Boot ::                (v3.5.5)

2026-08-11T09:37:02.328+08:00 INFO  d.f.LiveRocketMqScannerRecoveryIntegrationTest request_id= idempotency_key= order_id= user_id= sku_id= payment_tx= - Starting LiveRocketMqScannerRecoveryIntegrationTest using Java 26.0.2 with PID 41564 (started by yuzheng in /Users/yuzheng/Computeracy/Zhenkun26-GitHub/FlashFlow)
2026-08-11T09:37:02.328+08:00 INFO  d.f.LiveRocketMqScannerRecoveryIntegrationTest request_id= idempotency_key= order_id= user_id= sku_id= payment_tx= - The following 1 profile is active: "test"
2026-08-11T09:37:02.420+08:00 INFO  o.s.d.r.c.RepositoryConfigurationDelegate request_id= idempotency_key= order_id= user_id= sku_id= payment_tx= - Multiple Spring Data modules found, entering strict repository configuration mode
2026-08-11T09:37:02.420+08:00 INFO  o.s.d.r.c.RepositoryConfigurationDelegate request_id= idempotency_key= order_id= user_id= sku_id= payment_tx= - Bootstrapping Spring Data Redis repositories in DEFAULT mode.
2026-08-11T09:37:02.426+08:00 INFO  o.s.d.r.c.RepositoryConfigurationDelegate request_id= idempotency_key= order_id= user_id= sku_id= payment_tx= - Finished Spring Data repository scanning in 4 ms. Found 0 Redis repository interfaces.
2026-08-11T09:37:02.439+08:00 INFO  o.s.b.w.e.tomcat.TomcatWebServer request_id= idempotency_key= order_id= user_id= sku_id= payment_tx= - Tomcat initialized with port 0 (http)
2026-08-11T09:37:02.439+08:00 INFO  o.a.catalina.core.StandardService request_id= idempotency_key= order_id= user_id= sku_id= payment_tx= - Starting service [Tomcat]
2026-08-11T09:37:02.439+08:00 INFO  o.a.catalina.core.StandardEngine request_id= idempotency_key= order_id= user_id= sku_id= payment_tx= - Starting Servlet engine: [Apache Tomcat/10.1.44]
2026-08-11T09:37:02.445+08:00 INFO  o.a.c.c.C.[Tomcat].[localhost].[/] request_id= idempotency_key= order_id= user_id= sku_id= payment_tx= - Initializing Spring embedded WebApplicationContext
2026-08-11T09:37:02.445+08:00 INFO  o.s.b.w.s.c.ServletWebServerApplicationContext request_id= idempotency_key= order_id= user_id= sku_id= payment_tx= - Root WebApplicationContext: initialization completed in 116 ms
Standard Commons Logging discovery in action with spring-jcl: please remove commons-logging.jar from classpath in order to avoid potential conflicts
2026-08-11T09:37:02.469+08:00 INFO  com.zaxxer.hikari.HikariDataSource request_id= idempotency_key= order_id= user_id= sku_id= payment_tx= - HikariPool-12 - Starting...
2026-08-11T09:37:02.474+08:00 INFO  com.zaxxer.hikari.pool.HikariPool request_id= idempotency_key= order_id= user_id= sku_id= payment_tx= - HikariPool-12 - Added connection com.mysql.cj.jdbc.ConnectionImpl@6dfe7c9b
2026-08-11T09:37:02.474+08:00 INFO  com.zaxxer.hikari.HikariDataSource request_id= idempotency_key= order_id= user_id= sku_id= payment_tx= - HikariPool-12 - Start completed.
2026-08-11T09:37:02.476+08:00 INFO  org.flywaydb.core.FlywayExecutor request_id= idempotency_key= order_id= user_id= sku_id= payment_tx= - Database: jdbc:mysql://localhost:58722/flashflow (MySQL 8.4)
2026-08-11T09:37:02.480+08:00 WARN  o.f.c.i.database.base.Database request_id= idempotency_key= order_id= user_id= sku_id= payment_tx= - Flyway upgrade recommended: MySQL 8.4 is newer than this version of Flyway and support has not been tested. The latest supported version of MySQL is 8.1.
2026-08-11T09:37:02.486+08:00 INFO  o.f.core.internal.command.DbValidate request_id= idempotency_key= order_id= user_id= sku_id= payment_tx= - Successfully validated 4 migrations (execution time 00:00.005s)
2026-08-11T09:37:02.489+08:00 INFO  o.f.core.internal.command.DbMigrate request_id= idempotency_key= order_id= user_id= sku_id= payment_tx= - Current version of schema `flashflow`: 4
2026-08-11T09:37:02.490+08:00 INFO  o.f.core.internal.command.DbMigrate request_id= idempotency_key= order_id= user_id= sku_id= payment_tx= - Schema `flashflow` is up to date. No migration necessary.
2026-08-11T09:37:02.573+08:00 INFO  o.s.b.a.e.web.EndpointLinksResolver request_id= idempotency_key= order_id= user_id= sku_id= payment_tx= - Exposing 2 endpoints beneath base path '/actuator'
2026-08-11T09:37:02.577+08:00 INFO  o.s.b.w.e.tomcat.TomcatWebServer request_id= idempotency_key= order_id= user_id= sku_id= payment_tx= - Tomcat started on port 61394 (http) with context path '/'
2026-08-11T09:37:02.579+08:00 INFO  d.f.LiveRocketMqScannerRecoveryIntegrationTest request_id= idempotency_key= order_id= user_id= sku_id= payment_tx= - Started LiveRocketMqScannerRecoveryIntegrationTest in 0.259 seconds (process running for 131.163)
2026-08-11T09:37:04.612+08:00 INFO  o.a.c.c.C.[Tomcat].[localhost].[/] request_id= idempotency_key= order_id= user_id= sku_id= payment_tx= - Initializing Spring DispatcherServlet 'dispatcherServlet'
2026-08-11T09:37:04.612+08:00 INFO  o.s.web.servlet.DispatcherServlet request_id= idempotency_key= order_id= user_id= sku_id= payment_tx= - Initializing Servlet 'dispatcherServlet'
2026-08-11T09:37:04.613+08:00 INFO  o.s.web.servlet.DispatcherServlet request_id= idempotency_key= order_id= user_id= sku_id= payment_tx= - Completed initialization in 1 ms
2026-08-11T09:37:04.627+08:00 INFO  d.f.m.AsyncOrderApplicationService request_id=77a403ea-e37e-49be-8f5c-7e654b3098d6 idempotency_key=key-scanner order_id= user_id=user-scanner sku_id=sku-scanner payment_tx= - Asynchronous publication command_id=eee0647f195fc7bb6cf1d451c8d87694596e127a8cb53b317cb43388331adfa0 outcome=BROKER_ACKNOWLEDGED status=ACCEPTED cause=SEND_OK
2026-08-11T09:37:05.806+08:00 INFO  o.s.b.w.e.tomcat.GracefulShutdown request_id= idempotency_key= order_id= user_id= sku_id= payment_tx= - Commencing graceful shutdown. Waiting for active requests to complete
2026-08-11T09:37:07.814+08:00 INFO  o.s.b.w.e.tomcat.GracefulShutdown request_id= idempotency_key= order_id= user_id= sku_id= payment_tx= - Graceful shutdown complete
2026-08-11T09:37:07.814+08:00 ERROR org.apache.tomcat.util.net.Acceptor request_id= idempotency_key= order_id= user_id= sku_id= payment_tx= - Socket accept failed
java.nio.channels.AsynchronousCloseException: null
	at java.base/java.nio.channels.spi.AbstractInterruptibleChannel.end(AbstractInterruptibleChannel.java:218) ~[na:na]
	at java.base/sun.nio.ch.ServerSocketChannelImpl.end(ServerSocketChannelImpl.java:372) ~[na:na]
	at java.base/sun.nio.ch.ServerSocketChannelImpl.accept(ServerSocketChannelImpl.java:397) ~[na:na]
	at org.apache.tomcat.util.net.NioEndpoint.serverSocketAccept(NioEndpoint.java:537) ~[tomcat-embed-core-10.1.44.jar:10.1.44]
	at org.apache.tomcat.util.net.NioEndpoint.serverSocketAccept(NioEndpoint.java:72) ~[tomcat-embed-core-10.1.44.jar:10.1.44]
	at org.apache.tomcat.util.net.Acceptor.run(Acceptor.java:127) ~[tomcat-embed-core-10.1.44.jar:10.1.44]
	at java.base/java.lang.Thread.run(Thread.java:1516) ~[na:na]
2026-08-11T09:37:07.869+08:00 INFO  com.zaxxer.hikari.HikariDataSource request_id= idempotency_key= order_id= user_id= sku_id= payment_tx= - HikariPool-12 - Shutdown initiated...
2026-08-11T09:37:07.871+08:00 INFO  com.zaxxer.hikari.HikariDataSource request_id= idempotency_key= order_id= user_id= sku_id= payment_tx= - HikariPool-12 - Shutdown completed.
[INFO] Tests run: 1, Failures: 0, Errors: 0, Skipped: 0, Time elapsed: 5.558 s -- in dev.flashflow.LiveRocketMqScannerRecoveryIntegrationTest
[INFO] Running dev.flashflow.LiveRocketMqExpirationAckLossIntegrationTest
2026-08-11T09:37:07.879+08:00 INFO  o.s.t.c.s.AnnotationConfigContextLoaderUtils request_id= idempotency_key= order_id= user_id= sku_id= payment_tx= - Could not detect default configuration classes for test class [dev.flashflow.LiveRocketMqExpirationAckLossIntegrationTest]: LiveRocketMqExpirationAckLossIntegrationTest does not declare any static, non-private, non-final, nested classes annotated with @Configuration.
2026-08-11T09:37:07.881+08:00 INFO  o.s.b.t.c.SpringBootTestContextBootstrapper request_id= idempotency_key= order_id= user_id= sku_id= payment_tx= - Found @SpringBootConfiguration dev.flashflow.FlashFlowApplication for test class dev.flashflow.LiveRocketMqExpirationAckLossIntegrationTest

  .   ____          _            __ _ _
 /\\ / ___'_ __ _ _(_)_ __  __ _ \ \ \ \
( ( )\___ | '_ | '_| | '_ \/ _` | \ \ \ \
 \\/  ___)| |_)| | | | | || (_| |  ) ) ) )
  '  |____| .__|_| |_|_| |_\__, | / / / /
 =========|_|==============|___/=/_/_/_/

 :: Spring Boot ::                (v3.5.5)

2026-08-11T09:37:07.899+08:00 INFO  d.f.LiveRocketMqExpirationAckLossIntegrationTest request_id= idempotency_key= order_id= user_id= sku_id= payment_tx= - Starting LiveRocketMqExpirationAckLossIntegrationTest using Java 26.0.2 with PID 41564 (started by yuzheng in /Users/yuzheng/Computeracy/Zhenkun26-GitHub/FlashFlow)
2026-08-11T09:37:07.899+08:00 INFO  d.f.LiveRocketMqExpirationAckLossIntegrationTest request_id= idempotency_key= order_id= user_id= sku_id= payment_tx= - The following 1 profile is active: "test"
2026-08-11T09:37:07.955+08:00 INFO  o.s.d.r.c.RepositoryConfigurationDelegate request_id= idempotency_key= order_id= user_id= sku_id= payment_tx= - Multiple Spring Data modules found, entering strict repository configuration mode
2026-08-11T09:37:07.955+08:00 INFO  o.s.d.r.c.RepositoryConfigurationDelegate request_id= idempotency_key= order_id= user_id= sku_id= payment_tx= - Bootstrapping Spring Data Redis repositories in DEFAULT mode.
2026-08-11T09:37:07.958+08:00 INFO  o.s.d.r.c.RepositoryConfigurationDelegate request_id= idempotency_key= order_id= user_id= sku_id= payment_tx= - Finished Spring Data repository scanning in 2 ms. Found 0 Redis repository interfaces.
2026-08-11T09:37:07.970+08:00 INFO  o.s.b.w.e.tomcat.TomcatWebServer request_id= idempotency_key= order_id= user_id= sku_id= payment_tx= - Tomcat initialized with port 0 (http)
2026-08-11T09:37:07.970+08:00 INFO  o.a.catalina.core.StandardService request_id= idempotency_key= order_id= user_id= sku_id= payment_tx= - Starting service [Tomcat]
2026-08-11T09:37:07.970+08:00 INFO  o.a.catalina.core.StandardEngine request_id= idempotency_key= order_id= user_id= sku_id= payment_tx= - Starting Servlet engine: [Apache Tomcat/10.1.44]
2026-08-11T09:37:07.974+08:00 INFO  o.a.c.c.C.[Tomcat].[localhost].[/] request_id= idempotency_key= order_id= user_id= sku_id= payment_tx= - Initializing Spring embedded WebApplicationContext
2026-08-11T09:37:07.974+08:00 INFO  o.s.b.w.s.c.ServletWebServerApplicationContext request_id= idempotency_key= order_id= user_id= sku_id= payment_tx= - Root WebApplicationContext: initialization completed in 75 ms
Standard Commons Logging discovery in action with spring-jcl: please remove commons-logging.jar from classpath in order to avoid potential conflicts
2026-08-11T09:37:07.992+08:00 INFO  com.zaxxer.hikari.HikariDataSource request_id= idempotency_key= order_id= user_id= sku_id= payment_tx= - HikariPool-13 - Starting...
2026-08-11T09:37:07.996+08:00 INFO  com.zaxxer.hikari.pool.HikariPool request_id= idempotency_key= order_id= user_id= sku_id= payment_tx= - HikariPool-13 - Added connection com.mysql.cj.jdbc.ConnectionImpl@2912f7d
2026-08-11T09:37:07.996+08:00 INFO  com.zaxxer.hikari.HikariDataSource request_id= idempotency_key= order_id= user_id= sku_id= payment_tx= - HikariPool-13 - Start completed.
2026-08-11T09:37:07.998+08:00 INFO  org.flywaydb.core.FlywayExecutor request_id= idempotency_key= order_id= user_id= sku_id= payment_tx= - Database: jdbc:mysql://localhost:58722/flashflow (MySQL 8.4)
2026-08-11T09:37:08.000+08:00 WARN  o.f.c.i.database.base.Database request_id= idempotency_key= order_id= user_id= sku_id= payment_tx= - Flyway upgrade recommended: MySQL 8.4 is newer than this version of Flyway and support has not been tested. The latest supported version of MySQL is 8.1.
2026-08-11T09:37:08.003+08:00 INFO  o.f.core.internal.command.DbValidate request_id= idempotency_key= order_id= user_id= sku_id= payment_tx= - Successfully validated 4 migrations (execution time 00:00.002s)
2026-08-11T09:37:08.006+08:00 INFO  o.f.core.internal.command.DbMigrate request_id= idempotency_key= order_id= user_id= sku_id= payment_tx= - Current version of schema `flashflow`: 4
2026-08-11T09:37:08.006+08:00 INFO  o.f.core.internal.command.DbMigrate request_id= idempotency_key= order_id= user_id= sku_id= payment_tx= - Schema `flashflow` is up to date. No migration necessary.
2026-08-11T09:37:08.078+08:00 INFO  o.s.b.a.e.web.EndpointLinksResolver request_id= idempotency_key= order_id= user_id= sku_id= payment_tx= - Exposing 2 endpoints beneath base path '/actuator'
2026-08-11T09:37:08.082+08:00 INFO  o.s.b.w.e.tomcat.TomcatWebServer request_id= idempotency_key= order_id= user_id= sku_id= payment_tx= - Tomcat started on port 61434 (http) with context path '/'
2026-08-11T09:37:08.084+08:00 INFO  d.f.LiveRocketMqExpirationAckLossIntegrationTest request_id= idempotency_key= order_id= user_id= sku_id= payment_tx= - Started LiveRocketMqExpirationAckLossIntegrationTest in 0.199 seconds (process running for 136.669)
2026-08-11T09:37:10.116+08:00 INFO  o.a.c.c.C.[Tomcat].[localhost].[/] request_id= idempotency_key= order_id= user_id= sku_id= payment_tx= - Initializing Spring DispatcherServlet 'dispatcherServlet'
2026-08-11T09:37:10.116+08:00 INFO  o.s.web.servlet.DispatcherServlet request_id= idempotency_key= order_id= user_id= sku_id= payment_tx= - Initializing Servlet 'dispatcherServlet'
2026-08-11T09:37:10.116+08:00 INFO  o.s.web.servlet.DispatcherServlet request_id= idempotency_key= order_id= user_id= sku_id= payment_tx= - Completed initialization in 0 ms
2026-08-11T09:37:10.128+08:00 INFO  d.f.m.AsyncOrderApplicationService request_id=fb988fe0-a4af-4793-b638-88cce475cefe idempotency_key=key-exp-ack order_id= user_id=user-exp-ack sku_id=sku-exp-ack payment_tx= - Asynchronous publication command_id=9f8bf1c211762fb870c1797adfecf90b73c3e585b6a6245da5b166a09acc6815 outcome=BROKER_ACKNOWLEDGED status=ACCEPTED cause=SEND_OK
2026-08-11T09:37:21.365+08:00 INFO  o.s.b.w.e.tomcat.GracefulShutdown request_id= idempotency_key= order_id= user_id= sku_id= payment_tx= - Commencing graceful shutdown. Waiting for active requests to complete
2026-08-11T09:37:23.372+08:00 INFO  o.s.b.w.e.tomcat.GracefulShutdown request_id= idempotency_key= order_id= user_id= sku_id= payment_tx= - Graceful shutdown complete
2026-08-11T09:37:23.373+08:00 ERROR org.apache.tomcat.util.net.Acceptor request_id= idempotency_key= order_id= user_id= sku_id= payment_tx= - Socket accept failed
java.nio.channels.AsynchronousCloseException: null
	at java.base/java.nio.channels.spi.AbstractInterruptibleChannel.end(AbstractInterruptibleChannel.java:218) ~[na:na]
	at java.base/sun.nio.ch.ServerSocketChannelImpl.end(ServerSocketChannelImpl.java:372) ~[na:na]
	at java.base/sun.nio.ch.ServerSocketChannelImpl.accept(ServerSocketChannelImpl.java:397) ~[na:na]
	at org.apache.tomcat.util.net.NioEndpoint.serverSocketAccept(NioEndpoint.java:537) ~[tomcat-embed-core-10.1.44.jar:10.1.44]
	at org.apache.tomcat.util.net.NioEndpoint.serverSocketAccept(NioEndpoint.java:72) ~[tomcat-embed-core-10.1.44.jar:10.1.44]
	at org.apache.tomcat.util.net.Acceptor.run(Acceptor.java:127) ~[tomcat-embed-core-10.1.44.jar:10.1.44]
	at java.base/java.lang.Thread.run(Thread.java:1516) ~[na:na]
2026-08-11T09:37:23.429+08:00 INFO  com.zaxxer.hikari.HikariDataSource request_id= idempotency_key= order_id= user_id= sku_id= payment_tx= - HikariPool-13 - Shutdown initiated...
2026-08-11T09:37:23.434+08:00 INFO  com.zaxxer.hikari.HikariDataSource request_id= idempotency_key= order_id= user_id= sku_id= payment_tx= - HikariPool-13 - Shutdown completed.
[INFO] Tests run: 1, Failures: 0, Errors: 0, Skipped: 0, Time elapsed: 15.57 s -- in dev.flashflow.LiveRocketMqExpirationAckLossIntegrationTest
[INFO] Running dev.flashflow.OrderingClaimRaceIntegrationTest
2026-08-11T09:37:23.450+08:00 INFO  o.s.t.c.s.AnnotationConfigContextLoaderUtils request_id= idempotency_key= order_id= user_id= sku_id= payment_tx= - Could not detect default configuration classes for test class [dev.flashflow.OrderingClaimRaceIntegrationTest]: OrderingClaimRaceIntegrationTest does not declare any static, non-private, non-final, nested classes annotated with @Configuration.
2026-08-11T09:37:23.452+08:00 INFO  o.s.b.t.c.SpringBootTestContextBootstrapper request_id= idempotency_key= order_id= user_id= sku_id= payment_tx= - Found @SpringBootConfiguration dev.flashflow.FlashFlowApplication for test class dev.flashflow.OrderingClaimRaceIntegrationTest
[INFO] Tests run: 3, Failures: 0, Errors: 0, Skipped: 0, Time elapsed: 0.095 s -- in dev.flashflow.OrderingClaimRaceIntegrationTest
[INFO] Running dev.flashflow.ApplicationSmokeTest
2026-08-11T09:37:23.543+08:00 INFO  o.s.t.c.s.AnnotationConfigContextLoaderUtils request_id= idempotency_key= order_id= user_id= sku_id= payment_tx= - Could not detect default configuration classes for test class [dev.flashflow.ApplicationSmokeTest]: ApplicationSmokeTest does not declare any static, non-private, non-final, nested classes annotated with @Configuration.
2026-08-11T09:37:23.543+08:00 INFO  o.s.b.t.c.SpringBootTestContextBootstrapper request_id= idempotency_key= order_id= user_id= sku_id= payment_tx= - Found @SpringBootConfiguration dev.flashflow.FlashFlowApplication for test class dev.flashflow.ApplicationSmokeTest
[INFO] Tests run: 1, Failures: 0, Errors: 0, Skipped: 0, Time elapsed: 0.010 s -- in dev.flashflow.ApplicationSmokeTest
[INFO] Running dev.flashflow.messaging.AsyncOrderApplicationServiceTest
2026-08-11T09:37:23.558+08:00 INFO  d.f.m.AsyncOrderApplicationService request_id= idempotency_key=key-2 order_id= user_id=user-2 sku_id=sku-1 payment_tx= - Asynchronous publication command_id=01f6edbdbcb069068af0743c4a6c1cdf608ddb350e20c922f2699fa0232ba5f4 outcome=DEFINITELY_NOT_PUBLISHED status=RETRYABLE cause=CONNECT_FAILED
2026-08-11T09:37:23.558+08:00 INFO  d.f.m.AsyncOrderApplicationService request_id= idempotency_key=key-3 order_id= user_id=user-3 sku_id=sku-1 payment_tx= - Asynchronous publication command_id=1cc3cdc8f3519b00083f110b3605cd4a5b770b7e5245fbd4722e3d69cc876121 outcome=AMBIGUOUS status=UNRESOLVED cause=REMOTING_TIMEOUT
2026-08-11T09:37:23.558+08:00 INFO  d.f.m.AsyncOrderApplicationService request_id= idempotency_key=key-3 order_id= user_id=user-3 sku_id=sku-1 payment_tx= - Asynchronous publication command_id=1cc3cdc8f3519b00083f110b3605cd4a5b770b7e5245fbd4722e3d69cc876121 outcome=AMBIGUOUS status=UNRESOLVED cause=REMOTING_TIMEOUT
2026-08-11T09:37:23.559+08:00 INFO  d.f.m.AsyncOrderApplicationService request_id= idempotency_key=key-1 order_id= user_id=user-1 sku_id=sku-1 payment_tx= - Asynchronous publication command_id=eb5faa2199474e8f5bc1a28fb0121e6030966fc10dd104d1a1406803200ea69a outcome=BROKER_ACKNOWLEDGED status=ACCEPTED cause=SEND_OK
[INFO] Tests run: 2, Failures: 0, Errors: 0, Skipped: 0, Time elapsed: 0.007 s -- in dev.flashflow.messaging.AsyncOrderApplicationServiceTest
[INFO] Running dev.flashflow.messaging.RocketMqListenerContractTest
[INFO] Tests run: 1, Failures: 0, Errors: 0, Skipped: 0, Time elapsed: 0.008 s -- in dev.flashflow.messaging.RocketMqListenerContractTest
[INFO] Running dev.flashflow.messaging.OutboxAsyncOrderApplicationServiceTest
2026-08-11T09:37:23.657+08:00 INFO  d.f.m.o.OutboxAsyncOrderApplicationService request_id= idempotency_key=key-1 order_id= user_id=user-1 sku_id=sku-1 payment_tx= - Durable Outbox acceptance command_id=a7e3407f561a93b1e814e8043a124494518c72dc766988244ddc280fe0b281c4 status=ACCEPTED
2026-08-11T09:37:23.664+08:00 WARN  d.f.m.o.OutboxAsyncOrderApplicationService request_id= idempotency_key=key-1 order_id= user_id=user-1 sku_id=sku-1 payment_tx= - Durable Outbox acceptance unresolved command_id=a7e3407f561a93b1e814e8043a124494518c72dc766988244ddc280fe0b281c4 cause=IllegalStateException
[INFO] Tests run: 2, Failures: 0, Errors: 0, Skipped: 0, Time elapsed: 0.096 s -- in dev.flashflow.messaging.OutboxAsyncOrderApplicationServiceTest
[INFO] Running dev.flashflow.messaging.OrderCommandContractTest
[INFO] Tests run: 2, Failures: 0, Errors: 0, Skipped: 0, Time elapsed: 0.002 s -- in dev.flashflow.messaging.OrderCommandContractTest
[INFO] Running dev.flashflow.messaging.SyntheticMessagingSpikeTest
[INFO] Tests run: 2, Failures: 0, Errors: 0, Skipped: 0, Time elapsed: 0.001 s -- in dev.flashflow.messaging.SyntheticMessagingSpikeTest
[INFO] Running dev.flashflow.messaging.DeterministicPublicationCoordinatorTest
[INFO] Tests run: 3, Failures: 0, Errors: 0, Skipped: 0, Time elapsed: 0.001 s -- in dev.flashflow.messaging.DeterministicPublicationCoordinatorTest
[INFO] Running dev.flashflow.messaging.InProcessOrderCommandConsumerTest
[INFO] Tests run: 2, Failures: 0, Errors: 0, Skipped: 0, Time elapsed: 0.001 s -- in dev.flashflow.messaging.InProcessOrderCommandConsumerTest
[INFO] Running dev.flashflow.messaging.OutboxDispatcherTest
2026-08-11T09:37:23.746+08:00 INFO  d.f.m.outbox.OutboxDispatcher request_id= idempotency_key=key-1 order_id= user_id=user-1 sku_id=sku-1 payment_tx= - Outbox publication deferred outbox_id=outbox command_id=aaaaaaaaaaaaaaaaaaaaaaaaaaaaaaaaaaaaaaaaaaaaaaaaaaaaaaaaaaaaaaaa outcome=RETRYABLE cause=REMOTING_TIMEOUT
2026-08-11T09:37:23.747+08:00 WARN  d.f.m.outbox.OutboxDispatcher request_id= idempotency_key=key-1 order_id= user_id=user-1 sku_id=sku-1 payment_tx= - Outbox publication exhausted outbox_id=outbox command_id=aaaaaaaaaaaaaaaaaaaaaaaaaaaaaaaaaaaaaaaaaaaaaaaaaaaaaaaaaaaaaaaa cause=CONNECT_FAILED
2026-08-11T09:37:23.748+08:00 INFO  d.f.m.outbox.OutboxDispatcher request_id= idempotency_key=key-1 order_id= user_id=user-1 sku_id=sku-1 payment_tx= - Outbox publication outbox_id=outbox command_id=aaaaaaaaaaaaaaaaaaaaaaaaaaaaaaaaaaaaaaaaaaaaaaaaaaaaaaaaaaaaaaaa outcome=ACKNOWLEDGED
[INFO] Tests run: 3, Failures: 0, Errors: 0, Skipped: 0, Time elapsed: 0.077 s -- in dev.flashflow.messaging.OutboxDispatcherTest
[INFO] Running dev.flashflow.OutboxPersistenceIntegrationTest
2026-08-11T09:37:23.750+08:00 INFO  o.s.t.c.s.AnnotationConfigContextLoaderUtils request_id= idempotency_key=key-1 order_id= user_id=user-1 sku_id=sku-1 payment_tx= - Could not detect default configuration classes for test class [dev.flashflow.OutboxPersistenceIntegrationTest]: OutboxPersistenceIntegrationTest does not declare any static, non-private, non-final, nested classes annotated with @Configuration.
2026-08-11T09:37:23.750+08:00 INFO  o.s.b.t.c.SpringBootTestContextBootstrapper request_id= idempotency_key=key-1 order_id= user_id=user-1 sku_id=sku-1 payment_tx= - Found @SpringBootConfiguration dev.flashflow.FlashFlowApplication for test class dev.flashflow.OutboxPersistenceIntegrationTest
[INFO] Tests run: 6, Failures: 0, Errors: 0, Skipped: 0, Time elapsed: 0.080 s -- in dev.flashflow.OutboxPersistenceIntegrationTest
[INFO] Running dev.flashflow.LiveRocketMqRetryExhaustionIntegrationTest
2026-08-11T09:37:23.829+08:00 INFO  o.s.t.c.s.AnnotationConfigContextLoaderUtils request_id= idempotency_key=key-1 order_id= user_id=user-1 sku_id=sku-1 payment_tx= - Could not detect default configuration classes for test class [dev.flashflow.LiveRocketMqRetryExhaustionIntegrationTest]: LiveRocketMqRetryExhaustionIntegrationTest does not declare any static, non-private, non-final, nested classes annotated with @Configuration.
2026-08-11T09:37:23.830+08:00 INFO  o.s.b.t.c.SpringBootTestContextBootstrapper request_id= idempotency_key=key-1 order_id= user_id=user-1 sku_id=sku-1 payment_tx= - Found @SpringBootConfiguration dev.flashflow.FlashFlowApplication for test class dev.flashflow.LiveRocketMqRetryExhaustionIntegrationTest

  .   ____          _            __ _ _
 /\\ / ___'_ __ _ _(_)_ __  __ _ \ \ \ \
( ( )\___ | '_ | '_| | '_ \/ _` | \ \ \ \
 \\/  ___)| |_)| | | | | || (_| |  ) ) ) )
  '  |____| .__|_| |_|_| |_\__, | / / / /
 =========|_|==============|___/=/_/_/_/

 :: Spring Boot ::                (v3.5.5)

2026-08-11T09:37:23.847+08:00 INFO  d.f.LiveRocketMqRetryExhaustionIntegrationTest request_id= idempotency_key=key-1 order_id= user_id=user-1 sku_id=sku-1 payment_tx= - Starting LiveRocketMqRetryExhaustionIntegrationTest using Java 26.0.2 with PID 41564 (started by yuzheng in /Users/yuzheng/Computeracy/Zhenkun26-GitHub/FlashFlow)
2026-08-11T09:37:23.847+08:00 INFO  d.f.LiveRocketMqRetryExhaustionIntegrationTest request_id= idempotency_key=key-1 order_id= user_id=user-1 sku_id=sku-1 payment_tx= - The following 1 profile is active: "test"
2026-08-11T09:37:23.935+08:00 INFO  o.s.d.r.c.RepositoryConfigurationDelegate request_id= idempotency_key=key-1 order_id= user_id=user-1 sku_id=sku-1 payment_tx= - Multiple Spring Data modules found, entering strict repository configuration mode
2026-08-11T09:37:23.935+08:00 INFO  o.s.d.r.c.RepositoryConfigurationDelegate request_id= idempotency_key=key-1 order_id= user_id=user-1 sku_id=sku-1 payment_tx= - Bootstrapping Spring Data Redis repositories in DEFAULT mode.
2026-08-11T09:37:23.939+08:00 INFO  o.s.d.r.c.RepositoryConfigurationDelegate request_id= idempotency_key=key-1 order_id= user_id=user-1 sku_id=sku-1 payment_tx= - Finished Spring Data repository scanning in 3 ms. Found 0 Redis repository interfaces.
2026-08-11T09:37:23.951+08:00 INFO  o.s.b.w.e.tomcat.TomcatWebServer request_id= idempotency_key=key-1 order_id= user_id=user-1 sku_id=sku-1 payment_tx= - Tomcat initialized with port 0 (http)
2026-08-11T09:37:23.951+08:00 INFO  o.a.catalina.core.StandardService request_id= idempotency_key=key-1 order_id= user_id=user-1 sku_id=sku-1 payment_tx= - Starting service [Tomcat]
2026-08-11T09:37:23.951+08:00 INFO  o.a.catalina.core.StandardEngine request_id= idempotency_key=key-1 order_id= user_id=user-1 sku_id=sku-1 payment_tx= - Starting Servlet engine: [Apache Tomcat/10.1.44]
2026-08-11T09:37:23.956+08:00 INFO  o.a.c.c.C.[Tomcat].[localhost].[/] request_id= idempotency_key=key-1 order_id= user_id=user-1 sku_id=sku-1 payment_tx= - Initializing Spring embedded WebApplicationContext
2026-08-11T09:37:23.956+08:00 INFO  o.s.b.w.s.c.ServletWebServerApplicationContext request_id= idempotency_key=key-1 order_id= user_id=user-1 sku_id=sku-1 payment_tx= - Root WebApplicationContext: initialization completed in 107 ms
Standard Commons Logging discovery in action with spring-jcl: please remove commons-logging.jar from classpath in order to avoid potential conflicts
2026-08-11T09:37:23.976+08:00 INFO  com.zaxxer.hikari.HikariDataSource request_id= idempotency_key=key-1 order_id= user_id=user-1 sku_id=sku-1 payment_tx= - HikariPool-14 - Starting...
2026-08-11T09:37:23.984+08:00 INFO  com.zaxxer.hikari.pool.HikariPool request_id= idempotency_key=key-1 order_id= user_id=user-1 sku_id=sku-1 payment_tx= - HikariPool-14 - Added connection com.mysql.cj.jdbc.ConnectionImpl@221a4506
2026-08-11T09:37:23.984+08:00 INFO  com.zaxxer.hikari.HikariDataSource request_id= idempotency_key=key-1 order_id= user_id=user-1 sku_id=sku-1 payment_tx= - HikariPool-14 - Start completed.
2026-08-11T09:37:23.986+08:00 INFO  org.flywaydb.core.FlywayExecutor request_id= idempotency_key=key-1 order_id= user_id=user-1 sku_id=sku-1 payment_tx= - Database: jdbc:mysql://localhost:58722/flashflow (MySQL 8.4)
2026-08-11T09:37:23.989+08:00 WARN  o.f.c.i.database.base.Database request_id= idempotency_key=key-1 order_id= user_id=user-1 sku_id=sku-1 payment_tx= - Flyway upgrade recommended: MySQL 8.4 is newer than this version of Flyway and support has not been tested. The latest supported version of MySQL is 8.1.
2026-08-11T09:37:23.993+08:00 INFO  o.f.core.internal.command.DbValidate request_id= idempotency_key=key-1 order_id= user_id=user-1 sku_id=sku-1 payment_tx= - Successfully validated 4 migrations (execution time 00:00.003s)
2026-08-11T09:37:23.995+08:00 INFO  o.f.core.internal.command.DbMigrate request_id= idempotency_key=key-1 order_id= user_id=user-1 sku_id=sku-1 payment_tx= - Current version of schema `flashflow`: 4
2026-08-11T09:37:23.996+08:00 INFO  o.f.core.internal.command.DbMigrate request_id= idempotency_key=key-1 order_id= user_id=user-1 sku_id=sku-1 payment_tx= - Schema `flashflow` is up to date. No migration necessary.
2026-08-11T09:37:24.077+08:00 INFO  o.s.b.a.e.web.EndpointLinksResolver request_id= idempotency_key=key-1 order_id= user_id=user-1 sku_id=sku-1 payment_tx= - Exposing 2 endpoints beneath base path '/actuator'
2026-08-11T09:37:24.081+08:00 INFO  o.s.b.w.e.tomcat.TomcatWebServer request_id= idempotency_key=key-1 order_id= user_id=user-1 sku_id=sku-1 payment_tx= - Tomcat started on port 61509 (http) with context path '/'
2026-08-11T09:37:24.083+08:00 INFO  d.f.LiveRocketMqRetryExhaustionIntegrationTest request_id= idempotency_key=key-1 order_id= user_id=user-1 sku_id=sku-1 payment_tx= - Started LiveRocketMqRetryExhaustionIntegrationTest in 0.253 seconds (process running for 152.668)
2026-08-11T09:37:26.110+08:00 INFO  o.a.c.c.C.[Tomcat].[localhost].[/] request_id= idempotency_key= order_id= user_id= sku_id= payment_tx= - Initializing Spring DispatcherServlet 'dispatcherServlet'
2026-08-11T09:37:26.110+08:00 INFO  o.s.web.servlet.DispatcherServlet request_id= idempotency_key= order_id= user_id= sku_id= payment_tx= - Initializing Servlet 'dispatcherServlet'
2026-08-11T09:37:26.111+08:00 INFO  o.s.web.servlet.DispatcherServlet request_id= idempotency_key= order_id= user_id= sku_id= payment_tx= - Completed initialization in 1 ms
2026-08-11T09:37:26.133+08:00 INFO  d.f.m.AsyncOrderApplicationService request_id=20cddec9-fa1b-4e3c-9c9c-c7a5d57ac145 idempotency_key=key-exhaustion order_id= user_id=user-exhaustion sku_id=sku-exhaustion payment_tx= - Asynchronous publication command_id=376c29b67fdb29614b85c23214fb61aff7f3c58a83fd98b5832fbff2e0e36777 outcome=BROKER_ACKNOWLEDGED status=ACCEPTED cause=SEND_OK
2026-08-11T09:37:35.825+08:00 INFO  d.f.m.AsyncOrderApplicationService request_id=ae0196c5-def0-450f-9c7a-5259aa7a0075 idempotency_key=key-exhaustion order_id= user_id=user-exhaustion sku_id=sku-exhaustion payment_tx= - Asynchronous publication command_id=376c29b67fdb29614b85c23214fb61aff7f3c58a83fd98b5832fbff2e0e36777 outcome=BROKER_ACKNOWLEDGED status=ACCEPTED cause=SEND_OK
2026-08-11T09:37:35.829+08:00 INFO  o.s.b.w.e.tomcat.GracefulShutdown request_id= idempotency_key=key-1 order_id= user_id=user-1 sku_id=sku-1 payment_tx= - Commencing graceful shutdown. Waiting for active requests to complete
2026-08-11T09:37:37.835+08:00 INFO  o.s.b.w.e.tomcat.GracefulShutdown request_id= idempotency_key= order_id= user_id= sku_id= payment_tx= - Graceful shutdown complete
2026-08-11T09:37:37.835+08:00 ERROR org.apache.tomcat.util.net.Acceptor request_id= idempotency_key= order_id= user_id= sku_id= payment_tx= - Socket accept failed
java.nio.channels.AsynchronousCloseException: null
	at java.base/java.nio.channels.spi.AbstractInterruptibleChannel.end(AbstractInterruptibleChannel.java:218) ~[na:na]
	at java.base/sun.nio.ch.ServerSocketChannelImpl.end(ServerSocketChannelImpl.java:372) ~[na:na]
	at java.base/sun.nio.ch.ServerSocketChannelImpl.accept(ServerSocketChannelImpl.java:397) ~[na:na]
	at org.apache.tomcat.util.net.NioEndpoint.serverSocketAccept(NioEndpoint.java:537) ~[tomcat-embed-core-10.1.44.jar:10.1.44]
	at org.apache.tomcat.util.net.NioEndpoint.serverSocketAccept(NioEndpoint.java:72) ~[tomcat-embed-core-10.1.44.jar:10.1.44]
	at org.apache.tomcat.util.net.Acceptor.run(Acceptor.java:127) ~[tomcat-embed-core-10.1.44.jar:10.1.44]
	at java.base/java.lang.Thread.run(Thread.java:1516) ~[na:na]
2026-08-11T09:37:39.065+08:00 INFO  com.zaxxer.hikari.HikariDataSource request_id= idempotency_key=key-1 order_id= user_id=user-1 sku_id=sku-1 payment_tx= - HikariPool-14 - Shutdown initiated...
2026-08-11T09:37:39.068+08:00 INFO  com.zaxxer.hikari.HikariDataSource request_id= idempotency_key=key-1 order_id= user_id=user-1 sku_id=sku-1 payment_tx= - HikariPool-14 - Shutdown completed.
[INFO] Tests run: 1, Failures: 0, Errors: 0, Skipped: 0, Time elapsed: 15.25 s -- in dev.flashflow.LiveRocketMqRetryExhaustionIntegrationTest
[INFO] Running dev.flashflow.LiveRocketMqEndToEndIntegrationTest
2026-08-11T09:37:39.079+08:00 INFO  o.s.t.c.s.AnnotationConfigContextLoaderUtils request_id= idempotency_key=key-1 order_id= user_id=user-1 sku_id=sku-1 payment_tx= - Could not detect default configuration classes for test class [dev.flashflow.LiveRocketMqEndToEndIntegrationTest]: LiveRocketMqEndToEndIntegrationTest does not declare any static, non-private, non-final, nested classes annotated with @Configuration.
2026-08-11T09:37:39.081+08:00 INFO  o.s.b.t.c.SpringBootTestContextBootstrapper request_id= idempotency_key=key-1 order_id= user_id=user-1 sku_id=sku-1 payment_tx= - Found @SpringBootConfiguration dev.flashflow.FlashFlowApplication for test class dev.flashflow.LiveRocketMqEndToEndIntegrationTest

  .   ____          _            __ _ _
 /\\ / ___'_ __ _ _(_)_ __  __ _ \ \ \ \
( ( )\___ | '_ | '_| | '_ \/ _` | \ \ \ \
 \\/  ___)| |_)| | | | | || (_| |  ) ) ) )
  '  |____| .__|_| |_|_| |_\__, | / / / /
 =========|_|==============|___/=/_/_/_/

 :: Spring Boot ::                (v3.5.5)

2026-08-11T09:37:39.099+08:00 INFO  d.f.LiveRocketMqEndToEndIntegrationTest request_id= idempotency_key=key-1 order_id= user_id=user-1 sku_id=sku-1 payment_tx= - Starting LiveRocketMqEndToEndIntegrationTest using Java 26.0.2 with PID 41564 (started by yuzheng in /Users/yuzheng/Computeracy/Zhenkun26-GitHub/FlashFlow)
2026-08-11T09:37:39.100+08:00 INFO  d.f.LiveRocketMqEndToEndIntegrationTest request_id= idempotency_key=key-1 order_id= user_id=user-1 sku_id=sku-1 payment_tx= - The following 1 profile is active: "test"
2026-08-11T09:37:39.186+08:00 INFO  o.s.d.r.c.RepositoryConfigurationDelegate request_id= idempotency_key=key-1 order_id= user_id=user-1 sku_id=sku-1 payment_tx= - Multiple Spring Data modules found, entering strict repository configuration mode
2026-08-11T09:37:39.186+08:00 INFO  o.s.d.r.c.RepositoryConfigurationDelegate request_id= idempotency_key=key-1 order_id= user_id=user-1 sku_id=sku-1 payment_tx= - Bootstrapping Spring Data Redis repositories in DEFAULT mode.
2026-08-11T09:37:39.190+08:00 INFO  o.s.d.r.c.RepositoryConfigurationDelegate request_id= idempotency_key=key-1 order_id= user_id=user-1 sku_id=sku-1 payment_tx= - Finished Spring Data repository scanning in 3 ms. Found 0 Redis repository interfaces.
2026-08-11T09:37:39.203+08:00 INFO  o.s.b.w.e.tomcat.TomcatWebServer request_id= idempotency_key=key-1 order_id= user_id=user-1 sku_id=sku-1 payment_tx= - Tomcat initialized with port 0 (http)
2026-08-11T09:37:39.203+08:00 INFO  o.a.catalina.core.StandardService request_id= idempotency_key=key-1 order_id= user_id=user-1 sku_id=sku-1 payment_tx= - Starting service [Tomcat]
2026-08-11T09:37:39.203+08:00 INFO  o.a.catalina.core.StandardEngine request_id= idempotency_key=key-1 order_id= user_id=user-1 sku_id=sku-1 payment_tx= - Starting Servlet engine: [Apache Tomcat/10.1.44]
2026-08-11T09:37:39.208+08:00 INFO  o.a.c.c.C.[Tomcat].[localhost].[/] request_id= idempotency_key=key-1 order_id= user_id=user-1 sku_id=sku-1 payment_tx= - Initializing Spring embedded WebApplicationContext
2026-08-11T09:37:39.208+08:00 INFO  o.s.b.w.s.c.ServletWebServerApplicationContext request_id= idempotency_key=key-1 order_id= user_id=user-1 sku_id=sku-1 payment_tx= - Root WebApplicationContext: initialization completed in 108 ms
Standard Commons Logging discovery in action with spring-jcl: please remove commons-logging.jar from classpath in order to avoid potential conflicts
2026-08-11T09:37:39.227+08:00 INFO  com.zaxxer.hikari.HikariDataSource request_id= idempotency_key=key-1 order_id= user_id=user-1 sku_id=sku-1 payment_tx= - HikariPool-15 - Starting...
2026-08-11T09:37:39.239+08:00 INFO  com.zaxxer.hikari.pool.HikariPool request_id= idempotency_key=key-1 order_id= user_id=user-1 sku_id=sku-1 payment_tx= - HikariPool-15 - Added connection com.mysql.cj.jdbc.ConnectionImpl@6ca8f93f
2026-08-11T09:37:39.239+08:00 INFO  com.zaxxer.hikari.HikariDataSource request_id= idempotency_key=key-1 order_id= user_id=user-1 sku_id=sku-1 payment_tx= - HikariPool-15 - Start completed.
2026-08-11T09:37:39.245+08:00 INFO  org.flywaydb.core.FlywayExecutor request_id= idempotency_key=key-1 order_id= user_id=user-1 sku_id=sku-1 payment_tx= - Database: jdbc:mysql://localhost:58722/flashflow (MySQL 8.4)
2026-08-11T09:37:39.249+08:00 WARN  o.f.c.i.database.base.Database request_id= idempotency_key=key-1 order_id= user_id=user-1 sku_id=sku-1 payment_tx= - Flyway upgrade recommended: MySQL 8.4 is newer than this version of Flyway and support has not been tested. The latest supported version of MySQL is 8.1.
2026-08-11T09:37:39.253+08:00 INFO  o.f.core.internal.command.DbValidate request_id= idempotency_key=key-1 order_id= user_id=user-1 sku_id=sku-1 payment_tx= - Successfully validated 4 migrations (execution time 00:00.003s)
2026-08-11T09:37:39.256+08:00 INFO  o.f.core.internal.command.DbMigrate request_id= idempotency_key=key-1 order_id= user_id=user-1 sku_id=sku-1 payment_tx= - Current version of schema `flashflow`: 4
2026-08-11T09:37:39.256+08:00 INFO  o.f.core.internal.command.DbMigrate request_id= idempotency_key=key-1 order_id= user_id=user-1 sku_id=sku-1 payment_tx= - Schema `flashflow` is up to date. No migration necessary.
2026-08-11T09:37:39.328+08:00 INFO  o.s.b.a.e.web.EndpointLinksResolver request_id= idempotency_key=key-1 order_id= user_id=user-1 sku_id=sku-1 payment_tx= - Exposing 2 endpoints beneath base path '/actuator'
2026-08-11T09:37:39.332+08:00 INFO  o.s.b.w.e.tomcat.TomcatWebServer request_id= idempotency_key=key-1 order_id= user_id=user-1 sku_id=sku-1 payment_tx= - Tomcat started on port 61564 (http) with context path '/'
2026-08-11T09:37:39.334+08:00 INFO  d.f.LiveRocketMqEndToEndIntegrationTest request_id= idempotency_key=key-1 order_id= user_id=user-1 sku_id=sku-1 payment_tx= - Started LiveRocketMqEndToEndIntegrationTest in 0.247 seconds (process running for 167.921)
2026-08-11T09:37:41.355+08:00 INFO  o.a.c.c.C.[Tomcat].[localhost].[/] request_id= idempotency_key= order_id= user_id= sku_id= payment_tx= - Initializing Spring DispatcherServlet 'dispatcherServlet'
2026-08-11T09:37:41.355+08:00 INFO  o.s.web.servlet.DispatcherServlet request_id= idempotency_key= order_id= user_id= sku_id= payment_tx= - Initializing Servlet 'dispatcherServlet'
2026-08-11T09:37:41.355+08:00 INFO  o.s.web.servlet.DispatcherServlet request_id= idempotency_key= order_id= user_id= sku_id= payment_tx= - Completed initialization in 0 ms
2026-08-11T09:37:41.368+08:00 INFO  d.f.m.AsyncOrderApplicationService request_id=72d14fa4-aa1d-4bf0-9dfb-dd64787085f7 idempotency_key=key-live order_id= user_id=user-live sku_id=sku-live payment_tx= - Asynchronous publication command_id=e2b2c6feda34496e10ea7b5ef6bac451b4866cb9855d6437ce0a2391eb523024 outcome=BROKER_ACKNOWLEDGED status=ACCEPTED cause=SEND_OK
2026-08-11T09:37:46.754+08:00 INFO  d.f.m.AsyncOrderApplicationService request_id=e19e9eae-73a2-4d77-a2c1-4e10bf8ae2a2 idempotency_key=key-contract order_id= user_id=user-contract sku_id=sku-contract-a payment_tx= - Asynchronous publication command_id=1d32e54b7bda4a365a35f17783a2bfbf36e9b66768e6a459d06acbb43229669e outcome=BROKER_ACKNOWLEDGED status=ACCEPTED cause=SEND_OK
2026-08-11T09:38:06.985+08:00 INFO  d.f.m.AsyncOrderApplicationService request_id=9c0b5e14-8049-4ead-8988-cca4ae0f4364 idempotency_key=key-restart-64e32cac order_id= user_id=user-restart-64e32cac sku_id=sku-restart-64e32cac payment_tx= - Asynchronous publication command_id=507eebe089ae51a718f02b15dfbb0f7de32c13321cce13001e9f5e3219dfeddc outcome=DEFINITELY_NOT_PUBLISHED status=RETRYABLE cause=MQCLIENTEXCEPTION
2026-08-11T09:38:07.097+08:00 INFO  d.f.m.AsyncOrderApplicationService request_id=d04c5965-1406-4676-ac93-0e5f3d49c6a9 idempotency_key=key-restart-64e32cac order_id= user_id=user-restart-64e32cac sku_id=sku-restart-64e32cac payment_tx= - Asynchronous publication command_id=507eebe089ae51a718f02b15dfbb0f7de32c13321cce13001e9f5e3219dfeddc outcome=DEFINITELY_NOT_PUBLISHED status=RETRYABLE cause=MQCLIENTEXCEPTION
2026-08-11T09:38:07.225+08:00 INFO  d.f.m.AsyncOrderApplicationService request_id=326f46d6-1507-4455-b69c-8aacd789585e idempotency_key=key-restart-64e32cac order_id= user_id=user-restart-64e32cac sku_id=sku-restart-64e32cac payment_tx= - Asynchronous publication command_id=507eebe089ae51a718f02b15dfbb0f7de32c13321cce13001e9f5e3219dfeddc outcome=DEFINITELY_NOT_PUBLISHED status=RETRYABLE cause=MQCLIENTEXCEPTION
2026-08-11T09:38:07.344+08:00 INFO  d.f.m.AsyncOrderApplicationService request_id=8f3f6687-eba5-4019-80bf-0127e30bd8d6 idempotency_key=key-restart-64e32cac order_id= user_id=user-restart-64e32cac sku_id=sku-restart-64e32cac payment_tx= - Asynchronous publication command_id=507eebe089ae51a718f02b15dfbb0f7de32c13321cce13001e9f5e3219dfeddc outcome=DEFINITELY_NOT_PUBLISHED status=RETRYABLE cause=MQCLIENTEXCEPTION
2026-08-11T09:38:07.463+08:00 INFO  d.f.m.AsyncOrderApplicationService request_id=0689c13c-c432-486b-aa9f-5b2939cf622e idempotency_key=key-restart-64e32cac order_id= user_id=user-restart-64e32cac sku_id=sku-restart-64e32cac payment_tx= - Asynchronous publication command_id=507eebe089ae51a718f02b15dfbb0f7de32c13321cce13001e9f5e3219dfeddc outcome=DEFINITELY_NOT_PUBLISHED status=RETRYABLE cause=MQCLIENTEXCEPTION
2026-08-11T09:38:07.586+08:00 INFO  d.f.m.AsyncOrderApplicationService request_id=a4b49d60-371b-4daf-b21a-0bb4c08127fb idempotency_key=key-restart-64e32cac order_id= user_id=user-restart-64e32cac sku_id=sku-restart-64e32cac payment_tx= - Asynchronous publication command_id=507eebe089ae51a718f02b15dfbb0f7de32c13321cce13001e9f5e3219dfeddc outcome=DEFINITELY_NOT_PUBLISHED status=RETRYABLE cause=MQCLIENTEXCEPTION
2026-08-11T09:38:07.706+08:00 INFO  d.f.m.AsyncOrderApplicationService request_id=d08d3a60-f1de-42f0-a693-9bebee9b811c idempotency_key=key-restart-64e32cac order_id= user_id=user-restart-64e32cac sku_id=sku-restart-64e32cac payment_tx= - Asynchronous publication command_id=507eebe089ae51a718f02b15dfbb0f7de32c13321cce13001e9f5e3219dfeddc outcome=DEFINITELY_NOT_PUBLISHED status=RETRYABLE cause=MQCLIENTEXCEPTION
2026-08-11T09:38:07.826+08:00 INFO  d.f.m.AsyncOrderApplicationService request_id=2132e9ff-4b56-4ebf-9b09-6b6580517c2f idempotency_key=key-restart-64e32cac order_id= user_id=user-restart-64e32cac sku_id=sku-restart-64e32cac payment_tx= - Asynchronous publication command_id=507eebe089ae51a718f02b15dfbb0f7de32c13321cce13001e9f5e3219dfeddc outcome=DEFINITELY_NOT_PUBLISHED status=RETRYABLE cause=MQCLIENTEXCEPTION
2026-08-11T09:38:07.941+08:00 INFO  d.f.m.AsyncOrderApplicationService request_id=0382360d-7dc5-41e1-906f-22892d48ee39 idempotency_key=key-restart-64e32cac order_id= user_id=user-restart-64e32cac sku_id=sku-restart-64e32cac payment_tx= - Asynchronous publication command_id=507eebe089ae51a718f02b15dfbb0f7de32c13321cce13001e9f5e3219dfeddc outcome=DEFINITELY_NOT_PUBLISHED status=RETRYABLE cause=MQCLIENTEXCEPTION
2026-08-11T09:38:08.062+08:00 INFO  d.f.m.AsyncOrderApplicationService request_id=165e233a-a136-4a9e-a4d8-7d85579736bd idempotency_key=key-restart-64e32cac order_id= user_id=user-restart-64e32cac sku_id=sku-restart-64e32cac payment_tx= - Asynchronous publication command_id=507eebe089ae51a718f02b15dfbb0f7de32c13321cce13001e9f5e3219dfeddc outcome=DEFINITELY_NOT_PUBLISHED status=RETRYABLE cause=MQCLIENTEXCEPTION
2026-08-11T09:38:08.179+08:00 INFO  d.f.m.AsyncOrderApplicationService request_id=9e2b4539-f7e1-40d1-b105-44c0e5d76c69 idempotency_key=key-restart-64e32cac order_id= user_id=user-restart-64e32cac sku_id=sku-restart-64e32cac payment_tx= - Asynchronous publication command_id=507eebe089ae51a718f02b15dfbb0f7de32c13321cce13001e9f5e3219dfeddc outcome=DEFINITELY_NOT_PUBLISHED status=RETRYABLE cause=MQCLIENTEXCEPTION
2026-08-11T09:38:08.293+08:00 INFO  d.f.m.AsyncOrderApplicationService request_id=4a783123-47a9-43d3-8eab-50e1da511c1a idempotency_key=key-restart-64e32cac order_id= user_id=user-restart-64e32cac sku_id=sku-restart-64e32cac payment_tx= - Asynchronous publication command_id=507eebe089ae51a718f02b15dfbb0f7de32c13321cce13001e9f5e3219dfeddc outcome=DEFINITELY_NOT_PUBLISHED status=RETRYABLE cause=MQCLIENTEXCEPTION
2026-08-11T09:38:08.409+08:00 INFO  d.f.m.AsyncOrderApplicationService request_id=606f7a01-3817-454f-95b1-187c0df5a4e8 idempotency_key=key-restart-64e32cac order_id= user_id=user-restart-64e32cac sku_id=sku-restart-64e32cac payment_tx= - Asynchronous publication command_id=507eebe089ae51a718f02b15dfbb0f7de32c13321cce13001e9f5e3219dfeddc outcome=DEFINITELY_NOT_PUBLISHED status=RETRYABLE cause=MQCLIENTEXCEPTION
2026-08-11T09:38:08.529+08:00 INFO  d.f.m.AsyncOrderApplicationService request_id=b0c96926-5099-4f2f-a09c-5365ea98f9f3 idempotency_key=key-restart-64e32cac order_id= user_id=user-restart-64e32cac sku_id=sku-restart-64e32cac payment_tx= - Asynchronous publication command_id=507eebe089ae51a718f02b15dfbb0f7de32c13321cce13001e9f5e3219dfeddc outcome=DEFINITELY_NOT_PUBLISHED status=RETRYABLE cause=MQCLIENTEXCEPTION
2026-08-11T09:38:08.647+08:00 INFO  d.f.m.AsyncOrderApplicationService request_id=9882b90f-8f2b-4790-91e5-c0b82d99f06f idempotency_key=key-restart-64e32cac order_id= user_id=user-restart-64e32cac sku_id=sku-restart-64e32cac payment_tx= - Asynchronous publication command_id=507eebe089ae51a718f02b15dfbb0f7de32c13321cce13001e9f5e3219dfeddc outcome=DEFINITELY_NOT_PUBLISHED status=RETRYABLE cause=MQCLIENTEXCEPTION
2026-08-11T09:38:08.792+08:00 INFO  d.f.m.AsyncOrderApplicationService request_id=2f097182-4df8-474d-97e3-c6bcb8e43ff4 idempotency_key=key-restart-64e32cac order_id= user_id=user-restart-64e32cac sku_id=sku-restart-64e32cac payment_tx= - Asynchronous publication command_id=507eebe089ae51a718f02b15dfbb0f7de32c13321cce13001e9f5e3219dfeddc outcome=BROKER_ACKNOWLEDGED status=ACCEPTED cause=SEND_OK
2026-08-11T09:38:09.735+08:00 INFO  o.s.b.w.e.tomcat.GracefulShutdown request_id= idempotency_key=key-1 order_id= user_id=user-1 sku_id=sku-1 payment_tx= - Commencing graceful shutdown. Waiting for active requests to complete
2026-08-11T09:38:11.741+08:00 INFO  o.s.b.w.e.tomcat.GracefulShutdown request_id= idempotency_key= order_id= user_id= sku_id= payment_tx= - Graceful shutdown complete
2026-08-11T09:38:11.741+08:00 ERROR org.apache.tomcat.util.net.Acceptor request_id= idempotency_key= order_id= user_id= sku_id= payment_tx= - Socket accept failed
java.nio.channels.AsynchronousCloseException: null
	at java.base/java.nio.channels.spi.AbstractInterruptibleChannel.end(AbstractInterruptibleChannel.java:218) ~[na:na]
	at java.base/sun.nio.ch.ServerSocketChannelImpl.end(ServerSocketChannelImpl.java:372) ~[na:na]
	at java.base/sun.nio.ch.ServerSocketChannelImpl.accept(ServerSocketChannelImpl.java:397) ~[na:na]
	at org.apache.tomcat.util.net.NioEndpoint.serverSocketAccept(NioEndpoint.java:537) ~[tomcat-embed-core-10.1.44.jar:10.1.44]
	at org.apache.tomcat.util.net.NioEndpoint.serverSocketAccept(NioEndpoint.java:72) ~[tomcat-embed-core-10.1.44.jar:10.1.44]
	at org.apache.tomcat.util.net.Acceptor.run(Acceptor.java:127) ~[tomcat-embed-core-10.1.44.jar:10.1.44]
	at java.base/java.lang.Thread.run(Thread.java:1516) ~[na:na]
2026-08-11T09:38:11.780+08:00 INFO  com.zaxxer.hikari.HikariDataSource request_id= idempotency_key=key-1 order_id= user_id=user-1 sku_id=sku-1 payment_tx= - HikariPool-15 - Shutdown initiated...
2026-08-11T09:38:11.782+08:00 INFO  com.zaxxer.hikari.HikariDataSource request_id= idempotency_key=key-1 order_id= user_id=user-1 sku_id=sku-1 payment_tx= - HikariPool-15 - Shutdown completed.
[INFO] Tests run: 5, Failures: 0, Errors: 0, Skipped: 0, Time elapsed: 32.71 s -- in dev.flashflow.LiveRocketMqEndToEndIntegrationTest
[INFO] 
[INFO] Results:
[INFO] 
[INFO] Tests run: 123, Failures: 0, Errors: 0, Skipped: 0
[INFO] 
[INFO] ------------------------------------------------------------------------
[INFO] BUILD SUCCESS
[INFO] ------------------------------------------------------------------------
[INFO] Total time:  03:22 min
[INFO] Finished at: 2026-08-11T09:38:12+08:00
[INFO] ------------------------------------------------------------------------
