[INFO] Scanning for projects...
[INFO] 
[INFO] ----------------------< dev.flashflow:flashflow >-----------------------
[INFO] Building FlashFlow 0.1.0-SNAPSHOT
[INFO]   from pom.xml
[INFO] --------------------------------[ jar ]---------------------------------
[WARNING] 1 problem was encountered while building the effective model for org.javassist:javassist:jar:3.21.0-GA during dependency collection step for project (use -X to see details)
[INFO] 
[INFO] --- resources:3.3.1:resources (default-resources) @ flashflow ---
[INFO] Copying 5 resources from src/main/resources to target/classes
[INFO] Copying 11 resources from src/main/resources to target/classes
[INFO] 
[INFO] --- compiler:3.14.0:compile (default-compile) @ flashflow ---
[INFO] Nothing to compile - all classes are up to date.
[INFO] 
[INFO] --- resources:3.3.1:testResources (default-testResources) @ flashflow ---
[INFO] skip non existing resourceDirectory /Users/yuzheng/Computeracy/Zhenkun26-GitHub/FlashFlow/src/test/resources
[INFO] 
[INFO] --- compiler:3.14.0:testCompile (default-testCompile) @ flashflow ---
[INFO] Recompiling the module because of changed source code.
[INFO] Compiling 54 source files with javac [debug parameters release 21] to target/test-classes
[WARNING] /Users/yuzheng/Computeracy/Zhenkun26-GitHub/FlashFlow/src/test/java/dev/flashflow/ExpirationAdmissionFailureIntegrationTest.java:[26,6] org.springframework.boot.test.mock.mockito 中的 org.springframework.boot.test.mock.mockito.MockBean 已过时, 且标记为待删除
[WARNING] /Users/yuzheng/Computeracy/Zhenkun26-GitHub/FlashFlow/src/test/java/dev/flashflow/ExpirationRollbackIntegrationTest.java:[21,6] org.springframework.boot.test.mock.mockito 中的 org.springframework.boot.test.mock.mockito.MockBean 已过时, 且标记为待删除
[INFO] /Users/yuzheng/Computeracy/Zhenkun26-GitHub/FlashFlow/src/test/java/dev/flashflow/admission/RedisLuaAdmissionFailureTest.java: /Users/yuzheng/Computeracy/Zhenkun26-GitHub/FlashFlow/src/test/java/dev/flashflow/admission/RedisLuaAdmissionFailureTest.java使用了未经检查或不安全的操作。
[INFO] /Users/yuzheng/Computeracy/Zhenkun26-GitHub/FlashFlow/src/test/java/dev/flashflow/admission/RedisLuaAdmissionFailureTest.java: 有关详细信息, 请使用 -Xlint:unchecked 重新编译。
[INFO] 
[INFO] --- surefire:3.5.3:test (default-test) @ flashflow ---
[INFO] Using auto detected provider org.apache.maven.surefire.junitplatform.JUnitPlatformProvider
[INFO] 
[INFO] -------------------------------------------------------
[INFO]  T E S T S
[INFO] -------------------------------------------------------
[INFO] Running dev.flashflow.V4OutboxBacklogDrainIntegrationTest
Standard Commons Logging discovery in action with spring-jcl: please remove commons-logging.jar from classpath in order to avoid potential conflicts
09:32:37.163 [main] INFO org.springframework.test.context.support.AnnotationConfigContextLoaderUtils -- Could not detect default configuration classes for test class [dev.flashflow.V4OutboxBacklogDrainIntegrationTest]: V4OutboxBacklogDrainIntegrationTest does not declare any static, non-private, non-final, nested classes annotated with @Configuration.
09:32:37.215 [main] INFO org.springframework.boot.test.context.SpringBootTestContextBootstrapper -- Found @SpringBootConfiguration dev.flashflow.FlashFlowApplication for test class dev.flashflow.V4OutboxBacklogDrainIntegrationTest
09:32:37.254 [main] INFO org.testcontainers.images.PullPolicy -- Image pull policy will be performed by: DefaultPullPolicy()
09:32:37.255 [main] INFO org.testcontainers.utility.ImageNameSubstitutor -- Image name substitution will be performed by: DefaultImageNameSubstitutor (composite of 'ConfigurationFileImageNameSubstitutor' and 'PrefixingImageNameSubstitutor')
09:32:37.262 [main] INFO org.testcontainers.DockerClientFactory -- Testcontainers version: 1.21.3
09:32:37.339 [main] INFO org.testcontainers.dockerclient.DockerClientProviderStrategy -- Loaded org.testcontainers.dockerclient.UnixSocketClientProviderStrategy from ~/.testcontainers.properties, will try it first
09:32:37.427 [main] INFO org.testcontainers.dockerclient.DockerClientProviderStrategy -- Found Docker environment with local Unix socket (unix:///var/run/docker.sock)
09:32:37.428 [main] INFO org.testcontainers.DockerClientFactory -- Docker host IP address is localhost
09:32:37.439 [main] INFO org.testcontainers.DockerClientFactory -- Connected to docker: 
  Server Version: 29.4.1
  API Version: 1.54
  Operating System: Docker Desktop
  Total Memory: 7936 MB
  Labels: 
    com.docker.desktop.address=unix:///Users/yuzheng/Library/Containers/com.docker.docker/Data/docker-cli.sock
09:32:37.520 [main] INFO tc.testcontainers/ryuk:0.12.0 -- Creating container for image: testcontainers/ryuk:0.12.0
09:32:37.544 [main] INFO org.testcontainers.utility.RegistryAuthLocator -- Credential helper/store (docker-credential-osxkeychain) does not have credentials for https://index.docker.io/v1/
09:32:37.631 [main] INFO tc.testcontainers/ryuk:0.12.0 -- Container testcontainers/ryuk:0.12.0 is starting: 281d9c09aad9bafe9d814844ba82cf7da833c6c69fabce0b9427e1d8a00b01e1
09:32:37.751 [main] INFO tc.testcontainers/ryuk:0.12.0 -- Container testcontainers/ryuk:0.12.0 started in PT0.231249S
09:32:37.753 [main] INFO org.testcontainers.utility.RyukResourceReaper -- Ryuk started - will monitor and terminate Testcontainers containers on JVM exit
09:32:37.753 [main] INFO org.testcontainers.DockerClientFactory -- Checking the system...
09:32:37.754 [main] INFO org.testcontainers.DockerClientFactory -- ✔︎ Docker server version should be at least 1.6.0
09:32:37.755 [main] INFO tc.mysql:8.4.6 -- Creating container for image: mysql:8.4.6
09:32:37.795 [main] INFO tc.mysql:8.4.6 -- Container mysql:8.4.6 is starting: 0650ffde07b4aa3a483cd43c8726f70b2c91586267a8f39f0b4dd17879989441
09:32:37.906 [main] INFO tc.mysql:8.4.6 -- Waiting for database connection to become available at jdbc:mysql://localhost:55697/flashflow using query 'SELECT 1'
09:32:42.550 [main] INFO tc.mysql:8.4.6 -- Container mysql:8.4.6 started in PT4.795612S
09:32:42.551 [main] INFO tc.mysql:8.4.6 -- Container is started (JDBC URL: jdbc:mysql://localhost:55697/flashflow)
09:32:42.551 [main] INFO tc.redis:7.4.2-alpine -- Creating container for image: redis:7.4.2-alpine
09:32:42.583 [main] INFO tc.redis:7.4.2-alpine -- Container redis:7.4.2-alpine is starting: 57594f7fbf3a1344f78faa03a234c2b2cc0a2a0da9608dd66b84e5a0a1549ffc
09:32:42.740 [main] INFO tc.redis:7.4.2-alpine -- Container redis:7.4.2-alpine started in PT0.188854S

  .   ____          _            __ _ _
 /\\ / ___'_ __ _ _(_)_ __  __ _ \ \ \ \
( ( )\___ | '_ | '_| | '_ \/ _` | \ \ \ \
 \\/  ___)| |_)| | | | | || (_| |  ) ) ) )
  '  |____| .__|_| |_|_| |_\__, | / / / /
 =========|_|==============|___/=/_/_/_/

 :: Spring Boot ::                (v3.5.5)

2026-08-11T09:32:42.874+08:00 INFO  d.f.V4OutboxBacklogDrainIntegrationTest request_id= idempotency_key= order_id= user_id= sku_id= payment_tx= - Starting V4OutboxBacklogDrainIntegrationTest using Java 26.0.2 with PID 40807 (started by yuzheng in /Users/yuzheng/Computeracy/Zhenkun26-GitHub/FlashFlow)
2026-08-11T09:32:42.875+08:00 INFO  d.f.V4OutboxBacklogDrainIntegrationTest request_id= idempotency_key= order_id= user_id= sku_id= payment_tx= - The following 1 profile is active: "test"
2026-08-11T09:32:43.285+08:00 INFO  o.s.d.r.c.RepositoryConfigurationDelegate request_id= idempotency_key= order_id= user_id= sku_id= payment_tx= - Multiple Spring Data modules found, entering strict repository configuration mode
2026-08-11T09:32:43.286+08:00 INFO  o.s.d.r.c.RepositoryConfigurationDelegate request_id= idempotency_key= order_id= user_id= sku_id= payment_tx= - Bootstrapping Spring Data Redis repositories in DEFAULT mode.
2026-08-11T09:32:43.302+08:00 INFO  o.s.d.r.c.RepositoryConfigurationDelegate request_id= idempotency_key= order_id= user_id= sku_id= payment_tx= - Finished Spring Data repository scanning in 10 ms. Found 0 Redis repository interfaces.
2026-08-11T09:32:43.522+08:00 INFO  o.s.b.w.e.tomcat.TomcatWebServer request_id= idempotency_key= order_id= user_id= sku_id= payment_tx= - Tomcat initialized with port 0 (http)
2026-08-11T09:32:43.527+08:00 INFO  o.a.catalina.core.StandardService request_id= idempotency_key= order_id= user_id= sku_id= payment_tx= - Starting service [Tomcat]
2026-08-11T09:32:43.527+08:00 INFO  o.a.catalina.core.StandardEngine request_id= idempotency_key= order_id= user_id= sku_id= payment_tx= - Starting Servlet engine: [Apache Tomcat/10.1.44]
2026-08-11T09:32:43.543+08:00 INFO  o.a.c.c.C.[Tomcat].[localhost].[/] request_id= idempotency_key= order_id= user_id= sku_id= payment_tx= - Initializing Spring embedded WebApplicationContext
2026-08-11T09:32:43.543+08:00 INFO  o.s.b.w.s.c.ServletWebServerApplicationContext request_id= idempotency_key= order_id= user_id= sku_id= payment_tx= - Root WebApplicationContext: initialization completed in 661 ms
Standard Commons Logging discovery in action with spring-jcl: please remove commons-logging.jar from classpath in order to avoid potential conflicts
WARNING: A terminally deprecated method in sun.misc.Unsafe has been called
WARNING: sun.misc.Unsafe::allocateMemory has been called by io.netty.util.internal.PlatformDependent0$2 (file:/Users/yuzheng/.m2/repository/io/netty/netty-common/4.1.124.Final/netty-common-4.1.124.Final.jar)
WARNING: Please consider reporting this to the maintainers of class io.netty.util.internal.PlatformDependent0$2
WARNING: sun.misc.Unsafe::allocateMemory will be removed in a future release
WARNING: A restricted method in java.lang.System has been called
WARNING: java.lang.System::loadLibrary has been called by io.netty.util.internal.NativeLibraryUtil in an unnamed module (file:/Users/yuzheng/.m2/repository/io/netty/netty-common/4.1.124.Final/netty-common-4.1.124.Final.jar)
WARNING: Use --enable-native-access=ALL-UNNAMED to avoid a warning for callers in this module
WARNING: Restricted methods will be blocked in a future release unless native access is enabled

2026-08-11T09:32:44.168+08:00 INFO  com.zaxxer.hikari.HikariDataSource request_id= idempotency_key= order_id= user_id= sku_id= payment_tx= - HikariPool-1 - Starting...
2026-08-11T09:32:44.261+08:00 INFO  com.zaxxer.hikari.pool.HikariPool request_id= idempotency_key= order_id= user_id= sku_id= payment_tx= - HikariPool-1 - Added connection com.mysql.cj.jdbc.ConnectionImpl@430dbcb0
2026-08-11T09:32:44.261+08:00 INFO  com.zaxxer.hikari.HikariDataSource request_id= idempotency_key= order_id= user_id= sku_id= payment_tx= - HikariPool-1 - Start completed.
2026-08-11T09:32:44.282+08:00 INFO  org.flywaydb.core.FlywayExecutor request_id= idempotency_key= order_id= user_id= sku_id= payment_tx= - Database: jdbc:mysql://localhost:55697/flashflow (MySQL 8.4)
2026-08-11T09:32:44.298+08:00 WARN  o.f.c.i.database.base.Database request_id= idempotency_key= order_id= user_id= sku_id= payment_tx= - Flyway upgrade recommended: MySQL 8.4 is newer than this version of Flyway and support has not been tested. The latest supported version of MySQL is 8.1.
2026-08-11T09:32:44.312+08:00 INFO  o.f.c.i.s.JdbcTableSchemaHistory request_id= idempotency_key= order_id= user_id= sku_id= payment_tx= - Schema history table `flashflow`.`flyway_schema_history` does not exist yet
2026-08-11T09:32:44.313+08:00 INFO  o.f.core.internal.command.DbValidate request_id= idempotency_key= order_id= user_id= sku_id= payment_tx= - Successfully validated 4 migrations (execution time 00:00.010s)
2026-08-11T09:32:44.330+08:00 INFO  o.f.c.i.s.JdbcTableSchemaHistory request_id= idempotency_key= order_id= user_id= sku_id= payment_tx= - Creating Schema History table `flashflow`.`flyway_schema_history` ...
2026-08-11T09:32:44.361+08:00 INFO  o.f.core.internal.command.DbMigrate request_id= idempotency_key= order_id= user_id= sku_id= payment_tx= - Current version of schema `flashflow`: << Empty Schema >>
2026-08-11T09:32:44.371+08:00 INFO  o.f.core.internal.command.DbMigrate request_id= idempotency_key= order_id= user_id= sku_id= payment_tx= - Migrating schema `flashflow` to version "1 - create flashflow v1 schema"
2026-08-11T09:32:44.492+08:00 INFO  o.f.core.internal.command.DbMigrate request_id= idempotency_key= order_id= user_id= sku_id= payment_tx= - Migrating schema `flashflow` to version "2 - create order command ledger"
2026-08-11T09:32:44.512+08:00 INFO  o.f.core.internal.command.DbMigrate request_id= idempotency_key= order_id= user_id= sku_id= payment_tx= - Migrating schema `flashflow` to version "3 - extend order command transport evidence"
2026-08-11T09:32:44.542+08:00 INFO  o.f.core.internal.command.DbMigrate request_id= idempotency_key= order_id= user_id= sku_id= payment_tx= - Migrating schema `flashflow` to version "4 - create order command outbox"
2026-08-11T09:32:44.562+08:00 INFO  o.f.core.internal.command.DbMigrate request_id= idempotency_key= order_id= user_id= sku_id= payment_tx= - Successfully applied 4 migrations to schema `flashflow`, now at version v4 (execution time 00:00.151s)
2026-08-11T09:32:45.225+08:00 INFO  o.s.b.a.e.web.EndpointLinksResolver request_id= idempotency_key= order_id= user_id= sku_id= payment_tx= - Exposing 2 endpoints beneath base path '/actuator'
2026-08-11T09:32:45.283+08:00 INFO  o.s.b.w.e.tomcat.TomcatWebServer request_id= idempotency_key= order_id= user_id= sku_id= payment_tx= - Tomcat started on port 55774 (http) with context path '/'
2026-08-11T09:32:45.291+08:00 INFO  d.f.V4OutboxBacklogDrainIntegrationTest request_id= idempotency_key= order_id= user_id= sku_id= payment_tx= - Started V4OutboxBacklogDrainIntegrationTest in 2.539 seconds (process running for 8.432)
OpenJDK 64-Bit Server VM warning: Sharing is only supported for boot loader classes because bootstrap classpath has been appended
2026-08-11T09:32:58.251+08:00 INFO  o.a.c.c.C.[Tomcat].[localhost].[/] request_id= idempotency_key= order_id= user_id= sku_id= payment_tx= - Initializing Spring DispatcherServlet 'dispatcherServlet'
2026-08-11T09:32:58.251+08:00 INFO  o.s.web.servlet.DispatcherServlet request_id= idempotency_key= order_id= user_id= sku_id= payment_tx= - Initializing Servlet 'dispatcherServlet'
2026-08-11T09:32:58.251+08:00 INFO  o.s.web.servlet.DispatcherServlet request_id= idempotency_key= order_id= user_id= sku_id= payment_tx= - Completed initialization in 0 ms
2026-08-11T09:32:58.290+08:00 INFO  d.f.m.o.OutboxAsyncOrderApplicationService request_id=28195705-76e4-4a16-9770-db180a7661fd idempotency_key=key-06ecdbb8-0 order_id= user_id=user-06ecdbb8-0 sku_id=sku-v4-backlog-06ecdbb8 payment_tx= - Durable Outbox acceptance command_id=a62ed63d84a94cc767f0c5ef48ba5f833ec39a59188e37719f60a50ad2b87862 status=ACCEPTED
2026-08-11T09:32:58.322+08:00 INFO  d.f.m.o.OutboxAsyncOrderApplicationService request_id=acc2042e-7248-431a-b16c-239e4f99239e idempotency_key=key-06ecdbb8-1 order_id= user_id=user-06ecdbb8-1 sku_id=sku-v4-backlog-06ecdbb8 payment_tx= - Durable Outbox acceptance command_id=1000463d62a4bb391cd23d1ba1709fa6147e495ee4cbd4c6089be765ed0804d6 status=ACCEPTED
2026-08-11T09:32:58.327+08:00 INFO  d.f.m.outbox.OutboxDispatcher request_id= idempotency_key= order_id= user_id= sku_id= payment_tx= - Outbox publication deferred outbox_id=2e7e6f5e-4df5-42bc-9e95-71c92f269b5f command_id=a62ed63d84a94cc767f0c5ef48ba5f833ec39a59188e37719f60a50ad2b87862 outcome=RETRYABLE cause=MQCLIENTEXCEPTION
2026-08-11T09:32:58.332+08:00 INFO  d.f.m.o.OutboxAsyncOrderApplicationService request_id=783457e5-85d3-4b89-bd53-f7b59c755aeb idempotency_key=key-06ecdbb8-2 order_id= user_id=user-06ecdbb8-2 sku_id=sku-v4-backlog-06ecdbb8 payment_tx= - Durable Outbox acceptance command_id=773a07864639ff877c97cc75acf6177c0719f50cdd89adcc7522362575a4bf5f status=ACCEPTED
2026-08-11T09:32:58.344+08:00 INFO  d.f.m.o.OutboxAsyncOrderApplicationService request_id=8329d9b2-09fe-45cd-9040-d5a7cd5fec7f idempotency_key=key-06ecdbb8-3 order_id= user_id=user-06ecdbb8-3 sku_id=sku-v4-backlog-06ecdbb8 payment_tx= - Durable Outbox acceptance command_id=39a703b0847a0534438dd74296b0c1307a4a44a915de35c8241a9b532f3bbb0e status=ACCEPTED
2026-08-11T09:32:58.354+08:00 INFO  d.f.m.o.OutboxAsyncOrderApplicationService request_id=09857d10-fbd8-459c-a5de-be9720ded7c5 idempotency_key=key-06ecdbb8-4 order_id= user_id=user-06ecdbb8-4 sku_id=sku-v4-backlog-06ecdbb8 payment_tx= - Durable Outbox acceptance command_id=8386c93e625cfaa971853aaa99832d635cbf4aea014ece4b3d53a8086b5c2af9 status=ACCEPTED
2026-08-11T09:32:58.364+08:00 INFO  d.f.m.o.OutboxAsyncOrderApplicationService request_id=c90e4aff-b955-4669-bd53-56a0a1240607 idempotency_key=key-06ecdbb8-5 order_id= user_id=user-06ecdbb8-5 sku_id=sku-v4-backlog-06ecdbb8 payment_tx= - Durable Outbox acceptance command_id=483c9363e07403c8b535fa838eb05186d0d122882dbfdb25154870fd11fa3d80 status=ACCEPTED
2026-08-11T09:32:58.373+08:00 INFO  d.f.m.o.OutboxAsyncOrderApplicationService request_id=7f420ebe-9497-4e12-932e-2328e4b153de idempotency_key=key-06ecdbb8-6 order_id= user_id=user-06ecdbb8-6 sku_id=sku-v4-backlog-06ecdbb8 payment_tx= - Durable Outbox acceptance command_id=1978ec51babbee02307780c956ca77d1f1cda2abbaaa47fa95284d7164e969e5 status=ACCEPTED
2026-08-11T09:32:58.382+08:00 INFO  d.f.m.o.OutboxAsyncOrderApplicationService request_id=819cc94a-5d50-4e80-8464-4c2309950cb4 idempotency_key=key-06ecdbb8-7 order_id= user_id=user-06ecdbb8-7 sku_id=sku-v4-backlog-06ecdbb8 payment_tx= - Durable Outbox acceptance command_id=c6c94fc4bfe02d644d5802a48f11aec4c73ab9927962da8ea2e33d75fdcf24a1 status=ACCEPTED
2026-08-11T09:32:58.393+08:00 INFO  d.f.m.o.OutboxAsyncOrderApplicationService request_id=0f5dcdde-e357-4067-93ea-834d2eca0c45 idempotency_key=key-06ecdbb8-8 order_id= user_id=user-06ecdbb8-8 sku_id=sku-v4-backlog-06ecdbb8 payment_tx= - Durable Outbox acceptance command_id=b5e7c24d0eb01a041c0dee8eccca9bffd4cf1936addc72b1d12e81b0b86d618e status=ACCEPTED
2026-08-11T09:32:58.401+08:00 INFO  d.f.m.o.OutboxAsyncOrderApplicationService request_id=6a8da579-6cae-4a41-a788-3f5a88a0e5bd idempotency_key=key-06ecdbb8-9 order_id= user_id=user-06ecdbb8-9 sku_id=sku-v4-backlog-06ecdbb8 payment_tx= - Durable Outbox acceptance command_id=da2eeb5451d2adc95c2b67512c7da1b23fd07c63a31686b90a09301b4173faf3 status=ACCEPTED
2026-08-11T09:32:58.409+08:00 INFO  d.f.m.o.OutboxAsyncOrderApplicationService request_id=ee718387-6f51-41d4-84f0-3d1352c15087 idempotency_key=key-06ecdbb8-10 order_id= user_id=user-06ecdbb8-10 sku_id=sku-v4-backlog-06ecdbb8 payment_tx= - Durable Outbox acceptance command_id=7d47a9b2a64a44e697c1dd2729857cb91d7e39028a00c58a0c01bec4a63e4bdb status=ACCEPTED
2026-08-11T09:32:58.416+08:00 INFO  d.f.m.o.OutboxAsyncOrderApplicationService request_id=e2a0f122-22db-4d59-a81c-501d1b93e10b idempotency_key=key-06ecdbb8-11 order_id= user_id=user-06ecdbb8-11 sku_id=sku-v4-backlog-06ecdbb8 payment_tx= - Durable Outbox acceptance command_id=106ea56966bf7f1891d60cf34fd6ef218d59ba4550235e91603e2ae53ce31a1e status=ACCEPTED
2026-08-11T09:32:58.445+08:00 INFO  d.f.m.outbox.OutboxDispatcher request_id= idempotency_key= order_id= user_id= sku_id= payment_tx= - Outbox publication deferred outbox_id=9cb427f5-b3d6-4200-a6ba-e40630dfee65 command_id=1000463d62a4bb391cd23d1ba1709fa6147e495ee4cbd4c6089be765ed0804d6 outcome=RETRYABLE cause=MQCLIENTEXCEPTION
2026-08-11T09:32:58.448+08:00 INFO  d.f.m.outbox.OutboxDispatcher request_id= idempotency_key= order_id= user_id= sku_id= payment_tx= - Outbox publication deferred outbox_id=13123b1d-8567-4784-8cdb-6b84901c2e9f command_id=773a07864639ff877c97cc75acf6177c0719f50cdd89adcc7522362575a4bf5f outcome=RETRYABLE cause=MQCLIENTEXCEPTION
2026-08-11T09:32:58.451+08:00 INFO  d.f.m.outbox.OutboxDispatcher request_id= idempotency_key= order_id= user_id= sku_id= payment_tx= - Outbox publication deferred outbox_id=e8773f56-320e-4c97-a8bf-7853303b83d3 command_id=39a703b0847a0534438dd74296b0c1307a4a44a915de35c8241a9b532f3bbb0e outcome=RETRYABLE cause=MQCLIENTEXCEPTION
2026-08-11T09:32:58.454+08:00 INFO  d.f.m.outbox.OutboxDispatcher request_id= idempotency_key= order_id= user_id= sku_id= payment_tx= - Outbox publication deferred outbox_id=10a63044-4a5b-4f42-ae49-8685463e25fc command_id=8386c93e625cfaa971853aaa99832d635cbf4aea014ece4b3d53a8086b5c2af9 outcome=RETRYABLE cause=MQCLIENTEXCEPTION
2026-08-11T09:32:58.572+08:00 INFO  d.f.m.outbox.OutboxDispatcher request_id= idempotency_key= order_id= user_id= sku_id= payment_tx= - Outbox publication deferred outbox_id=26b669dd-9bb6-412b-b021-c1fa97ecb0bc command_id=483c9363e07403c8b535fa838eb05186d0d122882dbfdb25154870fd11fa3d80 outcome=RETRYABLE cause=MQCLIENTEXCEPTION
2026-08-11T09:32:58.576+08:00 INFO  d.f.m.outbox.OutboxDispatcher request_id= idempotency_key= order_id= user_id= sku_id= payment_tx= - Outbox publication deferred outbox_id=11c16368-0bd1-4ff4-8654-d53beae3f908 command_id=1978ec51babbee02307780c956ca77d1f1cda2abbaaa47fa95284d7164e969e5 outcome=RETRYABLE cause=MQCLIENTEXCEPTION
2026-08-11T09:32:58.581+08:00 INFO  d.f.m.outbox.OutboxDispatcher request_id= idempotency_key= order_id= user_id= sku_id= payment_tx= - Outbox publication deferred outbox_id=618da10d-9ec3-464b-a93d-27f9fc3ebe91 command_id=c6c94fc4bfe02d644d5802a48f11aec4c73ab9927962da8ea2e33d75fdcf24a1 outcome=RETRYABLE cause=MQCLIENTEXCEPTION
2026-08-11T09:32:58.586+08:00 INFO  d.f.m.outbox.OutboxDispatcher request_id= idempotency_key= order_id= user_id= sku_id= payment_tx= - Outbox publication deferred outbox_id=61db5337-00f2-4bd3-b27c-4adc3c1deb07 command_id=b5e7c24d0eb01a041c0dee8eccca9bffd4cf1936addc72b1d12e81b0b86d618e outcome=RETRYABLE cause=MQCLIENTEXCEPTION
2026-08-11T09:32:58.710+08:00 INFO  d.f.m.outbox.OutboxDispatcher request_id= idempotency_key= order_id= user_id= sku_id= payment_tx= - Outbox publication deferred outbox_id=df73ff24-1018-43f2-bba4-de13d41fe85d command_id=da2eeb5451d2adc95c2b67512c7da1b23fd07c63a31686b90a09301b4173faf3 outcome=RETRYABLE cause=MQCLIENTEXCEPTION
2026-08-11T09:32:58.713+08:00 INFO  d.f.m.outbox.OutboxDispatcher request_id= idempotency_key= order_id= user_id= sku_id= payment_tx= - Outbox publication deferred outbox_id=997d51c0-c1df-4b1f-a4d8-d8a81e1e75d4 command_id=7d47a9b2a64a44e697c1dd2729857cb91d7e39028a00c58a0c01bec4a63e4bdb outcome=RETRYABLE cause=MQCLIENTEXCEPTION
2026-08-11T09:32:58.717+08:00 INFO  d.f.m.outbox.OutboxDispatcher request_id= idempotency_key= order_id= user_id= sku_id= payment_tx= - Outbox publication deferred outbox_id=9905056b-0ee8-4d33-b4ff-13ed117f6dd4 command_id=106ea56966bf7f1891d60cf34fd6ef218d59ba4550235e91603e2ae53ce31a1e outcome=RETRYABLE cause=MQCLIENTEXCEPTION
2026-08-11T09:32:58.720+08:00 INFO  d.f.m.outbox.OutboxDispatcher request_id= idempotency_key= order_id= user_id= sku_id= payment_tx= - Outbox publication deferred outbox_id=2e7e6f5e-4df5-42bc-9e95-71c92f269b5f command_id=a62ed63d84a94cc767f0c5ef48ba5f833ec39a59188e37719f60a50ad2b87862 outcome=RETRYABLE cause=MQCLIENTEXCEPTION
2026-08-11T09:32:58.849+08:00 INFO  d.f.m.outbox.OutboxDispatcher request_id= idempotency_key= order_id= user_id= sku_id= payment_tx= - Outbox publication deferred outbox_id=9cb427f5-b3d6-4200-a6ba-e40630dfee65 command_id=1000463d62a4bb391cd23d1ba1709fa6147e495ee4cbd4c6089be765ed0804d6 outcome=RETRYABLE cause=MQCLIENTEXCEPTION
2026-08-11T09:32:58.856+08:00 INFO  d.f.m.outbox.OutboxDispatcher request_id= idempotency_key= order_id= user_id= sku_id= payment_tx= - Outbox publication deferred outbox_id=13123b1d-8567-4784-8cdb-6b84901c2e9f command_id=773a07864639ff877c97cc75acf6177c0719f50cdd89adcc7522362575a4bf5f outcome=RETRYABLE cause=MQCLIENTEXCEPTION
2026-08-11T09:32:58.863+08:00 INFO  d.f.m.outbox.OutboxDispatcher request_id= idempotency_key= order_id= user_id= sku_id= payment_tx= - Outbox publication deferred outbox_id=e8773f56-320e-4c97-a8bf-7853303b83d3 command_id=39a703b0847a0534438dd74296b0c1307a4a44a915de35c8241a9b532f3bbb0e outcome=RETRYABLE cause=MQCLIENTEXCEPTION
2026-08-11T09:32:58.869+08:00 INFO  d.f.m.outbox.OutboxDispatcher request_id= idempotency_key= order_id= user_id= sku_id= payment_tx= - Outbox publication deferred outbox_id=10a63044-4a5b-4f42-ae49-8685463e25fc command_id=8386c93e625cfaa971853aaa99832d635cbf4aea014ece4b3d53a8086b5c2af9 outcome=RETRYABLE cause=MQCLIENTEXCEPTION
2026-08-11T09:32:59.000+08:00 INFO  d.f.m.outbox.OutboxDispatcher request_id= idempotency_key= order_id= user_id= sku_id= payment_tx= - Outbox publication deferred outbox_id=26b669dd-9bb6-412b-b021-c1fa97ecb0bc command_id=483c9363e07403c8b535fa838eb05186d0d122882dbfdb25154870fd11fa3d80 outcome=RETRYABLE cause=MQCLIENTEXCEPTION
2026-08-11T09:32:59.007+08:00 INFO  d.f.m.outbox.OutboxDispatcher request_id= idempotency_key= order_id= user_id= sku_id= payment_tx= - Outbox publication deferred outbox_id=11c16368-0bd1-4ff4-8654-d53beae3f908 command_id=1978ec51babbee02307780c956ca77d1f1cda2abbaaa47fa95284d7164e969e5 outcome=RETRYABLE cause=MQCLIENTEXCEPTION
2026-08-11T09:32:59.014+08:00 INFO  d.f.m.outbox.OutboxDispatcher request_id= idempotency_key= order_id= user_id= sku_id= payment_tx= - Outbox publication deferred outbox_id=618da10d-9ec3-464b-a93d-27f9fc3ebe91 command_id=c6c94fc4bfe02d644d5802a48f11aec4c73ab9927962da8ea2e33d75fdcf24a1 outcome=RETRYABLE cause=MQCLIENTEXCEPTION
2026-08-11T09:32:59.022+08:00 INFO  d.f.m.outbox.OutboxDispatcher request_id= idempotency_key= order_id= user_id= sku_id= payment_tx= - Outbox publication deferred outbox_id=61db5337-00f2-4bd3-b27c-4adc3c1deb07 command_id=b5e7c24d0eb01a041c0dee8eccca9bffd4cf1936addc72b1d12e81b0b86d618e outcome=RETRYABLE cause=MQCLIENTEXCEPTION
2026-08-11T09:32:59.151+08:00 INFO  d.f.m.outbox.OutboxDispatcher request_id= idempotency_key= order_id= user_id= sku_id= payment_tx= - Outbox publication deferred outbox_id=df73ff24-1018-43f2-bba4-de13d41fe85d command_id=da2eeb5451d2adc95c2b67512c7da1b23fd07c63a31686b90a09301b4173faf3 outcome=RETRYABLE cause=MQCLIENTEXCEPTION
2026-08-11T09:32:59.157+08:00 INFO  d.f.m.outbox.OutboxDispatcher request_id= idempotency_key= order_id= user_id= sku_id= payment_tx= - Outbox publication deferred outbox_id=997d51c0-c1df-4b1f-a4d8-d8a81e1e75d4 command_id=7d47a9b2a64a44e697c1dd2729857cb91d7e39028a00c58a0c01bec4a63e4bdb outcome=RETRYABLE cause=MQCLIENTEXCEPTION
2026-08-11T09:32:59.164+08:00 INFO  d.f.m.outbox.OutboxDispatcher request_id= idempotency_key= order_id= user_id= sku_id= payment_tx= - Outbox publication deferred outbox_id=9905056b-0ee8-4d33-b4ff-13ed117f6dd4 command_id=106ea56966bf7f1891d60cf34fd6ef218d59ba4550235e91603e2ae53ce31a1e outcome=RETRYABLE cause=MQCLIENTEXCEPTION
2026-08-11T09:32:59.172+08:00 INFO  d.f.m.outbox.OutboxDispatcher request_id= idempotency_key= order_id= user_id= sku_id= payment_tx= - Outbox publication deferred outbox_id=2e7e6f5e-4df5-42bc-9e95-71c92f269b5f command_id=a62ed63d84a94cc767f0c5ef48ba5f833ec39a59188e37719f60a50ad2b87862 outcome=RETRYABLE cause=MQCLIENTEXCEPTION
2026-08-11T09:32:59.315+08:00 INFO  d.f.m.outbox.OutboxDispatcher request_id= idempotency_key= order_id= user_id= sku_id= payment_tx= - Outbox publication deferred outbox_id=9cb427f5-b3d6-4200-a6ba-e40630dfee65 command_id=1000463d62a4bb391cd23d1ba1709fa6147e495ee4cbd4c6089be765ed0804d6 outcome=RETRYABLE cause=MQCLIENTEXCEPTION
2026-08-11T09:32:59.325+08:00 INFO  d.f.m.outbox.OutboxDispatcher request_id= idempotency_key= order_id= user_id= sku_id= payment_tx= - Outbox publication deferred outbox_id=13123b1d-8567-4784-8cdb-6b84901c2e9f command_id=773a07864639ff877c97cc75acf6177c0719f50cdd89adcc7522362575a4bf5f outcome=RETRYABLE cause=MQCLIENTEXCEPTION
2026-08-11T09:32:59.333+08:00 INFO  d.f.m.outbox.OutboxDispatcher request_id= idempotency_key= order_id= user_id= sku_id= payment_tx= - Outbox publication deferred outbox_id=e8773f56-320e-4c97-a8bf-7853303b83d3 command_id=39a703b0847a0534438dd74296b0c1307a4a44a915de35c8241a9b532f3bbb0e outcome=RETRYABLE cause=MQCLIENTEXCEPTION
2026-08-11T09:32:59.344+08:00 INFO  d.f.m.outbox.OutboxDispatcher request_id= idempotency_key= order_id= user_id= sku_id= payment_tx= - Outbox publication deferred outbox_id=10a63044-4a5b-4f42-ae49-8685463e25fc command_id=8386c93e625cfaa971853aaa99832d635cbf4aea014ece4b3d53a8086b5c2af9 outcome=RETRYABLE cause=MQCLIENTEXCEPTION
2026-08-11T09:32:59.471+08:00 INFO  d.f.m.outbox.OutboxDispatcher request_id= idempotency_key= order_id= user_id= sku_id= payment_tx= - Outbox publication deferred outbox_id=26b669dd-9bb6-412b-b021-c1fa97ecb0bc command_id=483c9363e07403c8b535fa838eb05186d0d122882dbfdb25154870fd11fa3d80 outcome=RETRYABLE cause=MQCLIENTEXCEPTION
2026-08-11T09:32:59.477+08:00 INFO  d.f.m.outbox.OutboxDispatcher request_id= idempotency_key= order_id= user_id= sku_id= payment_tx= - Outbox publication deferred outbox_id=11c16368-0bd1-4ff4-8654-d53beae3f908 command_id=1978ec51babbee02307780c956ca77d1f1cda2abbaaa47fa95284d7164e969e5 outcome=RETRYABLE cause=MQCLIENTEXCEPTION
2026-08-11T09:32:59.482+08:00 INFO  d.f.m.outbox.OutboxDispatcher request_id= idempotency_key= order_id= user_id= sku_id= payment_tx= - Outbox publication deferred outbox_id=618da10d-9ec3-464b-a93d-27f9fc3ebe91 command_id=c6c94fc4bfe02d644d5802a48f11aec4c73ab9927962da8ea2e33d75fdcf24a1 outcome=RETRYABLE cause=MQCLIENTEXCEPTION
2026-08-11T09:32:59.489+08:00 INFO  d.f.m.outbox.OutboxDispatcher request_id= idempotency_key= order_id= user_id= sku_id= payment_tx= - Outbox publication deferred outbox_id=61db5337-00f2-4bd3-b27c-4adc3c1deb07 command_id=b5e7c24d0eb01a041c0dee8eccca9bffd4cf1936addc72b1d12e81b0b86d618e outcome=RETRYABLE cause=MQCLIENTEXCEPTION
2026-08-11T09:32:59.618+08:00 INFO  d.f.m.outbox.OutboxDispatcher request_id= idempotency_key= order_id= user_id= sku_id= payment_tx= - Outbox publication deferred outbox_id=df73ff24-1018-43f2-bba4-de13d41fe85d command_id=da2eeb5451d2adc95c2b67512c7da1b23fd07c63a31686b90a09301b4173faf3 outcome=RETRYABLE cause=MQCLIENTEXCEPTION
2026-08-11T09:32:59.624+08:00 INFO  d.f.m.outbox.OutboxDispatcher request_id= idempotency_key= order_id= user_id= sku_id= payment_tx= - Outbox publication deferred outbox_id=997d51c0-c1df-4b1f-a4d8-d8a81e1e75d4 command_id=7d47a9b2a64a44e697c1dd2729857cb91d7e39028a00c58a0c01bec4a63e4bdb outcome=RETRYABLE cause=MQCLIENTEXCEPTION
2026-08-11T09:32:59.629+08:00 INFO  d.f.m.outbox.OutboxDispatcher request_id= idempotency_key= order_id= user_id= sku_id= payment_tx= - Outbox publication deferred outbox_id=9905056b-0ee8-4d33-b4ff-13ed117f6dd4 command_id=106ea56966bf7f1891d60cf34fd6ef218d59ba4550235e91603e2ae53ce31a1e outcome=RETRYABLE cause=MQCLIENTEXCEPTION
2026-08-11T09:32:59.634+08:00 INFO  d.f.m.outbox.OutboxDispatcher request_id= idempotency_key= order_id= user_id= sku_id= payment_tx= - Outbox publication deferred outbox_id=2e7e6f5e-4df5-42bc-9e95-71c92f269b5f command_id=a62ed63d84a94cc767f0c5ef48ba5f833ec39a59188e37719f60a50ad2b87862 outcome=RETRYABLE cause=MQCLIENTEXCEPTION
2026-08-11T09:32:59.759+08:00 INFO  d.f.m.outbox.OutboxDispatcher request_id= idempotency_key= order_id= user_id= sku_id= payment_tx= - Outbox publication deferred outbox_id=9cb427f5-b3d6-4200-a6ba-e40630dfee65 command_id=1000463d62a4bb391cd23d1ba1709fa6147e495ee4cbd4c6089be765ed0804d6 outcome=RETRYABLE cause=MQCLIENTEXCEPTION
2026-08-11T09:32:59.765+08:00 INFO  d.f.m.outbox.OutboxDispatcher request_id= idempotency_key= order_id= user_id= sku_id= payment_tx= - Outbox publication deferred outbox_id=13123b1d-8567-4784-8cdb-6b84901c2e9f command_id=773a07864639ff877c97cc75acf6177c0719f50cdd89adcc7522362575a4bf5f outcome=RETRYABLE cause=MQCLIENTEXCEPTION
2026-08-11T09:32:59.770+08:00 INFO  d.f.m.outbox.OutboxDispatcher request_id= idempotency_key= order_id= user_id= sku_id= payment_tx= - Outbox publication deferred outbox_id=e8773f56-320e-4c97-a8bf-7853303b83d3 command_id=39a703b0847a0534438dd74296b0c1307a4a44a915de35c8241a9b532f3bbb0e outcome=RETRYABLE cause=MQCLIENTEXCEPTION
2026-08-11T09:32:59.775+08:00 INFO  d.f.m.outbox.OutboxDispatcher request_id= idempotency_key= order_id= user_id= sku_id= payment_tx= - Outbox publication deferred outbox_id=10a63044-4a5b-4f42-ae49-8685463e25fc command_id=8386c93e625cfaa971853aaa99832d635cbf4aea014ece4b3d53a8086b5c2af9 outcome=RETRYABLE cause=MQCLIENTEXCEPTION
2026-08-11T09:32:59.893+08:00 INFO  d.f.m.outbox.OutboxDispatcher request_id= idempotency_key= order_id= user_id= sku_id= payment_tx= - Outbox publication deferred outbox_id=26b669dd-9bb6-412b-b021-c1fa97ecb0bc command_id=483c9363e07403c8b535fa838eb05186d0d122882dbfdb25154870fd11fa3d80 outcome=RETRYABLE cause=MQCLIENTEXCEPTION
2026-08-11T09:32:59.900+08:00 INFO  d.f.m.outbox.OutboxDispatcher request_id= idempotency_key= order_id= user_id= sku_id= payment_tx= - Outbox publication deferred outbox_id=11c16368-0bd1-4ff4-8654-d53beae3f908 command_id=1978ec51babbee02307780c956ca77d1f1cda2abbaaa47fa95284d7164e969e5 outcome=RETRYABLE cause=MQCLIENTEXCEPTION
2026-08-11T09:33:00.028+08:00 INFO  d.f.m.outbox.OutboxDispatcher request_id= idempotency_key= order_id= user_id= sku_id= payment_tx= - Outbox publication deferred outbox_id=618da10d-9ec3-464b-a93d-27f9fc3ebe91 command_id=c6c94fc4bfe02d644d5802a48f11aec4c73ab9927962da8ea2e33d75fdcf24a1 outcome=RETRYABLE cause=MQCLIENTEXCEPTION
2026-08-11T09:33:00.035+08:00 INFO  d.f.m.outbox.OutboxDispatcher request_id= idempotency_key= order_id= user_id= sku_id= payment_tx= - Outbox publication deferred outbox_id=61db5337-00f2-4bd3-b27c-4adc3c1deb07 command_id=b5e7c24d0eb01a041c0dee8eccca9bffd4cf1936addc72b1d12e81b0b86d618e outcome=RETRYABLE cause=MQCLIENTEXCEPTION
2026-08-11T09:33:00.162+08:00 INFO  d.f.m.outbox.OutboxDispatcher request_id= idempotency_key= order_id= user_id= sku_id= payment_tx= - Outbox publication deferred outbox_id=df73ff24-1018-43f2-bba4-de13d41fe85d command_id=da2eeb5451d2adc95c2b67512c7da1b23fd07c63a31686b90a09301b4173faf3 outcome=RETRYABLE cause=MQCLIENTEXCEPTION
2026-08-11T09:33:00.172+08:00 INFO  d.f.m.outbox.OutboxDispatcher request_id= idempotency_key= order_id= user_id= sku_id= payment_tx= - Outbox publication deferred outbox_id=997d51c0-c1df-4b1f-a4d8-d8a81e1e75d4 command_id=7d47a9b2a64a44e697c1dd2729857cb91d7e39028a00c58a0c01bec4a63e4bdb outcome=RETRYABLE cause=MQCLIENTEXCEPTION
2026-08-11T09:33:00.180+08:00 INFO  d.f.m.outbox.OutboxDispatcher request_id= idempotency_key= order_id= user_id= sku_id= payment_tx= - Outbox publication deferred outbox_id=9905056b-0ee8-4d33-b4ff-13ed117f6dd4 command_id=106ea56966bf7f1891d60cf34fd6ef218d59ba4550235e91603e2ae53ce31a1e outcome=RETRYABLE cause=MQCLIENTEXCEPTION
2026-08-11T09:33:00.510+08:00 INFO  d.f.m.outbox.OutboxDispatcher request_id= idempotency_key= order_id= user_id= sku_id= payment_tx= - Outbox publication deferred outbox_id=2e7e6f5e-4df5-42bc-9e95-71c92f269b5f command_id=a62ed63d84a94cc767f0c5ef48ba5f833ec39a59188e37719f60a50ad2b87862 outcome=RETRYABLE cause=MQCLIENTEXCEPTION
2026-08-11T09:33:00.628+08:00 INFO  d.f.m.outbox.OutboxDispatcher request_id= idempotency_key= order_id= user_id= sku_id= payment_tx= - Outbox publication deferred outbox_id=9cb427f5-b3d6-4200-a6ba-e40630dfee65 command_id=1000463d62a4bb391cd23d1ba1709fa6147e495ee4cbd4c6089be765ed0804d6 outcome=RETRYABLE cause=MQCLIENTEXCEPTION
2026-08-11T09:33:00.632+08:00 INFO  d.f.m.outbox.OutboxDispatcher request_id= idempotency_key= order_id= user_id= sku_id= payment_tx= - Outbox publication deferred outbox_id=13123b1d-8567-4784-8cdb-6b84901c2e9f command_id=773a07864639ff877c97cc75acf6177c0719f50cdd89adcc7522362575a4bf5f outcome=RETRYABLE cause=MQCLIENTEXCEPTION
2026-08-11T09:33:00.638+08:00 INFO  d.f.m.outbox.OutboxDispatcher request_id= idempotency_key= order_id= user_id= sku_id= payment_tx= - Outbox publication deferred outbox_id=e8773f56-320e-4c97-a8bf-7853303b83d3 command_id=39a703b0847a0534438dd74296b0c1307a4a44a915de35c8241a9b532f3bbb0e outcome=RETRYABLE cause=MQCLIENTEXCEPTION
2026-08-11T09:33:00.642+08:00 INFO  d.f.m.outbox.OutboxDispatcher request_id= idempotency_key= order_id= user_id= sku_id= payment_tx= - Outbox publication deferred outbox_id=10a63044-4a5b-4f42-ae49-8685463e25fc command_id=8386c93e625cfaa971853aaa99832d635cbf4aea014ece4b3d53a8086b5c2af9 outcome=RETRYABLE cause=MQCLIENTEXCEPTION
2026-08-11T09:33:00.753+08:00 INFO  d.f.m.outbox.OutboxDispatcher request_id= idempotency_key= order_id= user_id= sku_id= payment_tx= - Outbox publication deferred outbox_id=26b669dd-9bb6-412b-b021-c1fa97ecb0bc command_id=483c9363e07403c8b535fa838eb05186d0d122882dbfdb25154870fd11fa3d80 outcome=RETRYABLE cause=MQCLIENTEXCEPTION
2026-08-11T09:33:00.756+08:00 INFO  d.f.m.outbox.OutboxDispatcher request_id= idempotency_key= order_id= user_id= sku_id= payment_tx= - Outbox publication deferred outbox_id=11c16368-0bd1-4ff4-8654-d53beae3f908 command_id=1978ec51babbee02307780c956ca77d1f1cda2abbaaa47fa95284d7164e969e5 outcome=RETRYABLE cause=MQCLIENTEXCEPTION
2026-08-11T09:33:00.865+08:00 INFO  d.f.m.outbox.OutboxDispatcher request_id= idempotency_key= order_id= user_id= sku_id= payment_tx= - Outbox publication deferred outbox_id=618da10d-9ec3-464b-a93d-27f9fc3ebe91 command_id=c6c94fc4bfe02d644d5802a48f11aec4c73ab9927962da8ea2e33d75fdcf24a1 outcome=RETRYABLE cause=MQCLIENTEXCEPTION
2026-08-11T09:33:00.867+08:00 INFO  d.f.m.outbox.OutboxDispatcher request_id= idempotency_key= order_id= user_id= sku_id= payment_tx= - Outbox publication deferred outbox_id=61db5337-00f2-4bd3-b27c-4adc3c1deb07 command_id=b5e7c24d0eb01a041c0dee8eccca9bffd4cf1936addc72b1d12e81b0b86d618e outcome=RETRYABLE cause=MQCLIENTEXCEPTION
2026-08-11T09:33:00.979+08:00 INFO  d.f.m.outbox.OutboxDispatcher request_id= idempotency_key= order_id= user_id= sku_id= payment_tx= - Outbox publication deferred outbox_id=df73ff24-1018-43f2-bba4-de13d41fe85d command_id=da2eeb5451d2adc95c2b67512c7da1b23fd07c63a31686b90a09301b4173faf3 outcome=RETRYABLE cause=MQCLIENTEXCEPTION
2026-08-11T09:33:00.982+08:00 INFO  d.f.m.outbox.OutboxDispatcher request_id= idempotency_key= order_id= user_id= sku_id= payment_tx= - Outbox publication deferred outbox_id=997d51c0-c1df-4b1f-a4d8-d8a81e1e75d4 command_id=7d47a9b2a64a44e697c1dd2729857cb91d7e39028a00c58a0c01bec4a63e4bdb outcome=RETRYABLE cause=MQCLIENTEXCEPTION
2026-08-11T09:33:01.092+08:00 INFO  d.f.m.outbox.OutboxDispatcher request_id= idempotency_key= order_id= user_id= sku_id= payment_tx= - Outbox publication deferred outbox_id=9905056b-0ee8-4d33-b4ff-13ed117f6dd4 command_id=106ea56966bf7f1891d60cf34fd6ef218d59ba4550235e91603e2ae53ce31a1e outcome=RETRYABLE cause=MQCLIENTEXCEPTION
2026-08-11T09:33:01.523+08:00 INFO  d.f.m.outbox.OutboxDispatcher request_id= idempotency_key= order_id= user_id= sku_id= payment_tx= - Outbox publication deferred outbox_id=2e7e6f5e-4df5-42bc-9e95-71c92f269b5f command_id=a62ed63d84a94cc767f0c5ef48ba5f833ec39a59188e37719f60a50ad2b87862 outcome=RETRYABLE cause=MQCLIENTEXCEPTION
2026-08-11T09:33:01.633+08:00 INFO  d.f.m.outbox.OutboxDispatcher request_id= idempotency_key= order_id= user_id= sku_id= payment_tx= - Outbox publication deferred outbox_id=9cb427f5-b3d6-4200-a6ba-e40630dfee65 command_id=1000463d62a4bb391cd23d1ba1709fa6147e495ee4cbd4c6089be765ed0804d6 outcome=RETRYABLE cause=MQCLIENTEXCEPTION
2026-08-11T09:33:01.757+08:00 INFO  d.f.m.outbox.OutboxDispatcher request_id= idempotency_key= order_id= user_id= sku_id= payment_tx= - Outbox publication deferred outbox_id=13123b1d-8567-4784-8cdb-6b84901c2e9f command_id=773a07864639ff877c97cc75acf6177c0719f50cdd89adcc7522362575a4bf5f outcome=RETRYABLE cause=MQCLIENTEXCEPTION
2026-08-11T09:33:01.766+08:00 INFO  d.f.m.outbox.OutboxDispatcher request_id= idempotency_key= order_id= user_id= sku_id= payment_tx= - Outbox publication deferred outbox_id=e8773f56-320e-4c97-a8bf-7853303b83d3 command_id=39a703b0847a0534438dd74296b0c1307a4a44a915de35c8241a9b532f3bbb0e outcome=RETRYABLE cause=MQCLIENTEXCEPTION
2026-08-11T09:33:01.774+08:00 INFO  d.f.m.outbox.OutboxDispatcher request_id= idempotency_key= order_id= user_id= sku_id= payment_tx= - Outbox publication deferred outbox_id=10a63044-4a5b-4f42-ae49-8685463e25fc command_id=8386c93e625cfaa971853aaa99832d635cbf4aea014ece4b3d53a8086b5c2af9 outcome=RETRYABLE cause=MQCLIENTEXCEPTION
2026-08-11T09:33:01.917+08:00 INFO  d.f.m.outbox.OutboxDispatcher request_id= idempotency_key= order_id= user_id= sku_id= payment_tx= - Outbox publication deferred outbox_id=26b669dd-9bb6-412b-b021-c1fa97ecb0bc command_id=483c9363e07403c8b535fa838eb05186d0d122882dbfdb25154870fd11fa3d80 outcome=RETRYABLE cause=MQCLIENTEXCEPTION
2026-08-11T09:33:01.926+08:00 INFO  d.f.m.outbox.OutboxDispatcher request_id= idempotency_key= order_id= user_id= sku_id= payment_tx= - Outbox publication deferred outbox_id=11c16368-0bd1-4ff4-8654-d53beae3f908 command_id=1978ec51babbee02307780c956ca77d1f1cda2abbaaa47fa95284d7164e969e5 outcome=RETRYABLE cause=MQCLIENTEXCEPTION
2026-08-11T09:33:01.940+08:00 INFO  d.f.m.outbox.OutboxDispatcher request_id= idempotency_key= order_id= user_id= sku_id= payment_tx= - Outbox publication deferred outbox_id=618da10d-9ec3-464b-a93d-27f9fc3ebe91 command_id=c6c94fc4bfe02d644d5802a48f11aec4c73ab9927962da8ea2e33d75fdcf24a1 outcome=RETRYABLE cause=MQCLIENTEXCEPTION
2026-08-11T09:33:01.951+08:00 INFO  d.f.m.outbox.OutboxDispatcher request_id= idempotency_key= order_id= user_id= sku_id= payment_tx= - Outbox publication deferred outbox_id=61db5337-00f2-4bd3-b27c-4adc3c1deb07 command_id=b5e7c24d0eb01a041c0dee8eccca9bffd4cf1936addc72b1d12e81b0b86d618e outcome=RETRYABLE cause=MQCLIENTEXCEPTION
2026-08-11T09:33:02.064+08:00 INFO  d.f.m.outbox.OutboxDispatcher request_id= idempotency_key= order_id= user_id= sku_id= payment_tx= - Outbox publication deferred outbox_id=df73ff24-1018-43f2-bba4-de13d41fe85d command_id=da2eeb5451d2adc95c2b67512c7da1b23fd07c63a31686b90a09301b4173faf3 outcome=RETRYABLE cause=MQCLIENTEXCEPTION
2026-08-11T09:33:02.066+08:00 INFO  d.f.m.outbox.OutboxDispatcher request_id= idempotency_key= order_id= user_id= sku_id= payment_tx= - Outbox publication deferred outbox_id=997d51c0-c1df-4b1f-a4d8-d8a81e1e75d4 command_id=7d47a9b2a64a44e697c1dd2729857cb91d7e39028a00c58a0c01bec4a63e4bdb outcome=RETRYABLE cause=MQCLIENTEXCEPTION
2026-08-11T09:33:02.181+08:00 INFO  d.f.m.outbox.OutboxDispatcher request_id= idempotency_key= order_id= user_id= sku_id= payment_tx= - Outbox publication deferred outbox_id=9905056b-0ee8-4d33-b4ff-13ed117f6dd4 command_id=106ea56966bf7f1891d60cf34fd6ef218d59ba4550235e91603e2ae53ce31a1e outcome=RETRYABLE cause=MQCLIENTEXCEPTION
2026-08-11T09:33:02.606+08:00 INFO  d.f.m.outbox.OutboxDispatcher request_id= idempotency_key= order_id= user_id= sku_id= payment_tx= - Outbox publication deferred outbox_id=2e7e6f5e-4df5-42bc-9e95-71c92f269b5f command_id=a62ed63d84a94cc767f0c5ef48ba5f833ec39a59188e37719f60a50ad2b87862 outcome=RETRYABLE cause=MQCLIENTEXCEPTION
2026-08-11T09:33:02.717+08:00 INFO  d.f.m.outbox.OutboxDispatcher request_id= idempotency_key= order_id= user_id= sku_id= payment_tx= - Outbox publication deferred outbox_id=9cb427f5-b3d6-4200-a6ba-e40630dfee65 command_id=1000463d62a4bb391cd23d1ba1709fa6147e495ee4cbd4c6089be765ed0804d6 outcome=RETRYABLE cause=MQCLIENTEXCEPTION
2026-08-11T09:33:02.828+08:00 INFO  d.f.m.outbox.OutboxDispatcher request_id= idempotency_key= order_id= user_id= sku_id= payment_tx= - Outbox publication deferred outbox_id=13123b1d-8567-4784-8cdb-6b84901c2e9f command_id=773a07864639ff877c97cc75acf6177c0719f50cdd89adcc7522362575a4bf5f outcome=RETRYABLE cause=MQCLIENTEXCEPTION
2026-08-11T09:33:02.830+08:00 INFO  d.f.m.outbox.OutboxDispatcher request_id= idempotency_key= order_id= user_id= sku_id= payment_tx= - Outbox publication deferred outbox_id=e8773f56-320e-4c97-a8bf-7853303b83d3 command_id=39a703b0847a0534438dd74296b0c1307a4a44a915de35c8241a9b532f3bbb0e outcome=RETRYABLE cause=MQCLIENTEXCEPTION
2026-08-11T09:33:02.832+08:00 INFO  d.f.m.outbox.OutboxDispatcher request_id= idempotency_key= order_id= user_id= sku_id= payment_tx= - Outbox publication deferred outbox_id=10a63044-4a5b-4f42-ae49-8685463e25fc command_id=8386c93e625cfaa971853aaa99832d635cbf4aea014ece4b3d53a8086b5c2af9 outcome=RETRYABLE cause=MQCLIENTEXCEPTION
2026-08-11T09:33:02.946+08:00 INFO  d.f.m.outbox.OutboxDispatcher request_id= idempotency_key= order_id= user_id= sku_id= payment_tx= - Outbox publication deferred outbox_id=26b669dd-9bb6-412b-b021-c1fa97ecb0bc command_id=483c9363e07403c8b535fa838eb05186d0d122882dbfdb25154870fd11fa3d80 outcome=RETRYABLE cause=MQCLIENTEXCEPTION
2026-08-11T09:33:02.949+08:00 INFO  d.f.m.outbox.OutboxDispatcher request_id= idempotency_key= order_id= user_id= sku_id= payment_tx= - Outbox publication deferred outbox_id=11c16368-0bd1-4ff4-8654-d53beae3f908 command_id=1978ec51babbee02307780c956ca77d1f1cda2abbaaa47fa95284d7164e969e5 outcome=RETRYABLE cause=MQCLIENTEXCEPTION
2026-08-11T09:33:02.952+08:00 INFO  d.f.m.outbox.OutboxDispatcher request_id= idempotency_key= order_id= user_id= sku_id= payment_tx= - Outbox publication deferred outbox_id=618da10d-9ec3-464b-a93d-27f9fc3ebe91 command_id=c6c94fc4bfe02d644d5802a48f11aec4c73ab9927962da8ea2e33d75fdcf24a1 outcome=RETRYABLE cause=MQCLIENTEXCEPTION
2026-08-11T09:33:03.065+08:00 INFO  d.f.m.outbox.OutboxDispatcher request_id= idempotency_key= order_id= user_id= sku_id= payment_tx= - Outbox publication deferred outbox_id=61db5337-00f2-4bd3-b27c-4adc3c1deb07 command_id=b5e7c24d0eb01a041c0dee8eccca9bffd4cf1936addc72b1d12e81b0b86d618e outcome=RETRYABLE cause=MQCLIENTEXCEPTION
2026-08-11T09:33:03.180+08:00 INFO  d.f.m.outbox.OutboxDispatcher request_id= idempotency_key= order_id= user_id= sku_id= payment_tx= - Outbox publication deferred outbox_id=df73ff24-1018-43f2-bba4-de13d41fe85d command_id=da2eeb5451d2adc95c2b67512c7da1b23fd07c63a31686b90a09301b4173faf3 outcome=RETRYABLE cause=MQCLIENTEXCEPTION
2026-08-11T09:33:03.182+08:00 INFO  d.f.m.outbox.OutboxDispatcher request_id= idempotency_key= order_id= user_id= sku_id= payment_tx= - Outbox publication deferred outbox_id=997d51c0-c1df-4b1f-a4d8-d8a81e1e75d4 command_id=7d47a9b2a64a44e697c1dd2729857cb91d7e39028a00c58a0c01bec4a63e4bdb outcome=RETRYABLE cause=MQCLIENTEXCEPTION
2026-08-11T09:33:03.292+08:00 INFO  d.f.m.outbox.OutboxDispatcher request_id= idempotency_key= order_id= user_id= sku_id= payment_tx= - Outbox publication deferred outbox_id=9905056b-0ee8-4d33-b4ff-13ed117f6dd4 command_id=106ea56966bf7f1891d60cf34fd6ef218d59ba4550235e91603e2ae53ce31a1e outcome=RETRYABLE cause=MQCLIENTEXCEPTION
2026-08-11T09:33:03.618+08:00 INFO  d.f.m.outbox.OutboxDispatcher request_id= idempotency_key= order_id= user_id= sku_id= payment_tx= - Outbox publication deferred outbox_id=2e7e6f5e-4df5-42bc-9e95-71c92f269b5f command_id=a62ed63d84a94cc767f0c5ef48ba5f833ec39a59188e37719f60a50ad2b87862 outcome=RETRYABLE cause=MQCLIENTEXCEPTION
2026-08-11T09:33:03.731+08:00 INFO  d.f.m.outbox.OutboxDispatcher request_id= idempotency_key= order_id= user_id= sku_id= payment_tx= - Outbox publication deferred outbox_id=9cb427f5-b3d6-4200-a6ba-e40630dfee65 command_id=1000463d62a4bb391cd23d1ba1709fa6147e495ee4cbd4c6089be765ed0804d6 outcome=RETRYABLE cause=MQCLIENTEXCEPTION
2026-08-11T09:33:03.849+08:00 INFO  d.f.m.outbox.OutboxDispatcher request_id= idempotency_key= order_id= user_id= sku_id= payment_tx= - Outbox publication deferred outbox_id=13123b1d-8567-4784-8cdb-6b84901c2e9f command_id=773a07864639ff877c97cc75acf6177c0719f50cdd89adcc7522362575a4bf5f outcome=RETRYABLE cause=MQCLIENTEXCEPTION
2026-08-11T09:33:03.851+08:00 INFO  d.f.m.outbox.OutboxDispatcher request_id= idempotency_key= order_id= user_id= sku_id= payment_tx= - Outbox publication deferred outbox_id=e8773f56-320e-4c97-a8bf-7853303b83d3 command_id=39a703b0847a0534438dd74296b0c1307a4a44a915de35c8241a9b532f3bbb0e outcome=RETRYABLE cause=MQCLIENTEXCEPTION
2026-08-11T09:33:03.854+08:00 INFO  d.f.m.outbox.OutboxDispatcher request_id= idempotency_key= order_id= user_id= sku_id= payment_tx= - Outbox publication deferred outbox_id=10a63044-4a5b-4f42-ae49-8685463e25fc command_id=8386c93e625cfaa971853aaa99832d635cbf4aea014ece4b3d53a8086b5c2af9 outcome=RETRYABLE cause=MQCLIENTEXCEPTION
2026-08-11T09:33:03.966+08:00 INFO  d.f.m.outbox.OutboxDispatcher request_id= idempotency_key= order_id= user_id= sku_id= payment_tx= - Outbox publication deferred outbox_id=26b669dd-9bb6-412b-b021-c1fa97ecb0bc command_id=483c9363e07403c8b535fa838eb05186d0d122882dbfdb25154870fd11fa3d80 outcome=RETRYABLE cause=MQCLIENTEXCEPTION
2026-08-11T09:33:03.968+08:00 INFO  d.f.m.outbox.OutboxDispatcher request_id= idempotency_key= order_id= user_id= sku_id= payment_tx= - Outbox publication deferred outbox_id=11c16368-0bd1-4ff4-8654-d53beae3f908 command_id=1978ec51babbee02307780c956ca77d1f1cda2abbaaa47fa95284d7164e969e5 outcome=RETRYABLE cause=MQCLIENTEXCEPTION
2026-08-11T09:33:03.970+08:00 INFO  d.f.m.outbox.OutboxDispatcher request_id= idempotency_key= order_id= user_id= sku_id= payment_tx= - Outbox publication deferred outbox_id=618da10d-9ec3-464b-a93d-27f9fc3ebe91 command_id=c6c94fc4bfe02d644d5802a48f11aec4c73ab9927962da8ea2e33d75fdcf24a1 outcome=RETRYABLE cause=MQCLIENTEXCEPTION
2026-08-11T09:33:04.081+08:00 INFO  d.f.m.outbox.OutboxDispatcher request_id= idempotency_key= order_id= user_id= sku_id= payment_tx= - Outbox publication deferred outbox_id=61db5337-00f2-4bd3-b27c-4adc3c1deb07 command_id=b5e7c24d0eb01a041c0dee8eccca9bffd4cf1936addc72b1d12e81b0b86d618e outcome=RETRYABLE cause=MQCLIENTEXCEPTION
2026-08-11T09:33:04.193+08:00 INFO  d.f.m.outbox.OutboxDispatcher request_id= idempotency_key= order_id= user_id= sku_id= payment_tx= - Outbox publication deferred outbox_id=df73ff24-1018-43f2-bba4-de13d41fe85d command_id=da2eeb5451d2adc95c2b67512c7da1b23fd07c63a31686b90a09301b4173faf3 outcome=RETRYABLE cause=MQCLIENTEXCEPTION
2026-08-11T09:33:04.195+08:00 INFO  d.f.m.outbox.OutboxDispatcher request_id= idempotency_key= order_id= user_id= sku_id= payment_tx= - Outbox publication deferred outbox_id=997d51c0-c1df-4b1f-a4d8-d8a81e1e75d4 command_id=7d47a9b2a64a44e697c1dd2729857cb91d7e39028a00c58a0c01bec4a63e4bdb outcome=RETRYABLE cause=MQCLIENTEXCEPTION
2026-08-11T09:33:04.307+08:00 INFO  d.f.m.outbox.OutboxDispatcher request_id= idempotency_key= order_id= user_id= sku_id= payment_tx= - Outbox publication deferred outbox_id=9905056b-0ee8-4d33-b4ff-13ed117f6dd4 command_id=106ea56966bf7f1891d60cf34fd6ef218d59ba4550235e91603e2ae53ce31a1e outcome=RETRYABLE cause=MQCLIENTEXCEPTION
2026-08-11T09:33:04.627+08:00 INFO  d.f.m.outbox.OutboxDispatcher request_id= idempotency_key= order_id= user_id= sku_id= payment_tx= - Outbox publication deferred outbox_id=2e7e6f5e-4df5-42bc-9e95-71c92f269b5f command_id=a62ed63d84a94cc767f0c5ef48ba5f833ec39a59188e37719f60a50ad2b87862 outcome=RETRYABLE cause=MQCLIENTEXCEPTION
2026-08-11T09:33:04.738+08:00 INFO  d.f.m.outbox.OutboxDispatcher request_id= idempotency_key= order_id= user_id= sku_id= payment_tx= - Outbox publication deferred outbox_id=9cb427f5-b3d6-4200-a6ba-e40630dfee65 command_id=1000463d62a4bb391cd23d1ba1709fa6147e495ee4cbd4c6089be765ed0804d6 outcome=RETRYABLE cause=MQCLIENTEXCEPTION
2026-08-11T09:33:04.955+08:00 INFO  d.f.m.outbox.OutboxDispatcher request_id= idempotency_key= order_id= user_id= sku_id= payment_tx= - Outbox publication deferred outbox_id=13123b1d-8567-4784-8cdb-6b84901c2e9f command_id=773a07864639ff877c97cc75acf6177c0719f50cdd89adcc7522362575a4bf5f outcome=RETRYABLE cause=MQCLIENTEXCEPTION
2026-08-11T09:33:04.958+08:00 INFO  d.f.m.outbox.OutboxDispatcher request_id= idempotency_key= order_id= user_id= sku_id= payment_tx= - Outbox publication deferred outbox_id=e8773f56-320e-4c97-a8bf-7853303b83d3 command_id=39a703b0847a0534438dd74296b0c1307a4a44a915de35c8241a9b532f3bbb0e outcome=RETRYABLE cause=MQCLIENTEXCEPTION
2026-08-11T09:33:04.960+08:00 INFO  d.f.m.outbox.OutboxDispatcher request_id= idempotency_key= order_id= user_id= sku_id= payment_tx= - Outbox publication deferred outbox_id=10a63044-4a5b-4f42-ae49-8685463e25fc command_id=8386c93e625cfaa971853aaa99832d635cbf4aea014ece4b3d53a8086b5c2af9 outcome=RETRYABLE cause=MQCLIENTEXCEPTION
2026-08-11T09:33:05.075+08:00 INFO  d.f.m.outbox.OutboxDispatcher request_id= idempotency_key= order_id= user_id= sku_id= payment_tx= - Outbox publication deferred outbox_id=26b669dd-9bb6-412b-b021-c1fa97ecb0bc command_id=483c9363e07403c8b535fa838eb05186d0d122882dbfdb25154870fd11fa3d80 outcome=RETRYABLE cause=MQCLIENTEXCEPTION
2026-08-11T09:33:05.078+08:00 INFO  d.f.m.outbox.OutboxDispatcher request_id= idempotency_key= order_id= user_id= sku_id= payment_tx= - Outbox publication deferred outbox_id=11c16368-0bd1-4ff4-8654-d53beae3f908 command_id=1978ec51babbee02307780c956ca77d1f1cda2abbaaa47fa95284d7164e969e5 outcome=RETRYABLE cause=MQCLIENTEXCEPTION
2026-08-11T09:33:05.081+08:00 INFO  d.f.m.outbox.OutboxDispatcher request_id= idempotency_key= order_id= user_id= sku_id= payment_tx= - Outbox publication deferred outbox_id=618da10d-9ec3-464b-a93d-27f9fc3ebe91 command_id=c6c94fc4bfe02d644d5802a48f11aec4c73ab9927962da8ea2e33d75fdcf24a1 outcome=RETRYABLE cause=MQCLIENTEXCEPTION
2026-08-11T09:33:05.190+08:00 INFO  d.f.m.outbox.OutboxDispatcher request_id= idempotency_key= order_id= user_id= sku_id= payment_tx= - Outbox publication deferred outbox_id=61db5337-00f2-4bd3-b27c-4adc3c1deb07 command_id=b5e7c24d0eb01a041c0dee8eccca9bffd4cf1936addc72b1d12e81b0b86d618e outcome=RETRYABLE cause=MQCLIENTEXCEPTION
2026-08-11T09:33:05.300+08:00 INFO  d.f.m.outbox.OutboxDispatcher request_id= idempotency_key= order_id= user_id= sku_id= payment_tx= - Outbox publication deferred outbox_id=df73ff24-1018-43f2-bba4-de13d41fe85d command_id=da2eeb5451d2adc95c2b67512c7da1b23fd07c63a31686b90a09301b4173faf3 outcome=RETRYABLE cause=MQCLIENTEXCEPTION
2026-08-11T09:33:05.303+08:00 INFO  d.f.m.outbox.OutboxDispatcher request_id= idempotency_key= order_id= user_id= sku_id= payment_tx= - Outbox publication deferred outbox_id=997d51c0-c1df-4b1f-a4d8-d8a81e1e75d4 command_id=7d47a9b2a64a44e697c1dd2729857cb91d7e39028a00c58a0c01bec4a63e4bdb outcome=RETRYABLE cause=MQCLIENTEXCEPTION
2026-08-11T09:33:05.412+08:00 INFO  d.f.m.outbox.OutboxDispatcher request_id= idempotency_key= order_id= user_id= sku_id= payment_tx= - Outbox publication deferred outbox_id=9905056b-0ee8-4d33-b4ff-13ed117f6dd4 command_id=106ea56966bf7f1891d60cf34fd6ef218d59ba4550235e91603e2ae53ce31a1e outcome=RETRYABLE cause=MQCLIENTEXCEPTION
2026-08-11T09:33:05.734+08:00 INFO  d.f.m.outbox.OutboxDispatcher request_id= idempotency_key= order_id= user_id= sku_id= payment_tx= - Outbox publication deferred outbox_id=2e7e6f5e-4df5-42bc-9e95-71c92f269b5f command_id=a62ed63d84a94cc767f0c5ef48ba5f833ec39a59188e37719f60a50ad2b87862 outcome=RETRYABLE cause=MQCLIENTEXCEPTION
2026-08-11T09:33:05.846+08:00 INFO  d.f.m.outbox.OutboxDispatcher request_id= idempotency_key= order_id= user_id= sku_id= payment_tx= - Outbox publication deferred outbox_id=9cb427f5-b3d6-4200-a6ba-e40630dfee65 command_id=1000463d62a4bb391cd23d1ba1709fa6147e495ee4cbd4c6089be765ed0804d6 outcome=RETRYABLE cause=MQCLIENTEXCEPTION
2026-08-11T09:33:06.067+08:00 INFO  d.f.m.outbox.OutboxDispatcher request_id= idempotency_key= order_id= user_id= sku_id= payment_tx= - Outbox publication deferred outbox_id=13123b1d-8567-4784-8cdb-6b84901c2e9f command_id=773a07864639ff877c97cc75acf6177c0719f50cdd89adcc7522362575a4bf5f outcome=RETRYABLE cause=MQCLIENTEXCEPTION
2026-08-11T09:33:06.069+08:00 INFO  d.f.m.outbox.OutboxDispatcher request_id= idempotency_key= order_id= user_id= sku_id= payment_tx= - Outbox publication deferred outbox_id=e8773f56-320e-4c97-a8bf-7853303b83d3 command_id=39a703b0847a0534438dd74296b0c1307a4a44a915de35c8241a9b532f3bbb0e outcome=RETRYABLE cause=MQCLIENTEXCEPTION
2026-08-11T09:33:06.072+08:00 INFO  d.f.m.outbox.OutboxDispatcher request_id= idempotency_key= order_id= user_id= sku_id= payment_tx= - Outbox publication deferred outbox_id=10a63044-4a5b-4f42-ae49-8685463e25fc command_id=8386c93e625cfaa971853aaa99832d635cbf4aea014ece4b3d53a8086b5c2af9 outcome=RETRYABLE cause=MQCLIENTEXCEPTION
2026-08-11T09:33:06.186+08:00 INFO  d.f.m.outbox.OutboxDispatcher request_id= idempotency_key= order_id= user_id= sku_id= payment_tx= - Outbox publication deferred outbox_id=26b669dd-9bb6-412b-b021-c1fa97ecb0bc command_id=483c9363e07403c8b535fa838eb05186d0d122882dbfdb25154870fd11fa3d80 outcome=RETRYABLE cause=MQCLIENTEXCEPTION
2026-08-11T09:33:06.188+08:00 INFO  d.f.m.outbox.OutboxDispatcher request_id= idempotency_key= order_id= user_id= sku_id= payment_tx= - Outbox publication deferred outbox_id=11c16368-0bd1-4ff4-8654-d53beae3f908 command_id=1978ec51babbee02307780c956ca77d1f1cda2abbaaa47fa95284d7164e969e5 outcome=RETRYABLE cause=MQCLIENTEXCEPTION
2026-08-11T09:33:06.191+08:00 INFO  d.f.m.outbox.OutboxDispatcher request_id= idempotency_key= order_id= user_id= sku_id= payment_tx= - Outbox publication deferred outbox_id=618da10d-9ec3-464b-a93d-27f9fc3ebe91 command_id=c6c94fc4bfe02d644d5802a48f11aec4c73ab9927962da8ea2e33d75fdcf24a1 outcome=RETRYABLE cause=MQCLIENTEXCEPTION
2026-08-11T09:33:06.303+08:00 INFO  d.f.m.outbox.OutboxDispatcher request_id= idempotency_key= order_id= user_id= sku_id= payment_tx= - Outbox publication deferred outbox_id=61db5337-00f2-4bd3-b27c-4adc3c1deb07 command_id=b5e7c24d0eb01a041c0dee8eccca9bffd4cf1936addc72b1d12e81b0b86d618e outcome=RETRYABLE cause=MQCLIENTEXCEPTION
2026-08-11T09:33:06.417+08:00 INFO  d.f.m.outbox.OutboxDispatcher request_id= idempotency_key= order_id= user_id= sku_id= payment_tx= - Outbox publication deferred outbox_id=df73ff24-1018-43f2-bba4-de13d41fe85d command_id=da2eeb5451d2adc95c2b67512c7da1b23fd07c63a31686b90a09301b4173faf3 outcome=RETRYABLE cause=MQCLIENTEXCEPTION
2026-08-11T09:33:06.420+08:00 INFO  d.f.m.outbox.OutboxDispatcher request_id= idempotency_key= order_id= user_id= sku_id= payment_tx= - Outbox publication deferred outbox_id=997d51c0-c1df-4b1f-a4d8-d8a81e1e75d4 command_id=7d47a9b2a64a44e697c1dd2729857cb91d7e39028a00c58a0c01bec4a63e4bdb outcome=RETRYABLE cause=MQCLIENTEXCEPTION
2026-08-11T09:33:06.532+08:00 INFO  d.f.m.outbox.OutboxDispatcher request_id= idempotency_key= order_id= user_id= sku_id= payment_tx= - Outbox publication deferred outbox_id=9905056b-0ee8-4d33-b4ff-13ed117f6dd4 command_id=106ea56966bf7f1891d60cf34fd6ef218d59ba4550235e91603e2ae53ce31a1e outcome=RETRYABLE cause=MQCLIENTEXCEPTION
2026-08-11T09:33:06.747+08:00 INFO  d.f.m.outbox.OutboxDispatcher request_id= idempotency_key= order_id= user_id= sku_id= payment_tx= - Outbox publication deferred outbox_id=2e7e6f5e-4df5-42bc-9e95-71c92f269b5f command_id=a62ed63d84a94cc767f0c5ef48ba5f833ec39a59188e37719f60a50ad2b87862 outcome=RETRYABLE cause=MQCLIENTEXCEPTION
2026-08-11T09:33:06.861+08:00 INFO  d.f.m.outbox.OutboxDispatcher request_id= idempotency_key= order_id= user_id= sku_id= payment_tx= - Outbox publication deferred outbox_id=9cb427f5-b3d6-4200-a6ba-e40630dfee65 command_id=1000463d62a4bb391cd23d1ba1709fa6147e495ee4cbd4c6089be765ed0804d6 outcome=RETRYABLE cause=MQCLIENTEXCEPTION
2026-08-11T09:33:07.073+08:00 INFO  d.f.m.outbox.OutboxDispatcher request_id= idempotency_key= order_id= user_id= sku_id= payment_tx= - Outbox publication deferred outbox_id=13123b1d-8567-4784-8cdb-6b84901c2e9f command_id=773a07864639ff877c97cc75acf6177c0719f50cdd89adcc7522362575a4bf5f outcome=RETRYABLE cause=MQCLIENTEXCEPTION
2026-08-11T09:33:07.185+08:00 INFO  d.f.m.outbox.OutboxDispatcher request_id= idempotency_key= order_id= user_id= sku_id= payment_tx= - Outbox publication deferred outbox_id=e8773f56-320e-4c97-a8bf-7853303b83d3 command_id=39a703b0847a0534438dd74296b0c1307a4a44a915de35c8241a9b532f3bbb0e outcome=RETRYABLE cause=MQCLIENTEXCEPTION
2026-08-11T09:33:07.188+08:00 INFO  d.f.m.outbox.OutboxDispatcher request_id= idempotency_key= order_id= user_id= sku_id= payment_tx= - Outbox publication deferred outbox_id=10a63044-4a5b-4f42-ae49-8685463e25fc command_id=8386c93e625cfaa971853aaa99832d635cbf4aea014ece4b3d53a8086b5c2af9 outcome=RETRYABLE cause=MQCLIENTEXCEPTION
2026-08-11T09:33:07.302+08:00 INFO  d.f.m.outbox.OutboxDispatcher request_id= idempotency_key= order_id= user_id= sku_id= payment_tx= - Outbox publication deferred outbox_id=26b669dd-9bb6-412b-b021-c1fa97ecb0bc command_id=483c9363e07403c8b535fa838eb05186d0d122882dbfdb25154870fd11fa3d80 outcome=RETRYABLE cause=MQCLIENTEXCEPTION
2026-08-11T09:33:07.305+08:00 INFO  d.f.m.outbox.OutboxDispatcher request_id= idempotency_key= order_id= user_id= sku_id= payment_tx= - Outbox publication deferred outbox_id=11c16368-0bd1-4ff4-8654-d53beae3f908 command_id=1978ec51babbee02307780c956ca77d1f1cda2abbaaa47fa95284d7164e969e5 outcome=RETRYABLE cause=MQCLIENTEXCEPTION
2026-08-11T09:33:07.308+08:00 INFO  d.f.m.outbox.OutboxDispatcher request_id= idempotency_key= order_id= user_id= sku_id= payment_tx= - Outbox publication deferred outbox_id=618da10d-9ec3-464b-a93d-27f9fc3ebe91 command_id=c6c94fc4bfe02d644d5802a48f11aec4c73ab9927962da8ea2e33d75fdcf24a1 outcome=RETRYABLE cause=MQCLIENTEXCEPTION
2026-08-11T09:33:07.420+08:00 INFO  d.f.m.outbox.OutboxDispatcher request_id= idempotency_key= order_id= user_id= sku_id= payment_tx= - Outbox publication deferred outbox_id=61db5337-00f2-4bd3-b27c-4adc3c1deb07 command_id=b5e7c24d0eb01a041c0dee8eccca9bffd4cf1936addc72b1d12e81b0b86d618e outcome=RETRYABLE cause=MQCLIENTEXCEPTION
2026-08-11T09:33:07.533+08:00 INFO  d.f.m.outbox.OutboxDispatcher request_id= idempotency_key= order_id= user_id= sku_id= payment_tx= - Outbox publication deferred outbox_id=df73ff24-1018-43f2-bba4-de13d41fe85d command_id=da2eeb5451d2adc95c2b67512c7da1b23fd07c63a31686b90a09301b4173faf3 outcome=RETRYABLE cause=MQCLIENTEXCEPTION
2026-08-11T09:33:07.535+08:00 INFO  d.f.m.outbox.OutboxDispatcher request_id= idempotency_key= order_id= user_id= sku_id= payment_tx= - Outbox publication deferred outbox_id=997d51c0-c1df-4b1f-a4d8-d8a81e1e75d4 command_id=7d47a9b2a64a44e697c1dd2729857cb91d7e39028a00c58a0c01bec4a63e4bdb outcome=RETRYABLE cause=MQCLIENTEXCEPTION
2026-08-11T09:33:07.647+08:00 INFO  d.f.m.outbox.OutboxDispatcher request_id= idempotency_key= order_id= user_id= sku_id= payment_tx= - Outbox publication deferred outbox_id=9905056b-0ee8-4d33-b4ff-13ed117f6dd4 command_id=106ea56966bf7f1891d60cf34fd6ef218d59ba4550235e91603e2ae53ce31a1e outcome=RETRYABLE cause=MQCLIENTEXCEPTION
2026-08-11T09:33:07.759+08:00 INFO  d.f.m.outbox.OutboxDispatcher request_id= idempotency_key= order_id= user_id= sku_id= payment_tx= - Outbox publication deferred outbox_id=2e7e6f5e-4df5-42bc-9e95-71c92f269b5f command_id=a62ed63d84a94cc767f0c5ef48ba5f833ec39a59188e37719f60a50ad2b87862 outcome=RETRYABLE cause=MQCLIENTEXCEPTION
2026-08-11T09:33:07.870+08:00 INFO  d.f.m.outbox.OutboxDispatcher request_id= idempotency_key= order_id= user_id= sku_id= payment_tx= - Outbox publication deferred outbox_id=9cb427f5-b3d6-4200-a6ba-e40630dfee65 command_id=1000463d62a4bb391cd23d1ba1709fa6147e495ee4cbd4c6089be765ed0804d6 outcome=RETRYABLE cause=MQCLIENTEXCEPTION
2026-08-11T09:33:08.083+08:00 INFO  d.f.m.outbox.OutboxDispatcher request_id= idempotency_key= order_id= user_id= sku_id= payment_tx= - Outbox publication deferred outbox_id=13123b1d-8567-4784-8cdb-6b84901c2e9f command_id=773a07864639ff877c97cc75acf6177c0719f50cdd89adcc7522362575a4bf5f outcome=RETRYABLE cause=MQCLIENTEXCEPTION
2026-08-11T09:33:08.194+08:00 INFO  d.f.m.outbox.OutboxDispatcher request_id= idempotency_key= order_id= user_id= sku_id= payment_tx= - Outbox publication deferred outbox_id=e8773f56-320e-4c97-a8bf-7853303b83d3 command_id=39a703b0847a0534438dd74296b0c1307a4a44a915de35c8241a9b532f3bbb0e outcome=RETRYABLE cause=MQCLIENTEXCEPTION
2026-08-11T09:33:08.197+08:00 INFO  d.f.m.outbox.OutboxDispatcher request_id= idempotency_key= order_id= user_id= sku_id= payment_tx= - Outbox publication deferred outbox_id=10a63044-4a5b-4f42-ae49-8685463e25fc command_id=8386c93e625cfaa971853aaa99832d635cbf4aea014ece4b3d53a8086b5c2af9 outcome=RETRYABLE cause=MQCLIENTEXCEPTION
2026-08-11T09:33:08.412+08:00 INFO  d.f.m.outbox.OutboxDispatcher request_id= idempotency_key= order_id= user_id= sku_id= payment_tx= - Outbox publication deferred outbox_id=26b669dd-9bb6-412b-b021-c1fa97ecb0bc command_id=483c9363e07403c8b535fa838eb05186d0d122882dbfdb25154870fd11fa3d80 outcome=RETRYABLE cause=MQCLIENTEXCEPTION
2026-08-11T09:33:08.414+08:00 INFO  d.f.m.outbox.OutboxDispatcher request_id= idempotency_key= order_id= user_id= sku_id= payment_tx= - Outbox publication deferred outbox_id=11c16368-0bd1-4ff4-8654-d53beae3f908 command_id=1978ec51babbee02307780c956ca77d1f1cda2abbaaa47fa95284d7164e969e5 outcome=RETRYABLE cause=MQCLIENTEXCEPTION
2026-08-11T09:33:08.416+08:00 INFO  d.f.m.outbox.OutboxDispatcher request_id= idempotency_key= order_id= user_id= sku_id= payment_tx= - Outbox publication deferred outbox_id=618da10d-9ec3-464b-a93d-27f9fc3ebe91 command_id=c6c94fc4bfe02d644d5802a48f11aec4c73ab9927962da8ea2e33d75fdcf24a1 outcome=RETRYABLE cause=MQCLIENTEXCEPTION
2026-08-11T09:33:08.529+08:00 INFO  d.f.m.outbox.OutboxDispatcher request_id= idempotency_key= order_id= user_id= sku_id= payment_tx= - Outbox publication deferred outbox_id=61db5337-00f2-4bd3-b27c-4adc3c1deb07 command_id=b5e7c24d0eb01a041c0dee8eccca9bffd4cf1936addc72b1d12e81b0b86d618e outcome=RETRYABLE cause=MQCLIENTEXCEPTION
2026-08-11T09:33:08.641+08:00 INFO  d.f.m.outbox.OutboxDispatcher request_id= idempotency_key= order_id= user_id= sku_id= payment_tx= - Outbox publication deferred outbox_id=df73ff24-1018-43f2-bba4-de13d41fe85d command_id=da2eeb5451d2adc95c2b67512c7da1b23fd07c63a31686b90a09301b4173faf3 outcome=RETRYABLE cause=MQCLIENTEXCEPTION
2026-08-11T09:33:08.644+08:00 INFO  d.f.m.outbox.OutboxDispatcher request_id= idempotency_key= order_id= user_id= sku_id= payment_tx= - Outbox publication deferred outbox_id=997d51c0-c1df-4b1f-a4d8-d8a81e1e75d4 command_id=7d47a9b2a64a44e697c1dd2729857cb91d7e39028a00c58a0c01bec4a63e4bdb outcome=RETRYABLE cause=MQCLIENTEXCEPTION
2026-08-11T09:33:08.756+08:00 INFO  d.f.m.outbox.OutboxDispatcher request_id= idempotency_key= order_id= user_id= sku_id= payment_tx= - Outbox publication deferred outbox_id=9905056b-0ee8-4d33-b4ff-13ed117f6dd4 command_id=106ea56966bf7f1891d60cf34fd6ef218d59ba4550235e91603e2ae53ce31a1e outcome=RETRYABLE cause=MQCLIENTEXCEPTION
2026-08-11T09:33:08.869+08:00 INFO  d.f.m.outbox.OutboxDispatcher request_id= idempotency_key= order_id= user_id= sku_id= payment_tx= - Outbox publication deferred outbox_id=2e7e6f5e-4df5-42bc-9e95-71c92f269b5f command_id=a62ed63d84a94cc767f0c5ef48ba5f833ec39a59188e37719f60a50ad2b87862 outcome=RETRYABLE cause=MQCLIENTEXCEPTION
2026-08-11T09:33:08.981+08:00 INFO  d.f.m.outbox.OutboxDispatcher request_id= idempotency_key= order_id= user_id= sku_id= payment_tx= - Outbox publication deferred outbox_id=9cb427f5-b3d6-4200-a6ba-e40630dfee65 command_id=1000463d62a4bb391cd23d1ba1709fa6147e495ee4cbd4c6089be765ed0804d6 outcome=RETRYABLE cause=MQCLIENTEXCEPTION
2026-08-11T09:33:09.133+08:00 INFO  d.f.m.outbox.OutboxDispatcher request_id= idempotency_key= order_id= user_id= sku_id= payment_tx= - Outbox publication deferred outbox_id=13123b1d-8567-4784-8cdb-6b84901c2e9f command_id=773a07864639ff877c97cc75acf6177c0719f50cdd89adcc7522362575a4bf5f outcome=RETRYABLE cause=MQCLIENTEXCEPTION
2026-08-11T09:33:09.245+08:00 INFO  d.f.m.outbox.OutboxDispatcher request_id= idempotency_key= order_id= user_id= sku_id= payment_tx= - Outbox publication deferred outbox_id=e8773f56-320e-4c97-a8bf-7853303b83d3 command_id=39a703b0847a0534438dd74296b0c1307a4a44a915de35c8241a9b532f3bbb0e outcome=RETRYABLE cause=MQCLIENTEXCEPTION
2026-08-11T09:33:09.247+08:00 INFO  d.f.m.outbox.OutboxDispatcher request_id= idempotency_key= order_id= user_id= sku_id= payment_tx= - Outbox publication deferred outbox_id=10a63044-4a5b-4f42-ae49-8685463e25fc command_id=8386c93e625cfaa971853aaa99832d635cbf4aea014ece4b3d53a8086b5c2af9 outcome=RETRYABLE cause=MQCLIENTEXCEPTION
2026-08-11T09:33:09.466+08:00 INFO  d.f.m.outbox.OutboxDispatcher request_id= idempotency_key= order_id= user_id= sku_id= payment_tx= - Outbox publication deferred outbox_id=26b669dd-9bb6-412b-b021-c1fa97ecb0bc command_id=483c9363e07403c8b535fa838eb05186d0d122882dbfdb25154870fd11fa3d80 outcome=RETRYABLE cause=MQCLIENTEXCEPTION
2026-08-11T09:33:09.468+08:00 INFO  d.f.m.outbox.OutboxDispatcher request_id= idempotency_key= order_id= user_id= sku_id= payment_tx= - Outbox publication deferred outbox_id=11c16368-0bd1-4ff4-8654-d53beae3f908 command_id=1978ec51babbee02307780c956ca77d1f1cda2abbaaa47fa95284d7164e969e5 outcome=RETRYABLE cause=MQCLIENTEXCEPTION
2026-08-11T09:33:09.471+08:00 INFO  d.f.m.outbox.OutboxDispatcher request_id= idempotency_key= order_id= user_id= sku_id= payment_tx= - Outbox publication deferred outbox_id=618da10d-9ec3-464b-a93d-27f9fc3ebe91 command_id=c6c94fc4bfe02d644d5802a48f11aec4c73ab9927962da8ea2e33d75fdcf24a1 outcome=RETRYABLE cause=MQCLIENTEXCEPTION
2026-08-11T09:33:09.582+08:00 INFO  d.f.m.outbox.OutboxDispatcher request_id= idempotency_key= order_id= user_id= sku_id= payment_tx= - Outbox publication deferred outbox_id=61db5337-00f2-4bd3-b27c-4adc3c1deb07 command_id=b5e7c24d0eb01a041c0dee8eccca9bffd4cf1936addc72b1d12e81b0b86d618e outcome=RETRYABLE cause=MQCLIENTEXCEPTION
2026-08-11T09:33:09.692+08:00 INFO  d.f.m.outbox.OutboxDispatcher request_id= idempotency_key= order_id= user_id= sku_id= payment_tx= - Outbox publication deferred outbox_id=df73ff24-1018-43f2-bba4-de13d41fe85d command_id=da2eeb5451d2adc95c2b67512c7da1b23fd07c63a31686b90a09301b4173faf3 outcome=RETRYABLE cause=MQCLIENTEXCEPTION
2026-08-11T09:33:09.695+08:00 INFO  d.f.m.outbox.OutboxDispatcher request_id= idempotency_key= order_id= user_id= sku_id= payment_tx= - Outbox publication deferred outbox_id=997d51c0-c1df-4b1f-a4d8-d8a81e1e75d4 command_id=7d47a9b2a64a44e697c1dd2729857cb91d7e39028a00c58a0c01bec4a63e4bdb outcome=RETRYABLE cause=MQCLIENTEXCEPTION
2026-08-11T09:33:09.808+08:00 INFO  d.f.m.outbox.OutboxDispatcher request_id= idempotency_key= order_id= user_id= sku_id= payment_tx= - Outbox publication deferred outbox_id=9905056b-0ee8-4d33-b4ff-13ed117f6dd4 command_id=106ea56966bf7f1891d60cf34fd6ef218d59ba4550235e91603e2ae53ce31a1e outcome=RETRYABLE cause=MQCLIENTEXCEPTION
2026-08-11T09:33:09.918+08:00 INFO  d.f.m.outbox.OutboxDispatcher request_id= idempotency_key= order_id= user_id= sku_id= payment_tx= - Outbox publication deferred outbox_id=2e7e6f5e-4df5-42bc-9e95-71c92f269b5f command_id=a62ed63d84a94cc767f0c5ef48ba5f833ec39a59188e37719f60a50ad2b87862 outcome=RETRYABLE cause=MQCLIENTEXCEPTION
2026-08-11T09:33:10.026+08:00 INFO  d.f.m.outbox.OutboxDispatcher request_id= idempotency_key= order_id= user_id= sku_id= payment_tx= - Outbox publication deferred outbox_id=9cb427f5-b3d6-4200-a6ba-e40630dfee65 command_id=1000463d62a4bb391cd23d1ba1709fa6147e495ee4cbd4c6089be765ed0804d6 outcome=RETRYABLE cause=MQCLIENTEXCEPTION
2026-08-11T09:33:10.138+08:00 INFO  d.f.m.outbox.OutboxDispatcher request_id= idempotency_key= order_id= user_id= sku_id= payment_tx= - Outbox publication deferred outbox_id=13123b1d-8567-4784-8cdb-6b84901c2e9f command_id=773a07864639ff877c97cc75acf6177c0719f50cdd89adcc7522362575a4bf5f outcome=RETRYABLE cause=MQCLIENTEXCEPTION
2026-08-11T09:33:10.251+08:00 INFO  d.f.m.outbox.OutboxDispatcher request_id= idempotency_key= order_id= user_id= sku_id= payment_tx= - Outbox publication deferred outbox_id=e8773f56-320e-4c97-a8bf-7853303b83d3 command_id=39a703b0847a0534438dd74296b0c1307a4a44a915de35c8241a9b532f3bbb0e outcome=RETRYABLE cause=MQCLIENTEXCEPTION
2026-08-11T09:33:10.371+08:00 INFO  d.f.m.outbox.OutboxDispatcher request_id= idempotency_key= order_id= user_id= sku_id= payment_tx= - Outbox publication deferred outbox_id=10a63044-4a5b-4f42-ae49-8685463e25fc command_id=8386c93e625cfaa971853aaa99832d635cbf4aea014ece4b3d53a8086b5c2af9 outcome=RETRYABLE cause=MQCLIENTEXCEPTION
2026-08-11T09:33:10.504+08:00 INFO  d.f.m.outbox.OutboxDispatcher request_id= idempotency_key= order_id= user_id= sku_id= payment_tx= - Outbox publication deferred outbox_id=26b669dd-9bb6-412b-b021-c1fa97ecb0bc command_id=483c9363e07403c8b535fa838eb05186d0d122882dbfdb25154870fd11fa3d80 outcome=RETRYABLE cause=MQCLIENTEXCEPTION
2026-08-11T09:33:10.514+08:00 INFO  d.f.m.outbox.OutboxDispatcher request_id= idempotency_key= order_id= user_id= sku_id= payment_tx= - Outbox publication deferred outbox_id=11c16368-0bd1-4ff4-8654-d53beae3f908 command_id=1978ec51babbee02307780c956ca77d1f1cda2abbaaa47fa95284d7164e969e5 outcome=RETRYABLE cause=MQCLIENTEXCEPTION
2026-08-11T09:33:10.520+08:00 INFO  d.f.m.outbox.OutboxDispatcher request_id= idempotency_key= order_id= user_id= sku_id= payment_tx= - Outbox publication deferred outbox_id=618da10d-9ec3-464b-a93d-27f9fc3ebe91 command_id=c6c94fc4bfe02d644d5802a48f11aec4c73ab9927962da8ea2e33d75fdcf24a1 outcome=RETRYABLE cause=MQCLIENTEXCEPTION
2026-08-11T09:33:10.642+08:00 INFO  d.f.m.outbox.OutboxDispatcher request_id= idempotency_key= order_id= user_id= sku_id= payment_tx= - Outbox publication deferred outbox_id=61db5337-00f2-4bd3-b27c-4adc3c1deb07 command_id=b5e7c24d0eb01a041c0dee8eccca9bffd4cf1936addc72b1d12e81b0b86d618e outcome=RETRYABLE cause=MQCLIENTEXCEPTION
2026-08-11T09:33:10.772+08:00 INFO  d.f.m.outbox.OutboxDispatcher request_id= idempotency_key= order_id= user_id= sku_id= payment_tx= - Outbox publication outbox_id=df73ff24-1018-43f2-bba4-de13d41fe85d command_id=da2eeb5451d2adc95c2b67512c7da1b23fd07c63a31686b90a09301b4173faf3 outcome=ACKNOWLEDGED
2026-08-11T09:33:10.777+08:00 INFO  d.f.m.outbox.OutboxDispatcher request_id= idempotency_key= order_id= user_id= sku_id= payment_tx= - Outbox publication outbox_id=997d51c0-c1df-4b1f-a4d8-d8a81e1e75d4 command_id=7d47a9b2a64a44e697c1dd2729857cb91d7e39028a00c58a0c01bec4a63e4bdb outcome=ACKNOWLEDGED
2026-08-11T09:33:10.891+08:00 INFO  d.f.m.outbox.OutboxDispatcher request_id= idempotency_key= order_id= user_id= sku_id= payment_tx= - Outbox publication outbox_id=9905056b-0ee8-4d33-b4ff-13ed117f6dd4 command_id=106ea56966bf7f1891d60cf34fd6ef218d59ba4550235e91603e2ae53ce31a1e outcome=ACKNOWLEDGED
2026-08-11T09:33:11.008+08:00 INFO  d.f.m.outbox.OutboxDispatcher request_id= idempotency_key= order_id= user_id= sku_id= payment_tx= - Outbox publication outbox_id=2e7e6f5e-4df5-42bc-9e95-71c92f269b5f command_id=a62ed63d84a94cc767f0c5ef48ba5f833ec39a59188e37719f60a50ad2b87862 outcome=ACKNOWLEDGED
2026-08-11T09:33:11.144+08:00 INFO  d.f.m.outbox.OutboxDispatcher request_id= idempotency_key= order_id= user_id= sku_id= payment_tx= - Outbox publication outbox_id=9cb427f5-b3d6-4200-a6ba-e40630dfee65 command_id=1000463d62a4bb391cd23d1ba1709fa6147e495ee4cbd4c6089be765ed0804d6 outcome=ACKNOWLEDGED
2026-08-11T09:33:11.262+08:00 INFO  d.f.m.outbox.OutboxDispatcher request_id= idempotency_key= order_id= user_id= sku_id= payment_tx= - Outbox publication outbox_id=13123b1d-8567-4784-8cdb-6b84901c2e9f command_id=773a07864639ff877c97cc75acf6177c0719f50cdd89adcc7522362575a4bf5f outcome=ACKNOWLEDGED
2026-08-11T09:33:11.384+08:00 INFO  d.f.m.outbox.OutboxDispatcher request_id= idempotency_key= order_id= user_id= sku_id= payment_tx= - Outbox publication outbox_id=e8773f56-320e-4c97-a8bf-7853303b83d3 command_id=39a703b0847a0534438dd74296b0c1307a4a44a915de35c8241a9b532f3bbb0e outcome=ACKNOWLEDGED
2026-08-11T09:33:11.392+08:00 INFO  d.f.m.outbox.OutboxDispatcher request_id= idempotency_key= order_id= user_id= sku_id= payment_tx= - Outbox publication outbox_id=10a63044-4a5b-4f42-ae49-8685463e25fc command_id=8386c93e625cfaa971853aaa99832d635cbf4aea014ece4b3d53a8086b5c2af9 outcome=ACKNOWLEDGED
2026-08-11T09:33:11.643+08:00 INFO  d.f.m.outbox.OutboxDispatcher request_id= idempotency_key= order_id= user_id= sku_id= payment_tx= - Outbox publication outbox_id=26b669dd-9bb6-412b-b021-c1fa97ecb0bc command_id=483c9363e07403c8b535fa838eb05186d0d122882dbfdb25154870fd11fa3d80 outcome=ACKNOWLEDGED
2026-08-11T09:33:11.654+08:00 INFO  d.f.m.outbox.OutboxDispatcher request_id= idempotency_key= order_id= user_id= sku_id= payment_tx= - Outbox publication outbox_id=11c16368-0bd1-4ff4-8654-d53beae3f908 command_id=1978ec51babbee02307780c956ca77d1f1cda2abbaaa47fa95284d7164e969e5 outcome=ACKNOWLEDGED
2026-08-11T09:33:11.664+08:00 INFO  d.f.m.outbox.OutboxDispatcher request_id= idempotency_key= order_id= user_id= sku_id= payment_tx= - Outbox publication outbox_id=618da10d-9ec3-464b-a93d-27f9fc3ebe91 command_id=c6c94fc4bfe02d644d5802a48f11aec4c73ab9927962da8ea2e33d75fdcf24a1 outcome=ACKNOWLEDGED
2026-08-11T09:33:11.783+08:00 INFO  d.f.m.outbox.OutboxDispatcher request_id= idempotency_key= order_id= user_id= sku_id= payment_tx= - Outbox publication outbox_id=61db5337-00f2-4bd3-b27c-4adc3c1deb07 command_id=b5e7c24d0eb01a041c0dee8eccca9bffd4cf1936addc72b1d12e81b0b86d618e outcome=ACKNOWLEDGED
2026-08-11T09:33:30.906+08:00 INFO  o.s.b.w.e.tomcat.GracefulShutdown request_id= idempotency_key= order_id= user_id= sku_id= payment_tx= - Commencing graceful shutdown. Waiting for active requests to complete
2026-08-11T09:33:32.911+08:00 INFO  o.s.b.w.e.tomcat.GracefulShutdown request_id= idempotency_key= order_id= user_id= sku_id= payment_tx= - Graceful shutdown complete
2026-08-11T09:33:32.911+08:00 ERROR org.apache.tomcat.util.net.Acceptor request_id= idempotency_key= order_id= user_id= sku_id= payment_tx= - Socket accept failed
java.nio.channels.AsynchronousCloseException: null
	at java.base/java.nio.channels.spi.AbstractInterruptibleChannel.end(AbstractInterruptibleChannel.java:218)
	at java.base/sun.nio.ch.ServerSocketChannelImpl.end(ServerSocketChannelImpl.java:372)
	at java.base/sun.nio.ch.ServerSocketChannelImpl.accept(ServerSocketChannelImpl.java:397)
	at org.apache.tomcat.util.net.NioEndpoint.serverSocketAccept(NioEndpoint.java:537)
	at org.apache.tomcat.util.net.NioEndpoint.serverSocketAccept(NioEndpoint.java:72)
	at org.apache.tomcat.util.net.Acceptor.run(Acceptor.java:127)
	at java.base/java.lang.Thread.run(Thread.java:1516)
2026-08-11T09:33:32.987+08:00 INFO  com.zaxxer.hikari.HikariDataSource request_id= idempotency_key= order_id= user_id= sku_id= payment_tx= - HikariPool-1 - Shutdown initiated...
2026-08-11T09:33:32.989+08:00 INFO  com.zaxxer.hikari.HikariDataSource request_id= idempotency_key= order_id= user_id= sku_id= payment_tx= - HikariPool-1 - Shutdown completed.
[INFO] Tests run: 1, Failures: 0, Errors: 0, Skipped: 0, Time elapsed: 55.88 s -- in dev.flashflow.V4OutboxBacklogDrainIntegrationTest
[INFO] Running dev.flashflow.V4OutboxProducerAckLossIntegrationTest
2026-08-11T09:33:33.000+08:00 INFO  o.s.t.c.s.AnnotationConfigContextLoaderUtils request_id= idempotency_key= order_id= user_id= sku_id= payment_tx= - Could not detect default configuration classes for test class [dev.flashflow.V4OutboxProducerAckLossIntegrationTest]: V4OutboxProducerAckLossIntegrationTest does not declare any static, non-private, non-final, nested classes annotated with @Configuration.
2026-08-11T09:33:33.001+08:00 INFO  o.s.b.t.c.SpringBootTestContextBootstrapper request_id= idempotency_key= order_id= user_id= sku_id= payment_tx= - Found @SpringBootConfiguration dev.flashflow.FlashFlowApplication for test class dev.flashflow.V4OutboxProducerAckLossIntegrationTest

  .   ____          _            __ _ _
 /\\ / ___'_ __ _ _(_)_ __  __ _ \ \ \ \
( ( )\___ | '_ | '_| | '_ \/ _` | \ \ \ \
 \\/  ___)| |_)| | | | | || (_| |  ) ) ) )
  '  |____| .__|_| |_|_| |_\__, | / / / /
 =========|_|==============|___/=/_/_/_/

 :: Spring Boot ::                (v3.5.5)

2026-08-11T09:33:33.025+08:00 INFO  d.f.V4OutboxProducerAckLossIntegrationTest request_id= idempotency_key= order_id= user_id= sku_id= payment_tx= - Starting V4OutboxProducerAckLossIntegrationTest using Java 26.0.2 with PID 40807 (started by yuzheng in /Users/yuzheng/Computeracy/Zhenkun26-GitHub/FlashFlow)
2026-08-11T09:33:33.026+08:00 INFO  d.f.V4OutboxProducerAckLossIntegrationTest request_id= idempotency_key= order_id= user_id= sku_id= payment_tx= - The following 1 profile is active: "test"
2026-08-11T09:33:33.147+08:00 INFO  o.s.d.r.c.RepositoryConfigurationDelegate request_id= idempotency_key= order_id= user_id= sku_id= payment_tx= - Multiple Spring Data modules found, entering strict repository configuration mode
2026-08-11T09:33:33.148+08:00 INFO  o.s.d.r.c.RepositoryConfigurationDelegate request_id= idempotency_key= order_id= user_id= sku_id= payment_tx= - Bootstrapping Spring Data Redis repositories in DEFAULT mode.
2026-08-11T09:33:33.153+08:00 INFO  o.s.d.r.c.RepositoryConfigurationDelegate request_id= idempotency_key= order_id= user_id= sku_id= payment_tx= - Finished Spring Data repository scanning in 4 ms. Found 0 Redis repository interfaces.
2026-08-11T09:33:33.193+08:00 INFO  o.s.b.w.e.tomcat.TomcatWebServer request_id= idempotency_key= order_id= user_id= sku_id= payment_tx= - Tomcat initialized with port 0 (http)
2026-08-11T09:33:33.193+08:00 INFO  o.a.catalina.core.StandardService request_id= idempotency_key= order_id= user_id= sku_id= payment_tx= - Starting service [Tomcat]
2026-08-11T09:33:33.193+08:00 INFO  o.a.catalina.core.StandardEngine request_id= idempotency_key= order_id= user_id= sku_id= payment_tx= - Starting Servlet engine: [Apache Tomcat/10.1.44]
2026-08-11T09:33:33.202+08:00 INFO  o.a.c.c.C.[Tomcat].[localhost].[/] request_id= idempotency_key= order_id= user_id= sku_id= payment_tx= - Initializing Spring embedded WebApplicationContext
2026-08-11T09:33:33.202+08:00 INFO  o.s.b.w.s.c.ServletWebServerApplicationContext request_id= idempotency_key= order_id= user_id= sku_id= payment_tx= - Root WebApplicationContext: initialization completed in 176 ms
Standard Commons Logging discovery in action with spring-jcl: please remove commons-logging.jar from classpath in order to avoid potential conflicts
2026-08-11T09:33:33.232+08:00 INFO  com.zaxxer.hikari.HikariDataSource request_id= idempotency_key= order_id= user_id= sku_id= payment_tx= - HikariPool-2 - Starting...
2026-08-11T09:33:33.243+08:00 INFO  com.zaxxer.hikari.pool.HikariPool request_id= idempotency_key= order_id= user_id= sku_id= payment_tx= - HikariPool-2 - Added connection com.mysql.cj.jdbc.ConnectionImpl@5ee29735
2026-08-11T09:33:33.243+08:00 INFO  com.zaxxer.hikari.HikariDataSource request_id= idempotency_key= order_id= user_id= sku_id= payment_tx= - HikariPool-2 - Start completed.
2026-08-11T09:33:33.246+08:00 INFO  org.flywaydb.core.FlywayExecutor request_id= idempotency_key= order_id= user_id= sku_id= payment_tx= - Database: jdbc:mysql://localhost:55697/flashflow (MySQL 8.4)
2026-08-11T09:33:33.250+08:00 WARN  o.f.c.i.database.base.Database request_id= idempotency_key= order_id= user_id= sku_id= payment_tx= - Flyway upgrade recommended: MySQL 8.4 is newer than this version of Flyway and support has not been tested. The latest supported version of MySQL is 8.1.
2026-08-11T09:33:33.258+08:00 INFO  o.f.core.internal.command.DbValidate request_id= idempotency_key= order_id= user_id= sku_id= payment_tx= - Successfully validated 4 migrations (execution time 00:00.007s)
2026-08-11T09:33:33.263+08:00 INFO  o.f.core.internal.command.DbMigrate request_id= idempotency_key= order_id= user_id= sku_id= payment_tx= - Current version of schema `flashflow`: 4
2026-08-11T09:33:33.263+08:00 INFO  o.f.core.internal.command.DbMigrate request_id= idempotency_key= order_id= user_id= sku_id= payment_tx= - Schema `flashflow` is up to date. No migration necessary.
2026-08-11T09:33:33.409+08:00 INFO  o.s.b.a.e.web.EndpointLinksResolver request_id= idempotency_key= order_id= user_id= sku_id= payment_tx= - Exposing 2 endpoints beneath base path '/actuator'
2026-08-11T09:33:33.415+08:00 INFO  o.s.b.w.e.tomcat.TomcatWebServer request_id= idempotency_key= order_id= user_id= sku_id= payment_tx= - Tomcat started on port 58374 (http) with context path '/'
2026-08-11T09:33:33.417+08:00 INFO  d.f.V4OutboxProducerAckLossIntegrationTest request_id= idempotency_key= order_id= user_id= sku_id= payment_tx= - Started V4OutboxProducerAckLossIntegrationTest in 0.414 seconds (process running for 56.561)
2026-08-11T09:33:35.452+08:00 INFO  o.a.c.c.C.[Tomcat].[localhost].[/] request_id= idempotency_key= order_id= user_id= sku_id= payment_tx= - Initializing Spring DispatcherServlet 'dispatcherServlet'
2026-08-11T09:33:35.452+08:00 INFO  o.s.web.servlet.DispatcherServlet request_id= idempotency_key= order_id= user_id= sku_id= payment_tx= - Initializing Servlet 'dispatcherServlet'
2026-08-11T09:33:35.453+08:00 INFO  o.s.web.servlet.DispatcherServlet request_id= idempotency_key= order_id= user_id= sku_id= payment_tx= - Completed initialization in 1 ms
2026-08-11T09:33:35.464+08:00 INFO  d.f.m.o.OutboxAsyncOrderApplicationService request_id=edcc73fb-e36f-49bb-ab10-33912a43b0dd idempotency_key=key-v4-ack-loss-654ec7e1 order_id= user_id=user-v4-ack-loss-654ec7e1 sku_id=sku-v4-ack-loss-654ec7e1 payment_tx= - Durable Outbox acceptance command_id=bf1418b8b3a4b58b9e2fb8ec2a17e055a6faa380508df67d17a537c3df8a47e7 status=ACCEPTED
2026-08-11T09:33:35.534+08:00 WARN  d.f.m.outbox.OutboxDispatcher request_id= idempotency_key= order_id= user_id= sku_id= payment_tx= - Outbox dispatch poll failed cause=INJECTEDMESSAGINGFAULT
2026-08-11T09:33:39.640+08:00 INFO  d.f.m.outbox.OutboxDispatcher request_id= idempotency_key= order_id= user_id= sku_id= payment_tx= - Outbox publication outbox_id=6917c6a2-0e44-49b6-b169-c0334ddfdef9 command_id=bf1418b8b3a4b58b9e2fb8ec2a17e055a6faa380508df67d17a537c3df8a47e7 outcome=ACKNOWLEDGED
2026-08-11T09:33:39.685+08:00 INFO  o.s.b.w.e.tomcat.GracefulShutdown request_id= idempotency_key= order_id= user_id= sku_id= payment_tx= - Commencing graceful shutdown. Waiting for active requests to complete
2026-08-11T09:33:41.692+08:00 INFO  o.s.b.w.e.tomcat.GracefulShutdown request_id= idempotency_key= order_id= user_id= sku_id= payment_tx= - Graceful shutdown complete
2026-08-11T09:33:41.692+08:00 ERROR org.apache.tomcat.util.net.Acceptor request_id= idempotency_key= order_id= user_id= sku_id= payment_tx= - Socket accept failed
java.nio.channels.AsynchronousCloseException: null
	at java.base/java.nio.channels.spi.AbstractInterruptibleChannel.end(AbstractInterruptibleChannel.java:218) ~[na:na]
	at java.base/sun.nio.ch.ServerSocketChannelImpl.end(ServerSocketChannelImpl.java:372) ~[na:na]
	at java.base/sun.nio.ch.ServerSocketChannelImpl.accept(ServerSocketChannelImpl.java:397) ~[na:na]
	at org.apache.tomcat.util.net.NioEndpoint.serverSocketAccept(NioEndpoint.java:537) ~[tomcat-embed-core-10.1.44.jar:10.1.44]
	at org.apache.tomcat.util.net.NioEndpoint.serverSocketAccept(NioEndpoint.java:72) ~[tomcat-embed-core-10.1.44.jar:10.1.44]
	at org.apache.tomcat.util.net.Acceptor.run(Acceptor.java:127) ~[tomcat-embed-core-10.1.44.jar:10.1.44]
	at java.base/java.lang.Thread.run(Thread.java:1516) ~[na:na]
2026-08-11T09:33:41.761+08:00 INFO  com.zaxxer.hikari.HikariDataSource request_id= idempotency_key= order_id= user_id= sku_id= payment_tx= - HikariPool-2 - Shutdown initiated...
2026-08-11T09:33:41.762+08:00 INFO  com.zaxxer.hikari.HikariDataSource request_id= idempotency_key= order_id= user_id= sku_id= payment_tx= - HikariPool-2 - Shutdown completed.
[INFO] Tests run: 1, Failures: 0, Errors: 0, Skipped: 0, Time elapsed: 8.766 s -- in dev.flashflow.V4OutboxProducerAckLossIntegrationTest
[INFO] Running dev.flashflow.V4OutboxRocketMqEndToEndIntegrationTest
2026-08-11T09:33:41.768+08:00 INFO  o.s.t.c.s.AnnotationConfigContextLoaderUtils request_id= idempotency_key= order_id= user_id= sku_id= payment_tx= - Could not detect default configuration classes for test class [dev.flashflow.V4OutboxRocketMqEndToEndIntegrationTest]: V4OutboxRocketMqEndToEndIntegrationTest does not declare any static, non-private, non-final, nested classes annotated with @Configuration.
2026-08-11T09:33:41.769+08:00 INFO  o.s.b.t.c.SpringBootTestContextBootstrapper request_id= idempotency_key= order_id= user_id= sku_id= payment_tx= - Found @SpringBootConfiguration dev.flashflow.FlashFlowApplication for test class dev.flashflow.V4OutboxRocketMqEndToEndIntegrationTest

  .   ____          _            __ _ _
 /\\ / ___'_ __ _ _(_)_ __  __ _ \ \ \ \
( ( )\___ | '_ | '_| | '_ \/ _` | \ \ \ \
 \\/  ___)| |_)| | | | | || (_| |  ) ) ) )
  '  |____| .__|_| |_|_| |_\__, | / / / /
 =========|_|==============|___/=/_/_/_/

 :: Spring Boot ::                (v3.5.5)

2026-08-11T09:33:41.783+08:00 INFO  d.f.V4OutboxRocketMqEndToEndIntegrationTest request_id= idempotency_key= order_id= user_id= sku_id= payment_tx= - Starting V4OutboxRocketMqEndToEndIntegrationTest using Java 26.0.2 with PID 40807 (started by yuzheng in /Users/yuzheng/Computeracy/Zhenkun26-GitHub/FlashFlow)
2026-08-11T09:33:41.783+08:00 INFO  d.f.V4OutboxRocketMqEndToEndIntegrationTest request_id= idempotency_key= order_id= user_id= sku_id= payment_tx= - The following 1 profile is active: "test"
2026-08-11T09:33:41.848+08:00 INFO  o.s.d.r.c.RepositoryConfigurationDelegate request_id= idempotency_key= order_id= user_id= sku_id= payment_tx= - Multiple Spring Data modules found, entering strict repository configuration mode
2026-08-11T09:33:41.848+08:00 INFO  o.s.d.r.c.RepositoryConfigurationDelegate request_id= idempotency_key= order_id= user_id= sku_id= payment_tx= - Bootstrapping Spring Data Redis repositories in DEFAULT mode.
2026-08-11T09:33:41.852+08:00 INFO  o.s.d.r.c.RepositoryConfigurationDelegate request_id= idempotency_key= order_id= user_id= sku_id= payment_tx= - Finished Spring Data repository scanning in 3 ms. Found 0 Redis repository interfaces.
2026-08-11T09:33:41.868+08:00 INFO  o.s.b.w.e.tomcat.TomcatWebServer request_id= idempotency_key= order_id= user_id= sku_id= payment_tx= - Tomcat initialized with port 0 (http)
2026-08-11T09:33:41.868+08:00 INFO  o.a.catalina.core.StandardService request_id= idempotency_key= order_id= user_id= sku_id= payment_tx= - Starting service [Tomcat]
2026-08-11T09:33:41.869+08:00 INFO  o.a.catalina.core.StandardEngine request_id= idempotency_key= order_id= user_id= sku_id= payment_tx= - Starting Servlet engine: [Apache Tomcat/10.1.44]
2026-08-11T09:33:41.874+08:00 INFO  o.a.c.c.C.[Tomcat].[localhost].[/] request_id= idempotency_key= order_id= user_id= sku_id= payment_tx= - Initializing Spring embedded WebApplicationContext
2026-08-11T09:33:41.874+08:00 INFO  o.s.b.w.s.c.ServletWebServerApplicationContext request_id= idempotency_key= order_id= user_id= sku_id= payment_tx= - Root WebApplicationContext: initialization completed in 90 ms
Standard Commons Logging discovery in action with spring-jcl: please remove commons-logging.jar from classpath in order to avoid potential conflicts
2026-08-11T09:33:41.899+08:00 INFO  com.zaxxer.hikari.HikariDataSource request_id= idempotency_key= order_id= user_id= sku_id= payment_tx= - HikariPool-3 - Starting...
2026-08-11T09:33:41.906+08:00 INFO  com.zaxxer.hikari.pool.HikariPool request_id= idempotency_key= order_id= user_id= sku_id= payment_tx= - HikariPool-3 - Added connection com.mysql.cj.jdbc.ConnectionImpl@50e31126
2026-08-11T09:33:41.906+08:00 INFO  com.zaxxer.hikari.HikariDataSource request_id= idempotency_key= order_id= user_id= sku_id= payment_tx= - HikariPool-3 - Start completed.
2026-08-11T09:33:41.908+08:00 INFO  org.flywaydb.core.FlywayExecutor request_id= idempotency_key= order_id= user_id= sku_id= payment_tx= - Database: jdbc:mysql://localhost:55697/flashflow (MySQL 8.4)
2026-08-11T09:33:41.911+08:00 WARN  o.f.c.i.database.base.Database request_id= idempotency_key= order_id= user_id= sku_id= payment_tx= - Flyway upgrade recommended: MySQL 8.4 is newer than this version of Flyway and support has not been tested. The latest supported version of MySQL is 8.1.
2026-08-11T09:33:41.916+08:00 INFO  o.f.core.internal.command.DbValidate request_id= idempotency_key= order_id= user_id= sku_id= payment_tx= - Successfully validated 4 migrations (execution time 00:00.004s)
2026-08-11T09:33:41.920+08:00 INFO  o.f.core.internal.command.DbMigrate request_id= idempotency_key= order_id= user_id= sku_id= payment_tx= - Current version of schema `flashflow`: 4
2026-08-11T09:33:41.920+08:00 INFO  o.f.core.internal.command.DbMigrate request_id= idempotency_key= order_id= user_id= sku_id= payment_tx= - Schema `flashflow` is up to date. No migration necessary.
2026-08-11T09:33:42.016+08:00 INFO  o.s.b.a.e.web.EndpointLinksResolver request_id= idempotency_key= order_id= user_id= sku_id= payment_tx= - Exposing 2 endpoints beneath base path '/actuator'
2026-08-11T09:33:42.021+08:00 INFO  o.s.b.w.e.tomcat.TomcatWebServer request_id= idempotency_key= order_id= user_id= sku_id= payment_tx= - Tomcat started on port 58419 (http) with context path '/'
2026-08-11T09:33:42.023+08:00 INFO  d.f.V4OutboxRocketMqEndToEndIntegrationTest request_id= idempotency_key= order_id= user_id= sku_id= payment_tx= - Started V4OutboxRocketMqEndToEndIntegrationTest in 0.251 seconds (process running for 65.167)
2026-08-11T09:33:44.051+08:00 INFO  o.a.c.c.C.[Tomcat].[localhost].[/] request_id= idempotency_key= order_id= user_id= sku_id= payment_tx= - Initializing Spring DispatcherServlet 'dispatcherServlet'
2026-08-11T09:33:44.051+08:00 INFO  o.s.web.servlet.DispatcherServlet request_id= idempotency_key= order_id= user_id= sku_id= payment_tx= - Initializing Servlet 'dispatcherServlet'
2026-08-11T09:33:44.052+08:00 INFO  o.s.web.servlet.DispatcherServlet request_id= idempotency_key= order_id= user_id= sku_id= payment_tx= - Completed initialization in 1 ms
2026-08-11T09:33:44.064+08:00 INFO  d.f.m.o.OutboxAsyncOrderApplicationService request_id=0caacb95-5a5a-4335-85ac-86940f34bf7c idempotency_key=key-v4-e1aaccae order_id= user_id=user-v4-e1aaccae sku_id=sku-v4-e1aaccae payment_tx= - Durable Outbox acceptance command_id=ffc194f35c76746ad674727f43524bee46c9b1ff2e3b0f54592577353c17fcab status=ACCEPTED
2026-08-11T09:33:44.140+08:00 INFO  d.f.m.outbox.OutboxDispatcher request_id= idempotency_key= order_id= user_id= sku_id= payment_tx= - Outbox publication outbox_id=ec2cc3f6-e025-47bd-aa6b-d5dd6fa37cad command_id=ffc194f35c76746ad674727f43524bee46c9b1ff2e3b0f54592577353c17fcab outcome=ACKNOWLEDGED
2026-08-11T09:33:56.658+08:00 INFO  d.f.m.o.OutboxAsyncOrderApplicationService request_id=e513db60-bfaa-49b3-b61c-f4fa4bc9f907 idempotency_key=key-v4-outage-e1aaccae order_id= user_id=user-v4-outage-e1aaccae sku_id=sku-v4-outage-e1aaccae payment_tx= - Durable Outbox acceptance command_id=c3a3bbb19a766180a2206e8bf00862c6c19b7e20ff7df21503f58d35bdffbbce status=ACCEPTED
2026-08-11T09:33:56.698+08:00 INFO  d.f.m.outbox.OutboxDispatcher request_id= idempotency_key= order_id= user_id= sku_id= payment_tx= - Outbox publication deferred outbox_id=d3a9d12d-6e39-49d1-91bc-1c8e64d844ba command_id=c3a3bbb19a766180a2206e8bf00862c6c19b7e20ff7df21503f58d35bdffbbce outcome=RETRYABLE cause=MQCLIENTEXCEPTION
2026-08-11T09:33:56.812+08:00 INFO  d.f.m.outbox.OutboxDispatcher request_id= idempotency_key= order_id= user_id= sku_id= payment_tx= - Outbox publication deferred outbox_id=d3a9d12d-6e39-49d1-91bc-1c8e64d844ba command_id=c3a3bbb19a766180a2206e8bf00862c6c19b7e20ff7df21503f58d35bdffbbce outcome=RETRYABLE cause=MQCLIENTEXCEPTION
2026-08-11T09:33:57.033+08:00 INFO  d.f.m.outbox.OutboxDispatcher request_id= idempotency_key= order_id= user_id= sku_id= payment_tx= - Outbox publication deferred outbox_id=d3a9d12d-6e39-49d1-91bc-1c8e64d844ba command_id=c3a3bbb19a766180a2206e8bf00862c6c19b7e20ff7df21503f58d35bdffbbce outcome=RETRYABLE cause=MQCLIENTEXCEPTION
2026-08-11T09:33:57.473+08:00 INFO  d.f.m.outbox.OutboxDispatcher request_id= idempotency_key= order_id= user_id= sku_id= payment_tx= - Outbox publication deferred outbox_id=d3a9d12d-6e39-49d1-91bc-1c8e64d844ba command_id=c3a3bbb19a766180a2206e8bf00862c6c19b7e20ff7df21503f58d35bdffbbce outcome=RETRYABLE cause=MQCLIENTEXCEPTION
2026-08-11T09:33:58.331+08:00 INFO  d.f.m.outbox.OutboxDispatcher request_id= idempotency_key= order_id= user_id= sku_id= payment_tx= - Outbox publication outbox_id=d3a9d12d-6e39-49d1-91bc-1c8e64d844ba command_id=c3a3bbb19a766180a2206e8bf00862c6c19b7e20ff7df21503f58d35bdffbbce outcome=ACKNOWLEDGED
2026-08-11T09:33:59.351+08:00 INFO  o.s.b.w.e.tomcat.GracefulShutdown request_id= idempotency_key= order_id= user_id= sku_id= payment_tx= - Commencing graceful shutdown. Waiting for active requests to complete
2026-08-11T09:34:01.356+08:00 INFO  o.s.b.w.e.tomcat.GracefulShutdown request_id= idempotency_key= order_id= user_id= sku_id= payment_tx= - Graceful shutdown complete
2026-08-11T09:34:01.356+08:00 ERROR org.apache.tomcat.util.net.Acceptor request_id= idempotency_key= order_id= user_id= sku_id= payment_tx= - Socket accept failed
java.nio.channels.AsynchronousCloseException: null
	at java.base/java.nio.channels.spi.AbstractInterruptibleChannel.end(AbstractInterruptibleChannel.java:218) ~[na:na]
	at java.base/sun.nio.ch.ServerSocketChannelImpl.end(ServerSocketChannelImpl.java:372) ~[na:na]
	at java.base/sun.nio.ch.ServerSocketChannelImpl.accept(ServerSocketChannelImpl.java:397) ~[na:na]
	at org.apache.tomcat.util.net.NioEndpoint.serverSocketAccept(NioEndpoint.java:537) ~[tomcat-embed-core-10.1.44.jar:10.1.44]
	at org.apache.tomcat.util.net.NioEndpoint.serverSocketAccept(NioEndpoint.java:72) ~[tomcat-embed-core-10.1.44.jar:10.1.44]
	at org.apache.tomcat.util.net.Acceptor.run(Acceptor.java:127) ~[tomcat-embed-core-10.1.44.jar:10.1.44]
	at java.base/java.lang.Thread.run(Thread.java:1516) ~[na:na]
2026-08-11T09:34:01.394+08:00 INFO  com.zaxxer.hikari.HikariDataSource request_id= idempotency_key= order_id= user_id= sku_id= payment_tx= - HikariPool-3 - Shutdown initiated...
2026-08-11T09:34:01.396+08:00 INFO  com.zaxxer.hikari.HikariDataSource request_id= idempotency_key= order_id= user_id= sku_id= payment_tx= - HikariPool-3 - Shutdown completed.
[INFO] Tests run: 2, Failures: 0, Errors: 0, Skipped: 0, Time elapsed: 19.63 s -- in dev.flashflow.V4OutboxRocketMqEndToEndIntegrationTest
[INFO] Running dev.flashflow.V4OutboxConcurrentRedeliveryIntegrationTest
2026-08-11T09:34:01.400+08:00 INFO  o.s.t.c.s.AnnotationConfigContextLoaderUtils request_id= idempotency_key= order_id= user_id= sku_id= payment_tx= - Could not detect default configuration classes for test class [dev.flashflow.V4OutboxConcurrentRedeliveryIntegrationTest]: V4OutboxConcurrentRedeliveryIntegrationTest does not declare any static, non-private, non-final, nested classes annotated with @Configuration.
2026-08-11T09:34:01.400+08:00 INFO  o.s.b.t.c.SpringBootTestContextBootstrapper request_id= idempotency_key= order_id= user_id= sku_id= payment_tx= - Found @SpringBootConfiguration dev.flashflow.FlashFlowApplication for test class dev.flashflow.V4OutboxConcurrentRedeliveryIntegrationTest

  .   ____          _            __ _ _
 /\\ / ___'_ __ _ _(_)_ __  __ _ \ \ \ \
( ( )\___ | '_ | '_| | '_ \/ _` | \ \ \ \
 \\/  ___)| |_)| | | | | || (_| |  ) ) ) )
  '  |____| .__|_| |_|_| |_\__, | / / / /
 =========|_|==============|___/=/_/_/_/

 :: Spring Boot ::                (v3.5.5)

2026-08-11T09:34:01.415+08:00 INFO  d.f.V4OutboxConcurrentRedeliveryIntegrationTest request_id= idempotency_key= order_id= user_id= sku_id= payment_tx= - Starting V4OutboxConcurrentRedeliveryIntegrationTest using Java 26.0.2 with PID 40807 (started by yuzheng in /Users/yuzheng/Computeracy/Zhenkun26-GitHub/FlashFlow)
2026-08-11T09:34:01.416+08:00 INFO  d.f.V4OutboxConcurrentRedeliveryIntegrationTest request_id= idempotency_key= order_id= user_id= sku_id= payment_tx= - The following 1 profile is active: "test"
2026-08-11T09:34:01.506+08:00 INFO  o.s.d.r.c.RepositoryConfigurationDelegate request_id= idempotency_key= order_id= user_id= sku_id= payment_tx= - Multiple Spring Data modules found, entering strict repository configuration mode
2026-08-11T09:34:01.506+08:00 INFO  o.s.d.r.c.RepositoryConfigurationDelegate request_id= idempotency_key= order_id= user_id= sku_id= payment_tx= - Bootstrapping Spring Data Redis repositories in DEFAULT mode.
2026-08-11T09:34:01.510+08:00 INFO  o.s.d.r.c.RepositoryConfigurationDelegate request_id= idempotency_key= order_id= user_id= sku_id= payment_tx= - Finished Spring Data repository scanning in 3 ms. Found 0 Redis repository interfaces.
2026-08-11T09:34:01.523+08:00 INFO  o.s.b.w.e.tomcat.TomcatWebServer request_id= idempotency_key= order_id= user_id= sku_id= payment_tx= - Tomcat initialized with port 0 (http)
2026-08-11T09:34:01.524+08:00 INFO  o.a.catalina.core.StandardService request_id= idempotency_key= order_id= user_id= sku_id= payment_tx= - Starting service [Tomcat]
2026-08-11T09:34:01.524+08:00 INFO  o.a.catalina.core.StandardEngine request_id= idempotency_key= order_id= user_id= sku_id= payment_tx= - Starting Servlet engine: [Apache Tomcat/10.1.44]
2026-08-11T09:34:01.529+08:00 INFO  o.a.c.c.C.[Tomcat].[localhost].[/] request_id= idempotency_key= order_id= user_id= sku_id= payment_tx= - Initializing Spring embedded WebApplicationContext
2026-08-11T09:34:01.529+08:00 INFO  o.s.b.w.s.c.ServletWebServerApplicationContext request_id= idempotency_key= order_id= user_id= sku_id= payment_tx= - Root WebApplicationContext: initialization completed in 113 ms
Standard Commons Logging discovery in action with spring-jcl: please remove commons-logging.jar from classpath in order to avoid potential conflicts
2026-08-11T09:34:01.554+08:00 INFO  com.zaxxer.hikari.HikariDataSource request_id= idempotency_key= order_id= user_id= sku_id= payment_tx= - HikariPool-4 - Starting...
2026-08-11T09:34:01.560+08:00 INFO  com.zaxxer.hikari.pool.HikariPool request_id= idempotency_key= order_id= user_id= sku_id= payment_tx= - HikariPool-4 - Added connection com.mysql.cj.jdbc.ConnectionImpl@47d98145
2026-08-11T09:34:01.560+08:00 INFO  com.zaxxer.hikari.HikariDataSource request_id= idempotency_key= order_id= user_id= sku_id= payment_tx= - HikariPool-4 - Start completed.
2026-08-11T09:34:01.561+08:00 INFO  org.flywaydb.core.FlywayExecutor request_id= idempotency_key= order_id= user_id= sku_id= payment_tx= - Database: jdbc:mysql://localhost:55697/flashflow (MySQL 8.4)
2026-08-11T09:34:01.563+08:00 WARN  o.f.c.i.database.base.Database request_id= idempotency_key= order_id= user_id= sku_id= payment_tx= - Flyway upgrade recommended: MySQL 8.4 is newer than this version of Flyway and support has not been tested. The latest supported version of MySQL is 8.1.
2026-08-11T09:34:01.569+08:00 INFO  o.f.core.internal.command.DbValidate request_id= idempotency_key= order_id= user_id= sku_id= payment_tx= - Successfully validated 4 migrations (execution time 00:00.004s)
2026-08-11T09:34:01.571+08:00 INFO  o.f.core.internal.command.DbMigrate request_id= idempotency_key= order_id= user_id= sku_id= payment_tx= - Current version of schema `flashflow`: 4
2026-08-11T09:34:01.572+08:00 INFO  o.f.core.internal.command.DbMigrate request_id= idempotency_key= order_id= user_id= sku_id= payment_tx= - Schema `flashflow` is up to date. No migration necessary.
2026-08-11T09:34:01.646+08:00 INFO  o.s.b.a.e.web.EndpointLinksResolver request_id= idempotency_key= order_id= user_id= sku_id= payment_tx= - Exposing 2 endpoints beneath base path '/actuator'
2026-08-11T09:34:01.653+08:00 INFO  o.s.b.w.e.tomcat.TomcatWebServer request_id= idempotency_key= order_id= user_id= sku_id= payment_tx= - Tomcat started on port 58528 (http) with context path '/'
2026-08-11T09:34:01.658+08:00 INFO  d.f.V4OutboxConcurrentRedeliveryIntegrationTest request_id= idempotency_key= order_id= user_id= sku_id= payment_tx= - Started V4OutboxConcurrentRedeliveryIntegrationTest in 0.257 seconds (process running for 84.803)
2026-08-11T09:34:03.690+08:00 INFO  o.a.c.c.C.[Tomcat].[localhost].[/] request_id= idempotency_key= order_id= user_id= sku_id= payment_tx= - Initializing Spring DispatcherServlet 'dispatcherServlet'
2026-08-11T09:34:03.690+08:00 INFO  o.s.web.servlet.DispatcherServlet request_id= idempotency_key= order_id= user_id= sku_id= payment_tx= - Initializing Servlet 'dispatcherServlet'
2026-08-11T09:34:03.691+08:00 INFO  o.s.web.servlet.DispatcherServlet request_id= idempotency_key= order_id= user_id= sku_id= payment_tx= - Completed initialization in 1 ms
2026-08-11T09:34:03.704+08:00 INFO  d.f.m.o.OutboxAsyncOrderApplicationService request_id=c0d06a47-614d-405e-8465-8d876c2233cb idempotency_key=key-0c7f23a0-0 order_id= user_id=user-0c7f23a0-0 sku_id=sku-v4-concurrent-0c7f23a0 payment_tx= - Durable Outbox acceptance command_id=442d7338c8128db5a0ab0e757f6f6a40429fa6cf1ad7b64e18345d1b8d1c3497 status=ACCEPTED
2026-08-11T09:34:03.713+08:00 INFO  d.f.m.o.OutboxAsyncOrderApplicationService request_id=e3a26b3c-afe4-4f8e-b9b9-8aa20acfe12c idempotency_key=key-0c7f23a0-1 order_id= user_id=user-0c7f23a0-1 sku_id=sku-v4-concurrent-0c7f23a0 payment_tx= - Durable Outbox acceptance command_id=1eed8e5177725c3f727947d21f2e9c4813040cb07bc0362280760e8beae79ee8 status=ACCEPTED
2026-08-11T09:34:03.719+08:00 INFO  d.f.m.outbox.OutboxDispatcher request_id= idempotency_key= order_id= user_id= sku_id= payment_tx= - Outbox publication deferred outbox_id=52844b53-5307-48bb-b421-fb0eb0383b4b command_id=442d7338c8128db5a0ab0e757f6f6a40429fa6cf1ad7b64e18345d1b8d1c3497 outcome=RETRYABLE cause=MQCLIENTEXCEPTION
2026-08-11T09:34:03.720+08:00 INFO  d.f.m.o.OutboxAsyncOrderApplicationService request_id=f9bc319a-2480-407e-8956-8476626dd341 idempotency_key=key-0c7f23a0-2 order_id= user_id=user-0c7f23a0-2 sku_id=sku-v4-concurrent-0c7f23a0 payment_tx= - Durable Outbox acceptance command_id=a2f154b7b5efef6757d12cbcb5e1d628e600cd88adbf9d4864a6a376729096bf status=ACCEPTED
2026-08-11T09:34:03.726+08:00 INFO  d.f.m.o.OutboxAsyncOrderApplicationService request_id=9921d7c3-5428-46dd-a72b-567bf3c0a104 idempotency_key=key-0c7f23a0-3 order_id= user_id=user-0c7f23a0-3 sku_id=sku-v4-concurrent-0c7f23a0 payment_tx= - Durable Outbox acceptance command_id=e977c5f642bf23739717a2f4d4a085a83525f624d43d5f96aacdf3ee638bbded status=ACCEPTED
2026-08-11T09:34:03.732+08:00 INFO  d.f.m.o.OutboxAsyncOrderApplicationService request_id=e4b9087c-bb6c-41c1-8f5d-bb08693bad3f idempotency_key=key-0c7f23a0-4 order_id= user_id=user-0c7f23a0-4 sku_id=sku-v4-concurrent-0c7f23a0 payment_tx= - Durable Outbox acceptance command_id=9e7a9d327006432a7bc75d56596dac4df64e51d46a917530b8e25f6cfa57ace1 status=ACCEPTED
2026-08-11T09:34:03.739+08:00 INFO  d.f.m.o.OutboxAsyncOrderApplicationService request_id=98e1fabe-64a8-4831-9506-4c4f2ba88ead idempotency_key=key-0c7f23a0-5 order_id= user_id=user-0c7f23a0-5 sku_id=sku-v4-concurrent-0c7f23a0 payment_tx= - Durable Outbox acceptance command_id=1503b905d2361aa435e40841f899665716e4566de3b9c01b1ce6a55b33ad4d67 status=ACCEPTED
2026-08-11T09:34:03.744+08:00 INFO  d.f.m.o.OutboxAsyncOrderApplicationService request_id=044114c6-8951-490c-ad32-36c277bfc9fa idempotency_key=key-0c7f23a0-6 order_id= user_id=user-0c7f23a0-6 sku_id=sku-v4-concurrent-0c7f23a0 payment_tx= - Durable Outbox acceptance command_id=3b00bceba9c630284188419e4b943385e97d7d9566f55d56d9cf3b835c0063b3 status=ACCEPTED
2026-08-11T09:34:03.751+08:00 INFO  d.f.m.o.OutboxAsyncOrderApplicationService request_id=037b89bb-8f1f-4879-86c4-cbb3662f6903 idempotency_key=key-0c7f23a0-7 order_id= user_id=user-0c7f23a0-7 sku_id=sku-v4-concurrent-0c7f23a0 payment_tx= - Durable Outbox acceptance command_id=b19c4be7b449bf2e777ca03b011ce0251283c2f68be16b61163ad49b88d5acb9 status=ACCEPTED
2026-08-11T09:34:03.767+08:00 INFO  d.f.m.outbox.OutboxDispatcher request_id= idempotency_key= order_id= user_id= sku_id= payment_tx= - Outbox publication deferred outbox_id=eeb404cc-5858-4097-9dd2-5615b6bad44c command_id=1eed8e5177725c3f727947d21f2e9c4813040cb07bc0362280760e8beae79ee8 outcome=RETRYABLE cause=MQCLIENTEXCEPTION
2026-08-11T09:34:03.768+08:00 INFO  d.f.m.outbox.OutboxDispatcher request_id= idempotency_key= order_id= user_id= sku_id= payment_tx= - Outbox publication deferred outbox_id=d0b18a3a-121c-459f-9759-8274d82358d7 command_id=e977c5f642bf23739717a2f4d4a085a83525f624d43d5f96aacdf3ee638bbded outcome=RETRYABLE cause=MQCLIENTEXCEPTION
2026-08-11T09:34:03.770+08:00 INFO  d.f.m.outbox.OutboxDispatcher request_id= idempotency_key= order_id= user_id= sku_id= payment_tx= - Outbox publication deferred outbox_id=2e524bd7-89e1-4fc8-9fa0-7c976da77734 command_id=9e7a9d327006432a7bc75d56596dac4df64e51d46a917530b8e25f6cfa57ace1 outcome=RETRYABLE cause=MQCLIENTEXCEPTION
2026-08-11T09:34:03.771+08:00 INFO  d.f.m.outbox.OutboxDispatcher request_id= idempotency_key= order_id= user_id= sku_id= payment_tx= - Outbox publication deferred outbox_id=cd104f53-b87a-425c-ac29-3b5f4514b952 command_id=a2f154b7b5efef6757d12cbcb5e1d628e600cd88adbf9d4864a6a376729096bf outcome=RETRYABLE cause=MQCLIENTEXCEPTION
2026-08-11T09:34:03.773+08:00 INFO  d.f.m.outbox.OutboxDispatcher request_id= idempotency_key= order_id= user_id= sku_id= payment_tx= - Outbox publication deferred outbox_id=37288fc7-7462-452f-ab94-1e0561a868e8 command_id=1503b905d2361aa435e40841f899665716e4566de3b9c01b1ce6a55b33ad4d67 outcome=RETRYABLE cause=MQCLIENTEXCEPTION
2026-08-11T09:34:03.773+08:00 INFO  d.f.m.outbox.OutboxDispatcher request_id= idempotency_key= order_id= user_id= sku_id= payment_tx= - Outbox publication deferred outbox_id=c4821008-77e6-4408-9f76-109af603decc command_id=3b00bceba9c630284188419e4b943385e97d7d9566f55d56d9cf3b835c0063b3 outcome=RETRYABLE cause=MQCLIENTEXCEPTION
2026-08-11T09:34:03.980+08:00 INFO  d.f.m.outbox.OutboxDispatcher request_id= idempotency_key= order_id= user_id= sku_id= payment_tx= - Outbox publication deferred outbox_id=42a16a3b-12bf-4467-b4c8-f875448aea40 command_id=b19c4be7b449bf2e777ca03b011ce0251283c2f68be16b61163ad49b88d5acb9 outcome=RETRYABLE cause=MQCLIENTEXCEPTION
2026-08-11T09:34:03.983+08:00 INFO  d.f.m.outbox.OutboxDispatcher request_id= idempotency_key= order_id= user_id= sku_id= payment_tx= - Outbox publication deferred outbox_id=52844b53-5307-48bb-b421-fb0eb0383b4b command_id=442d7338c8128db5a0ab0e757f6f6a40429fa6cf1ad7b64e18345d1b8d1c3497 outcome=RETRYABLE cause=MQCLIENTEXCEPTION
2026-08-11T09:34:04.246+08:00 INFO  d.f.m.outbox.OutboxDispatcher request_id= idempotency_key= order_id= user_id= sku_id= payment_tx= - Outbox publication deferred outbox_id=eeb404cc-5858-4097-9dd2-5615b6bad44c command_id=1eed8e5177725c3f727947d21f2e9c4813040cb07bc0362280760e8beae79ee8 outcome=RETRYABLE cause=MQCLIENTEXCEPTION
2026-08-11T09:34:04.248+08:00 INFO  d.f.m.outbox.OutboxDispatcher request_id= idempotency_key= order_id= user_id= sku_id= payment_tx= - Outbox publication deferred outbox_id=d0b18a3a-121c-459f-9759-8274d82358d7 command_id=e977c5f642bf23739717a2f4d4a085a83525f624d43d5f96aacdf3ee638bbded outcome=RETRYABLE cause=MQCLIENTEXCEPTION
2026-08-11T09:34:04.510+08:00 INFO  d.f.m.outbox.OutboxDispatcher request_id= idempotency_key= order_id= user_id= sku_id= payment_tx= - Outbox publication deferred outbox_id=2e524bd7-89e1-4fc8-9fa0-7c976da77734 command_id=9e7a9d327006432a7bc75d56596dac4df64e51d46a917530b8e25f6cfa57ace1 outcome=RETRYABLE cause=MQCLIENTEXCEPTION
2026-08-11T09:34:04.513+08:00 INFO  d.f.m.outbox.OutboxDispatcher request_id= idempotency_key= order_id= user_id= sku_id= payment_tx= - Outbox publication deferred outbox_id=cd104f53-b87a-425c-ac29-3b5f4514b952 command_id=a2f154b7b5efef6757d12cbcb5e1d628e600cd88adbf9d4864a6a376729096bf outcome=RETRYABLE cause=MQCLIENTEXCEPTION
2026-08-11T09:34:04.775+08:00 INFO  d.f.m.outbox.OutboxDispatcher request_id= idempotency_key= order_id= user_id= sku_id= payment_tx= - Outbox publication deferred outbox_id=37288fc7-7462-452f-ab94-1e0561a868e8 command_id=1503b905d2361aa435e40841f899665716e4566de3b9c01b1ce6a55b33ad4d67 outcome=RETRYABLE cause=MQCLIENTEXCEPTION
2026-08-11T09:34:04.778+08:00 INFO  d.f.m.outbox.OutboxDispatcher request_id= idempotency_key= order_id= user_id= sku_id= payment_tx= - Outbox publication deferred outbox_id=c4821008-77e6-4408-9f76-109af603decc command_id=3b00bceba9c630284188419e4b943385e97d7d9566f55d56d9cf3b835c0063b3 outcome=RETRYABLE cause=MQCLIENTEXCEPTION
2026-08-11T09:34:05.037+08:00 INFO  d.f.m.outbox.OutboxDispatcher request_id= idempotency_key= order_id= user_id= sku_id= payment_tx= - Outbox publication deferred outbox_id=42a16a3b-12bf-4467-b4c8-f875448aea40 command_id=b19c4be7b449bf2e777ca03b011ce0251283c2f68be16b61163ad49b88d5acb9 outcome=RETRYABLE cause=MQCLIENTEXCEPTION
2026-08-11T09:34:05.039+08:00 INFO  d.f.m.outbox.OutboxDispatcher request_id= idempotency_key= order_id= user_id= sku_id= payment_tx= - Outbox publication deferred outbox_id=52844b53-5307-48bb-b421-fb0eb0383b4b command_id=442d7338c8128db5a0ab0e757f6f6a40429fa6cf1ad7b64e18345d1b8d1c3497 outcome=RETRYABLE cause=MQCLIENTEXCEPTION
2026-08-11T09:34:05.297+08:00 INFO  d.f.m.outbox.OutboxDispatcher request_id= idempotency_key= order_id= user_id= sku_id= payment_tx= - Outbox publication deferred outbox_id=eeb404cc-5858-4097-9dd2-5615b6bad44c command_id=1eed8e5177725c3f727947d21f2e9c4813040cb07bc0362280760e8beae79ee8 outcome=RETRYABLE cause=MQCLIENTEXCEPTION
2026-08-11T09:34:05.300+08:00 INFO  d.f.m.outbox.OutboxDispatcher request_id= idempotency_key= order_id= user_id= sku_id= payment_tx= - Outbox publication deferred outbox_id=d0b18a3a-121c-459f-9759-8274d82358d7 command_id=e977c5f642bf23739717a2f4d4a085a83525f624d43d5f96aacdf3ee638bbded outcome=RETRYABLE cause=MQCLIENTEXCEPTION
2026-08-11T09:34:05.562+08:00 INFO  d.f.m.outbox.OutboxDispatcher request_id= idempotency_key= order_id= user_id= sku_id= payment_tx= - Outbox publication deferred outbox_id=2e524bd7-89e1-4fc8-9fa0-7c976da77734 command_id=9e7a9d327006432a7bc75d56596dac4df64e51d46a917530b8e25f6cfa57ace1 outcome=RETRYABLE cause=MQCLIENTEXCEPTION
2026-08-11T09:34:05.565+08:00 INFO  d.f.m.outbox.OutboxDispatcher request_id= idempotency_key= order_id= user_id= sku_id= payment_tx= - Outbox publication deferred outbox_id=cd104f53-b87a-425c-ac29-3b5f4514b952 command_id=a2f154b7b5efef6757d12cbcb5e1d628e600cd88adbf9d4864a6a376729096bf outcome=RETRYABLE cause=MQCLIENTEXCEPTION
2026-08-11T09:34:05.828+08:00 INFO  d.f.m.outbox.OutboxDispatcher request_id= idempotency_key= order_id= user_id= sku_id= payment_tx= - Outbox publication deferred outbox_id=37288fc7-7462-452f-ab94-1e0561a868e8 command_id=1503b905d2361aa435e40841f899665716e4566de3b9c01b1ce6a55b33ad4d67 outcome=RETRYABLE cause=MQCLIENTEXCEPTION
2026-08-11T09:34:05.834+08:00 INFO  d.f.m.outbox.OutboxDispatcher request_id= idempotency_key= order_id= user_id= sku_id= payment_tx= - Outbox publication deferred outbox_id=c4821008-77e6-4408-9f76-109af603decc command_id=3b00bceba9c630284188419e4b943385e97d7d9566f55d56d9cf3b835c0063b3 outcome=RETRYABLE cause=MQCLIENTEXCEPTION
2026-08-11T09:34:06.102+08:00 INFO  d.f.m.outbox.OutboxDispatcher request_id= idempotency_key= order_id= user_id= sku_id= payment_tx= - Outbox publication deferred outbox_id=42a16a3b-12bf-4467-b4c8-f875448aea40 command_id=b19c4be7b449bf2e777ca03b011ce0251283c2f68be16b61163ad49b88d5acb9 outcome=RETRYABLE cause=MQCLIENTEXCEPTION
2026-08-11T09:34:06.105+08:00 INFO  d.f.m.outbox.OutboxDispatcher request_id= idempotency_key= order_id= user_id= sku_id= payment_tx= - Outbox publication deferred outbox_id=52844b53-5307-48bb-b421-fb0eb0383b4b command_id=442d7338c8128db5a0ab0e757f6f6a40429fa6cf1ad7b64e18345d1b8d1c3497 outcome=RETRYABLE cause=MQCLIENTEXCEPTION
2026-08-11T09:34:06.366+08:00 INFO  d.f.m.outbox.OutboxDispatcher request_id= idempotency_key= order_id= user_id= sku_id= payment_tx= - Outbox publication deferred outbox_id=eeb404cc-5858-4097-9dd2-5615b6bad44c command_id=1eed8e5177725c3f727947d21f2e9c4813040cb07bc0362280760e8beae79ee8 outcome=RETRYABLE cause=MQCLIENTEXCEPTION
2026-08-11T09:34:06.368+08:00 INFO  d.f.m.outbox.OutboxDispatcher request_id= idempotency_key= order_id= user_id= sku_id= payment_tx= - Outbox publication deferred outbox_id=d0b18a3a-121c-459f-9759-8274d82358d7 command_id=e977c5f642bf23739717a2f4d4a085a83525f624d43d5f96aacdf3ee638bbded outcome=RETRYABLE cause=MQCLIENTEXCEPTION
2026-08-11T09:34:06.627+08:00 INFO  d.f.m.outbox.OutboxDispatcher request_id= idempotency_key= order_id= user_id= sku_id= payment_tx= - Outbox publication deferred outbox_id=2e524bd7-89e1-4fc8-9fa0-7c976da77734 command_id=9e7a9d327006432a7bc75d56596dac4df64e51d46a917530b8e25f6cfa57ace1 outcome=RETRYABLE cause=MQCLIENTEXCEPTION
2026-08-11T09:34:06.629+08:00 INFO  d.f.m.outbox.OutboxDispatcher request_id= idempotency_key= order_id= user_id= sku_id= payment_tx= - Outbox publication deferred outbox_id=cd104f53-b87a-425c-ac29-3b5f4514b952 command_id=a2f154b7b5efef6757d12cbcb5e1d628e600cd88adbf9d4864a6a376729096bf outcome=RETRYABLE cause=MQCLIENTEXCEPTION
2026-08-11T09:34:06.887+08:00 INFO  d.f.m.outbox.OutboxDispatcher request_id= idempotency_key= order_id= user_id= sku_id= payment_tx= - Outbox publication deferred outbox_id=37288fc7-7462-452f-ab94-1e0561a868e8 command_id=1503b905d2361aa435e40841f899665716e4566de3b9c01b1ce6a55b33ad4d67 outcome=RETRYABLE cause=MQCLIENTEXCEPTION
2026-08-11T09:34:06.890+08:00 INFO  d.f.m.outbox.OutboxDispatcher request_id= idempotency_key= order_id= user_id= sku_id= payment_tx= - Outbox publication deferred outbox_id=c4821008-77e6-4408-9f76-109af603decc command_id=3b00bceba9c630284188419e4b943385e97d7d9566f55d56d9cf3b835c0063b3 outcome=RETRYABLE cause=MQCLIENTEXCEPTION
2026-08-11T09:34:07.152+08:00 INFO  d.f.m.outbox.OutboxDispatcher request_id= idempotency_key= order_id= user_id= sku_id= payment_tx= - Outbox publication deferred outbox_id=42a16a3b-12bf-4467-b4c8-f875448aea40 command_id=b19c4be7b449bf2e777ca03b011ce0251283c2f68be16b61163ad49b88d5acb9 outcome=RETRYABLE cause=MQCLIENTEXCEPTION
2026-08-11T09:34:07.154+08:00 INFO  d.f.m.outbox.OutboxDispatcher request_id= idempotency_key= order_id= user_id= sku_id= payment_tx= - Outbox publication deferred outbox_id=52844b53-5307-48bb-b421-fb0eb0383b4b command_id=442d7338c8128db5a0ab0e757f6f6a40429fa6cf1ad7b64e18345d1b8d1c3497 outcome=RETRYABLE cause=MQCLIENTEXCEPTION
2026-08-11T09:34:07.412+08:00 INFO  d.f.m.outbox.OutboxDispatcher request_id= idempotency_key= order_id= user_id= sku_id= payment_tx= - Outbox publication deferred outbox_id=eeb404cc-5858-4097-9dd2-5615b6bad44c command_id=1eed8e5177725c3f727947d21f2e9c4813040cb07bc0362280760e8beae79ee8 outcome=RETRYABLE cause=MQCLIENTEXCEPTION
2026-08-11T09:34:07.415+08:00 INFO  d.f.m.outbox.OutboxDispatcher request_id= idempotency_key= order_id= user_id= sku_id= payment_tx= - Outbox publication deferred outbox_id=d0b18a3a-121c-459f-9759-8274d82358d7 command_id=e977c5f642bf23739717a2f4d4a085a83525f624d43d5f96aacdf3ee638bbded outcome=RETRYABLE cause=MQCLIENTEXCEPTION
2026-08-11T09:34:07.676+08:00 INFO  d.f.m.outbox.OutboxDispatcher request_id= idempotency_key= order_id= user_id= sku_id= payment_tx= - Outbox publication deferred outbox_id=2e524bd7-89e1-4fc8-9fa0-7c976da77734 command_id=9e7a9d327006432a7bc75d56596dac4df64e51d46a917530b8e25f6cfa57ace1 outcome=RETRYABLE cause=MQCLIENTEXCEPTION
2026-08-11T09:34:07.678+08:00 INFO  d.f.m.outbox.OutboxDispatcher request_id= idempotency_key= order_id= user_id= sku_id= payment_tx= - Outbox publication deferred outbox_id=cd104f53-b87a-425c-ac29-3b5f4514b952 command_id=a2f154b7b5efef6757d12cbcb5e1d628e600cd88adbf9d4864a6a376729096bf outcome=RETRYABLE cause=MQCLIENTEXCEPTION
2026-08-11T09:34:07.944+08:00 INFO  d.f.m.outbox.OutboxDispatcher request_id= idempotency_key= order_id= user_id= sku_id= payment_tx= - Outbox publication deferred outbox_id=37288fc7-7462-452f-ab94-1e0561a868e8 command_id=1503b905d2361aa435e40841f899665716e4566de3b9c01b1ce6a55b33ad4d67 outcome=RETRYABLE cause=MQCLIENTEXCEPTION
2026-08-11T09:34:07.947+08:00 INFO  d.f.m.outbox.OutboxDispatcher request_id= idempotency_key= order_id= user_id= sku_id= payment_tx= - Outbox publication deferred outbox_id=c4821008-77e6-4408-9f76-109af603decc command_id=3b00bceba9c630284188419e4b943385e97d7d9566f55d56d9cf3b835c0063b3 outcome=RETRYABLE cause=MQCLIENTEXCEPTION
2026-08-11T09:34:08.213+08:00 INFO  d.f.m.outbox.OutboxDispatcher request_id= idempotency_key= order_id= user_id= sku_id= payment_tx= - Outbox publication outbox_id=42a16a3b-12bf-4467-b4c8-f875448aea40 command_id=b19c4be7b449bf2e777ca03b011ce0251283c2f68be16b61163ad49b88d5acb9 outcome=ACKNOWLEDGED
2026-08-11T09:34:08.217+08:00 INFO  d.f.m.outbox.OutboxDispatcher request_id= idempotency_key= order_id= user_id= sku_id= payment_tx= - Outbox publication outbox_id=52844b53-5307-48bb-b421-fb0eb0383b4b command_id=442d7338c8128db5a0ab0e757f6f6a40429fa6cf1ad7b64e18345d1b8d1c3497 outcome=ACKNOWLEDGED
2026-08-11T09:34:08.491+08:00 INFO  d.f.m.outbox.OutboxDispatcher request_id= idempotency_key= order_id= user_id= sku_id= payment_tx= - Outbox publication outbox_id=eeb404cc-5858-4097-9dd2-5615b6bad44c command_id=1eed8e5177725c3f727947d21f2e9c4813040cb07bc0362280760e8beae79ee8 outcome=ACKNOWLEDGED
2026-08-11T09:34:08.495+08:00 INFO  d.f.m.outbox.OutboxDispatcher request_id= idempotency_key= order_id= user_id= sku_id= payment_tx= - Outbox publication outbox_id=d0b18a3a-121c-459f-9759-8274d82358d7 command_id=e977c5f642bf23739717a2f4d4a085a83525f624d43d5f96aacdf3ee638bbded outcome=ACKNOWLEDGED
2026-08-11T09:34:08.764+08:00 INFO  d.f.m.outbox.OutboxDispatcher request_id= idempotency_key= order_id= user_id= sku_id= payment_tx= - Outbox publication outbox_id=2e524bd7-89e1-4fc8-9fa0-7c976da77734 command_id=9e7a9d327006432a7bc75d56596dac4df64e51d46a917530b8e25f6cfa57ace1 outcome=ACKNOWLEDGED
2026-08-11T09:34:08.768+08:00 INFO  d.f.m.outbox.OutboxDispatcher request_id= idempotency_key= order_id= user_id= sku_id= payment_tx= - Outbox publication outbox_id=cd104f53-b87a-425c-ac29-3b5f4514b952 command_id=a2f154b7b5efef6757d12cbcb5e1d628e600cd88adbf9d4864a6a376729096bf outcome=ACKNOWLEDGED
2026-08-11T09:34:09.054+08:00 INFO  d.f.m.outbox.OutboxDispatcher request_id= idempotency_key= order_id= user_id= sku_id= payment_tx= - Outbox publication outbox_id=37288fc7-7462-452f-ab94-1e0561a868e8 command_id=1503b905d2361aa435e40841f899665716e4566de3b9c01b1ce6a55b33ad4d67 outcome=ACKNOWLEDGED
2026-08-11T09:34:09.059+08:00 INFO  d.f.m.outbox.OutboxDispatcher request_id= idempotency_key= order_id= user_id= sku_id= payment_tx= - Outbox publication outbox_id=c4821008-77e6-4408-9f76-109af603decc command_id=3b00bceba9c630284188419e4b943385e97d7d9566f55d56d9cf3b835c0063b3 outcome=ACKNOWLEDGED
2026-08-11T09:34:43.246+08:00 INFO  o.s.b.w.e.tomcat.GracefulShutdown request_id= idempotency_key= order_id= user_id= sku_id= payment_tx= - Commencing graceful shutdown. Waiting for active requests to complete
2026-08-11T09:34:45.253+08:00 INFO  o.s.b.w.e.tomcat.GracefulShutdown request_id= idempotency_key= order_id= user_id= sku_id= payment_tx= - Graceful shutdown complete
2026-08-11T09:34:45.253+08:00 ERROR org.apache.tomcat.util.net.Acceptor request_id= idempotency_key= order_id= user_id= sku_id= payment_tx= - Socket accept failed
java.nio.channels.AsynchronousCloseException: null
	at java.base/java.nio.channels.spi.AbstractInterruptibleChannel.end(AbstractInterruptibleChannel.java:218) ~[na:na]
	at java.base/sun.nio.ch.ServerSocketChannelImpl.end(ServerSocketChannelImpl.java:372) ~[na:na]
	at java.base/sun.nio.ch.ServerSocketChannelImpl.accept(ServerSocketChannelImpl.java:397) ~[na:na]
	at org.apache.tomcat.util.net.NioEndpoint.serverSocketAccept(NioEndpoint.java:537) ~[tomcat-embed-core-10.1.44.jar:10.1.44]
	at org.apache.tomcat.util.net.NioEndpoint.serverSocketAccept(NioEndpoint.java:72) ~[tomcat-embed-core-10.1.44.jar:10.1.44]
	at org.apache.tomcat.util.net.Acceptor.run(Acceptor.java:127) ~[tomcat-embed-core-10.1.44.jar:10.1.44]
	at java.base/java.lang.Thread.run(Thread.java:1516) ~[na:na]
2026-08-11T09:34:45.307+08:00 INFO  com.zaxxer.hikari.HikariDataSource request_id= idempotency_key= order_id= user_id= sku_id= payment_tx= - HikariPool-4 - Shutdown initiated...
2026-08-11T09:34:45.310+08:00 INFO  com.zaxxer.hikari.HikariDataSource request_id= idempotency_key= order_id= user_id= sku_id= payment_tx= - HikariPool-4 - Shutdown completed.
[INFO] Tests run: 1, Failures: 0, Errors: 0, Skipped: 0, Time elapsed: 43.92 s -- in dev.flashflow.V4OutboxConcurrentRedeliveryIntegrationTest
[INFO] 
[INFO] Results:
[INFO] 
[INFO] Tests run: 5, Failures: 0, Errors: 0, Skipped: 0
[INFO] 
[INFO] ------------------------------------------------------------------------
[INFO] BUILD SUCCESS
[INFO] ------------------------------------------------------------------------
[INFO] Total time:  02:10 min
[INFO] Finished at: 2026-08-11T09:34:45+08:00
[INFO] ------------------------------------------------------------------------
