[INFO] Scanning for projects...
[INFO] 
[INFO] ----------------------< dev.flashflow:flashflow >-----------------------
[INFO] Building FlashFlow 0.1.0-SNAPSHOT
[INFO]   from pom.xml
[INFO] --------------------------------[ jar ]---------------------------------
[WARNING] 1 problem was encountered while building the effective model for org.javassist:javassist:jar:3.21.0-GA during dependency collection step for project (use -X to see details)
[INFO] 
[INFO] --- resources:3.3.1:resources (default-resources) @ flashflow ---
[INFO] Copying 5 resources from src/main/resources to target/classes
[INFO] Copying 11 resources from src/main/resources to target/classes
[INFO] 
[INFO] --- compiler:3.14.0:compile (default-compile) @ flashflow ---
[INFO] Nothing to compile - all classes are up to date.
[INFO] 
[INFO] --- resources:3.3.1:testResources (default-testResources) @ flashflow ---
[INFO] skip non existing resourceDirectory /Users/yuzheng/Computeracy/Zhenkun26-GitHub/FlashFlow/src/test/resources
[INFO] 
[INFO] --- compiler:3.14.0:testCompile (default-testCompile) @ flashflow ---
[INFO] Recompiling the module because of changed source code.
[INFO] Compiling 54 source files with javac [debug parameters release 21] to target/test-classes
[WARNING] /Users/yuzheng/Computeracy/Zhenkun26-GitHub/FlashFlow/src/test/java/dev/flashflow/ExpirationAdmissionFailureIntegrationTest.java:[26,6] org.springframework.boot.test.mock.mockito 中的 org.springframework.boot.test.mock.mockito.MockBean 已过时, 且标记为待删除
[WARNING] /Users/yuzheng/Computeracy/Zhenkun26-GitHub/FlashFlow/src/test/java/dev/flashflow/ExpirationRollbackIntegrationTest.java:[21,6] org.springframework.boot.test.mock.mockito 中的 org.springframework.boot.test.mock.mockito.MockBean 已过时, 且标记为待删除
[INFO] /Users/yuzheng/Computeracy/Zhenkun26-GitHub/FlashFlow/src/test/java/dev/flashflow/admission/RedisLuaAdmissionFailureTest.java: /Users/yuzheng/Computeracy/Zhenkun26-GitHub/FlashFlow/src/test/java/dev/flashflow/admission/RedisLuaAdmissionFailureTest.java使用了未经检查或不安全的操作。
[INFO] /Users/yuzheng/Computeracy/Zhenkun26-GitHub/FlashFlow/src/test/java/dev/flashflow/admission/RedisLuaAdmissionFailureTest.java: 有关详细信息, 请使用 -Xlint:unchecked 重新编译。
[INFO] 
[INFO] --- surefire:3.5.3:test (default-test) @ flashflow ---
[INFO] Using auto detected provider org.apache.maven.surefire.junitplatform.JUnitPlatformProvider
[INFO] 
[INFO] -------------------------------------------------------
[INFO]  T E S T S
[INFO] -------------------------------------------------------
[INFO] Running dev.flashflow.MessagingBoundaryTest
[INFO] Tests run: 2, Failures: 0, Errors: 0, Skipped: 0, Time elapsed: 0.053 s -- in dev.flashflow.MessagingBoundaryTest
[INFO] Running dev.flashflow.V4OutboxBacklogDrainIntegrationTest
Standard Commons Logging discovery in action with spring-jcl: please remove commons-logging.jar from classpath in order to avoid potential conflicts
10:22:39.566 [main] INFO org.springframework.test.context.support.AnnotationConfigContextLoaderUtils -- Could not detect default configuration classes for test class [dev.flashflow.V4OutboxBacklogDrainIntegrationTest]: V4OutboxBacklogDrainIntegrationTest does not declare any static, non-private, non-final, nested classes annotated with @Configuration.
10:22:39.616 [main] INFO org.springframework.boot.test.context.SpringBootTestContextBootstrapper -- Found @SpringBootConfiguration dev.flashflow.FlashFlowApplication for test class dev.flashflow.V4OutboxBacklogDrainIntegrationTest
10:22:39.658 [main] INFO org.testcontainers.images.PullPolicy -- Image pull policy will be performed by: DefaultPullPolicy()
10:22:39.659 [main] INFO org.testcontainers.utility.ImageNameSubstitutor -- Image name substitution will be performed by: DefaultImageNameSubstitutor (composite of 'ConfigurationFileImageNameSubstitutor' and 'PrefixingImageNameSubstitutor')
10:22:39.666 [main] INFO org.testcontainers.DockerClientFactory -- Testcontainers version: 1.21.3
10:22:39.739 [main] INFO org.testcontainers.dockerclient.DockerClientProviderStrategy -- Loaded org.testcontainers.dockerclient.UnixSocketClientProviderStrategy from ~/.testcontainers.properties, will try it first
10:22:39.842 [main] INFO org.testcontainers.dockerclient.DockerClientProviderStrategy -- Found Docker environment with local Unix socket (unix:///var/run/docker.sock)
10:22:39.843 [main] INFO org.testcontainers.DockerClientFactory -- Docker host IP address is localhost
10:22:39.853 [main] INFO org.testcontainers.DockerClientFactory -- Connected to docker: 
  Server Version: 29.4.1
  API Version: 1.54
  Operating System: Docker Desktop
  Total Memory: 7936 MB
  Labels: 
    com.docker.desktop.address=unix:///Users/yuzheng/Library/Containers/com.docker.docker/Data/docker-cli.sock
10:22:39.934 [main] INFO tc.testcontainers/ryuk:0.12.0 -- Creating container for image: testcontainers/ryuk:0.12.0
10:22:39.955 [main] INFO org.testcontainers.utility.RegistryAuthLocator -- Credential helper/store (docker-credential-osxkeychain) does not have credentials for https://index.docker.io/v1/
10:22:40.028 [main] INFO tc.testcontainers/ryuk:0.12.0 -- Container testcontainers/ryuk:0.12.0 is starting: bf6eaeb0aba7d586682272069e8a3d3b89fbcd3aba3c7210a552f9f76236d5cb
10:22:40.150 [main] INFO tc.testcontainers/ryuk:0.12.0 -- Container testcontainers/ryuk:0.12.0 started in PT0.216802S
10:22:40.155 [main] INFO org.testcontainers.utility.RyukResourceReaper -- Ryuk started - will monitor and terminate Testcontainers containers on JVM exit
10:22:40.155 [main] INFO org.testcontainers.DockerClientFactory -- Checking the system...
10:22:40.155 [main] INFO org.testcontainers.DockerClientFactory -- ✔︎ Docker server version should be at least 1.6.0
10:22:40.156 [main] INFO tc.mysql:8.4.6 -- Creating container for image: mysql:8.4.6
10:22:40.194 [main] INFO tc.mysql:8.4.6 -- Container mysql:8.4.6 is starting: fd98383a63e8bd5313d39da208422254058491e790036ea628a67853c3777619
10:22:40.305 [main] INFO tc.mysql:8.4.6 -- Waiting for database connection to become available at jdbc:mysql://localhost:57682/flashflow using query 'SELECT 1'
10:22:45.046 [main] INFO tc.mysql:8.4.6 -- Container mysql:8.4.6 started in PT4.890122S
10:22:45.046 [main] INFO tc.mysql:8.4.6 -- Container is started (JDBC URL: jdbc:mysql://localhost:57682/flashflow)
10:22:45.047 [main] INFO tc.redis:7.4.2-alpine -- Creating container for image: redis:7.4.2-alpine
10:22:45.067 [main] INFO tc.redis:7.4.2-alpine -- Container redis:7.4.2-alpine is starting: 1e911d84b99e837c3b5f79d3d1a703f9df539a16e5714fb689add004461a6a80
10:22:45.211 [main] INFO tc.redis:7.4.2-alpine -- Container redis:7.4.2-alpine started in PT0.163963S

  .   ____          _            __ _ _
 /\\ / ___'_ __ _ _(_)_ __  __ _ \ \ \ \
( ( )\___ | '_ | '_| | '_ \/ _` | \ \ \ \
 \\/  ___)| |_)| | | | | || (_| |  ) ) ) )
  '  |____| .__|_| |_|_| |_\__, | / / / /
 =========|_|==============|___/=/_/_/_/

 :: Spring Boot ::                (v3.5.5)

2026-08-11T10:22:45.349+08:00 INFO  d.f.V4OutboxBacklogDrainIntegrationTest request_id= idempotency_key= order_id= user_id= sku_id= payment_tx= - Starting V4OutboxBacklogDrainIntegrationTest using Java 26.0.2 with PID 60076 (started by yuzheng in /Users/yuzheng/Computeracy/Zhenkun26-GitHub/FlashFlow)
2026-08-11T10:22:45.350+08:00 INFO  d.f.V4OutboxBacklogDrainIntegrationTest request_id= idempotency_key= order_id= user_id= sku_id= payment_tx= - The following 1 profile is active: "test"
2026-08-11T10:22:45.744+08:00 INFO  o.s.d.r.c.RepositoryConfigurationDelegate request_id= idempotency_key= order_id= user_id= sku_id= payment_tx= - Multiple Spring Data modules found, entering strict repository configuration mode
2026-08-11T10:22:45.745+08:00 INFO  o.s.d.r.c.RepositoryConfigurationDelegate request_id= idempotency_key= order_id= user_id= sku_id= payment_tx= - Bootstrapping Spring Data Redis repositories in DEFAULT mode.
2026-08-11T10:22:45.765+08:00 INFO  o.s.d.r.c.RepositoryConfigurationDelegate request_id= idempotency_key= order_id= user_id= sku_id= payment_tx= - Finished Spring Data repository scanning in 12 ms. Found 0 Redis repository interfaces.
2026-08-11T10:22:45.985+08:00 INFO  o.s.b.w.e.tomcat.TomcatWebServer request_id= idempotency_key= order_id= user_id= sku_id= payment_tx= - Tomcat initialized with port 0 (http)
2026-08-11T10:22:45.990+08:00 INFO  o.a.catalina.core.StandardService request_id= idempotency_key= order_id= user_id= sku_id= payment_tx= - Starting service [Tomcat]
2026-08-11T10:22:45.990+08:00 INFO  o.a.catalina.core.StandardEngine request_id= idempotency_key= order_id= user_id= sku_id= payment_tx= - Starting Servlet engine: [Apache Tomcat/10.1.44]
2026-08-11T10:22:46.006+08:00 INFO  o.a.c.c.C.[Tomcat].[localhost].[/] request_id= idempotency_key= order_id= user_id= sku_id= payment_tx= - Initializing Spring embedded WebApplicationContext
2026-08-11T10:22:46.007+08:00 INFO  o.s.b.w.s.c.ServletWebServerApplicationContext request_id= idempotency_key= order_id= user_id= sku_id= payment_tx= - Root WebApplicationContext: initialization completed in 645 ms
Standard Commons Logging discovery in action with spring-jcl: please remove commons-logging.jar from classpath in order to avoid potential conflicts
WARNING: A terminally deprecated method in sun.misc.Unsafe has been called
WARNING: sun.misc.Unsafe::allocateMemory has been called by io.netty.util.internal.PlatformDependent0$2 (file:/Users/yuzheng/.m2/repository/io/netty/netty-common/4.1.124.Final/netty-common-4.1.124.Final.jar)
WARNING: Please consider reporting this to the maintainers of class io.netty.util.internal.PlatformDependent0$2
WARNING: sun.misc.Unsafe::allocateMemory will be removed in a future release
WARNING: A restricted method in java.lang.System has been called
WARNING: java.lang.System::loadLibrary has been called by io.netty.util.internal.NativeLibraryUtil in an unnamed module (file:/Users/yuzheng/.m2/repository/io/netty/netty-common/4.1.124.Final/netty-common-4.1.124.Final.jar)
WARNING: Use --enable-native-access=ALL-UNNAMED to avoid a warning for callers in this module
WARNING: Restricted methods will be blocked in a future release unless native access is enabled

2026-08-11T10:22:47.130+08:00 INFO  com.zaxxer.hikari.HikariDataSource request_id= idempotency_key= order_id= user_id= sku_id= payment_tx= - HikariPool-1 - Starting...
2026-08-11T10:22:47.207+08:00 INFO  com.zaxxer.hikari.pool.HikariPool request_id= idempotency_key= order_id= user_id= sku_id= payment_tx= - HikariPool-1 - Added connection com.mysql.cj.jdbc.ConnectionImpl@5a86112a
2026-08-11T10:22:47.208+08:00 INFO  com.zaxxer.hikari.HikariDataSource request_id= idempotency_key= order_id= user_id= sku_id= payment_tx= - HikariPool-1 - Start completed.
2026-08-11T10:22:47.228+08:00 INFO  org.flywaydb.core.FlywayExecutor request_id= idempotency_key= order_id= user_id= sku_id= payment_tx= - Database: jdbc:mysql://localhost:57682/flashflow (MySQL 8.4)
2026-08-11T10:22:47.249+08:00 WARN  o.f.c.i.database.base.Database request_id= idempotency_key= order_id= user_id= sku_id= payment_tx= - Flyway upgrade recommended: MySQL 8.4 is newer than this version of Flyway and support has not been tested. The latest supported version of MySQL is 8.1.
2026-08-11T10:22:47.262+08:00 INFO  o.f.c.i.s.JdbcTableSchemaHistory request_id= idempotency_key= order_id= user_id= sku_id= payment_tx= - Schema history table `flashflow`.`flyway_schema_history` does not exist yet
2026-08-11T10:22:47.264+08:00 INFO  o.f.core.internal.command.DbValidate request_id= idempotency_key= order_id= user_id= sku_id= payment_tx= - Successfully validated 4 migrations (execution time 00:00.010s)
2026-08-11T10:22:47.284+08:00 INFO  o.f.c.i.s.JdbcTableSchemaHistory request_id= idempotency_key= order_id= user_id= sku_id= payment_tx= - Creating Schema History table `flashflow`.`flyway_schema_history` ...
2026-08-11T10:22:47.322+08:00 INFO  o.f.core.internal.command.DbMigrate request_id= idempotency_key= order_id= user_id= sku_id= payment_tx= - Current version of schema `flashflow`: << Empty Schema >>
2026-08-11T10:22:47.331+08:00 INFO  o.f.core.internal.command.DbMigrate request_id= idempotency_key= order_id= user_id= sku_id= payment_tx= - Migrating schema `flashflow` to version "1 - create flashflow v1 schema"
2026-08-11T10:22:47.435+08:00 INFO  o.f.core.internal.command.DbMigrate request_id= idempotency_key= order_id= user_id= sku_id= payment_tx= - Migrating schema `flashflow` to version "2 - create order command ledger"
2026-08-11T10:22:47.456+08:00 INFO  o.f.core.internal.command.DbMigrate request_id= idempotency_key= order_id= user_id= sku_id= payment_tx= - Migrating schema `flashflow` to version "3 - extend order command transport evidence"
2026-08-11T10:22:47.484+08:00 INFO  o.f.core.internal.command.DbMigrate request_id= idempotency_key= order_id= user_id= sku_id= payment_tx= - Migrating schema `flashflow` to version "4 - create order command outbox"
2026-08-11T10:22:47.502+08:00 INFO  o.f.core.internal.command.DbMigrate request_id= idempotency_key= order_id= user_id= sku_id= payment_tx= - Successfully applied 4 migrations to schema `flashflow`, now at version v4 (execution time 00:00.133s)
2026-08-11T10:22:48.044+08:00 INFO  o.s.b.a.e.web.EndpointLinksResolver request_id= idempotency_key= order_id= user_id= sku_id= payment_tx= - Exposing 2 endpoints beneath base path '/actuator'
2026-08-11T10:22:48.098+08:00 INFO  o.s.b.w.e.tomcat.TomcatWebServer request_id= idempotency_key= order_id= user_id= sku_id= payment_tx= - Tomcat started on port 57755 (http) with context path '/'
2026-08-11T10:22:48.108+08:00 INFO  d.f.V4OutboxBacklogDrainIntegrationTest request_id= idempotency_key= order_id= user_id= sku_id= payment_tx= - Started V4OutboxBacklogDrainIntegrationTest in 2.886 seconds (process running for 8.951)
OpenJDK 64-Bit Server VM warning: Sharing is only supported for boot loader classes because bootstrap classpath has been appended
2026-08-11T10:23:00.900+08:00 INFO  o.a.c.c.C.[Tomcat].[localhost].[/] request_id= idempotency_key= order_id= user_id= sku_id= payment_tx= - Initializing Spring DispatcherServlet 'dispatcherServlet'
2026-08-11T10:23:00.900+08:00 INFO  o.s.web.servlet.DispatcherServlet request_id= idempotency_key= order_id= user_id= sku_id= payment_tx= - Initializing Servlet 'dispatcherServlet'
2026-08-11T10:23:00.902+08:00 INFO  o.s.web.servlet.DispatcherServlet request_id= idempotency_key= order_id= user_id= sku_id= payment_tx= - Completed initialization in 2 ms
2026-08-11T10:23:00.943+08:00 INFO  d.f.m.o.OutboxAsyncOrderApplicationService request_id=7d502bc8-ed2b-427b-9913-1d99bf55c802 idempotency_key=key-f8a35d1d-0 order_id= user_id=user-f8a35d1d-0 sku_id=sku-v4-backlog-f8a35d1d payment_tx= - Durable Outbox acceptance command_id=77fb36554d9fae1c29980aef0090e08c4e0df88962ae92798e576b363d5c46aa status=ACCEPTED
2026-08-11T10:23:00.983+08:00 INFO  d.f.m.o.OutboxAsyncOrderApplicationService request_id=97d8262d-0f90-4128-98f0-18994a55e46d idempotency_key=key-f8a35d1d-1 order_id= user_id=user-f8a35d1d-1 sku_id=sku-v4-backlog-f8a35d1d payment_tx= - Durable Outbox acceptance command_id=2e9df51bb614d4939e7dcf9fe20ab1dfcdfe6b6d222c37709e8544183aa7cd74 status=ACCEPTED
2026-08-11T10:23:00.994+08:00 INFO  d.f.m.o.OutboxAsyncOrderApplicationService request_id=120ebfa6-e18e-4ce8-a4d4-7948984524c4 idempotency_key=key-f8a35d1d-2 order_id= user_id=user-f8a35d1d-2 sku_id=sku-v4-backlog-f8a35d1d payment_tx= - Durable Outbox acceptance command_id=d698b1e52827c55333a4f9ec188fb877d9515ad053aa1b9c7c7c57331d7e3808 status=ACCEPTED
2026-08-11T10:23:01.003+08:00 INFO  d.f.m.o.OutboxAsyncOrderApplicationService request_id=e4756acd-3f67-48ba-a5f5-b85b1cf31142 idempotency_key=key-f8a35d1d-3 order_id= user_id=user-f8a35d1d-3 sku_id=sku-v4-backlog-f8a35d1d payment_tx= - Durable Outbox acceptance command_id=cea5adfcd354b090731f1ff1a4aee0798a9b5569893e7f629bc0ff1df849baff status=ACCEPTED
2026-08-11T10:23:01.020+08:00 INFO  d.f.m.o.OutboxAsyncOrderApplicationService request_id=c6080082-08bc-49ee-a89c-a015bdc04063 idempotency_key=key-f8a35d1d-4 order_id= user_id=user-f8a35d1d-4 sku_id=sku-v4-backlog-f8a35d1d payment_tx= - Durable Outbox acceptance command_id=c27c344efee88755302e5483f0d8333ec75da7f8e20f49473ba7824b224074f5 status=ACCEPTED
2026-08-11T10:23:01.026+08:00 INFO  d.f.m.outbox.OutboxDispatcher request_id= idempotency_key= order_id= user_id= sku_id= payment_tx= - Outbox publication deferred outbox_id=a82487e1-be04-4733-8ede-506f2d6c49d8 command_id=77fb36554d9fae1c29980aef0090e08c4e0df88962ae92798e576b363d5c46aa outcome=RETRYABLE cause=MQCLIENTEXCEPTION
2026-08-11T10:23:01.032+08:00 INFO  d.f.m.outbox.OutboxDispatcher request_id= idempotency_key= order_id= user_id= sku_id= payment_tx= - Outbox publication deferred outbox_id=3d809a24-24cb-41c2-bcf7-cb0b86dc3726 command_id=2e9df51bb614d4939e7dcf9fe20ab1dfcdfe6b6d222c37709e8544183aa7cd74 outcome=RETRYABLE cause=MQCLIENTEXCEPTION
2026-08-11T10:23:01.036+08:00 INFO  d.f.m.o.OutboxAsyncOrderApplicationService request_id=72db1fd2-e458-46f3-b15d-3dca35f1ff05 idempotency_key=key-f8a35d1d-5 order_id= user_id=user-f8a35d1d-5 sku_id=sku-v4-backlog-f8a35d1d payment_tx= - Durable Outbox acceptance command_id=b93df0cf99f33f4ae8d4a045b2ae9092997149aa6bc96f19c23f6bd7b9086f8c status=ACCEPTED
2026-08-11T10:23:01.038+08:00 INFO  d.f.m.outbox.OutboxDispatcher request_id= idempotency_key= order_id= user_id= sku_id= payment_tx= - Outbox publication deferred outbox_id=3ff356af-81ec-4e7f-83bc-e0ffc0816d05 command_id=d698b1e52827c55333a4f9ec188fb877d9515ad053aa1b9c7c7c57331d7e3808 outcome=RETRYABLE cause=MQCLIENTEXCEPTION
2026-08-11T10:23:01.045+08:00 INFO  d.f.m.outbox.OutboxDispatcher request_id= idempotency_key= order_id= user_id= sku_id= payment_tx= - Outbox publication deferred outbox_id=3d5626f4-258f-47c1-8bb2-32dcae9667b0 command_id=cea5adfcd354b090731f1ff1a4aee0798a9b5569893e7f629bc0ff1df849baff outcome=RETRYABLE cause=MQCLIENTEXCEPTION
2026-08-11T10:23:01.051+08:00 INFO  d.f.m.o.OutboxAsyncOrderApplicationService request_id=1f36db2b-2397-4b0a-9d19-39c3e47a874f idempotency_key=key-f8a35d1d-6 order_id= user_id=user-f8a35d1d-6 sku_id=sku-v4-backlog-f8a35d1d payment_tx= - Durable Outbox acceptance command_id=84212bc597f5bae3cdbf6b9a5a9fe01f52882eddf3609ff58f89db3e54110350 status=ACCEPTED
2026-08-11T10:23:01.063+08:00 INFO  d.f.m.o.OutboxAsyncOrderApplicationService request_id=0426457a-9fe8-463b-b896-4e41bd76bda0 idempotency_key=key-f8a35d1d-7 order_id= user_id=user-f8a35d1d-7 sku_id=sku-v4-backlog-f8a35d1d payment_tx= - Durable Outbox acceptance command_id=815f7bd56c8462272dc6cc4881c82b46e5f07a3537080967c4706db72322ba49 status=ACCEPTED
2026-08-11T10:23:01.077+08:00 INFO  d.f.m.o.OutboxAsyncOrderApplicationService request_id=708b4f55-bf42-408e-a933-33c1adb90e6f idempotency_key=key-f8a35d1d-8 order_id= user_id=user-f8a35d1d-8 sku_id=sku-v4-backlog-f8a35d1d payment_tx= - Durable Outbox acceptance command_id=7ccd666222c384c95e761b7696a5da0de9a7d0b16fee1d5cbf65f9ce424049a7 status=ACCEPTED
2026-08-11T10:23:01.087+08:00 INFO  d.f.m.o.OutboxAsyncOrderApplicationService request_id=9a02bbfe-287c-4ead-9583-2a396d62fdff idempotency_key=key-f8a35d1d-9 order_id= user_id=user-f8a35d1d-9 sku_id=sku-v4-backlog-f8a35d1d payment_tx= - Durable Outbox acceptance command_id=c0319c877cf95db7f0ebdfcfeea4a41fc56d13048386da33112b78c6e2a760a5 status=ACCEPTED
2026-08-11T10:23:01.097+08:00 INFO  d.f.m.o.OutboxAsyncOrderApplicationService request_id=92b46816-ccfc-4ef9-a475-c3ecf87e8238 idempotency_key=key-f8a35d1d-10 order_id= user_id=user-f8a35d1d-10 sku_id=sku-v4-backlog-f8a35d1d payment_tx= - Durable Outbox acceptance command_id=982bd29c9db01f341fef7c24aad17efd898102d2feb4887d0a21090d72e63971 status=ACCEPTED
2026-08-11T10:23:01.103+08:00 INFO  d.f.m.o.OutboxAsyncOrderApplicationService request_id=c1b86510-fc6d-4b80-809a-ea2d54e297bc idempotency_key=key-f8a35d1d-11 order_id= user_id=user-f8a35d1d-11 sku_id=sku-v4-backlog-f8a35d1d payment_tx= - Durable Outbox acceptance command_id=ff37ff8ccaeac816e3dbbbad0710d24419a6d40758c7dbc45007939582947bf2 status=ACCEPTED
2026-08-11T10:23:01.160+08:00 INFO  d.f.m.outbox.OutboxDispatcher request_id= idempotency_key= order_id= user_id= sku_id= payment_tx= - Outbox publication deferred outbox_id=b83e6510-c6f5-4e66-8777-a68361ce8b82 command_id=c27c344efee88755302e5483f0d8333ec75da7f8e20f49473ba7824b224074f5 outcome=RETRYABLE cause=MQCLIENTEXCEPTION
2026-08-11T10:23:01.164+08:00 INFO  d.f.m.outbox.OutboxDispatcher request_id= idempotency_key= order_id= user_id= sku_id= payment_tx= - Outbox publication deferred outbox_id=11ac86a7-5c27-40c5-988b-04bf5677479f command_id=b93df0cf99f33f4ae8d4a045b2ae9092997149aa6bc96f19c23f6bd7b9086f8c outcome=RETRYABLE cause=MQCLIENTEXCEPTION
2026-08-11T10:23:01.168+08:00 INFO  d.f.m.outbox.OutboxDispatcher request_id= idempotency_key= order_id= user_id= sku_id= payment_tx= - Outbox publication deferred outbox_id=d0d9b7bc-d8e9-45c0-92dc-046837eaad77 command_id=84212bc597f5bae3cdbf6b9a5a9fe01f52882eddf3609ff58f89db3e54110350 outcome=RETRYABLE cause=MQCLIENTEXCEPTION
2026-08-11T10:23:01.170+08:00 INFO  d.f.m.outbox.OutboxDispatcher request_id= idempotency_key= order_id= user_id= sku_id= payment_tx= - Outbox publication deferred outbox_id=e7db7ba9-f483-4625-a38c-2497509e638b command_id=815f7bd56c8462272dc6cc4881c82b46e5f07a3537080967c4706db72322ba49 outcome=RETRYABLE cause=MQCLIENTEXCEPTION
2026-08-11T10:23:01.283+08:00 INFO  d.f.m.outbox.OutboxDispatcher request_id= idempotency_key= order_id= user_id= sku_id= payment_tx= - Outbox publication deferred outbox_id=79657f01-11e9-431a-8596-6c5f590a5982 command_id=7ccd666222c384c95e761b7696a5da0de9a7d0b16fee1d5cbf65f9ce424049a7 outcome=RETRYABLE cause=MQCLIENTEXCEPTION
2026-08-11T10:23:01.289+08:00 INFO  d.f.m.outbox.OutboxDispatcher request_id= idempotency_key= order_id= user_id= sku_id= payment_tx= - Outbox publication deferred outbox_id=08bc53b7-acb2-4483-aca1-105cdccf7fa3 command_id=c0319c877cf95db7f0ebdfcfeea4a41fc56d13048386da33112b78c6e2a760a5 outcome=RETRYABLE cause=MQCLIENTEXCEPTION
2026-08-11T10:23:01.293+08:00 INFO  d.f.m.outbox.OutboxDispatcher request_id= idempotency_key= order_id= user_id= sku_id= payment_tx= - Outbox publication deferred outbox_id=a3da6253-6a5e-45c2-afb2-6d8efdefeee3 command_id=982bd29c9db01f341fef7c24aad17efd898102d2feb4887d0a21090d72e63971 outcome=RETRYABLE cause=MQCLIENTEXCEPTION
2026-08-11T10:23:01.296+08:00 INFO  d.f.m.outbox.OutboxDispatcher request_id= idempotency_key= order_id= user_id= sku_id= payment_tx= - Outbox publication deferred outbox_id=6863fbee-539a-427c-86a9-99868a516873 command_id=ff37ff8ccaeac816e3dbbbad0710d24419a6d40758c7dbc45007939582947bf2 outcome=RETRYABLE cause=MQCLIENTEXCEPTION
2026-08-11T10:23:01.410+08:00 INFO  d.f.m.outbox.OutboxDispatcher request_id= idempotency_key= order_id= user_id= sku_id= payment_tx= - Outbox publication deferred outbox_id=a82487e1-be04-4733-8ede-506f2d6c49d8 command_id=77fb36554d9fae1c29980aef0090e08c4e0df88962ae92798e576b363d5c46aa outcome=RETRYABLE cause=MQCLIENTEXCEPTION
2026-08-11T10:23:01.415+08:00 INFO  d.f.m.outbox.OutboxDispatcher request_id= idempotency_key= order_id= user_id= sku_id= payment_tx= - Outbox publication deferred outbox_id=3d809a24-24cb-41c2-bcf7-cb0b86dc3726 command_id=2e9df51bb614d4939e7dcf9fe20ab1dfcdfe6b6d222c37709e8544183aa7cd74 outcome=RETRYABLE cause=MQCLIENTEXCEPTION
2026-08-11T10:23:01.419+08:00 INFO  d.f.m.outbox.OutboxDispatcher request_id= idempotency_key= order_id= user_id= sku_id= payment_tx= - Outbox publication deferred outbox_id=3ff356af-81ec-4e7f-83bc-e0ffc0816d05 command_id=d698b1e52827c55333a4f9ec188fb877d9515ad053aa1b9c7c7c57331d7e3808 outcome=RETRYABLE cause=MQCLIENTEXCEPTION
2026-08-11T10:23:01.423+08:00 INFO  d.f.m.outbox.OutboxDispatcher request_id= idempotency_key= order_id= user_id= sku_id= payment_tx= - Outbox publication deferred outbox_id=3d5626f4-258f-47c1-8bb2-32dcae9667b0 command_id=cea5adfcd354b090731f1ff1a4aee0798a9b5569893e7f629bc0ff1df849baff outcome=RETRYABLE cause=MQCLIENTEXCEPTION
2026-08-11T10:23:01.537+08:00 INFO  d.f.m.outbox.OutboxDispatcher request_id= idempotency_key= order_id= user_id= sku_id= payment_tx= - Outbox publication deferred outbox_id=b83e6510-c6f5-4e66-8777-a68361ce8b82 command_id=c27c344efee88755302e5483f0d8333ec75da7f8e20f49473ba7824b224074f5 outcome=RETRYABLE cause=MQCLIENTEXCEPTION
2026-08-11T10:23:01.540+08:00 INFO  d.f.m.outbox.OutboxDispatcher request_id= idempotency_key= order_id= user_id= sku_id= payment_tx= - Outbox publication deferred outbox_id=11ac86a7-5c27-40c5-988b-04bf5677479f command_id=b93df0cf99f33f4ae8d4a045b2ae9092997149aa6bc96f19c23f6bd7b9086f8c outcome=RETRYABLE cause=MQCLIENTEXCEPTION
2026-08-11T10:23:01.545+08:00 INFO  d.f.m.outbox.OutboxDispatcher request_id= idempotency_key= order_id= user_id= sku_id= payment_tx= - Outbox publication deferred outbox_id=d0d9b7bc-d8e9-45c0-92dc-046837eaad77 command_id=84212bc597f5bae3cdbf6b9a5a9fe01f52882eddf3609ff58f89db3e54110350 outcome=RETRYABLE cause=MQCLIENTEXCEPTION
2026-08-11T10:23:01.549+08:00 INFO  d.f.m.outbox.OutboxDispatcher request_id= idempotency_key= order_id= user_id= sku_id= payment_tx= - Outbox publication deferred outbox_id=e7db7ba9-f483-4625-a38c-2497509e638b command_id=815f7bd56c8462272dc6cc4881c82b46e5f07a3537080967c4706db72322ba49 outcome=RETRYABLE cause=MQCLIENTEXCEPTION
2026-08-11T10:23:01.671+08:00 INFO  d.f.m.outbox.OutboxDispatcher request_id= idempotency_key= order_id= user_id= sku_id= payment_tx= - Outbox publication deferred outbox_id=79657f01-11e9-431a-8596-6c5f590a5982 command_id=7ccd666222c384c95e761b7696a5da0de9a7d0b16fee1d5cbf65f9ce424049a7 outcome=RETRYABLE cause=MQCLIENTEXCEPTION
2026-08-11T10:23:01.674+08:00 INFO  d.f.m.outbox.OutboxDispatcher request_id= idempotency_key= order_id= user_id= sku_id= payment_tx= - Outbox publication deferred outbox_id=08bc53b7-acb2-4483-aca1-105cdccf7fa3 command_id=c0319c877cf95db7f0ebdfcfeea4a41fc56d13048386da33112b78c6e2a760a5 outcome=RETRYABLE cause=MQCLIENTEXCEPTION
2026-08-11T10:23:01.677+08:00 INFO  d.f.m.outbox.OutboxDispatcher request_id= idempotency_key= order_id= user_id= sku_id= payment_tx= - Outbox publication deferred outbox_id=a3da6253-6a5e-45c2-afb2-6d8efdefeee3 command_id=982bd29c9db01f341fef7c24aad17efd898102d2feb4887d0a21090d72e63971 outcome=RETRYABLE cause=MQCLIENTEXCEPTION
2026-08-11T10:23:01.681+08:00 INFO  d.f.m.outbox.OutboxDispatcher request_id= idempotency_key= order_id= user_id= sku_id= payment_tx= - Outbox publication deferred outbox_id=6863fbee-539a-427c-86a9-99868a516873 command_id=ff37ff8ccaeac816e3dbbbad0710d24419a6d40758c7dbc45007939582947bf2 outcome=RETRYABLE cause=MQCLIENTEXCEPTION
2026-08-11T10:23:01.811+08:00 INFO  d.f.m.outbox.OutboxDispatcher request_id= idempotency_key= order_id= user_id= sku_id= payment_tx= - Outbox publication deferred outbox_id=a82487e1-be04-4733-8ede-506f2d6c49d8 command_id=77fb36554d9fae1c29980aef0090e08c4e0df88962ae92798e576b363d5c46aa outcome=RETRYABLE cause=MQCLIENTEXCEPTION
2026-08-11T10:23:01.817+08:00 INFO  d.f.m.outbox.OutboxDispatcher request_id= idempotency_key= order_id= user_id= sku_id= payment_tx= - Outbox publication deferred outbox_id=3d809a24-24cb-41c2-bcf7-cb0b86dc3726 command_id=2e9df51bb614d4939e7dcf9fe20ab1dfcdfe6b6d222c37709e8544183aa7cd74 outcome=RETRYABLE cause=MQCLIENTEXCEPTION
2026-08-11T10:23:01.821+08:00 INFO  d.f.m.outbox.OutboxDispatcher request_id= idempotency_key= order_id= user_id= sku_id= payment_tx= - Outbox publication deferred outbox_id=3ff356af-81ec-4e7f-83bc-e0ffc0816d05 command_id=d698b1e52827c55333a4f9ec188fb877d9515ad053aa1b9c7c7c57331d7e3808 outcome=RETRYABLE cause=MQCLIENTEXCEPTION
2026-08-11T10:23:01.825+08:00 INFO  d.f.m.outbox.OutboxDispatcher request_id= idempotency_key= order_id= user_id= sku_id= payment_tx= - Outbox publication deferred outbox_id=3d5626f4-258f-47c1-8bb2-32dcae9667b0 command_id=cea5adfcd354b090731f1ff1a4aee0798a9b5569893e7f629bc0ff1df849baff outcome=RETRYABLE cause=MQCLIENTEXCEPTION
2026-08-11T10:23:01.943+08:00 INFO  d.f.m.outbox.OutboxDispatcher request_id= idempotency_key= order_id= user_id= sku_id= payment_tx= - Outbox publication deferred outbox_id=b83e6510-c6f5-4e66-8777-a68361ce8b82 command_id=c27c344efee88755302e5483f0d8333ec75da7f8e20f49473ba7824b224074f5 outcome=RETRYABLE cause=MQCLIENTEXCEPTION
2026-08-11T10:23:01.947+08:00 INFO  d.f.m.outbox.OutboxDispatcher request_id= idempotency_key= order_id= user_id= sku_id= payment_tx= - Outbox publication deferred outbox_id=11ac86a7-5c27-40c5-988b-04bf5677479f command_id=b93df0cf99f33f4ae8d4a045b2ae9092997149aa6bc96f19c23f6bd7b9086f8c outcome=RETRYABLE cause=MQCLIENTEXCEPTION
2026-08-11T10:23:01.950+08:00 INFO  d.f.m.outbox.OutboxDispatcher request_id= idempotency_key= order_id= user_id= sku_id= payment_tx= - Outbox publication deferred outbox_id=d0d9b7bc-d8e9-45c0-92dc-046837eaad77 command_id=84212bc597f5bae3cdbf6b9a5a9fe01f52882eddf3609ff58f89db3e54110350 outcome=RETRYABLE cause=MQCLIENTEXCEPTION
2026-08-11T10:23:01.953+08:00 INFO  d.f.m.outbox.OutboxDispatcher request_id= idempotency_key= order_id= user_id= sku_id= payment_tx= - Outbox publication deferred outbox_id=e7db7ba9-f483-4625-a38c-2497509e638b command_id=815f7bd56c8462272dc6cc4881c82b46e5f07a3537080967c4706db72322ba49 outcome=RETRYABLE cause=MQCLIENTEXCEPTION
2026-08-11T10:23:02.078+08:00 INFO  d.f.m.outbox.OutboxDispatcher request_id= idempotency_key= order_id= user_id= sku_id= payment_tx= - Outbox publication deferred outbox_id=79657f01-11e9-431a-8596-6c5f590a5982 command_id=7ccd666222c384c95e761b7696a5da0de9a7d0b16fee1d5cbf65f9ce424049a7 outcome=RETRYABLE cause=MQCLIENTEXCEPTION
2026-08-11T10:23:02.082+08:00 INFO  d.f.m.outbox.OutboxDispatcher request_id= idempotency_key= order_id= user_id= sku_id= payment_tx= - Outbox publication deferred outbox_id=08bc53b7-acb2-4483-aca1-105cdccf7fa3 command_id=c0319c877cf95db7f0ebdfcfeea4a41fc56d13048386da33112b78c6e2a760a5 outcome=RETRYABLE cause=MQCLIENTEXCEPTION
2026-08-11T10:23:02.085+08:00 INFO  d.f.m.outbox.OutboxDispatcher request_id= idempotency_key= order_id= user_id= sku_id= payment_tx= - Outbox publication deferred outbox_id=a3da6253-6a5e-45c2-afb2-6d8efdefeee3 command_id=982bd29c9db01f341fef7c24aad17efd898102d2feb4887d0a21090d72e63971 outcome=RETRYABLE cause=MQCLIENTEXCEPTION
2026-08-11T10:23:02.092+08:00 INFO  d.f.m.outbox.OutboxDispatcher request_id= idempotency_key= order_id= user_id= sku_id= payment_tx= - Outbox publication deferred outbox_id=6863fbee-539a-427c-86a9-99868a516873 command_id=ff37ff8ccaeac816e3dbbbad0710d24419a6d40758c7dbc45007939582947bf2 outcome=RETRYABLE cause=MQCLIENTEXCEPTION
2026-08-11T10:23:02.316+08:00 INFO  d.f.m.outbox.OutboxDispatcher request_id= idempotency_key= order_id= user_id= sku_id= payment_tx= - Outbox publication deferred outbox_id=a82487e1-be04-4733-8ede-506f2d6c49d8 command_id=77fb36554d9fae1c29980aef0090e08c4e0df88962ae92798e576b363d5c46aa outcome=RETRYABLE cause=MQCLIENTEXCEPTION
2026-08-11T10:23:02.319+08:00 INFO  d.f.m.outbox.OutboxDispatcher request_id= idempotency_key= order_id= user_id= sku_id= payment_tx= - Outbox publication deferred outbox_id=3d809a24-24cb-41c2-bcf7-cb0b86dc3726 command_id=2e9df51bb614d4939e7dcf9fe20ab1dfcdfe6b6d222c37709e8544183aa7cd74 outcome=RETRYABLE cause=MQCLIENTEXCEPTION
2026-08-11T10:23:02.326+08:00 INFO  d.f.m.outbox.OutboxDispatcher request_id= idempotency_key= order_id= user_id= sku_id= payment_tx= - Outbox publication deferred outbox_id=3ff356af-81ec-4e7f-83bc-e0ffc0816d05 command_id=d698b1e52827c55333a4f9ec188fb877d9515ad053aa1b9c7c7c57331d7e3808 outcome=RETRYABLE cause=MQCLIENTEXCEPTION
2026-08-11T10:23:02.331+08:00 INFO  d.f.m.outbox.OutboxDispatcher request_id= idempotency_key= order_id= user_id= sku_id= payment_tx= - Outbox publication deferred outbox_id=3d5626f4-258f-47c1-8bb2-32dcae9667b0 command_id=cea5adfcd354b090731f1ff1a4aee0798a9b5569893e7f629bc0ff1df849baff outcome=RETRYABLE cause=MQCLIENTEXCEPTION
2026-08-11T10:23:02.451+08:00 INFO  d.f.m.outbox.OutboxDispatcher request_id= idempotency_key= order_id= user_id= sku_id= payment_tx= - Outbox publication deferred outbox_id=b83e6510-c6f5-4e66-8777-a68361ce8b82 command_id=c27c344efee88755302e5483f0d8333ec75da7f8e20f49473ba7824b224074f5 outcome=RETRYABLE cause=MQCLIENTEXCEPTION
2026-08-11T10:23:02.457+08:00 INFO  d.f.m.outbox.OutboxDispatcher request_id= idempotency_key= order_id= user_id= sku_id= payment_tx= - Outbox publication deferred outbox_id=11ac86a7-5c27-40c5-988b-04bf5677479f command_id=b93df0cf99f33f4ae8d4a045b2ae9092997149aa6bc96f19c23f6bd7b9086f8c outcome=RETRYABLE cause=MQCLIENTEXCEPTION
2026-08-11T10:23:02.461+08:00 INFO  d.f.m.outbox.OutboxDispatcher request_id= idempotency_key= order_id= user_id= sku_id= payment_tx= - Outbox publication deferred outbox_id=d0d9b7bc-d8e9-45c0-92dc-046837eaad77 command_id=84212bc597f5bae3cdbf6b9a5a9fe01f52882eddf3609ff58f89db3e54110350 outcome=RETRYABLE cause=MQCLIENTEXCEPTION
2026-08-11T10:23:02.466+08:00 INFO  d.f.m.outbox.OutboxDispatcher request_id= idempotency_key= order_id= user_id= sku_id= payment_tx= - Outbox publication deferred outbox_id=e7db7ba9-f483-4625-a38c-2497509e638b command_id=815f7bd56c8462272dc6cc4881c82b46e5f07a3537080967c4706db72322ba49 outcome=RETRYABLE cause=MQCLIENTEXCEPTION
2026-08-11T10:23:02.588+08:00 INFO  d.f.m.outbox.OutboxDispatcher request_id= idempotency_key= order_id= user_id= sku_id= payment_tx= - Outbox publication deferred outbox_id=79657f01-11e9-431a-8596-6c5f590a5982 command_id=7ccd666222c384c95e761b7696a5da0de9a7d0b16fee1d5cbf65f9ce424049a7 outcome=RETRYABLE cause=MQCLIENTEXCEPTION
2026-08-11T10:23:02.592+08:00 INFO  d.f.m.outbox.OutboxDispatcher request_id= idempotency_key= order_id= user_id= sku_id= payment_tx= - Outbox publication deferred outbox_id=08bc53b7-acb2-4483-aca1-105cdccf7fa3 command_id=c0319c877cf95db7f0ebdfcfeea4a41fc56d13048386da33112b78c6e2a760a5 outcome=RETRYABLE cause=MQCLIENTEXCEPTION
2026-08-11T10:23:02.597+08:00 INFO  d.f.m.outbox.OutboxDispatcher request_id= idempotency_key= order_id= user_id= sku_id= payment_tx= - Outbox publication deferred outbox_id=a3da6253-6a5e-45c2-afb2-6d8efdefeee3 command_id=982bd29c9db01f341fef7c24aad17efd898102d2feb4887d0a21090d72e63971 outcome=RETRYABLE cause=MQCLIENTEXCEPTION
2026-08-11T10:23:02.605+08:00 INFO  d.f.m.outbox.OutboxDispatcher request_id= idempotency_key= order_id= user_id= sku_id= payment_tx= - Outbox publication deferred outbox_id=6863fbee-539a-427c-86a9-99868a516873 command_id=ff37ff8ccaeac816e3dbbbad0710d24419a6d40758c7dbc45007939582947bf2 outcome=RETRYABLE cause=MQCLIENTEXCEPTION
2026-08-11T10:23:03.150+08:00 INFO  d.f.m.outbox.OutboxDispatcher request_id= idempotency_key= order_id= user_id= sku_id= payment_tx= - Outbox publication deferred outbox_id=a82487e1-be04-4733-8ede-506f2d6c49d8 command_id=77fb36554d9fae1c29980aef0090e08c4e0df88962ae92798e576b363d5c46aa outcome=RETRYABLE cause=MQCLIENTEXCEPTION
2026-08-11T10:23:03.152+08:00 INFO  d.f.m.outbox.OutboxDispatcher request_id= idempotency_key= order_id= user_id= sku_id= payment_tx= - Outbox publication deferred outbox_id=3d809a24-24cb-41c2-bcf7-cb0b86dc3726 command_id=2e9df51bb614d4939e7dcf9fe20ab1dfcdfe6b6d222c37709e8544183aa7cd74 outcome=RETRYABLE cause=MQCLIENTEXCEPTION
2026-08-11T10:23:03.155+08:00 INFO  d.f.m.outbox.OutboxDispatcher request_id= idempotency_key= order_id= user_id= sku_id= payment_tx= - Outbox publication deferred outbox_id=3ff356af-81ec-4e7f-83bc-e0ffc0816d05 command_id=d698b1e52827c55333a4f9ec188fb877d9515ad053aa1b9c7c7c57331d7e3808 outcome=RETRYABLE cause=MQCLIENTEXCEPTION
2026-08-11T10:23:03.157+08:00 INFO  d.f.m.outbox.OutboxDispatcher request_id= idempotency_key= order_id= user_id= sku_id= payment_tx= - Outbox publication deferred outbox_id=3d5626f4-258f-47c1-8bb2-32dcae9667b0 command_id=cea5adfcd354b090731f1ff1a4aee0798a9b5569893e7f629bc0ff1df849baff outcome=RETRYABLE cause=MQCLIENTEXCEPTION
2026-08-11T10:23:03.268+08:00 INFO  d.f.m.outbox.OutboxDispatcher request_id= idempotency_key= order_id= user_id= sku_id= payment_tx= - Outbox publication deferred outbox_id=b83e6510-c6f5-4e66-8777-a68361ce8b82 command_id=c27c344efee88755302e5483f0d8333ec75da7f8e20f49473ba7824b224074f5 outcome=RETRYABLE cause=MQCLIENTEXCEPTION
2026-08-11T10:23:03.270+08:00 INFO  d.f.m.outbox.OutboxDispatcher request_id= idempotency_key= order_id= user_id= sku_id= payment_tx= - Outbox publication deferred outbox_id=11ac86a7-5c27-40c5-988b-04bf5677479f command_id=b93df0cf99f33f4ae8d4a045b2ae9092997149aa6bc96f19c23f6bd7b9086f8c outcome=RETRYABLE cause=MQCLIENTEXCEPTION
2026-08-11T10:23:03.273+08:00 INFO  d.f.m.outbox.OutboxDispatcher request_id= idempotency_key= order_id= user_id= sku_id= payment_tx= - Outbox publication deferred outbox_id=d0d9b7bc-d8e9-45c0-92dc-046837eaad77 command_id=84212bc597f5bae3cdbf6b9a5a9fe01f52882eddf3609ff58f89db3e54110350 outcome=RETRYABLE cause=MQCLIENTEXCEPTION
2026-08-11T10:23:03.385+08:00 INFO  d.f.m.outbox.OutboxDispatcher request_id= idempotency_key= order_id= user_id= sku_id= payment_tx= - Outbox publication deferred outbox_id=e7db7ba9-f483-4625-a38c-2497509e638b command_id=815f7bd56c8462272dc6cc4881c82b46e5f07a3537080967c4706db72322ba49 outcome=RETRYABLE cause=MQCLIENTEXCEPTION
2026-08-11T10:23:03.532+08:00 INFO  d.f.m.outbox.OutboxDispatcher request_id= idempotency_key= order_id= user_id= sku_id= payment_tx= - Outbox publication deferred outbox_id=79657f01-11e9-431a-8596-6c5f590a5982 command_id=7ccd666222c384c95e761b7696a5da0de9a7d0b16fee1d5cbf65f9ce424049a7 outcome=RETRYABLE cause=MQCLIENTEXCEPTION
2026-08-11T10:23:03.545+08:00 INFO  d.f.m.outbox.OutboxDispatcher request_id= idempotency_key= order_id= user_id= sku_id= payment_tx= - Outbox publication deferred outbox_id=08bc53b7-acb2-4483-aca1-105cdccf7fa3 command_id=c0319c877cf95db7f0ebdfcfeea4a41fc56d13048386da33112b78c6e2a760a5 outcome=RETRYABLE cause=MQCLIENTEXCEPTION
2026-08-11T10:23:03.559+08:00 INFO  d.f.m.outbox.OutboxDispatcher request_id= idempotency_key= order_id= user_id= sku_id= payment_tx= - Outbox publication deferred outbox_id=a3da6253-6a5e-45c2-afb2-6d8efdefeee3 command_id=982bd29c9db01f341fef7c24aad17efd898102d2feb4887d0a21090d72e63971 outcome=RETRYABLE cause=MQCLIENTEXCEPTION
2026-08-11T10:23:03.569+08:00 INFO  d.f.m.outbox.OutboxDispatcher request_id= idempotency_key= order_id= user_id= sku_id= payment_tx= - Outbox publication deferred outbox_id=6863fbee-539a-427c-86a9-99868a516873 command_id=ff37ff8ccaeac816e3dbbbad0710d24419a6d40758c7dbc45007939582947bf2 outcome=RETRYABLE cause=MQCLIENTEXCEPTION
2026-08-11T10:23:04.500+08:00 INFO  d.f.m.outbox.OutboxDispatcher request_id= idempotency_key= order_id= user_id= sku_id= payment_tx= - Outbox publication deferred outbox_id=a82487e1-be04-4733-8ede-506f2d6c49d8 command_id=77fb36554d9fae1c29980aef0090e08c4e0df88962ae92798e576b363d5c46aa outcome=RETRYABLE cause=MQCLIENTEXCEPTION
2026-08-11T10:23:04.579+08:00 INFO  d.f.m.outbox.OutboxDispatcher request_id= idempotency_key= order_id= user_id= sku_id= payment_tx= - Outbox publication deferred outbox_id=3d809a24-24cb-41c2-bcf7-cb0b86dc3726 command_id=2e9df51bb614d4939e7dcf9fe20ab1dfcdfe6b6d222c37709e8544183aa7cd74 outcome=RETRYABLE cause=MQCLIENTEXCEPTION
2026-08-11T10:23:04.587+08:00 INFO  d.f.m.outbox.OutboxDispatcher request_id= idempotency_key= order_id= user_id= sku_id= payment_tx= - Outbox publication deferred outbox_id=3ff356af-81ec-4e7f-83bc-e0ffc0816d05 command_id=d698b1e52827c55333a4f9ec188fb877d9515ad053aa1b9c7c7c57331d7e3808 outcome=RETRYABLE cause=MQCLIENTEXCEPTION
2026-08-11T10:23:04.607+08:00 INFO  d.f.m.outbox.OutboxDispatcher request_id= idempotency_key= order_id= user_id= sku_id= payment_tx= - Outbox publication deferred outbox_id=3d5626f4-258f-47c1-8bb2-32dcae9667b0 command_id=cea5adfcd354b090731f1ff1a4aee0798a9b5569893e7f629bc0ff1df849baff outcome=RETRYABLE cause=MQCLIENTEXCEPTION
2026-08-11T10:23:04.790+08:00 INFO  d.f.m.outbox.OutboxDispatcher request_id= idempotency_key= order_id= user_id= sku_id= payment_tx= - Outbox publication deferred outbox_id=b83e6510-c6f5-4e66-8777-a68361ce8b82 command_id=c27c344efee88755302e5483f0d8333ec75da7f8e20f49473ba7824b224074f5 outcome=RETRYABLE cause=MQCLIENTEXCEPTION
2026-08-11T10:23:04.815+08:00 INFO  d.f.m.outbox.OutboxDispatcher request_id= idempotency_key= order_id= user_id= sku_id= payment_tx= - Outbox publication deferred outbox_id=11ac86a7-5c27-40c5-988b-04bf5677479f command_id=b93df0cf99f33f4ae8d4a045b2ae9092997149aa6bc96f19c23f6bd7b9086f8c outcome=RETRYABLE cause=MQCLIENTEXCEPTION
2026-08-11T10:23:04.828+08:00 INFO  d.f.m.outbox.OutboxDispatcher request_id= idempotency_key= order_id= user_id= sku_id= payment_tx= - Outbox publication deferred outbox_id=d0d9b7bc-d8e9-45c0-92dc-046837eaad77 command_id=84212bc597f5bae3cdbf6b9a5a9fe01f52882eddf3609ff58f89db3e54110350 outcome=RETRYABLE cause=MQCLIENTEXCEPTION
2026-08-11T10:23:04.853+08:00 INFO  d.f.m.outbox.OutboxDispatcher request_id= idempotency_key= order_id= user_id= sku_id= payment_tx= - Outbox publication deferred outbox_id=e7db7ba9-f483-4625-a38c-2497509e638b command_id=815f7bd56c8462272dc6cc4881c82b46e5f07a3537080967c4706db72322ba49 outcome=RETRYABLE cause=MQCLIENTEXCEPTION
2026-08-11T10:23:05.005+08:00 INFO  d.f.m.outbox.OutboxDispatcher request_id= idempotency_key= order_id= user_id= sku_id= payment_tx= - Outbox publication deferred outbox_id=79657f01-11e9-431a-8596-6c5f590a5982 command_id=7ccd666222c384c95e761b7696a5da0de9a7d0b16fee1d5cbf65f9ce424049a7 outcome=RETRYABLE cause=MQCLIENTEXCEPTION
2026-08-11T10:23:05.019+08:00 INFO  d.f.m.outbox.OutboxDispatcher request_id= idempotency_key= order_id= user_id= sku_id= payment_tx= - Outbox publication deferred outbox_id=08bc53b7-acb2-4483-aca1-105cdccf7fa3 command_id=c0319c877cf95db7f0ebdfcfeea4a41fc56d13048386da33112b78c6e2a760a5 outcome=RETRYABLE cause=MQCLIENTEXCEPTION
2026-08-11T10:23:05.029+08:00 INFO  d.f.m.outbox.OutboxDispatcher request_id= idempotency_key= order_id= user_id= sku_id= payment_tx= - Outbox publication deferred outbox_id=a3da6253-6a5e-45c2-afb2-6d8efdefeee3 command_id=982bd29c9db01f341fef7c24aad17efd898102d2feb4887d0a21090d72e63971 outcome=RETRYABLE cause=MQCLIENTEXCEPTION
2026-08-11T10:23:05.048+08:00 INFO  d.f.m.outbox.OutboxDispatcher request_id= idempotency_key= order_id= user_id= sku_id= payment_tx= - Outbox publication deferred outbox_id=6863fbee-539a-427c-86a9-99868a516873 command_id=ff37ff8ccaeac816e3dbbbad0710d24419a6d40758c7dbc45007939582947bf2 outcome=RETRYABLE cause=MQCLIENTEXCEPTION
2026-08-11T10:23:05.604+08:00 INFO  d.f.m.outbox.OutboxDispatcher request_id= idempotency_key= order_id= user_id= sku_id= payment_tx= - Outbox publication deferred outbox_id=a82487e1-be04-4733-8ede-506f2d6c49d8 command_id=77fb36554d9fae1c29980aef0090e08c4e0df88962ae92798e576b363d5c46aa outcome=RETRYABLE cause=MQCLIENTEXCEPTION
2026-08-11T10:23:05.608+08:00 INFO  d.f.m.outbox.OutboxDispatcher request_id= idempotency_key= order_id= user_id= sku_id= payment_tx= - Outbox publication deferred outbox_id=3d809a24-24cb-41c2-bcf7-cb0b86dc3726 command_id=2e9df51bb614d4939e7dcf9fe20ab1dfcdfe6b6d222c37709e8544183aa7cd74 outcome=RETRYABLE cause=MQCLIENTEXCEPTION
2026-08-11T10:23:05.612+08:00 INFO  d.f.m.outbox.OutboxDispatcher request_id= idempotency_key= order_id= user_id= sku_id= payment_tx= - Outbox publication deferred outbox_id=3ff356af-81ec-4e7f-83bc-e0ffc0816d05 command_id=d698b1e52827c55333a4f9ec188fb877d9515ad053aa1b9c7c7c57331d7e3808 outcome=RETRYABLE cause=MQCLIENTEXCEPTION
2026-08-11T10:23:05.724+08:00 INFO  d.f.m.outbox.OutboxDispatcher request_id= idempotency_key= order_id= user_id= sku_id= payment_tx= - Outbox publication deferred outbox_id=3d5626f4-258f-47c1-8bb2-32dcae9667b0 command_id=cea5adfcd354b090731f1ff1a4aee0798a9b5569893e7f629bc0ff1df849baff outcome=RETRYABLE cause=MQCLIENTEXCEPTION
2026-08-11T10:23:05.837+08:00 INFO  d.f.m.outbox.OutboxDispatcher request_id= idempotency_key= order_id= user_id= sku_id= payment_tx= - Outbox publication deferred outbox_id=b83e6510-c6f5-4e66-8777-a68361ce8b82 command_id=c27c344efee88755302e5483f0d8333ec75da7f8e20f49473ba7824b224074f5 outcome=RETRYABLE cause=MQCLIENTEXCEPTION
2026-08-11T10:23:05.840+08:00 INFO  d.f.m.outbox.OutboxDispatcher request_id= idempotency_key= order_id= user_id= sku_id= payment_tx= - Outbox publication deferred outbox_id=11ac86a7-5c27-40c5-988b-04bf5677479f command_id=b93df0cf99f33f4ae8d4a045b2ae9092997149aa6bc96f19c23f6bd7b9086f8c outcome=RETRYABLE cause=MQCLIENTEXCEPTION
2026-08-11T10:23:05.844+08:00 INFO  d.f.m.outbox.OutboxDispatcher request_id= idempotency_key= order_id= user_id= sku_id= payment_tx= - Outbox publication deferred outbox_id=d0d9b7bc-d8e9-45c0-92dc-046837eaad77 command_id=84212bc597f5bae3cdbf6b9a5a9fe01f52882eddf3609ff58f89db3e54110350 outcome=RETRYABLE cause=MQCLIENTEXCEPTION
2026-08-11T10:23:05.956+08:00 INFO  d.f.m.outbox.OutboxDispatcher request_id= idempotency_key= order_id= user_id= sku_id= payment_tx= - Outbox publication deferred outbox_id=e7db7ba9-f483-4625-a38c-2497509e638b command_id=815f7bd56c8462272dc6cc4881c82b46e5f07a3537080967c4706db72322ba49 outcome=RETRYABLE cause=MQCLIENTEXCEPTION
2026-08-11T10:23:06.074+08:00 INFO  d.f.m.outbox.OutboxDispatcher request_id= idempotency_key= order_id= user_id= sku_id= payment_tx= - Outbox publication deferred outbox_id=79657f01-11e9-431a-8596-6c5f590a5982 command_id=7ccd666222c384c95e761b7696a5da0de9a7d0b16fee1d5cbf65f9ce424049a7 outcome=RETRYABLE cause=MQCLIENTEXCEPTION
2026-08-11T10:23:06.078+08:00 INFO  d.f.m.outbox.OutboxDispatcher request_id= idempotency_key= order_id= user_id= sku_id= payment_tx= - Outbox publication deferred outbox_id=08bc53b7-acb2-4483-aca1-105cdccf7fa3 command_id=c0319c877cf95db7f0ebdfcfeea4a41fc56d13048386da33112b78c6e2a760a5 outcome=RETRYABLE cause=MQCLIENTEXCEPTION
2026-08-11T10:23:06.080+08:00 INFO  d.f.m.outbox.OutboxDispatcher request_id= idempotency_key= order_id= user_id= sku_id= payment_tx= - Outbox publication deferred outbox_id=a3da6253-6a5e-45c2-afb2-6d8efdefeee3 command_id=982bd29c9db01f341fef7c24aad17efd898102d2feb4887d0a21090d72e63971 outcome=RETRYABLE cause=MQCLIENTEXCEPTION
2026-08-11T10:23:06.082+08:00 INFO  d.f.m.outbox.OutboxDispatcher request_id= idempotency_key= order_id= user_id= sku_id= payment_tx= - Outbox publication deferred outbox_id=6863fbee-539a-427c-86a9-99868a516873 command_id=ff37ff8ccaeac816e3dbbbad0710d24419a6d40758c7dbc45007939582947bf2 outcome=RETRYABLE cause=MQCLIENTEXCEPTION
2026-08-11T10:23:06.616+08:00 INFO  d.f.m.outbox.OutboxDispatcher request_id= idempotency_key= order_id= user_id= sku_id= payment_tx= - Outbox publication deferred outbox_id=a82487e1-be04-4733-8ede-506f2d6c49d8 command_id=77fb36554d9fae1c29980aef0090e08c4e0df88962ae92798e576b363d5c46aa outcome=RETRYABLE cause=MQCLIENTEXCEPTION
2026-08-11T10:23:06.619+08:00 INFO  d.f.m.outbox.OutboxDispatcher request_id= idempotency_key= order_id= user_id= sku_id= payment_tx= - Outbox publication deferred outbox_id=3d809a24-24cb-41c2-bcf7-cb0b86dc3726 command_id=2e9df51bb614d4939e7dcf9fe20ab1dfcdfe6b6d222c37709e8544183aa7cd74 outcome=RETRYABLE cause=MQCLIENTEXCEPTION
2026-08-11T10:23:06.730+08:00 INFO  d.f.m.outbox.OutboxDispatcher request_id= idempotency_key= order_id= user_id= sku_id= payment_tx= - Outbox publication deferred outbox_id=3ff356af-81ec-4e7f-83bc-e0ffc0816d05 command_id=d698b1e52827c55333a4f9ec188fb877d9515ad053aa1b9c7c7c57331d7e3808 outcome=RETRYABLE cause=MQCLIENTEXCEPTION
2026-08-11T10:23:06.733+08:00 INFO  d.f.m.outbox.OutboxDispatcher request_id= idempotency_key= order_id= user_id= sku_id= payment_tx= - Outbox publication deferred outbox_id=3d5626f4-258f-47c1-8bb2-32dcae9667b0 command_id=cea5adfcd354b090731f1ff1a4aee0798a9b5569893e7f629bc0ff1df849baff outcome=RETRYABLE cause=MQCLIENTEXCEPTION
2026-08-11T10:23:06.847+08:00 INFO  d.f.m.outbox.OutboxDispatcher request_id= idempotency_key= order_id= user_id= sku_id= payment_tx= - Outbox publication deferred outbox_id=b83e6510-c6f5-4e66-8777-a68361ce8b82 command_id=c27c344efee88755302e5483f0d8333ec75da7f8e20f49473ba7824b224074f5 outcome=RETRYABLE cause=MQCLIENTEXCEPTION
2026-08-11T10:23:06.849+08:00 INFO  d.f.m.outbox.OutboxDispatcher request_id= idempotency_key= order_id= user_id= sku_id= payment_tx= - Outbox publication deferred outbox_id=11ac86a7-5c27-40c5-988b-04bf5677479f command_id=b93df0cf99f33f4ae8d4a045b2ae9092997149aa6bc96f19c23f6bd7b9086f8c outcome=RETRYABLE cause=MQCLIENTEXCEPTION
2026-08-11T10:23:06.961+08:00 INFO  d.f.m.outbox.OutboxDispatcher request_id= idempotency_key= order_id= user_id= sku_id= payment_tx= - Outbox publication deferred outbox_id=d0d9b7bc-d8e9-45c0-92dc-046837eaad77 command_id=84212bc597f5bae3cdbf6b9a5a9fe01f52882eddf3609ff58f89db3e54110350 outcome=RETRYABLE cause=MQCLIENTEXCEPTION
2026-08-11T10:23:07.070+08:00 INFO  d.f.m.outbox.OutboxDispatcher request_id= idempotency_key= order_id= user_id= sku_id= payment_tx= - Outbox publication deferred outbox_id=e7db7ba9-f483-4625-a38c-2497509e638b command_id=815f7bd56c8462272dc6cc4881c82b46e5f07a3537080967c4706db72322ba49 outcome=RETRYABLE cause=MQCLIENTEXCEPTION
2026-08-11T10:23:07.185+08:00 INFO  d.f.m.outbox.OutboxDispatcher request_id= idempotency_key= order_id= user_id= sku_id= payment_tx= - Outbox publication deferred outbox_id=79657f01-11e9-431a-8596-6c5f590a5982 command_id=7ccd666222c384c95e761b7696a5da0de9a7d0b16fee1d5cbf65f9ce424049a7 outcome=RETRYABLE cause=MQCLIENTEXCEPTION
2026-08-11T10:23:07.187+08:00 INFO  d.f.m.outbox.OutboxDispatcher request_id= idempotency_key= order_id= user_id= sku_id= payment_tx= - Outbox publication deferred outbox_id=08bc53b7-acb2-4483-aca1-105cdccf7fa3 command_id=c0319c877cf95db7f0ebdfcfeea4a41fc56d13048386da33112b78c6e2a760a5 outcome=RETRYABLE cause=MQCLIENTEXCEPTION
2026-08-11T10:23:07.189+08:00 INFO  d.f.m.outbox.OutboxDispatcher request_id= idempotency_key= order_id= user_id= sku_id= payment_tx= - Outbox publication deferred outbox_id=a3da6253-6a5e-45c2-afb2-6d8efdefeee3 command_id=982bd29c9db01f341fef7c24aad17efd898102d2feb4887d0a21090d72e63971 outcome=RETRYABLE cause=MQCLIENTEXCEPTION
2026-08-11T10:23:07.191+08:00 INFO  d.f.m.outbox.OutboxDispatcher request_id= idempotency_key= order_id= user_id= sku_id= payment_tx= - Outbox publication deferred outbox_id=6863fbee-539a-427c-86a9-99868a516873 command_id=ff37ff8ccaeac816e3dbbbad0710d24419a6d40758c7dbc45007939582947bf2 outcome=RETRYABLE cause=MQCLIENTEXCEPTION
2026-08-11T10:23:07.629+08:00 INFO  d.f.m.outbox.OutboxDispatcher request_id= idempotency_key= order_id= user_id= sku_id= payment_tx= - Outbox publication deferred outbox_id=a82487e1-be04-4733-8ede-506f2d6c49d8 command_id=77fb36554d9fae1c29980aef0090e08c4e0df88962ae92798e576b363d5c46aa outcome=RETRYABLE cause=MQCLIENTEXCEPTION
2026-08-11T10:23:07.741+08:00 INFO  d.f.m.outbox.OutboxDispatcher request_id= idempotency_key= order_id= user_id= sku_id= payment_tx= - Outbox publication deferred outbox_id=3d809a24-24cb-41c2-bcf7-cb0b86dc3726 command_id=2e9df51bb614d4939e7dcf9fe20ab1dfcdfe6b6d222c37709e8544183aa7cd74 outcome=RETRYABLE cause=MQCLIENTEXCEPTION
2026-08-11T10:23:07.743+08:00 INFO  d.f.m.outbox.OutboxDispatcher request_id= idempotency_key= order_id= user_id= sku_id= payment_tx= - Outbox publication deferred outbox_id=3ff356af-81ec-4e7f-83bc-e0ffc0816d05 command_id=d698b1e52827c55333a4f9ec188fb877d9515ad053aa1b9c7c7c57331d7e3808 outcome=RETRYABLE cause=MQCLIENTEXCEPTION
2026-08-11T10:23:07.746+08:00 INFO  d.f.m.outbox.OutboxDispatcher request_id= idempotency_key= order_id= user_id= sku_id= payment_tx= - Outbox publication deferred outbox_id=3d5626f4-258f-47c1-8bb2-32dcae9667b0 command_id=cea5adfcd354b090731f1ff1a4aee0798a9b5569893e7f629bc0ff1df849baff outcome=RETRYABLE cause=MQCLIENTEXCEPTION
2026-08-11T10:23:07.860+08:00 INFO  d.f.m.outbox.OutboxDispatcher request_id= idempotency_key= order_id= user_id= sku_id= payment_tx= - Outbox publication deferred outbox_id=b83e6510-c6f5-4e66-8777-a68361ce8b82 command_id=c27c344efee88755302e5483f0d8333ec75da7f8e20f49473ba7824b224074f5 outcome=RETRYABLE cause=MQCLIENTEXCEPTION
2026-08-11T10:23:07.863+08:00 INFO  d.f.m.outbox.OutboxDispatcher request_id= idempotency_key= order_id= user_id= sku_id= payment_tx= - Outbox publication deferred outbox_id=11ac86a7-5c27-40c5-988b-04bf5677479f command_id=b93df0cf99f33f4ae8d4a045b2ae9092997149aa6bc96f19c23f6bd7b9086f8c outcome=RETRYABLE cause=MQCLIENTEXCEPTION
2026-08-11T10:23:07.976+08:00 INFO  d.f.m.outbox.OutboxDispatcher request_id= idempotency_key= order_id= user_id= sku_id= payment_tx= - Outbox publication deferred outbox_id=d0d9b7bc-d8e9-45c0-92dc-046837eaad77 command_id=84212bc597f5bae3cdbf6b9a5a9fe01f52882eddf3609ff58f89db3e54110350 outcome=RETRYABLE cause=MQCLIENTEXCEPTION
2026-08-11T10:23:08.090+08:00 INFO  d.f.m.outbox.OutboxDispatcher request_id= idempotency_key= order_id= user_id= sku_id= payment_tx= - Outbox publication deferred outbox_id=e7db7ba9-f483-4625-a38c-2497509e638b command_id=815f7bd56c8462272dc6cc4881c82b46e5f07a3537080967c4706db72322ba49 outcome=RETRYABLE cause=MQCLIENTEXCEPTION
2026-08-11T10:23:08.204+08:00 INFO  d.f.m.outbox.OutboxDispatcher request_id= idempotency_key= order_id= user_id= sku_id= payment_tx= - Outbox publication deferred outbox_id=79657f01-11e9-431a-8596-6c5f590a5982 command_id=7ccd666222c384c95e761b7696a5da0de9a7d0b16fee1d5cbf65f9ce424049a7 outcome=RETRYABLE cause=MQCLIENTEXCEPTION
2026-08-11T10:23:08.207+08:00 INFO  d.f.m.outbox.OutboxDispatcher request_id= idempotency_key= order_id= user_id= sku_id= payment_tx= - Outbox publication deferred outbox_id=08bc53b7-acb2-4483-aca1-105cdccf7fa3 command_id=c0319c877cf95db7f0ebdfcfeea4a41fc56d13048386da33112b78c6e2a760a5 outcome=RETRYABLE cause=MQCLIENTEXCEPTION
2026-08-11T10:23:08.209+08:00 INFO  d.f.m.outbox.OutboxDispatcher request_id= idempotency_key= order_id= user_id= sku_id= payment_tx= - Outbox publication deferred outbox_id=a3da6253-6a5e-45c2-afb2-6d8efdefeee3 command_id=982bd29c9db01f341fef7c24aad17efd898102d2feb4887d0a21090d72e63971 outcome=RETRYABLE cause=MQCLIENTEXCEPTION
2026-08-11T10:23:08.212+08:00 INFO  d.f.m.outbox.OutboxDispatcher request_id= idempotency_key= order_id= user_id= sku_id= payment_tx= - Outbox publication deferred outbox_id=6863fbee-539a-427c-86a9-99868a516873 command_id=ff37ff8ccaeac816e3dbbbad0710d24419a6d40758c7dbc45007939582947bf2 outcome=RETRYABLE cause=MQCLIENTEXCEPTION
2026-08-11T10:23:08.643+08:00 INFO  d.f.m.outbox.OutboxDispatcher request_id= idempotency_key= order_id= user_id= sku_id= payment_tx= - Outbox publication deferred outbox_id=a82487e1-be04-4733-8ede-506f2d6c49d8 command_id=77fb36554d9fae1c29980aef0090e08c4e0df88962ae92798e576b363d5c46aa outcome=RETRYABLE cause=MQCLIENTEXCEPTION
2026-08-11T10:23:08.758+08:00 INFO  d.f.m.outbox.OutboxDispatcher request_id= idempotency_key= order_id= user_id= sku_id= payment_tx= - Outbox publication deferred outbox_id=3d809a24-24cb-41c2-bcf7-cb0b86dc3726 command_id=2e9df51bb614d4939e7dcf9fe20ab1dfcdfe6b6d222c37709e8544183aa7cd74 outcome=RETRYABLE cause=MQCLIENTEXCEPTION
2026-08-11T10:23:08.760+08:00 INFO  d.f.m.outbox.OutboxDispatcher request_id= idempotency_key= order_id= user_id= sku_id= payment_tx= - Outbox publication deferred outbox_id=3ff356af-81ec-4e7f-83bc-e0ffc0816d05 command_id=d698b1e52827c55333a4f9ec188fb877d9515ad053aa1b9c7c7c57331d7e3808 outcome=RETRYABLE cause=MQCLIENTEXCEPTION
2026-08-11T10:23:08.762+08:00 INFO  d.f.m.outbox.OutboxDispatcher request_id= idempotency_key= order_id= user_id= sku_id= payment_tx= - Outbox publication deferred outbox_id=3d5626f4-258f-47c1-8bb2-32dcae9667b0 command_id=cea5adfcd354b090731f1ff1a4aee0798a9b5569893e7f629bc0ff1df849baff outcome=RETRYABLE cause=MQCLIENTEXCEPTION
2026-08-11T10:23:08.876+08:00 INFO  d.f.m.outbox.OutboxDispatcher request_id= idempotency_key= order_id= user_id= sku_id= payment_tx= - Outbox publication deferred outbox_id=b83e6510-c6f5-4e66-8777-a68361ce8b82 command_id=c27c344efee88755302e5483f0d8333ec75da7f8e20f49473ba7824b224074f5 outcome=RETRYABLE cause=MQCLIENTEXCEPTION
2026-08-11T10:23:08.879+08:00 INFO  d.f.m.outbox.OutboxDispatcher request_id= idempotency_key= order_id= user_id= sku_id= payment_tx= - Outbox publication deferred outbox_id=11ac86a7-5c27-40c5-988b-04bf5677479f command_id=b93df0cf99f33f4ae8d4a045b2ae9092997149aa6bc96f19c23f6bd7b9086f8c outcome=RETRYABLE cause=MQCLIENTEXCEPTION
2026-08-11T10:23:08.989+08:00 INFO  d.f.m.outbox.OutboxDispatcher request_id= idempotency_key= order_id= user_id= sku_id= payment_tx= - Outbox publication deferred outbox_id=d0d9b7bc-d8e9-45c0-92dc-046837eaad77 command_id=84212bc597f5bae3cdbf6b9a5a9fe01f52882eddf3609ff58f89db3e54110350 outcome=RETRYABLE cause=MQCLIENTEXCEPTION
2026-08-11T10:23:09.100+08:00 INFO  d.f.m.outbox.OutboxDispatcher request_id= idempotency_key= order_id= user_id= sku_id= payment_tx= - Outbox publication deferred outbox_id=e7db7ba9-f483-4625-a38c-2497509e638b command_id=815f7bd56c8462272dc6cc4881c82b46e5f07a3537080967c4706db72322ba49 outcome=RETRYABLE cause=MQCLIENTEXCEPTION
2026-08-11T10:23:09.212+08:00 INFO  d.f.m.outbox.OutboxDispatcher request_id= idempotency_key= order_id= user_id= sku_id= payment_tx= - Outbox publication deferred outbox_id=79657f01-11e9-431a-8596-6c5f590a5982 command_id=7ccd666222c384c95e761b7696a5da0de9a7d0b16fee1d5cbf65f9ce424049a7 outcome=RETRYABLE cause=MQCLIENTEXCEPTION
2026-08-11T10:23:09.325+08:00 INFO  d.f.m.outbox.OutboxDispatcher request_id= idempotency_key= order_id= user_id= sku_id= payment_tx= - Outbox publication deferred outbox_id=08bc53b7-acb2-4483-aca1-105cdccf7fa3 command_id=c0319c877cf95db7f0ebdfcfeea4a41fc56d13048386da33112b78c6e2a760a5 outcome=RETRYABLE cause=MQCLIENTEXCEPTION
2026-08-11T10:23:09.328+08:00 INFO  d.f.m.outbox.OutboxDispatcher request_id= idempotency_key= order_id= user_id= sku_id= payment_tx= - Outbox publication deferred outbox_id=a3da6253-6a5e-45c2-afb2-6d8efdefeee3 command_id=982bd29c9db01f341fef7c24aad17efd898102d2feb4887d0a21090d72e63971 outcome=RETRYABLE cause=MQCLIENTEXCEPTION
2026-08-11T10:23:09.330+08:00 INFO  d.f.m.outbox.OutboxDispatcher request_id= idempotency_key= order_id= user_id= sku_id= payment_tx= - Outbox publication deferred outbox_id=6863fbee-539a-427c-86a9-99868a516873 command_id=ff37ff8ccaeac816e3dbbbad0710d24419a6d40758c7dbc45007939582947bf2 outcome=RETRYABLE cause=MQCLIENTEXCEPTION
2026-08-11T10:23:09.656+08:00 INFO  d.f.m.outbox.OutboxDispatcher request_id= idempotency_key= order_id= user_id= sku_id= payment_tx= - Outbox publication deferred outbox_id=a82487e1-be04-4733-8ede-506f2d6c49d8 command_id=77fb36554d9fae1c29980aef0090e08c4e0df88962ae92798e576b363d5c46aa outcome=RETRYABLE cause=MQCLIENTEXCEPTION
2026-08-11T10:23:09.771+08:00 INFO  d.f.m.outbox.OutboxDispatcher request_id= idempotency_key= order_id= user_id= sku_id= payment_tx= - Outbox publication deferred outbox_id=3d809a24-24cb-41c2-bcf7-cb0b86dc3726 command_id=2e9df51bb614d4939e7dcf9fe20ab1dfcdfe6b6d222c37709e8544183aa7cd74 outcome=RETRYABLE cause=MQCLIENTEXCEPTION
2026-08-11T10:23:09.773+08:00 INFO  d.f.m.outbox.OutboxDispatcher request_id= idempotency_key= order_id= user_id= sku_id= payment_tx= - Outbox publication deferred outbox_id=3ff356af-81ec-4e7f-83bc-e0ffc0816d05 command_id=d698b1e52827c55333a4f9ec188fb877d9515ad053aa1b9c7c7c57331d7e3808 outcome=RETRYABLE cause=MQCLIENTEXCEPTION
2026-08-11T10:23:09.776+08:00 INFO  d.f.m.outbox.OutboxDispatcher request_id= idempotency_key= order_id= user_id= sku_id= payment_tx= - Outbox publication deferred outbox_id=3d5626f4-258f-47c1-8bb2-32dcae9667b0 command_id=cea5adfcd354b090731f1ff1a4aee0798a9b5569893e7f629bc0ff1df849baff outcome=RETRYABLE cause=MQCLIENTEXCEPTION
2026-08-11T10:23:09.888+08:00 INFO  d.f.m.outbox.OutboxDispatcher request_id= idempotency_key= order_id= user_id= sku_id= payment_tx= - Outbox publication deferred outbox_id=b83e6510-c6f5-4e66-8777-a68361ce8b82 command_id=c27c344efee88755302e5483f0d8333ec75da7f8e20f49473ba7824b224074f5 outcome=RETRYABLE cause=MQCLIENTEXCEPTION
2026-08-11T10:23:09.890+08:00 INFO  d.f.m.outbox.OutboxDispatcher request_id= idempotency_key= order_id= user_id= sku_id= payment_tx= - Outbox publication deferred outbox_id=11ac86a7-5c27-40c5-988b-04bf5677479f command_id=b93df0cf99f33f4ae8d4a045b2ae9092997149aa6bc96f19c23f6bd7b9086f8c outcome=RETRYABLE cause=MQCLIENTEXCEPTION
2026-08-11T10:23:10.006+08:00 INFO  d.f.m.outbox.OutboxDispatcher request_id= idempotency_key= order_id= user_id= sku_id= payment_tx= - Outbox publication deferred outbox_id=d0d9b7bc-d8e9-45c0-92dc-046837eaad77 command_id=84212bc597f5bae3cdbf6b9a5a9fe01f52882eddf3609ff58f89db3e54110350 outcome=RETRYABLE cause=MQCLIENTEXCEPTION
2026-08-11T10:23:10.121+08:00 INFO  d.f.m.outbox.OutboxDispatcher request_id= idempotency_key= order_id= user_id= sku_id= payment_tx= - Outbox publication deferred outbox_id=e7db7ba9-f483-4625-a38c-2497509e638b command_id=815f7bd56c8462272dc6cc4881c82b46e5f07a3537080967c4706db72322ba49 outcome=RETRYABLE cause=MQCLIENTEXCEPTION
2026-08-11T10:23:10.232+08:00 INFO  d.f.m.outbox.OutboxDispatcher request_id= idempotency_key= order_id= user_id= sku_id= payment_tx= - Outbox publication deferred outbox_id=79657f01-11e9-431a-8596-6c5f590a5982 command_id=7ccd666222c384c95e761b7696a5da0de9a7d0b16fee1d5cbf65f9ce424049a7 outcome=RETRYABLE cause=MQCLIENTEXCEPTION
2026-08-11T10:23:10.344+08:00 INFO  d.f.m.outbox.OutboxDispatcher request_id= idempotency_key= order_id= user_id= sku_id= payment_tx= - Outbox publication deferred outbox_id=08bc53b7-acb2-4483-aca1-105cdccf7fa3 command_id=c0319c877cf95db7f0ebdfcfeea4a41fc56d13048386da33112b78c6e2a760a5 outcome=RETRYABLE cause=MQCLIENTEXCEPTION
2026-08-11T10:23:10.347+08:00 INFO  d.f.m.outbox.OutboxDispatcher request_id= idempotency_key= order_id= user_id= sku_id= payment_tx= - Outbox publication deferred outbox_id=a3da6253-6a5e-45c2-afb2-6d8efdefeee3 command_id=982bd29c9db01f341fef7c24aad17efd898102d2feb4887d0a21090d72e63971 outcome=RETRYABLE cause=MQCLIENTEXCEPTION
2026-08-11T10:23:10.349+08:00 INFO  d.f.m.outbox.OutboxDispatcher request_id= idempotency_key= order_id= user_id= sku_id= payment_tx= - Outbox publication deferred outbox_id=6863fbee-539a-427c-86a9-99868a516873 command_id=ff37ff8ccaeac816e3dbbbad0710d24419a6d40758c7dbc45007939582947bf2 outcome=RETRYABLE cause=MQCLIENTEXCEPTION
2026-08-11T10:23:10.675+08:00 INFO  d.f.m.outbox.OutboxDispatcher request_id= idempotency_key= order_id= user_id= sku_id= payment_tx= - Outbox publication deferred outbox_id=a82487e1-be04-4733-8ede-506f2d6c49d8 command_id=77fb36554d9fae1c29980aef0090e08c4e0df88962ae92798e576b363d5c46aa outcome=RETRYABLE cause=MQCLIENTEXCEPTION
2026-08-11T10:23:10.793+08:00 INFO  d.f.m.outbox.OutboxDispatcher request_id= idempotency_key= order_id= user_id= sku_id= payment_tx= - Outbox publication deferred outbox_id=3d809a24-24cb-41c2-bcf7-cb0b86dc3726 command_id=2e9df51bb614d4939e7dcf9fe20ab1dfcdfe6b6d222c37709e8544183aa7cd74 outcome=RETRYABLE cause=MQCLIENTEXCEPTION
2026-08-11T10:23:10.795+08:00 INFO  d.f.m.outbox.OutboxDispatcher request_id= idempotency_key= order_id= user_id= sku_id= payment_tx= - Outbox publication deferred outbox_id=3ff356af-81ec-4e7f-83bc-e0ffc0816d05 command_id=d698b1e52827c55333a4f9ec188fb877d9515ad053aa1b9c7c7c57331d7e3808 outcome=RETRYABLE cause=MQCLIENTEXCEPTION
2026-08-11T10:23:10.797+08:00 INFO  d.f.m.outbox.OutboxDispatcher request_id= idempotency_key= order_id= user_id= sku_id= payment_tx= - Outbox publication deferred outbox_id=3d5626f4-258f-47c1-8bb2-32dcae9667b0 command_id=cea5adfcd354b090731f1ff1a4aee0798a9b5569893e7f629bc0ff1df849baff outcome=RETRYABLE cause=MQCLIENTEXCEPTION
2026-08-11T10:23:10.911+08:00 INFO  d.f.m.outbox.OutboxDispatcher request_id= idempotency_key= order_id= user_id= sku_id= payment_tx= - Outbox publication deferred outbox_id=b83e6510-c6f5-4e66-8777-a68361ce8b82 command_id=c27c344efee88755302e5483f0d8333ec75da7f8e20f49473ba7824b224074f5 outcome=RETRYABLE cause=MQCLIENTEXCEPTION
2026-08-11T10:23:10.913+08:00 INFO  d.f.m.outbox.OutboxDispatcher request_id= idempotency_key= order_id= user_id= sku_id= payment_tx= - Outbox publication deferred outbox_id=11ac86a7-5c27-40c5-988b-04bf5677479f command_id=b93df0cf99f33f4ae8d4a045b2ae9092997149aa6bc96f19c23f6bd7b9086f8c outcome=RETRYABLE cause=MQCLIENTEXCEPTION
2026-08-11T10:23:11.022+08:00 INFO  d.f.m.outbox.OutboxDispatcher request_id= idempotency_key= order_id= user_id= sku_id= payment_tx= - Outbox publication deferred outbox_id=d0d9b7bc-d8e9-45c0-92dc-046837eaad77 command_id=84212bc597f5bae3cdbf6b9a5a9fe01f52882eddf3609ff58f89db3e54110350 outcome=RETRYABLE cause=MQCLIENTEXCEPTION
2026-08-11T10:23:11.134+08:00 INFO  d.f.m.outbox.OutboxDispatcher request_id= idempotency_key= order_id= user_id= sku_id= payment_tx= - Outbox publication deferred outbox_id=e7db7ba9-f483-4625-a38c-2497509e638b command_id=815f7bd56c8462272dc6cc4881c82b46e5f07a3537080967c4706db72322ba49 outcome=RETRYABLE cause=MQCLIENTEXCEPTION
2026-08-11T10:23:11.243+08:00 INFO  d.f.m.outbox.OutboxDispatcher request_id= idempotency_key= order_id= user_id= sku_id= payment_tx= - Outbox publication deferred outbox_id=79657f01-11e9-431a-8596-6c5f590a5982 command_id=7ccd666222c384c95e761b7696a5da0de9a7d0b16fee1d5cbf65f9ce424049a7 outcome=RETRYABLE cause=MQCLIENTEXCEPTION
2026-08-11T10:23:11.357+08:00 INFO  d.f.m.outbox.OutboxDispatcher request_id= idempotency_key= order_id= user_id= sku_id= payment_tx= - Outbox publication deferred outbox_id=08bc53b7-acb2-4483-aca1-105cdccf7fa3 command_id=c0319c877cf95db7f0ebdfcfeea4a41fc56d13048386da33112b78c6e2a760a5 outcome=RETRYABLE cause=MQCLIENTEXCEPTION
2026-08-11T10:23:11.359+08:00 INFO  d.f.m.outbox.OutboxDispatcher request_id= idempotency_key= order_id= user_id= sku_id= payment_tx= - Outbox publication deferred outbox_id=a3da6253-6a5e-45c2-afb2-6d8efdefeee3 command_id=982bd29c9db01f341fef7c24aad17efd898102d2feb4887d0a21090d72e63971 outcome=RETRYABLE cause=MQCLIENTEXCEPTION
2026-08-11T10:23:11.362+08:00 INFO  d.f.m.outbox.OutboxDispatcher request_id= idempotency_key= order_id= user_id= sku_id= payment_tx= - Outbox publication deferred outbox_id=6863fbee-539a-427c-86a9-99868a516873 command_id=ff37ff8ccaeac816e3dbbbad0710d24419a6d40758c7dbc45007939582947bf2 outcome=RETRYABLE cause=MQCLIENTEXCEPTION
2026-08-11T10:23:11.689+08:00 INFO  d.f.m.outbox.OutboxDispatcher request_id= idempotency_key= order_id= user_id= sku_id= payment_tx= - Outbox publication deferred outbox_id=a82487e1-be04-4733-8ede-506f2d6c49d8 command_id=77fb36554d9fae1c29980aef0090e08c4e0df88962ae92798e576b363d5c46aa outcome=RETRYABLE cause=MQCLIENTEXCEPTION
2026-08-11T10:23:11.799+08:00 INFO  d.f.m.outbox.OutboxDispatcher request_id= idempotency_key= order_id= user_id= sku_id= payment_tx= - Outbox publication deferred outbox_id=3d809a24-24cb-41c2-bcf7-cb0b86dc3726 command_id=2e9df51bb614d4939e7dcf9fe20ab1dfcdfe6b6d222c37709e8544183aa7cd74 outcome=RETRYABLE cause=MQCLIENTEXCEPTION
2026-08-11T10:23:11.912+08:00 INFO  d.f.m.outbox.OutboxDispatcher request_id= idempotency_key= order_id= user_id= sku_id= payment_tx= - Outbox publication deferred outbox_id=3ff356af-81ec-4e7f-83bc-e0ffc0816d05 command_id=d698b1e52827c55333a4f9ec188fb877d9515ad053aa1b9c7c7c57331d7e3808 outcome=RETRYABLE cause=MQCLIENTEXCEPTION
2026-08-11T10:23:11.915+08:00 INFO  d.f.m.outbox.OutboxDispatcher request_id= idempotency_key= order_id= user_id= sku_id= payment_tx= - Outbox publication deferred outbox_id=3d5626f4-258f-47c1-8bb2-32dcae9667b0 command_id=cea5adfcd354b090731f1ff1a4aee0798a9b5569893e7f629bc0ff1df849baff outcome=RETRYABLE cause=MQCLIENTEXCEPTION
2026-08-11T10:23:12.027+08:00 INFO  d.f.m.outbox.OutboxDispatcher request_id= idempotency_key= order_id= user_id= sku_id= payment_tx= - Outbox publication deferred outbox_id=b83e6510-c6f5-4e66-8777-a68361ce8b82 command_id=c27c344efee88755302e5483f0d8333ec75da7f8e20f49473ba7824b224074f5 outcome=RETRYABLE cause=MQCLIENTEXCEPTION
2026-08-11T10:23:12.029+08:00 INFO  d.f.m.outbox.OutboxDispatcher request_id= idempotency_key= order_id= user_id= sku_id= payment_tx= - Outbox publication deferred outbox_id=11ac86a7-5c27-40c5-988b-04bf5677479f command_id=b93df0cf99f33f4ae8d4a045b2ae9092997149aa6bc96f19c23f6bd7b9086f8c outcome=RETRYABLE cause=MQCLIENTEXCEPTION
2026-08-11T10:23:12.136+08:00 INFO  d.f.m.outbox.OutboxDispatcher request_id= idempotency_key= order_id= user_id= sku_id= payment_tx= - Outbox publication deferred outbox_id=d0d9b7bc-d8e9-45c0-92dc-046837eaad77 command_id=84212bc597f5bae3cdbf6b9a5a9fe01f52882eddf3609ff58f89db3e54110350 outcome=RETRYABLE cause=MQCLIENTEXCEPTION
2026-08-11T10:23:12.247+08:00 INFO  d.f.m.outbox.OutboxDispatcher request_id= idempotency_key= order_id= user_id= sku_id= payment_tx= - Outbox publication deferred outbox_id=e7db7ba9-f483-4625-a38c-2497509e638b command_id=815f7bd56c8462272dc6cc4881c82b46e5f07a3537080967c4706db72322ba49 outcome=RETRYABLE cause=MQCLIENTEXCEPTION
2026-08-11T10:23:12.355+08:00 INFO  d.f.m.outbox.OutboxDispatcher request_id= idempotency_key= order_id= user_id= sku_id= payment_tx= - Outbox publication deferred outbox_id=79657f01-11e9-431a-8596-6c5f590a5982 command_id=7ccd666222c384c95e761b7696a5da0de9a7d0b16fee1d5cbf65f9ce424049a7 outcome=RETRYABLE cause=MQCLIENTEXCEPTION
2026-08-11T10:23:12.469+08:00 INFO  d.f.m.outbox.OutboxDispatcher request_id= idempotency_key= order_id= user_id= sku_id= payment_tx= - Outbox publication deferred outbox_id=08bc53b7-acb2-4483-aca1-105cdccf7fa3 command_id=c0319c877cf95db7f0ebdfcfeea4a41fc56d13048386da33112b78c6e2a760a5 outcome=RETRYABLE cause=MQCLIENTEXCEPTION
2026-08-11T10:23:12.472+08:00 INFO  d.f.m.outbox.OutboxDispatcher request_id= idempotency_key= order_id= user_id= sku_id= payment_tx= - Outbox publication deferred outbox_id=a3da6253-6a5e-45c2-afb2-6d8efdefeee3 command_id=982bd29c9db01f341fef7c24aad17efd898102d2feb4887d0a21090d72e63971 outcome=RETRYABLE cause=MQCLIENTEXCEPTION
2026-08-11T10:23:12.474+08:00 INFO  d.f.m.outbox.OutboxDispatcher request_id= idempotency_key= order_id= user_id= sku_id= payment_tx= - Outbox publication deferred outbox_id=6863fbee-539a-427c-86a9-99868a516873 command_id=ff37ff8ccaeac816e3dbbbad0710d24419a6d40758c7dbc45007939582947bf2 outcome=RETRYABLE cause=MQCLIENTEXCEPTION
2026-08-11T10:23:12.817+08:00 INFO  d.f.m.outbox.OutboxDispatcher request_id= idempotency_key= order_id= user_id= sku_id= payment_tx= - Outbox publication deferred outbox_id=a82487e1-be04-4733-8ede-506f2d6c49d8 command_id=77fb36554d9fae1c29980aef0090e08c4e0df88962ae92798e576b363d5c46aa outcome=RETRYABLE cause=MQCLIENTEXCEPTION
2026-08-11T10:23:12.944+08:00 INFO  d.f.m.outbox.OutboxDispatcher request_id= idempotency_key= order_id= user_id= sku_id= payment_tx= - Outbox publication deferred outbox_id=3d809a24-24cb-41c2-bcf7-cb0b86dc3726 command_id=2e9df51bb614d4939e7dcf9fe20ab1dfcdfe6b6d222c37709e8544183aa7cd74 outcome=RETRYABLE cause=MQCLIENTEXCEPTION
2026-08-11T10:23:12.950+08:00 INFO  d.f.m.outbox.OutboxDispatcher request_id= idempotency_key= order_id= user_id= sku_id= payment_tx= - Outbox publication deferred outbox_id=3ff356af-81ec-4e7f-83bc-e0ffc0816d05 command_id=d698b1e52827c55333a4f9ec188fb877d9515ad053aa1b9c7c7c57331d7e3808 outcome=RETRYABLE cause=MQCLIENTEXCEPTION
2026-08-11T10:23:12.956+08:00 INFO  d.f.m.outbox.OutboxDispatcher request_id= idempotency_key= order_id= user_id= sku_id= payment_tx= - Outbox publication deferred outbox_id=3d5626f4-258f-47c1-8bb2-32dcae9667b0 command_id=cea5adfcd354b090731f1ff1a4aee0798a9b5569893e7f629bc0ff1df849baff outcome=RETRYABLE cause=MQCLIENTEXCEPTION
2026-08-11T10:23:13.088+08:00 INFO  d.f.m.outbox.OutboxDispatcher request_id= idempotency_key= order_id= user_id= sku_id= payment_tx= - Outbox publication outbox_id=b83e6510-c6f5-4e66-8777-a68361ce8b82 command_id=c27c344efee88755302e5483f0d8333ec75da7f8e20f49473ba7824b224074f5 outcome=ACKNOWLEDGED
2026-08-11T10:23:13.093+08:00 INFO  d.f.m.outbox.OutboxDispatcher request_id= idempotency_key= order_id= user_id= sku_id= payment_tx= - Outbox publication outbox_id=11ac86a7-5c27-40c5-988b-04bf5677479f command_id=b93df0cf99f33f4ae8d4a045b2ae9092997149aa6bc96f19c23f6bd7b9086f8c outcome=ACKNOWLEDGED
2026-08-11T10:23:13.205+08:00 INFO  d.f.m.outbox.OutboxDispatcher request_id= idempotency_key= order_id= user_id= sku_id= payment_tx= - Outbox publication outbox_id=d0d9b7bc-d8e9-45c0-92dc-046837eaad77 command_id=84212bc597f5bae3cdbf6b9a5a9fe01f52882eddf3609ff58f89db3e54110350 outcome=ACKNOWLEDGED
2026-08-11T10:23:13.328+08:00 INFO  d.f.m.outbox.OutboxDispatcher request_id= idempotency_key= order_id= user_id= sku_id= payment_tx= - Outbox publication outbox_id=e7db7ba9-f483-4625-a38c-2497509e638b command_id=815f7bd56c8462272dc6cc4881c82b46e5f07a3537080967c4706db72322ba49 outcome=ACKNOWLEDGED
2026-08-11T10:23:13.453+08:00 INFO  d.f.m.outbox.OutboxDispatcher request_id= idempotency_key= order_id= user_id= sku_id= payment_tx= - Outbox publication outbox_id=79657f01-11e9-431a-8596-6c5f590a5982 command_id=7ccd666222c384c95e761b7696a5da0de9a7d0b16fee1d5cbf65f9ce424049a7 outcome=ACKNOWLEDGED
2026-08-11T10:23:13.570+08:00 INFO  d.f.m.outbox.OutboxDispatcher request_id= idempotency_key= order_id= user_id= sku_id= payment_tx= - Outbox publication outbox_id=08bc53b7-acb2-4483-aca1-105cdccf7fa3 command_id=c0319c877cf95db7f0ebdfcfeea4a41fc56d13048386da33112b78c6e2a760a5 outcome=ACKNOWLEDGED
2026-08-11T10:23:13.573+08:00 INFO  d.f.m.outbox.OutboxDispatcher request_id= idempotency_key= order_id= user_id= sku_id= payment_tx= - Outbox publication outbox_id=a3da6253-6a5e-45c2-afb2-6d8efdefeee3 command_id=982bd29c9db01f341fef7c24aad17efd898102d2feb4887d0a21090d72e63971 outcome=ACKNOWLEDGED
2026-08-11T10:23:13.576+08:00 INFO  d.f.m.outbox.OutboxDispatcher request_id= idempotency_key= order_id= user_id= sku_id= payment_tx= - Outbox publication outbox_id=6863fbee-539a-427c-86a9-99868a516873 command_id=ff37ff8ccaeac816e3dbbbad0710d24419a6d40758c7dbc45007939582947bf2 outcome=ACKNOWLEDGED
2026-08-11T10:23:13.911+08:00 INFO  d.f.m.outbox.OutboxDispatcher request_id= idempotency_key= order_id= user_id= sku_id= payment_tx= - Outbox publication outbox_id=a82487e1-be04-4733-8ede-506f2d6c49d8 command_id=77fb36554d9fae1c29980aef0090e08c4e0df88962ae92798e576b363d5c46aa outcome=ACKNOWLEDGED
2026-08-11T10:23:14.029+08:00 INFO  d.f.m.outbox.OutboxDispatcher request_id= idempotency_key= order_id= user_id= sku_id= payment_tx= - Outbox publication outbox_id=3d809a24-24cb-41c2-bcf7-cb0b86dc3726 command_id=2e9df51bb614d4939e7dcf9fe20ab1dfcdfe6b6d222c37709e8544183aa7cd74 outcome=ACKNOWLEDGED
2026-08-11T10:23:14.032+08:00 INFO  d.f.m.outbox.OutboxDispatcher request_id= idempotency_key= order_id= user_id= sku_id= payment_tx= - Outbox publication outbox_id=3ff356af-81ec-4e7f-83bc-e0ffc0816d05 command_id=d698b1e52827c55333a4f9ec188fb877d9515ad053aa1b9c7c7c57331d7e3808 outcome=ACKNOWLEDGED
2026-08-11T10:23:14.038+08:00 INFO  d.f.m.outbox.OutboxDispatcher request_id= idempotency_key= order_id= user_id= sku_id= payment_tx= - Outbox publication outbox_id=3d5626f4-258f-47c1-8bb2-32dcae9667b0 command_id=cea5adfcd354b090731f1ff1a4aee0798a9b5569893e7f629bc0ff1df849baff outcome=ACKNOWLEDGED
2026-08-11T10:23:34.950+08:00 INFO  o.s.b.w.e.tomcat.GracefulShutdown request_id= idempotency_key= order_id= user_id= sku_id= payment_tx= - Commencing graceful shutdown. Waiting for active requests to complete
2026-08-11T10:23:36.957+08:00 INFO  o.s.b.w.e.tomcat.GracefulShutdown request_id= idempotency_key= order_id= user_id= sku_id= payment_tx= - Graceful shutdown complete
2026-08-11T10:23:36.957+08:00 ERROR org.apache.tomcat.util.net.Acceptor request_id= idempotency_key= order_id= user_id= sku_id= payment_tx= - Socket accept failed
java.nio.channels.AsynchronousCloseException: null
	at java.base/java.nio.channels.spi.AbstractInterruptibleChannel.end(AbstractInterruptibleChannel.java:218)
	at java.base/sun.nio.ch.ServerSocketChannelImpl.end(ServerSocketChannelImpl.java:372)
	at java.base/sun.nio.ch.ServerSocketChannelImpl.accept(ServerSocketChannelImpl.java:397)
	at org.apache.tomcat.util.net.NioEndpoint.serverSocketAccept(NioEndpoint.java:537)
	at org.apache.tomcat.util.net.NioEndpoint.serverSocketAccept(NioEndpoint.java:72)
	at org.apache.tomcat.util.net.Acceptor.run(Acceptor.java:127)
	at java.base/java.lang.Thread.run(Thread.java:1516)
2026-08-11T10:23:37.039+08:00 INFO  com.zaxxer.hikari.HikariDataSource request_id= idempotency_key= order_id= user_id= sku_id= payment_tx= - HikariPool-1 - Shutdown initiated...
2026-08-11T10:23:37.044+08:00 INFO  com.zaxxer.hikari.HikariDataSource request_id= idempotency_key= order_id= user_id= sku_id= payment_tx= - HikariPool-1 - Shutdown completed.
[INFO] Tests run: 1, Failures: 0, Errors: 0, Skipped: 0, Time elapsed: 57.53 s -- in dev.flashflow.V4OutboxBacklogDrainIntegrationTest
[INFO] Running dev.flashflow.ExperimentManifestValidatorTest
[INFO] Tests run: 4, Failures: 0, Errors: 0, Skipped: 0, Time elapsed: 0.014 s -- in dev.flashflow.ExperimentManifestValidatorTest
[INFO] Running dev.flashflow.V4OutboxProducerAckLossIntegrationTest
2026-08-11T10:23:37.070+08:00 INFO  o.s.t.c.s.AnnotationConfigContextLoaderUtils request_id= idempotency_key= order_id= user_id= sku_id= payment_tx= - Could not detect default configuration classes for test class [dev.flashflow.V4OutboxProducerAckLossIntegrationTest]: V4OutboxProducerAckLossIntegrationTest does not declare any static, non-private, non-final, nested classes annotated with @Configuration.
2026-08-11T10:23:37.071+08:00 INFO  o.s.b.t.c.SpringBootTestContextBootstrapper request_id= idempotency_key= order_id= user_id= sku_id= payment_tx= - Found @SpringBootConfiguration dev.flashflow.FlashFlowApplication for test class dev.flashflow.V4OutboxProducerAckLossIntegrationTest

  .   ____          _            __ _ _
 /\\ / ___'_ __ _ _(_)_ __  __ _ \ \ \ \
( ( )\___ | '_ | '_| | '_ \/ _` | \ \ \ \
 \\/  ___)| |_)| | | | | || (_| |  ) ) ) )
  '  |____| .__|_| |_|_| |_\__, | / / / /
 =========|_|==============|___/=/_/_/_/

 :: Spring Boot ::                (v3.5.5)

2026-08-11T10:23:37.087+08:00 INFO  d.f.V4OutboxProducerAckLossIntegrationTest request_id= idempotency_key= order_id= user_id= sku_id= payment_tx= - Starting V4OutboxProducerAckLossIntegrationTest using Java 26.0.2 with PID 60076 (started by yuzheng in /Users/yuzheng/Computeracy/Zhenkun26-GitHub/FlashFlow)
2026-08-11T10:23:37.087+08:00 INFO  d.f.V4OutboxProducerAckLossIntegrationTest request_id= idempotency_key= order_id= user_id= sku_id= payment_tx= - The following 1 profile is active: "test"
2026-08-11T10:23:37.199+08:00 INFO  o.s.d.r.c.RepositoryConfigurationDelegate request_id= idempotency_key= order_id= user_id= sku_id= payment_tx= - Multiple Spring Data modules found, entering strict repository configuration mode
2026-08-11T10:23:37.199+08:00 INFO  o.s.d.r.c.RepositoryConfigurationDelegate request_id= idempotency_key= order_id= user_id= sku_id= payment_tx= - Bootstrapping Spring Data Redis repositories in DEFAULT mode.
2026-08-11T10:23:37.204+08:00 INFO  o.s.d.r.c.RepositoryConfigurationDelegate request_id= idempotency_key= order_id= user_id= sku_id= payment_tx= - Finished Spring Data repository scanning in 3 ms. Found 0 Redis repository interfaces.
2026-08-11T10:23:37.223+08:00 INFO  o.s.b.w.e.tomcat.TomcatWebServer request_id= idempotency_key= order_id= user_id= sku_id= payment_tx= - Tomcat initialized with port 0 (http)
2026-08-11T10:23:37.223+08:00 INFO  o.a.catalina.core.StandardService request_id= idempotency_key= order_id= user_id= sku_id= payment_tx= - Starting service [Tomcat]
2026-08-11T10:23:37.223+08:00 INFO  o.a.catalina.core.StandardEngine request_id= idempotency_key= order_id= user_id= sku_id= payment_tx= - Starting Servlet engine: [Apache Tomcat/10.1.44]
2026-08-11T10:23:37.229+08:00 INFO  o.a.c.c.C.[Tomcat].[localhost].[/] request_id= idempotency_key= order_id= user_id= sku_id= payment_tx= - Initializing Spring embedded WebApplicationContext
2026-08-11T10:23:37.229+08:00 INFO  o.s.b.w.s.c.ServletWebServerApplicationContext request_id= idempotency_key= order_id= user_id= sku_id= payment_tx= - Root WebApplicationContext: initialization completed in 141 ms
Standard Commons Logging discovery in action with spring-jcl: please remove commons-logging.jar from classpath in order to avoid potential conflicts
2026-08-11T10:23:37.261+08:00 INFO  com.zaxxer.hikari.HikariDataSource request_id= idempotency_key= order_id= user_id= sku_id= payment_tx= - HikariPool-2 - Starting...
2026-08-11T10:23:37.273+08:00 INFO  com.zaxxer.hikari.pool.HikariPool request_id= idempotency_key= order_id= user_id= sku_id= payment_tx= - HikariPool-2 - Added connection com.mysql.cj.jdbc.ConnectionImpl@3a87c694
2026-08-11T10:23:37.273+08:00 INFO  com.zaxxer.hikari.HikariDataSource request_id= idempotency_key= order_id= user_id= sku_id= payment_tx= - HikariPool-2 - Start completed.
2026-08-11T10:23:37.276+08:00 INFO  org.flywaydb.core.FlywayExecutor request_id= idempotency_key= order_id= user_id= sku_id= payment_tx= - Database: jdbc:mysql://localhost:57682/flashflow (MySQL 8.4)
2026-08-11T10:23:37.282+08:00 WARN  o.f.c.i.database.base.Database request_id= idempotency_key= order_id= user_id= sku_id= payment_tx= - Flyway upgrade recommended: MySQL 8.4 is newer than this version of Flyway and support has not been tested. The latest supported version of MySQL is 8.1.
2026-08-11T10:23:37.293+08:00 INFO  o.f.core.internal.command.DbValidate request_id= idempotency_key= order_id= user_id= sku_id= payment_tx= - Successfully validated 4 migrations (execution time 00:00.008s)
2026-08-11T10:23:37.298+08:00 INFO  o.f.core.internal.command.DbMigrate request_id= idempotency_key= order_id= user_id= sku_id= payment_tx= - Current version of schema `flashflow`: 4
2026-08-11T10:23:37.298+08:00 INFO  o.f.core.internal.command.DbMigrate request_id= idempotency_key= order_id= user_id= sku_id= payment_tx= - Schema `flashflow` is up to date. No migration necessary.
2026-08-11T10:23:37.438+08:00 INFO  o.s.b.a.e.web.EndpointLinksResolver request_id= idempotency_key= order_id= user_id= sku_id= payment_tx= - Exposing 2 endpoints beneath base path '/actuator'
2026-08-11T10:23:37.446+08:00 INFO  o.s.b.w.e.tomcat.TomcatWebServer request_id= idempotency_key= order_id= user_id= sku_id= payment_tx= - Tomcat started on port 58585 (http) with context path '/'
2026-08-11T10:23:37.452+08:00 INFO  d.f.V4OutboxProducerAckLossIntegrationTest request_id= idempotency_key= order_id= user_id= sku_id= payment_tx= - Started V4OutboxProducerAckLossIntegrationTest in 0.379 seconds (process running for 58.298)
2026-08-11T10:23:39.500+08:00 INFO  o.a.c.c.C.[Tomcat].[localhost].[/] request_id= idempotency_key= order_id= user_id= sku_id= payment_tx= - Initializing Spring DispatcherServlet 'dispatcherServlet'
2026-08-11T10:23:39.500+08:00 INFO  o.s.web.servlet.DispatcherServlet request_id= idempotency_key= order_id= user_id= sku_id= payment_tx= - Initializing Servlet 'dispatcherServlet'
2026-08-11T10:23:39.501+08:00 INFO  o.s.web.servlet.DispatcherServlet request_id= idempotency_key= order_id= user_id= sku_id= payment_tx= - Completed initialization in 1 ms
2026-08-11T10:23:39.528+08:00 INFO  d.f.m.o.OutboxAsyncOrderApplicationService request_id=dc0223d3-21fe-4e16-be7f-125c6d8a4ce8 idempotency_key=key-v4-ack-loss-68b76f7d order_id= user_id=user-v4-ack-loss-68b76f7d sku_id=sku-v4-ack-loss-68b76f7d payment_tx= - Durable Outbox acceptance command_id=fc926661c24a9d336704eefe4907e9ebbb4c4c75906831663efe2e2134129e80 status=ACCEPTED
2026-08-11T10:23:39.628+08:00 WARN  d.f.m.outbox.OutboxDispatcher request_id= idempotency_key= order_id= user_id= sku_id= payment_tx= - Outbox dispatch poll failed cause=INJECTEDMESSAGINGFAULT
2026-08-11T10:23:43.720+08:00 INFO  d.f.m.outbox.OutboxDispatcher request_id= idempotency_key= order_id= user_id= sku_id= payment_tx= - Outbox publication outbox_id=3e2dbc6a-1574-4d8d-8d9f-95b5b4b2bc47 command_id=fc926661c24a9d336704eefe4907e9ebbb4c4c75906831663efe2e2134129e80 outcome=ACKNOWLEDGED
2026-08-11T10:23:43.764+08:00 INFO  o.s.b.w.e.tomcat.GracefulShutdown request_id= idempotency_key= order_id= user_id= sku_id= payment_tx= - Commencing graceful shutdown. Waiting for active requests to complete
2026-08-11T10:23:45.770+08:00 INFO  o.s.b.w.e.tomcat.GracefulShutdown request_id= idempotency_key= order_id= user_id= sku_id= payment_tx= - Graceful shutdown complete
2026-08-11T10:23:45.770+08:00 ERROR org.apache.tomcat.util.net.Acceptor request_id= idempotency_key= order_id= user_id= sku_id= payment_tx= - Socket accept failed
java.nio.channels.AsynchronousCloseException: null
	at java.base/java.nio.channels.spi.AbstractInterruptibleChannel.end(AbstractInterruptibleChannel.java:218) ~[na:na]
	at java.base/sun.nio.ch.ServerSocketChannelImpl.end(ServerSocketChannelImpl.java:372) ~[na:na]
	at java.base/sun.nio.ch.ServerSocketChannelImpl.accept(ServerSocketChannelImpl.java:397) ~[na:na]
	at org.apache.tomcat.util.net.NioEndpoint.serverSocketAccept(NioEndpoint.java:537) ~[tomcat-embed-core-10.1.44.jar:10.1.44]
	at org.apache.tomcat.util.net.NioEndpoint.serverSocketAccept(NioEndpoint.java:72) ~[tomcat-embed-core-10.1.44.jar:10.1.44]
	at org.apache.tomcat.util.net.Acceptor.run(Acceptor.java:127) ~[tomcat-embed-core-10.1.44.jar:10.1.44]
	at java.base/java.lang.Thread.run(Thread.java:1516) ~[na:na]
2026-08-11T10:23:45.845+08:00 INFO  com.zaxxer.hikari.HikariDataSource request_id= idempotency_key= order_id= user_id= sku_id= payment_tx= - HikariPool-2 - Shutdown initiated...
2026-08-11T10:23:45.848+08:00 INFO  com.zaxxer.hikari.HikariDataSource request_id= idempotency_key= order_id= user_id= sku_id= payment_tx= - HikariPool-2 - Shutdown completed.
[INFO] Tests run: 1, Failures: 0, Errors: 0, Skipped: 0, Time elapsed: 8.784 s -- in dev.flashflow.V4OutboxProducerAckLossIntegrationTest
[INFO] Running dev.flashflow.ExpirationRollbackIntegrationTest
2026-08-11T10:23:45.857+08:00 INFO  o.s.t.c.s.AnnotationConfigContextLoaderUtils request_id= idempotency_key= order_id= user_id= sku_id= payment_tx= - Could not detect default configuration classes for test class [dev.flashflow.ExpirationRollbackIntegrationTest]: ExpirationRollbackIntegrationTest does not declare any static, non-private, non-final, nested classes annotated with @Configuration.
2026-08-11T10:23:45.859+08:00 INFO  o.s.b.t.c.SpringBootTestContextBootstrapper request_id= idempotency_key= order_id= user_id= sku_id= payment_tx= - Found @SpringBootConfiguration dev.flashflow.FlashFlowApplication for test class dev.flashflow.ExpirationRollbackIntegrationTest

  .   ____          _            __ _ _
 /\\ / ___'_ __ _ _(_)_ __  __ _ \ \ \ \
( ( )\___ | '_ | '_| | '_ \/ _` | \ \ \ \
 \\/  ___)| |_)| | | | | || (_| |  ) ) ) )
  '  |____| .__|_| |_|_| |_\__, | / / / /
 =========|_|==============|___/=/_/_/_/

 :: Spring Boot ::                (v3.5.5)

2026-08-11T10:23:45.879+08:00 INFO  d.f.ExpirationRollbackIntegrationTest request_id= idempotency_key= order_id= user_id= sku_id= payment_tx= - Starting ExpirationRollbackIntegrationTest using Java 26.0.2 with PID 60076 (started by yuzheng in /Users/yuzheng/Computeracy/Zhenkun26-GitHub/FlashFlow)
2026-08-11T10:23:45.879+08:00 INFO  d.f.ExpirationRollbackIntegrationTest request_id= idempotency_key= order_id= user_id= sku_id= payment_tx= - The following 1 profile is active: "test"
2026-08-11T10:23:45.969+08:00 INFO  o.s.d.r.c.RepositoryConfigurationDelegate request_id= idempotency_key= order_id= user_id= sku_id= payment_tx= - Multiple Spring Data modules found, entering strict repository configuration mode
2026-08-11T10:23:45.969+08:00 INFO  o.s.d.r.c.RepositoryConfigurationDelegate request_id= idempotency_key= order_id= user_id= sku_id= payment_tx= - Bootstrapping Spring Data Redis repositories in DEFAULT mode.
2026-08-11T10:23:45.974+08:00 INFO  o.s.d.r.c.RepositoryConfigurationDelegate request_id= idempotency_key= order_id= user_id= sku_id= payment_tx= - Finished Spring Data repository scanning in 4 ms. Found 0 Redis repository interfaces.
2026-08-11T10:23:46.083+08:00 INFO  com.zaxxer.hikari.HikariDataSource request_id= idempotency_key= order_id= user_id= sku_id= payment_tx= - HikariPool-3 - Starting...
2026-08-11T10:23:46.091+08:00 INFO  com.zaxxer.hikari.pool.HikariPool request_id= idempotency_key= order_id= user_id= sku_id= payment_tx= - HikariPool-3 - Added connection com.mysql.cj.jdbc.ConnectionImpl@789a8251
2026-08-11T10:23:46.091+08:00 INFO  com.zaxxer.hikari.HikariDataSource request_id= idempotency_key= order_id= user_id= sku_id= payment_tx= - HikariPool-3 - Start completed.
2026-08-11T10:23:46.093+08:00 INFO  org.flywaydb.core.FlywayExecutor request_id= idempotency_key= order_id= user_id= sku_id= payment_tx= - Database: jdbc:mysql://localhost:57682/flashflow (MySQL 8.4)
2026-08-11T10:23:46.097+08:00 WARN  o.f.c.i.database.base.Database request_id= idempotency_key= order_id= user_id= sku_id= payment_tx= - Flyway upgrade recommended: MySQL 8.4 is newer than this version of Flyway and support has not been tested. The latest supported version of MySQL is 8.1.
2026-08-11T10:23:46.105+08:00 INFO  o.f.core.internal.command.DbValidate request_id= idempotency_key= order_id= user_id= sku_id= payment_tx= - Successfully validated 4 migrations (execution time 00:00.006s)
2026-08-11T10:23:46.110+08:00 INFO  o.f.core.internal.command.DbMigrate request_id= idempotency_key= order_id= user_id= sku_id= payment_tx= - Current version of schema `flashflow`: 4
2026-08-11T10:23:46.111+08:00 INFO  o.f.core.internal.command.DbMigrate request_id= idempotency_key= order_id= user_id= sku_id= payment_tx= - Schema `flashflow` is up to date. No migration necessary.
2026-08-11T10:23:46.192+08:00 INFO  o.s.b.a.e.web.EndpointLinksResolver request_id= idempotency_key= order_id= user_id= sku_id= payment_tx= - Exposing 2 endpoints beneath base path '/actuator'
2026-08-11T10:23:46.196+08:00 INFO  d.f.ExpirationRollbackIntegrationTest request_id= idempotency_key= order_id= user_id= sku_id= payment_tx= - Started ExpirationRollbackIntegrationTest in 0.332 seconds (process running for 67.043)
[INFO] Tests run: 1, Failures: 0, Errors: 0, Skipped: 0, Time elapsed: 0.391 s -- in dev.flashflow.ExpirationRollbackIntegrationTest
[INFO] Running dev.flashflow.MigrationConstraintTest
2026-08-11T10:23:46.248+08:00 INFO  o.s.t.c.s.AnnotationConfigContextLoaderUtils request_id= idempotency_key= order_id= user_id= sku_id= payment_tx= - Could not detect default configuration classes for test class [dev.flashflow.MigrationConstraintTest]: MigrationConstraintTest does not declare any static, non-private, non-final, nested classes annotated with @Configuration.
2026-08-11T10:23:46.249+08:00 INFO  o.s.b.t.c.SpringBootTestContextBootstrapper request_id= idempotency_key= order_id= user_id= sku_id= payment_tx= - Found @SpringBootConfiguration dev.flashflow.FlashFlowApplication for test class dev.flashflow.MigrationConstraintTest

  .   ____          _            __ _ _
 /\\ / ___'_ __ _ _(_)_ __  __ _ \ \ \ \
( ( )\___ | '_ | '_| | '_ \/ _` | \ \ \ \
 \\/  ___)| |_)| | | | | || (_| |  ) ) ) )
  '  |____| .__|_| |_|_| |_\__, | / / / /
 =========|_|==============|___/=/_/_/_/

 :: Spring Boot ::                (v3.5.5)

2026-08-11T10:23:46.256+08:00 INFO  d.flashflow.MigrationConstraintTest request_id= idempotency_key= order_id= user_id= sku_id= payment_tx= - Starting MigrationConstraintTest using Java 26.0.2 with PID 60076 (started by yuzheng in /Users/yuzheng/Computeracy/Zhenkun26-GitHub/FlashFlow)
2026-08-11T10:23:46.256+08:00 INFO  d.flashflow.MigrationConstraintTest request_id= idempotency_key= order_id= user_id= sku_id= payment_tx= - The following 1 profile is active: "test"
2026-08-11T10:23:46.312+08:00 INFO  o.s.d.r.c.RepositoryConfigurationDelegate request_id= idempotency_key= order_id= user_id= sku_id= payment_tx= - Multiple Spring Data modules found, entering strict repository configuration mode
2026-08-11T10:23:46.312+08:00 INFO  o.s.d.r.c.RepositoryConfigurationDelegate request_id= idempotency_key= order_id= user_id= sku_id= payment_tx= - Bootstrapping Spring Data Redis repositories in DEFAULT mode.
2026-08-11T10:23:46.316+08:00 INFO  o.s.d.r.c.RepositoryConfigurationDelegate request_id= idempotency_key= order_id= user_id= sku_id= payment_tx= - Finished Spring Data repository scanning in 3 ms. Found 0 Redis repository interfaces.
2026-08-11T10:23:46.340+08:00 INFO  com.zaxxer.hikari.HikariDataSource request_id= idempotency_key= order_id= user_id= sku_id= payment_tx= - HikariPool-4 - Starting...
2026-08-11T10:23:46.348+08:00 INFO  com.zaxxer.hikari.pool.HikariPool request_id= idempotency_key= order_id= user_id= sku_id= payment_tx= - HikariPool-4 - Added connection com.mysql.cj.jdbc.ConnectionImpl@3891e688
2026-08-11T10:23:46.348+08:00 INFO  com.zaxxer.hikari.HikariDataSource request_id= idempotency_key= order_id= user_id= sku_id= payment_tx= - HikariPool-4 - Start completed.
2026-08-11T10:23:46.350+08:00 INFO  org.flywaydb.core.FlywayExecutor request_id= idempotency_key= order_id= user_id= sku_id= payment_tx= - Database: jdbc:mysql://localhost:57682/flashflow (MySQL 8.4)
2026-08-11T10:23:46.355+08:00 WARN  o.f.c.i.database.base.Database request_id= idempotency_key= order_id= user_id= sku_id= payment_tx= - Flyway upgrade recommended: MySQL 8.4 is newer than this version of Flyway and support has not been tested. The latest supported version of MySQL is 8.1.
2026-08-11T10:23:46.360+08:00 INFO  o.f.core.internal.command.DbValidate request_id= idempotency_key= order_id= user_id= sku_id= payment_tx= - Successfully validated 4 migrations (execution time 00:00.003s)
2026-08-11T10:23:46.365+08:00 INFO  o.f.core.internal.command.DbMigrate request_id= idempotency_key= order_id= user_id= sku_id= payment_tx= - Current version of schema `flashflow`: 4
2026-08-11T10:23:46.365+08:00 INFO  o.f.core.internal.command.DbMigrate request_id= idempotency_key= order_id= user_id= sku_id= payment_tx= - Schema `flashflow` is up to date. No migration necessary.
2026-08-11T10:23:46.429+08:00 INFO  o.s.b.a.e.web.EndpointLinksResolver request_id= idempotency_key= order_id= user_id= sku_id= payment_tx= - Exposing 2 endpoints beneath base path '/actuator'
2026-08-11T10:23:46.434+08:00 INFO  d.flashflow.MigrationConstraintTest request_id= idempotency_key= order_id= user_id= sku_id= payment_tx= - Started MigrationConstraintTest in 0.184 seconds (process running for 67.28)
[INFO] Tests run: 2, Failures: 0, Errors: 0, Skipped: 0, Time elapsed: 0.228 s -- in dev.flashflow.MigrationConstraintTest
[INFO] Running dev.flashflow.DomainStateTest
[INFO] Tests run: 3, Failures: 0, Errors: 0, Skipped: 0, Time elapsed: 0.001 s -- in dev.flashflow.DomainStateTest
[INFO] Running dev.flashflow.PaymentAndExpirationIntegrationTest
2026-08-11T10:23:46.478+08:00 INFO  o.s.t.c.s.AnnotationConfigContextLoaderUtils request_id= idempotency_key= order_id= user_id= sku_id= payment_tx= - Could not detect default configuration classes for test class [dev.flashflow.PaymentAndExpirationIntegrationTest]: PaymentAndExpirationIntegrationTest does not declare any static, non-private, non-final, nested classes annotated with @Configuration.
2026-08-11T10:23:46.478+08:00 INFO  o.s.b.t.c.SpringBootTestContextBootstrapper request_id= idempotency_key= order_id= user_id= sku_id= payment_tx= - Found @SpringBootConfiguration dev.flashflow.FlashFlowApplication for test class dev.flashflow.PaymentAndExpirationIntegrationTest
[INFO] Tests run: 3, Failures: 0, Errors: 0, Skipped: 0, Time elapsed: 0.090 s -- in dev.flashflow.PaymentAndExpirationIntegrationTest
[INFO] Running dev.flashflow.ExpirationAdmissionFailureIntegrationTest
2026-08-11T10:23:46.567+08:00 INFO  o.s.t.c.s.AnnotationConfigContextLoaderUtils request_id= idempotency_key= order_id= user_id= sku_id= payment_tx= - Could not detect default configuration classes for test class [dev.flashflow.ExpirationAdmissionFailureIntegrationTest]: ExpirationAdmissionFailureIntegrationTest does not declare any static, non-private, non-final, nested classes annotated with @Configuration.
2026-08-11T10:23:46.568+08:00 INFO  o.s.b.t.c.SpringBootTestContextBootstrapper request_id= idempotency_key= order_id= user_id= sku_id= payment_tx= - Found @SpringBootConfiguration dev.flashflow.FlashFlowApplication for test class dev.flashflow.ExpirationAdmissionFailureIntegrationTest

  .   ____          _            __ _ _
 /\\ / ___'_ __ _ _(_)_ __  __ _ \ \ \ \
( ( )\___ | '_ | '_| | '_ \/ _` | \ \ \ \
 \\/  ___)| |_)| | | | | || (_| |  ) ) ) )
  '  |____| .__|_| |_|_| |_\__, | / / / /
 =========|_|==============|___/=/_/_/_/

 :: Spring Boot ::                (v3.5.5)

2026-08-11T10:23:46.574+08:00 INFO  d.f.ExpirationAdmissionFailureIntegrationTest request_id= idempotency_key= order_id= user_id= sku_id= payment_tx= - Starting ExpirationAdmissionFailureIntegrationTest using Java 26.0.2 with PID 60076 (started by yuzheng in /Users/yuzheng/Computeracy/Zhenkun26-GitHub/FlashFlow)
2026-08-11T10:23:46.574+08:00 INFO  d.f.ExpirationAdmissionFailureIntegrationTest request_id= idempotency_key= order_id= user_id= sku_id= payment_tx= - The following 1 profile is active: "test"
2026-08-11T10:23:46.627+08:00 INFO  o.s.d.r.c.RepositoryConfigurationDelegate request_id= idempotency_key= order_id= user_id= sku_id= payment_tx= - Multiple Spring Data modules found, entering strict repository configuration mode
2026-08-11T10:23:46.627+08:00 INFO  o.s.d.r.c.RepositoryConfigurationDelegate request_id= idempotency_key= order_id= user_id= sku_id= payment_tx= - Bootstrapping Spring Data Redis repositories in DEFAULT mode.
2026-08-11T10:23:46.630+08:00 INFO  o.s.d.r.c.RepositoryConfigurationDelegate request_id= idempotency_key= order_id= user_id= sku_id= payment_tx= - Finished Spring Data repository scanning in 3 ms. Found 0 Redis repository interfaces.
2026-08-11T10:23:46.801+08:00 INFO  com.zaxxer.hikari.HikariDataSource request_id= idempotency_key= order_id= user_id= sku_id= payment_tx= - HikariPool-5 - Starting...
2026-08-11T10:23:46.814+08:00 INFO  com.zaxxer.hikari.pool.HikariPool request_id= idempotency_key= order_id= user_id= sku_id= payment_tx= - HikariPool-5 - Added connection com.mysql.cj.jdbc.ConnectionImpl@20336e62
2026-08-11T10:23:46.814+08:00 INFO  com.zaxxer.hikari.HikariDataSource request_id= idempotency_key= order_id= user_id= sku_id= payment_tx= - HikariPool-5 - Start completed.
2026-08-11T10:23:46.819+08:00 INFO  org.flywaydb.core.FlywayExecutor request_id= idempotency_key= order_id= user_id= sku_id= payment_tx= - Database: jdbc:mysql://localhost:57682/flashflow (MySQL 8.4)
2026-08-11T10:23:46.825+08:00 WARN  o.f.c.i.database.base.Database request_id= idempotency_key= order_id= user_id= sku_id= payment_tx= - Flyway upgrade recommended: MySQL 8.4 is newer than this version of Flyway and support has not been tested. The latest supported version of MySQL is 8.1.
2026-08-11T10:23:46.833+08:00 INFO  o.f.core.internal.command.DbValidate request_id= idempotency_key= order_id= user_id= sku_id= payment_tx= - Successfully validated 4 migrations (execution time 00:00.006s)
2026-08-11T10:23:46.846+08:00 INFO  o.f.core.internal.command.DbMigrate request_id= idempotency_key= order_id= user_id= sku_id= payment_tx= - Current version of schema `flashflow`: 4
2026-08-11T10:23:46.846+08:00 INFO  o.f.core.internal.command.DbMigrate request_id= idempotency_key= order_id= user_id= sku_id= payment_tx= - Schema `flashflow` is up to date. No migration necessary.
2026-08-11T10:23:47.002+08:00 INFO  o.s.b.a.e.web.EndpointLinksResolver request_id= idempotency_key= order_id= user_id= sku_id= payment_tx= - Exposing 2 endpoints beneath base path '/actuator'
2026-08-11T10:23:47.020+08:00 INFO  d.f.ExpirationAdmissionFailureIntegrationTest request_id= idempotency_key= order_id= user_id= sku_id= payment_tx= - Started ExpirationAdmissionFailureIntegrationTest in 0.451 seconds (process running for 67.867)
[INFO] Tests run: 1, Failures: 0, Errors: 0, Skipped: 0, Time elapsed: 0.539 s -- in dev.flashflow.ExpirationAdmissionFailureIntegrationTest
[INFO] Running dev.flashflow.DelayedExpirationIntegrationTest
2026-08-11T10:23:47.108+08:00 INFO  o.s.t.c.s.AnnotationConfigContextLoaderUtils request_id= idempotency_key= order_id= user_id= sku_id= payment_tx= - Could not detect default configuration classes for test class [dev.flashflow.DelayedExpirationIntegrationTest]: DelayedExpirationIntegrationTest does not declare any static, non-private, non-final, nested classes annotated with @Configuration.
2026-08-11T10:23:47.109+08:00 INFO  o.s.b.t.c.SpringBootTestContextBootstrapper request_id= idempotency_key= order_id= user_id= sku_id= payment_tx= - Found @SpringBootConfiguration dev.flashflow.FlashFlowApplication for test class dev.flashflow.DelayedExpirationIntegrationTest
[INFO] Tests run: 2, Failures: 0, Errors: 0, Skipped: 0, Time elapsed: 0.153 s -- in dev.flashflow.DelayedExpirationIntegrationTest
[INFO] Running dev.flashflow.ForeignKeyLockUpgradeIntegrationTest
2026-08-11T10:23:47.261+08:00 INFO  o.s.t.c.s.AnnotationConfigContextLoaderUtils request_id= idempotency_key= order_id= user_id= sku_id= payment_tx= - Could not detect default configuration classes for test class [dev.flashflow.ForeignKeyLockUpgradeIntegrationTest]: ForeignKeyLockUpgradeIntegrationTest does not declare any static, non-private, non-final, nested classes annotated with @Configuration.
2026-08-11T10:23:47.261+08:00 INFO  o.s.b.t.c.SpringBootTestContextBootstrapper request_id= idempotency_key= order_id= user_id= sku_id= payment_tx= - Found @SpringBootConfiguration dev.flashflow.FlashFlowApplication for test class dev.flashflow.ForeignKeyLockUpgradeIntegrationTest
[INFO] Tests run: 2, Failures: 0, Errors: 0, Skipped: 0, Time elapsed: 0.148 s -- in dev.flashflow.ForeignKeyLockUpgradeIntegrationTest
[INFO] Running dev.flashflow.MessagingReadinessReporterTest
[INFO] Tests run: 3, Failures: 0, Errors: 0, Skipped: 0, Time elapsed: 0.018 s -- in dev.flashflow.MessagingReadinessReporterTest
[INFO] Running dev.flashflow.ExperimentReporterTest
[INFO] Tests run: 1, Failures: 0, Errors: 0, Skipped: 0, Time elapsed: 0 s -- in dev.flashflow.ExperimentReporterTest
[INFO] Running dev.flashflow.admission.AdmissionReconciliationFailureTest
[INFO] Tests run: 1, Failures: 0, Errors: 0, Skipped: 0, Time elapsed: 0.010 s -- in dev.flashflow.admission.AdmissionReconciliationFailureTest
[INFO] Running dev.flashflow.admission.RedisLuaAdmissionFailureTest
[INFO] Tests run: 1, Failures: 0, Errors: 0, Skipped: 0, Time elapsed: 0.160 s -- in dev.flashflow.admission.RedisLuaAdmissionFailureTest
[INFO] Running dev.flashflow.ConcurrentIdempotencyIntegrationTest
2026-08-11T10:23:47.603+08:00 INFO  o.s.t.c.s.AnnotationConfigContextLoaderUtils request_id= idempotency_key= order_id= user_id= sku_id= payment_tx= - Could not detect default configuration classes for test class [dev.flashflow.ConcurrentIdempotencyIntegrationTest]: ConcurrentIdempotencyIntegrationTest does not declare any static, non-private, non-final, nested classes annotated with @Configuration.
2026-08-11T10:23:47.604+08:00 INFO  o.s.b.t.c.SpringBootTestContextBootstrapper request_id= idempotency_key= order_id= user_id= sku_id= payment_tx= - Found @SpringBootConfiguration dev.flashflow.FlashFlowApplication for test class dev.flashflow.ConcurrentIdempotencyIntegrationTest
[INFO] Tests run: 2, Failures: 0, Errors: 0, Skipped: 0, Time elapsed: 0.124 s -- in dev.flashflow.ConcurrentIdempotencyIntegrationTest
[INFO] Running dev.flashflow.OutboxAcceptanceIntegrationTest
2026-08-11T10:23:47.731+08:00 INFO  o.s.t.c.s.AnnotationConfigContextLoaderUtils request_id= idempotency_key= order_id= user_id= sku_id= payment_tx= - Could not detect default configuration classes for test class [dev.flashflow.OutboxAcceptanceIntegrationTest]: OutboxAcceptanceIntegrationTest does not declare any static, non-private, non-final, nested classes annotated with @Configuration.
2026-08-11T10:23:47.733+08:00 INFO  o.s.b.t.c.SpringBootTestContextBootstrapper request_id= idempotency_key= order_id= user_id= sku_id= payment_tx= - Found @SpringBootConfiguration dev.flashflow.FlashFlowApplication for test class dev.flashflow.OutboxAcceptanceIntegrationTest

  .   ____          _            __ _ _
 /\\ / ___'_ __ _ _(_)_ __  __ _ \ \ \ \
( ( )\___ | '_ | '_| | '_ \/ _` | \ \ \ \
 \\/  ___)| |_)| | | | | || (_| |  ) ) ) )
  '  |____| .__|_| |_|_| |_\__, | / / / /
 =========|_|==============|___/=/_/_/_/

 :: Spring Boot ::                (v3.5.5)

2026-08-11T10:23:47.746+08:00 INFO  d.f.OutboxAcceptanceIntegrationTest request_id= idempotency_key= order_id= user_id= sku_id= payment_tx= - Starting OutboxAcceptanceIntegrationTest using Java 26.0.2 with PID 60076 (started by yuzheng in /Users/yuzheng/Computeracy/Zhenkun26-GitHub/FlashFlow)
2026-08-11T10:23:47.746+08:00 INFO  d.f.OutboxAcceptanceIntegrationTest request_id= idempotency_key= order_id= user_id= sku_id= payment_tx= - The following 1 profile is active: "test"
2026-08-11T10:23:47.857+08:00 INFO  o.s.d.r.c.RepositoryConfigurationDelegate request_id= idempotency_key= order_id= user_id= sku_id= payment_tx= - Multiple Spring Data modules found, entering strict repository configuration mode
2026-08-11T10:23:47.857+08:00 INFO  o.s.d.r.c.RepositoryConfigurationDelegate request_id= idempotency_key= order_id= user_id= sku_id= payment_tx= - Bootstrapping Spring Data Redis repositories in DEFAULT mode.
2026-08-11T10:23:47.862+08:00 INFO  o.s.d.r.c.RepositoryConfigurationDelegate request_id= idempotency_key= order_id= user_id= sku_id= payment_tx= - Finished Spring Data repository scanning in 4 ms. Found 0 Redis repository interfaces.
2026-08-11T10:23:47.938+08:00 INFO  com.zaxxer.hikari.HikariDataSource request_id= idempotency_key= order_id= user_id= sku_id= payment_tx= - HikariPool-6 - Starting...
2026-08-11T10:23:47.945+08:00 INFO  com.zaxxer.hikari.pool.HikariPool request_id= idempotency_key= order_id= user_id= sku_id= payment_tx= - HikariPool-6 - Added connection com.mysql.cj.jdbc.ConnectionImpl@df8a698
2026-08-11T10:23:47.945+08:00 INFO  com.zaxxer.hikari.HikariDataSource request_id= idempotency_key= order_id= user_id= sku_id= payment_tx= - HikariPool-6 - Start completed.
2026-08-11T10:23:47.947+08:00 INFO  org.flywaydb.core.FlywayExecutor request_id= idempotency_key= order_id= user_id= sku_id= payment_tx= - Database: jdbc:mysql://localhost:57682/flashflow (MySQL 8.4)
2026-08-11T10:23:47.951+08:00 WARN  o.f.c.i.database.base.Database request_id= idempotency_key= order_id= user_id= sku_id= payment_tx= - Flyway upgrade recommended: MySQL 8.4 is newer than this version of Flyway and support has not been tested. The latest supported version of MySQL is 8.1.
2026-08-11T10:23:47.956+08:00 INFO  o.f.core.internal.command.DbValidate request_id= idempotency_key= order_id= user_id= sku_id= payment_tx= - Successfully validated 4 migrations (execution time 00:00.004s)
2026-08-11T10:23:47.961+08:00 INFO  o.f.core.internal.command.DbMigrate request_id= idempotency_key= order_id= user_id= sku_id= payment_tx= - Current version of schema `flashflow`: 4
2026-08-11T10:23:47.962+08:00 INFO  o.f.core.internal.command.DbMigrate request_id= idempotency_key= order_id= user_id= sku_id= payment_tx= - Schema `flashflow` is up to date. No migration necessary.
2026-08-11T10:23:48.038+08:00 INFO  o.s.b.a.e.web.EndpointLinksResolver request_id= idempotency_key= order_id= user_id= sku_id= payment_tx= - Exposing 2 endpoints beneath base path '/actuator'
2026-08-11T10:23:48.047+08:00 INFO  d.f.OutboxAcceptanceIntegrationTest request_id= idempotency_key= order_id= user_id= sku_id= payment_tx= - Started OutboxAcceptanceIntegrationTest in 0.313 seconds (process running for 68.894)
[INFO] Tests run: 2, Failures: 0, Errors: 0, Skipped: 0, Time elapsed: 0.375 s -- in dev.flashflow.OutboxAcceptanceIntegrationTest
[INFO] Running dev.flashflow.RedisLuaAdmissionIntegrationTest
2026-08-11T10:23:48.108+08:00 INFO  o.s.t.c.s.AnnotationConfigContextLoaderUtils request_id= idempotency_key= order_id= user_id= sku_id= payment_tx= - Could not detect default configuration classes for test class [dev.flashflow.RedisLuaAdmissionIntegrationTest]: RedisLuaAdmissionIntegrationTest does not declare any static, non-private, non-final, nested classes annotated with @Configuration.
2026-08-11T10:23:48.110+08:00 INFO  o.s.b.t.c.SpringBootTestContextBootstrapper request_id= idempotency_key= order_id= user_id= sku_id= payment_tx= - Found @SpringBootConfiguration dev.flashflow.FlashFlowApplication for test class dev.flashflow.RedisLuaAdmissionIntegrationTest

  .   ____          _            __ _ _
 /\\ / ___'_ __ _ _(_)_ __  __ _ \ \ \ \
( ( )\___ | '_ | '_| | '_ \/ _` | \ \ \ \
 \\/  ___)| |_)| | | | | || (_| |  ) ) ) )
  '  |____| .__|_| |_|_| |_\__, | / / / /
 =========|_|==============|___/=/_/_/_/

 :: Spring Boot ::                (v3.5.5)

2026-08-11T10:23:48.120+08:00 INFO  d.f.RedisLuaAdmissionIntegrationTest request_id= idempotency_key= order_id= user_id= sku_id= payment_tx= - Starting RedisLuaAdmissionIntegrationTest using Java 26.0.2 with PID 60076 (started by yuzheng in /Users/yuzheng/Computeracy/Zhenkun26-GitHub/FlashFlow)
2026-08-11T10:23:48.120+08:00 INFO  d.f.RedisLuaAdmissionIntegrationTest request_id= idempotency_key= order_id= user_id= sku_id= payment_tx= - The following 1 profile is active: "test"
2026-08-11T10:23:48.189+08:00 INFO  o.s.d.r.c.RepositoryConfigurationDelegate request_id= idempotency_key= order_id= user_id= sku_id= payment_tx= - Multiple Spring Data modules found, entering strict repository configuration mode
2026-08-11T10:23:48.189+08:00 INFO  o.s.d.r.c.RepositoryConfigurationDelegate request_id= idempotency_key= order_id= user_id= sku_id= payment_tx= - Bootstrapping Spring Data Redis repositories in DEFAULT mode.
2026-08-11T10:23:48.192+08:00 INFO  o.s.d.r.c.RepositoryConfigurationDelegate request_id= idempotency_key= order_id= user_id= sku_id= payment_tx= - Finished Spring Data repository scanning in 3 ms. Found 0 Redis repository interfaces.
2026-08-11T10:23:48.222+08:00 INFO  com.zaxxer.hikari.HikariDataSource request_id= idempotency_key= order_id= user_id= sku_id= payment_tx= - HikariPool-7 - Starting...
2026-08-11T10:23:48.229+08:00 INFO  com.zaxxer.hikari.pool.HikariPool request_id= idempotency_key= order_id= user_id= sku_id= payment_tx= - HikariPool-7 - Added connection com.mysql.cj.jdbc.ConnectionImpl@7e4e4931
2026-08-11T10:23:48.230+08:00 INFO  com.zaxxer.hikari.HikariDataSource request_id= idempotency_key= order_id= user_id= sku_id= payment_tx= - HikariPool-7 - Start completed.
2026-08-11T10:23:48.232+08:00 INFO  org.flywaydb.core.FlywayExecutor request_id= idempotency_key= order_id= user_id= sku_id= payment_tx= - Database: jdbc:mysql://localhost:57682/flashflow (MySQL 8.4)
2026-08-11T10:23:48.236+08:00 WARN  o.f.c.i.database.base.Database request_id= idempotency_key= order_id= user_id= sku_id= payment_tx= - Flyway upgrade recommended: MySQL 8.4 is newer than this version of Flyway and support has not been tested. The latest supported version of MySQL is 8.1.
2026-08-11T10:23:48.244+08:00 INFO  o.f.core.internal.command.DbValidate request_id= idempotency_key= order_id= user_id= sku_id= payment_tx= - Successfully validated 4 migrations (execution time 00:00.006s)
2026-08-11T10:23:48.248+08:00 INFO  o.f.core.internal.command.DbMigrate request_id= idempotency_key= order_id= user_id= sku_id= payment_tx= - Current version of schema `flashflow`: 4
2026-08-11T10:23:48.249+08:00 INFO  o.f.core.internal.command.DbMigrate request_id= idempotency_key= order_id= user_id= sku_id= payment_tx= - Schema `flashflow` is up to date. No migration necessary.
2026-08-11T10:23:48.318+08:00 INFO  o.s.b.a.e.web.EndpointLinksResolver request_id= idempotency_key= order_id= user_id= sku_id= payment_tx= - Exposing 2 endpoints beneath base path '/actuator'
2026-08-11T10:23:48.324+08:00 INFO  d.f.RedisLuaAdmissionIntegrationTest request_id= idempotency_key= order_id= user_id= sku_id= payment_tx= - Started RedisLuaAdmissionIntegrationTest in 0.211 seconds (process running for 69.172)
[INFO] Tests run: 6, Failures: 0, Errors: 0, Skipped: 0, Time elapsed: 0.292 s -- in dev.flashflow.RedisLuaAdmissionIntegrationTest
[INFO] Running dev.flashflow.AdmissionReconciliationIntegrationTest
2026-08-11T10:23:48.400+08:00 INFO  o.s.t.c.s.AnnotationConfigContextLoaderUtils request_id= idempotency_key= order_id= user_id= sku_id= payment_tx= - Could not detect default configuration classes for test class [dev.flashflow.AdmissionReconciliationIntegrationTest]: AdmissionReconciliationIntegrationTest does not declare any static, non-private, non-final, nested classes annotated with @Configuration.
2026-08-11T10:23:48.401+08:00 INFO  o.s.b.t.c.SpringBootTestContextBootstrapper request_id= idempotency_key= order_id= user_id= sku_id= payment_tx= - Found @SpringBootConfiguration dev.flashflow.FlashFlowApplication for test class dev.flashflow.AdmissionReconciliationIntegrationTest
[INFO] Tests run: 6, Failures: 0, Errors: 0, Skipped: 0, Time elapsed: 0.203 s -- in dev.flashflow.AdmissionReconciliationIntegrationTest
[INFO] Running dev.flashflow.OrderCommandConsumerIntegrationTest
2026-08-11T10:23:48.604+08:00 INFO  o.s.t.c.s.AnnotationConfigContextLoaderUtils request_id= idempotency_key= order_id= user_id= sku_id= payment_tx= - Could not detect default configuration classes for test class [dev.flashflow.OrderCommandConsumerIntegrationTest]: OrderCommandConsumerIntegrationTest does not declare any static, non-private, non-final, nested classes annotated with @Configuration.
2026-08-11T10:23:48.605+08:00 INFO  o.s.b.t.c.SpringBootTestContextBootstrapper request_id= idempotency_key= order_id= user_id= sku_id= payment_tx= - Found @SpringBootConfiguration dev.flashflow.FlashFlowApplication for test class dev.flashflow.OrderCommandConsumerIntegrationTest
[INFO] Tests run: 4, Failures: 0, Errors: 0, Skipped: 0, Time elapsed: 0.125 s -- in dev.flashflow.OrderCommandConsumerIntegrationTest
[INFO] Running dev.flashflow.CommandLedgerIntegrationTest
2026-08-11T10:23:48.730+08:00 INFO  o.s.t.c.s.AnnotationConfigContextLoaderUtils request_id= idempotency_key= order_id= user_id= sku_id= payment_tx= - Could not detect default configuration classes for test class [dev.flashflow.CommandLedgerIntegrationTest]: CommandLedgerIntegrationTest does not declare any static, non-private, non-final, nested classes annotated with @Configuration.
2026-08-11T10:23:48.730+08:00 INFO  o.s.b.t.c.SpringBootTestContextBootstrapper request_id= idempotency_key= order_id= user_id= sku_id= payment_tx= - Found @SpringBootConfiguration dev.flashflow.FlashFlowApplication for test class dev.flashflow.CommandLedgerIntegrationTest
[INFO] Tests run: 2, Failures: 0, Errors: 0, Skipped: 0, Time elapsed: 0.033 s -- in dev.flashflow.CommandLedgerIntegrationTest
[INFO] Running dev.flashflow.V3ControlledComparisonIntegrationTest
2026-08-11T10:23:48.763+08:00 INFO  o.s.t.c.s.AnnotationConfigContextLoaderUtils request_id= idempotency_key= order_id= user_id= sku_id= payment_tx= - Could not detect default configuration classes for test class [dev.flashflow.V3ControlledComparisonIntegrationTest]: V3ControlledComparisonIntegrationTest does not declare any static, non-private, non-final, nested classes annotated with @Configuration.
2026-08-11T10:23:48.763+08:00 INFO  o.s.b.t.c.SpringBootTestContextBootstrapper request_id= idempotency_key= order_id= user_id= sku_id= payment_tx= - Found @SpringBootConfiguration dev.flashflow.FlashFlowApplication for test class dev.flashflow.V3ControlledComparisonIntegrationTest

  .   ____          _            __ _ _
 /\\ / ___'_ __ _ _(_)_ __  __ _ \ \ \ \
( ( )\___ | '_ | '_| | '_ \/ _` | \ \ \ \
 \\/  ___)| |_)| | | | | || (_| |  ) ) ) )
  '  |____| .__|_| |_|_| |_\__, | / / / /
 =========|_|==============|___/=/_/_/_/

 :: Spring Boot ::                (v3.5.5)

2026-08-11T10:23:48.771+08:00 INFO  d.f.V3ControlledComparisonIntegrationTest request_id= idempotency_key= order_id= user_id= sku_id= payment_tx= - Starting V3ControlledComparisonIntegrationTest using Java 26.0.2 with PID 60076 (started by yuzheng in /Users/yuzheng/Computeracy/Zhenkun26-GitHub/FlashFlow)
2026-08-11T10:23:48.771+08:00 INFO  d.f.V3ControlledComparisonIntegrationTest request_id= idempotency_key= order_id= user_id= sku_id= payment_tx= - The following 1 profile is active: "test"
2026-08-11T10:23:48.849+08:00 INFO  o.s.d.r.c.RepositoryConfigurationDelegate request_id= idempotency_key= order_id= user_id= sku_id= payment_tx= - Multiple Spring Data modules found, entering strict repository configuration mode
2026-08-11T10:23:48.849+08:00 INFO  o.s.d.r.c.RepositoryConfigurationDelegate request_id= idempotency_key= order_id= user_id= sku_id= payment_tx= - Bootstrapping Spring Data Redis repositories in DEFAULT mode.
2026-08-11T10:23:48.853+08:00 INFO  o.s.d.r.c.RepositoryConfigurationDelegate request_id= idempotency_key= order_id= user_id= sku_id= payment_tx= - Finished Spring Data repository scanning in 3 ms. Found 0 Redis repository interfaces.
2026-08-11T10:23:48.872+08:00 INFO  o.s.b.w.e.tomcat.TomcatWebServer request_id= idempotency_key= order_id= user_id= sku_id= payment_tx= - Tomcat initialized with port 0 (http)
2026-08-11T10:23:48.873+08:00 INFO  o.a.catalina.core.StandardService request_id= idempotency_key= order_id= user_id= sku_id= payment_tx= - Starting service [Tomcat]
2026-08-11T10:23:48.873+08:00 INFO  o.a.catalina.core.StandardEngine request_id= idempotency_key= order_id= user_id= sku_id= payment_tx= - Starting Servlet engine: [Apache Tomcat/10.1.44]
2026-08-11T10:23:48.881+08:00 INFO  o.a.c.c.C.[Tomcat].[localhost].[/] request_id= idempotency_key= order_id= user_id= sku_id= payment_tx= - Initializing Spring embedded WebApplicationContext
2026-08-11T10:23:48.881+08:00 INFO  o.s.b.w.s.c.ServletWebServerApplicationContext request_id= idempotency_key= order_id= user_id= sku_id= payment_tx= - Root WebApplicationContext: initialization completed in 109 ms
Standard Commons Logging discovery in action with spring-jcl: please remove commons-logging.jar from classpath in order to avoid potential conflicts
2026-08-11T10:23:48.918+08:00 INFO  com.zaxxer.hikari.HikariDataSource request_id= idempotency_key= order_id= user_id= sku_id= payment_tx= - HikariPool-8 - Starting...
2026-08-11T10:23:48.925+08:00 INFO  com.zaxxer.hikari.pool.HikariPool request_id= idempotency_key= order_id= user_id= sku_id= payment_tx= - HikariPool-8 - Added connection com.mysql.cj.jdbc.ConnectionImpl@4daaeaeb
2026-08-11T10:23:48.925+08:00 INFO  com.zaxxer.hikari.HikariDataSource request_id= idempotency_key= order_id= user_id= sku_id= payment_tx= - HikariPool-8 - Start completed.
2026-08-11T10:23:48.927+08:00 INFO  org.flywaydb.core.FlywayExecutor request_id= idempotency_key= order_id= user_id= sku_id= payment_tx= - Database: jdbc:mysql://localhost:57682/flashflow (MySQL 8.4)
2026-08-11T10:23:48.929+08:00 WARN  o.f.c.i.database.base.Database request_id= idempotency_key= order_id= user_id= sku_id= payment_tx= - Flyway upgrade recommended: MySQL 8.4 is newer than this version of Flyway and support has not been tested. The latest supported version of MySQL is 8.1.
2026-08-11T10:23:48.935+08:00 INFO  o.f.core.internal.command.DbValidate request_id= idempotency_key= order_id= user_id= sku_id= payment_tx= - Successfully validated 4 migrations (execution time 00:00.004s)
2026-08-11T10:23:48.941+08:00 INFO  o.f.core.internal.command.DbMigrate request_id= idempotency_key= order_id= user_id= sku_id= payment_tx= - Current version of schema `flashflow`: 4
2026-08-11T10:23:48.942+08:00 INFO  o.f.core.internal.command.DbMigrate request_id= idempotency_key= order_id= user_id= sku_id= payment_tx= - Schema `flashflow` is up to date. No migration necessary.
2026-08-11T10:23:49.047+08:00 INFO  o.s.b.a.e.web.EndpointLinksResolver request_id= idempotency_key= order_id= user_id= sku_id= payment_tx= - Exposing 2 endpoints beneath base path '/actuator'
2026-08-11T10:23:49.052+08:00 INFO  o.s.b.w.e.tomcat.TomcatWebServer request_id= idempotency_key= order_id= user_id= sku_id= payment_tx= - Tomcat started on port 58662 (http) with context path '/'
2026-08-11T10:23:49.054+08:00 INFO  d.f.V3ControlledComparisonIntegrationTest request_id= idempotency_key= order_id= user_id= sku_id= payment_tx= - Started V3ControlledComparisonIntegrationTest in 0.29 seconds (process running for 69.901)
2026-08-11T10:23:51.133+08:00 INFO  o.a.c.c.C.[Tomcat].[localhost].[/] request_id= idempotency_key= order_id= user_id= sku_id= payment_tx= - Initializing Spring DispatcherServlet 'dispatcherServlet'
2026-08-11T10:23:51.133+08:00 INFO  o.s.web.servlet.DispatcherServlet request_id= idempotency_key= order_id= user_id= sku_id= payment_tx= - Initializing Servlet 'dispatcherServlet'
2026-08-11T10:23:51.134+08:00 INFO  o.s.web.servlet.DispatcherServlet request_id= idempotency_key= order_id= user_id= sku_id= payment_tx= - Completed initialization in 1 ms
2026-08-11T10:24:11.451+08:00 INFO  o.s.b.w.e.tomcat.GracefulShutdown request_id= idempotency_key= order_id= user_id= sku_id= payment_tx= - Commencing graceful shutdown. Waiting for active requests to complete
2026-08-11T10:24:13.459+08:00 INFO  o.s.b.w.e.tomcat.GracefulShutdown request_id= idempotency_key= order_id= user_id= sku_id= payment_tx= - Graceful shutdown complete
2026-08-11T10:24:13.459+08:00 ERROR org.apache.tomcat.util.net.Acceptor request_id= idempotency_key= order_id= user_id= sku_id= payment_tx= - Socket accept failed
java.nio.channels.AsynchronousCloseException: null
	at java.base/java.nio.channels.spi.AbstractInterruptibleChannel.end(AbstractInterruptibleChannel.java:218) ~[na:na]
	at java.base/sun.nio.ch.ServerSocketChannelImpl.end(ServerSocketChannelImpl.java:372) ~[na:na]
	at java.base/sun.nio.ch.ServerSocketChannelImpl.accept(ServerSocketChannelImpl.java:397) ~[na:na]
	at org.apache.tomcat.util.net.NioEndpoint.serverSocketAccept(NioEndpoint.java:537) ~[tomcat-embed-core-10.1.44.jar:10.1.44]
	at org.apache.tomcat.util.net.NioEndpoint.serverSocketAccept(NioEndpoint.java:72) ~[tomcat-embed-core-10.1.44.jar:10.1.44]
	at org.apache.tomcat.util.net.Acceptor.run(Acceptor.java:127) ~[tomcat-embed-core-10.1.44.jar:10.1.44]
	at java.base/java.lang.Thread.run(Thread.java:1516) ~[na:na]
2026-08-11T10:24:16.006+08:00 INFO  com.zaxxer.hikari.HikariDataSource request_id= idempotency_key= order_id= user_id= sku_id= payment_tx= - HikariPool-8 - Shutdown initiated...
2026-08-11T10:24:16.010+08:00 INFO  com.zaxxer.hikari.HikariDataSource request_id= idempotency_key= order_id= user_id= sku_id= payment_tx= - HikariPool-8 - Shutdown completed.
[ERROR] Tests run: 1, Failures: 1, Errors: 0, Skipped: 0, Time elapsed: 27.25 s <<< FAILURE! -- in dev.flashflow.V3ControlledComparisonIntegrationTest
[ERROR] dev.flashflow.V3ControlledComparisonIntegrationTest.separatesSynchronousCompletionFromV3AcceptanceAndCompletion -- Time elapsed: 22.39 s <<< FAILURE!
java.lang.AssertionError: direct publication did not recover within PT20S
	at dev.flashflow.V3ControlledComparisonIntegrationTest.postUntilAccepted(V3ControlledComparisonIntegrationTest.java:123)
	at dev.flashflow.V3ControlledComparisonIntegrationTest.separatesSynchronousCompletionFromV3AcceptanceAndCompletion(V3ControlledComparisonIntegrationTest.java:74)
	at java.base/java.lang.reflect.Method.invoke(Method.java:565)
	at java.base/java.util.ArrayList.forEach(ArrayList.java:1612)
	at java.base/java.util.ArrayList.forEach(ArrayList.java:1612)

[INFO] Running dev.flashflow.shared.config.UnsafeStrategyGuardTest
[INFO] Tests run: 2, Failures: 0, Errors: 0, Skipped: 0, Time elapsed: 0.009 s -- in dev.flashflow.shared.config.UnsafeStrategyGuardTest
[INFO] Running dev.flashflow.shared.config.MessagingConfigurationGuardTest
[INFO] Tests run: 5, Failures: 0, Errors: 0, Skipped: 0, Time elapsed: 0.002 s -- in dev.flashflow.shared.config.MessagingConfigurationGuardTest
[INFO] Running dev.flashflow.shared.config.AdmissionConfigurationGuardTest
[INFO] Tests run: 2, Failures: 0, Errors: 0, Skipped: 0, Time elapsed: 0.001 s -- in dev.flashflow.shared.config.AdmissionConfigurationGuardTest
[INFO] Running dev.flashflow.AdmissionCrossStoreFailureIntegrationTest
2026-08-11T10:24:16.034+08:00 INFO  o.s.t.c.s.AnnotationConfigContextLoaderUtils request_id= idempotency_key= order_id= user_id= sku_id= payment_tx= - Could not detect default configuration classes for test class [dev.flashflow.AdmissionCrossStoreFailureIntegrationTest]: AdmissionCrossStoreFailureIntegrationTest does not declare any static, non-private, non-final, nested classes annotated with @Configuration.
2026-08-11T10:24:16.035+08:00 INFO  o.s.b.t.c.SpringBootTestContextBootstrapper request_id= idempotency_key= order_id= user_id= sku_id= payment_tx= - Found @SpringBootConfiguration dev.flashflow.FlashFlowApplication for test class dev.flashflow.AdmissionCrossStoreFailureIntegrationTest
[INFO] Tests run: 4, Failures: 0, Errors: 0, Skipped: 0, Time elapsed: 0.068 s -- in dev.flashflow.AdmissionCrossStoreFailureIntegrationTest
[INFO] Running dev.flashflow.LiveRocketMqRedeliveryIntegrationTest
2026-08-11T10:24:16.102+08:00 INFO  o.s.t.c.s.AnnotationConfigContextLoaderUtils request_id= idempotency_key= order_id= user_id= sku_id= payment_tx= - Could not detect default configuration classes for test class [dev.flashflow.LiveRocketMqRedeliveryIntegrationTest]: LiveRocketMqRedeliveryIntegrationTest does not declare any static, non-private, non-final, nested classes annotated with @Configuration.
2026-08-11T10:24:16.103+08:00 INFO  o.s.b.t.c.SpringBootTestContextBootstrapper request_id= idempotency_key= order_id= user_id= sku_id= payment_tx= - Found @SpringBootConfiguration dev.flashflow.FlashFlowApplication for test class dev.flashflow.LiveRocketMqRedeliveryIntegrationTest

  .   ____          _            __ _ _
 /\\ / ___'_ __ _ _(_)_ __  __ _ \ \ \ \
( ( )\___ | '_ | '_| | '_ \/ _` | \ \ \ \
 \\/  ___)| |_)| | | | | || (_| |  ) ) ) )
  '  |____| .__|_| |_|_| |_\__, | / / / /
 =========|_|==============|___/=/_/_/_/

 :: Spring Boot ::                (v3.5.5)

2026-08-11T10:24:16.112+08:00 INFO  d.f.LiveRocketMqRedeliveryIntegrationTest request_id= idempotency_key= order_id= user_id= sku_id= payment_tx= - Starting LiveRocketMqRedeliveryIntegrationTest using Java 26.0.2 with PID 60076 (started by yuzheng in /Users/yuzheng/Computeracy/Zhenkun26-GitHub/FlashFlow)
2026-08-11T10:24:16.112+08:00 INFO  d.f.LiveRocketMqRedeliveryIntegrationTest request_id= idempotency_key= order_id= user_id= sku_id= payment_tx= - The following 1 profile is active: "test"
2026-08-11T10:24:16.184+08:00 INFO  o.s.d.r.c.RepositoryConfigurationDelegate request_id= idempotency_key= order_id= user_id= sku_id= payment_tx= - Multiple Spring Data modules found, entering strict repository configuration mode
2026-08-11T10:24:16.184+08:00 INFO  o.s.d.r.c.RepositoryConfigurationDelegate request_id= idempotency_key= order_id= user_id= sku_id= payment_tx= - Bootstrapping Spring Data Redis repositories in DEFAULT mode.
2026-08-11T10:24:16.188+08:00 INFO  o.s.d.r.c.RepositoryConfigurationDelegate request_id= idempotency_key= order_id= user_id= sku_id= payment_tx= - Finished Spring Data repository scanning in 3 ms. Found 0 Redis repository interfaces.
2026-08-11T10:24:16.202+08:00 INFO  o.s.b.w.e.tomcat.TomcatWebServer request_id= idempotency_key= order_id= user_id= sku_id= payment_tx= - Tomcat initialized with port 0 (http)
2026-08-11T10:24:16.202+08:00 INFO  o.a.catalina.core.StandardService request_id= idempotency_key= order_id= user_id= sku_id= payment_tx= - Starting service [Tomcat]
2026-08-11T10:24:16.202+08:00 INFO  o.a.catalina.core.StandardEngine request_id= idempotency_key= order_id= user_id= sku_id= payment_tx= - Starting Servlet engine: [Apache Tomcat/10.1.44]
2026-08-11T10:24:16.207+08:00 INFO  o.a.c.c.C.[Tomcat].[localhost].[/] request_id= idempotency_key= order_id= user_id= sku_id= payment_tx= - Initializing Spring embedded WebApplicationContext
2026-08-11T10:24:16.207+08:00 INFO  o.s.b.w.s.c.ServletWebServerApplicationContext request_id= idempotency_key= order_id= user_id= sku_id= payment_tx= - Root WebApplicationContext: initialization completed in 94 ms
Standard Commons Logging discovery in action with spring-jcl: please remove commons-logging.jar from classpath in order to avoid potential conflicts
2026-08-11T10:24:16.230+08:00 INFO  com.zaxxer.hikari.HikariDataSource request_id= idempotency_key= order_id= user_id= sku_id= payment_tx= - HikariPool-9 - Starting...
2026-08-11T10:24:16.237+08:00 INFO  com.zaxxer.hikari.pool.HikariPool request_id= idempotency_key= order_id= user_id= sku_id= payment_tx= - HikariPool-9 - Added connection com.mysql.cj.jdbc.ConnectionImpl@2e1657c7
2026-08-11T10:24:16.237+08:00 INFO  com.zaxxer.hikari.HikariDataSource request_id= idempotency_key= order_id= user_id= sku_id= payment_tx= - HikariPool-9 - Start completed.
2026-08-11T10:24:16.238+08:00 INFO  org.flywaydb.core.FlywayExecutor request_id= idempotency_key= order_id= user_id= sku_id= payment_tx= - Database: jdbc:mysql://localhost:57682/flashflow (MySQL 8.4)
2026-08-11T10:24:16.240+08:00 WARN  o.f.c.i.database.base.Database request_id= idempotency_key= order_id= user_id= sku_id= payment_tx= - Flyway upgrade recommended: MySQL 8.4 is newer than this version of Flyway and support has not been tested. The latest supported version of MySQL is 8.1.
2026-08-11T10:24:16.244+08:00 INFO  o.f.core.internal.command.DbValidate request_id= idempotency_key= order_id= user_id= sku_id= payment_tx= - Successfully validated 4 migrations (execution time 00:00.003s)
2026-08-11T10:24:16.247+08:00 INFO  o.f.core.internal.command.DbMigrate request_id= idempotency_key= order_id= user_id= sku_id= payment_tx= - Current version of schema `flashflow`: 4
2026-08-11T10:24:16.247+08:00 INFO  o.f.core.internal.command.DbMigrate request_id= idempotency_key= order_id= user_id= sku_id= payment_tx= - Schema `flashflow` is up to date. No migration necessary.
2026-08-11T10:24:16.332+08:00 INFO  o.s.b.a.e.web.EndpointLinksResolver request_id= idempotency_key= order_id= user_id= sku_id= payment_tx= - Exposing 2 endpoints beneath base path '/actuator'
2026-08-11T10:24:16.336+08:00 INFO  o.s.b.w.e.tomcat.TomcatWebServer request_id= idempotency_key= order_id= user_id= sku_id= payment_tx= - Tomcat started on port 58840 (http) with context path '/'
2026-08-11T10:24:16.338+08:00 INFO  d.f.LiveRocketMqRedeliveryIntegrationTest request_id= idempotency_key= order_id= user_id= sku_id= payment_tx= - Started LiveRocketMqRedeliveryIntegrationTest in 0.234 seconds (process running for 97.187)
2026-08-11T10:24:18.367+08:00 INFO  o.a.c.c.C.[Tomcat].[localhost].[/] request_id= idempotency_key= order_id= user_id= sku_id= payment_tx= - Initializing Spring DispatcherServlet 'dispatcherServlet'
2026-08-11T10:24:18.367+08:00 INFO  o.s.web.servlet.DispatcherServlet request_id= idempotency_key= order_id= user_id= sku_id= payment_tx= - Initializing Servlet 'dispatcherServlet'
2026-08-11T10:24:18.367+08:00 INFO  o.s.web.servlet.DispatcherServlet request_id= idempotency_key= order_id= user_id= sku_id= payment_tx= - Completed initialization in 0 ms
2026-08-11T10:24:18.384+08:00 INFO  d.f.m.AsyncOrderApplicationService request_id=94966d6a-4b67-4b6d-965b-1e9ab000325f idempotency_key=key-redelivery order_id= user_id=user-redelivery sku_id=sku-redelivery payment_tx= - Asynchronous publication command_id=c96a0af58397f512ce41cca417eee9eee47778bff09a3b87e8e8edb9c7e14fe6 outcome=BROKER_ACKNOWLEDGED status=ACCEPTED cause=SEND_OK
2026-08-11T10:24:28.045+08:00 INFO  o.s.b.w.e.tomcat.GracefulShutdown request_id= idempotency_key= order_id= user_id= sku_id= payment_tx= - Commencing graceful shutdown. Waiting for active requests to complete
2026-08-11T10:24:30.048+08:00 INFO  o.s.b.w.e.tomcat.GracefulShutdown request_id= idempotency_key= order_id= user_id= sku_id= payment_tx= - Graceful shutdown complete
2026-08-11T10:24:30.049+08:00 ERROR org.apache.tomcat.util.net.Acceptor request_id= idempotency_key= order_id= user_id= sku_id= payment_tx= - Socket accept failed
java.nio.channels.AsynchronousCloseException: null
	at java.base/java.nio.channels.spi.AbstractInterruptibleChannel.end(AbstractInterruptibleChannel.java:218) ~[na:na]
	at java.base/sun.nio.ch.ServerSocketChannelImpl.end(ServerSocketChannelImpl.java:372) ~[na:na]
	at java.base/sun.nio.ch.ServerSocketChannelImpl.accept(ServerSocketChannelImpl.java:397) ~[na:na]
	at org.apache.tomcat.util.net.NioEndpoint.serverSocketAccept(NioEndpoint.java:537) ~[tomcat-embed-core-10.1.44.jar:10.1.44]
	at org.apache.tomcat.util.net.NioEndpoint.serverSocketAccept(NioEndpoint.java:72) ~[tomcat-embed-core-10.1.44.jar:10.1.44]
	at org.apache.tomcat.util.net.Acceptor.run(Acceptor.java:127) ~[tomcat-embed-core-10.1.44.jar:10.1.44]
	at java.base/java.lang.Thread.run(Thread.java:1516) ~[na:na]
2026-08-11T10:24:30.095+08:00 INFO  com.zaxxer.hikari.HikariDataSource request_id= idempotency_key= order_id= user_id= sku_id= payment_tx= - HikariPool-9 - Shutdown initiated...
2026-08-11T10:24:30.097+08:00 INFO  com.zaxxer.hikari.HikariDataSource request_id= idempotency_key= order_id= user_id= sku_id= payment_tx= - HikariPool-9 - Shutdown completed.
[INFO] Tests run: 1, Failures: 0, Errors: 0, Skipped: 0, Time elapsed: 14.00 s -- in dev.flashflow.LiveRocketMqRedeliveryIntegrationTest
[INFO] Running dev.flashflow.V4OutboxRocketMqEndToEndIntegrationTest
2026-08-11T10:24:30.102+08:00 INFO  o.s.t.c.s.AnnotationConfigContextLoaderUtils request_id= idempotency_key= order_id= user_id= sku_id= payment_tx= - Could not detect default configuration classes for test class [dev.flashflow.V4OutboxRocketMqEndToEndIntegrationTest]: V4OutboxRocketMqEndToEndIntegrationTest does not declare any static, non-private, non-final, nested classes annotated with @Configuration.
2026-08-11T10:24:30.103+08:00 INFO  o.s.b.t.c.SpringBootTestContextBootstrapper request_id= idempotency_key= order_id= user_id= sku_id= payment_tx= - Found @SpringBootConfiguration dev.flashflow.FlashFlowApplication for test class dev.flashflow.V4OutboxRocketMqEndToEndIntegrationTest

  .   ____          _            __ _ _
 /\\ / ___'_ __ _ _(_)_ __  __ _ \ \ \ \
( ( )\___ | '_ | '_| | '_ \/ _` | \ \ \ \
 \\/  ___)| |_)| | | | | || (_| |  ) ) ) )
  '  |____| .__|_| |_|_| |_\__, | / / / /
 =========|_|==============|___/=/_/_/_/

 :: Spring Boot ::                (v3.5.5)

2026-08-11T10:24:30.116+08:00 INFO  d.f.V4OutboxRocketMqEndToEndIntegrationTest request_id= idempotency_key= order_id= user_id= sku_id= payment_tx= - Starting V4OutboxRocketMqEndToEndIntegrationTest using Java 26.0.2 with PID 60076 (started by yuzheng in /Users/yuzheng/Computeracy/Zhenkun26-GitHub/FlashFlow)
2026-08-11T10:24:30.116+08:00 INFO  d.f.V4OutboxRocketMqEndToEndIntegrationTest request_id= idempotency_key= order_id= user_id= sku_id= payment_tx= - The following 1 profile is active: "test"
2026-08-11T10:24:30.193+08:00 INFO  o.s.d.r.c.RepositoryConfigurationDelegate request_id= idempotency_key= order_id= user_id= sku_id= payment_tx= - Multiple Spring Data modules found, entering strict repository configuration mode
2026-08-11T10:24:30.193+08:00 INFO  o.s.d.r.c.RepositoryConfigurationDelegate request_id= idempotency_key= order_id= user_id= sku_id= payment_tx= - Bootstrapping Spring Data Redis repositories in DEFAULT mode.
2026-08-11T10:24:30.197+08:00 INFO  o.s.d.r.c.RepositoryConfigurationDelegate request_id= idempotency_key= order_id= user_id= sku_id= payment_tx= - Finished Spring Data repository scanning in 3 ms. Found 0 Redis repository interfaces.
2026-08-11T10:24:30.216+08:00 INFO  o.s.b.w.e.tomcat.TomcatWebServer request_id= idempotency_key= order_id= user_id= sku_id= payment_tx= - Tomcat initialized with port 0 (http)
2026-08-11T10:24:30.216+08:00 INFO  o.a.catalina.core.StandardService request_id= idempotency_key= order_id= user_id= sku_id= payment_tx= - Starting service [Tomcat]
2026-08-11T10:24:30.216+08:00 INFO  o.a.catalina.core.StandardEngine request_id= idempotency_key= order_id= user_id= sku_id= payment_tx= - Starting Servlet engine: [Apache Tomcat/10.1.44]
2026-08-11T10:24:30.221+08:00 INFO  o.a.c.c.C.[Tomcat].[localhost].[/] request_id= idempotency_key= order_id= user_id= sku_id= payment_tx= - Initializing Spring embedded WebApplicationContext
2026-08-11T10:24:30.221+08:00 INFO  o.s.b.w.s.c.ServletWebServerApplicationContext request_id= idempotency_key= order_id= user_id= sku_id= payment_tx= - Root WebApplicationContext: initialization completed in 105 ms
Standard Commons Logging discovery in action with spring-jcl: please remove commons-logging.jar from classpath in order to avoid potential conflicts
2026-08-11T10:24:30.244+08:00 INFO  com.zaxxer.hikari.HikariDataSource request_id= idempotency_key= order_id= user_id= sku_id= payment_tx= - HikariPool-10 - Starting...
2026-08-11T10:24:30.255+08:00 INFO  com.zaxxer.hikari.pool.HikariPool request_id= idempotency_key= order_id= user_id= sku_id= payment_tx= - HikariPool-10 - Added connection com.mysql.cj.jdbc.ConnectionImpl@336dcc30
2026-08-11T10:24:30.255+08:00 INFO  com.zaxxer.hikari.HikariDataSource request_id= idempotency_key= order_id= user_id= sku_id= payment_tx= - HikariPool-10 - Start completed.
2026-08-11T10:24:30.259+08:00 INFO  org.flywaydb.core.FlywayExecutor request_id= idempotency_key= order_id= user_id= sku_id= payment_tx= - Database: jdbc:mysql://localhost:57682/flashflow (MySQL 8.4)
2026-08-11T10:24:30.264+08:00 WARN  o.f.c.i.database.base.Database request_id= idempotency_key= order_id= user_id= sku_id= payment_tx= - Flyway upgrade recommended: MySQL 8.4 is newer than this version of Flyway and support has not been tested. The latest supported version of MySQL is 8.1.
2026-08-11T10:24:30.271+08:00 INFO  o.f.core.internal.command.DbValidate request_id= idempotency_key= order_id= user_id= sku_id= payment_tx= - Successfully validated 4 migrations (execution time 00:00.005s)
2026-08-11T10:24:30.275+08:00 INFO  o.f.core.internal.command.DbMigrate request_id= idempotency_key= order_id= user_id= sku_id= payment_tx= - Current version of schema `flashflow`: 4
2026-08-11T10:24:30.276+08:00 INFO  o.f.core.internal.command.DbMigrate request_id= idempotency_key= order_id= user_id= sku_id= payment_tx= - Schema `flashflow` is up to date. No migration necessary.
2026-08-11T10:24:30.368+08:00 INFO  o.s.b.a.e.web.EndpointLinksResolver request_id= idempotency_key= order_id= user_id= sku_id= payment_tx= - Exposing 2 endpoints beneath base path '/actuator'
2026-08-11T10:24:30.372+08:00 INFO  o.s.b.w.e.tomcat.TomcatWebServer request_id= idempotency_key= order_id= user_id= sku_id= payment_tx= - Tomcat started on port 58910 (http) with context path '/'
2026-08-11T10:24:30.374+08:00 INFO  d.f.V4OutboxRocketMqEndToEndIntegrationTest request_id= idempotency_key= order_id= user_id= sku_id= payment_tx= - Started V4OutboxRocketMqEndToEndIntegrationTest in 0.269 seconds (process running for 111.224)
2026-08-11T10:24:32.414+08:00 INFO  o.a.c.c.C.[Tomcat].[localhost].[/] request_id= idempotency_key= order_id= user_id= sku_id= payment_tx= - Initializing Spring DispatcherServlet 'dispatcherServlet'
2026-08-11T10:24:32.414+08:00 INFO  o.s.web.servlet.DispatcherServlet request_id= idempotency_key= order_id= user_id= sku_id= payment_tx= - Initializing Servlet 'dispatcherServlet'
2026-08-11T10:24:32.414+08:00 INFO  o.s.web.servlet.DispatcherServlet request_id= idempotency_key= order_id= user_id= sku_id= payment_tx= - Completed initialization in 0 ms
2026-08-11T10:24:32.439+08:00 INFO  d.f.m.o.OutboxAsyncOrderApplicationService request_id=c57251e7-06f2-40fd-8b73-7709e9b81f98 idempotency_key=key-v4-cfbeaa10 order_id= user_id=user-v4-cfbeaa10 sku_id=sku-v4-cfbeaa10 payment_tx= - Durable Outbox acceptance command_id=9b47c258ebec9fca04e154dc4602364781a90ea5fc63196c4333038709c80fe1 status=ACCEPTED
2026-08-11T10:24:32.491+08:00 INFO  d.f.m.outbox.OutboxDispatcher request_id= idempotency_key= order_id= user_id= sku_id= payment_tx= - Outbox publication outbox_id=b8fcfd38-ff0f-486a-a97a-a597c693ce2d command_id=9b47c258ebec9fca04e154dc4602364781a90ea5fc63196c4333038709c80fe1 outcome=ACKNOWLEDGED
2026-08-11T10:24:44.998+08:00 INFO  d.f.m.o.OutboxAsyncOrderApplicationService request_id=a79acbdf-4447-46fe-9f09-debbaf462dc5 idempotency_key=key-v4-outage-cfbeaa10 order_id= user_id=user-v4-outage-cfbeaa10 sku_id=sku-v4-outage-cfbeaa10 payment_tx= - Durable Outbox acceptance command_id=e4811bd26f22130b0918fd9578110fb6d89775adf2f5519bcb8776c4b023d4bc status=ACCEPTED
2026-08-11T10:24:45.032+08:00 INFO  d.f.m.outbox.OutboxDispatcher request_id= idempotency_key= order_id= user_id= sku_id= payment_tx= - Outbox publication deferred outbox_id=1e4d55f4-9945-400b-848b-1ea3a29e18f9 command_id=e4811bd26f22130b0918fd9578110fb6d89775adf2f5519bcb8776c4b023d4bc outcome=RETRYABLE cause=MQCLIENTEXCEPTION
2026-08-11T10:24:45.147+08:00 INFO  d.f.m.outbox.OutboxDispatcher request_id= idempotency_key= order_id= user_id= sku_id= payment_tx= - Outbox publication deferred outbox_id=1e4d55f4-9945-400b-848b-1ea3a29e18f9 command_id=e4811bd26f22130b0918fd9578110fb6d89775adf2f5519bcb8776c4b023d4bc outcome=RETRYABLE cause=MQCLIENTEXCEPTION
2026-08-11T10:24:45.366+08:00 INFO  d.f.m.outbox.OutboxDispatcher request_id= idempotency_key= order_id= user_id= sku_id= payment_tx= - Outbox publication deferred outbox_id=1e4d55f4-9945-400b-848b-1ea3a29e18f9 command_id=e4811bd26f22130b0918fd9578110fb6d89775adf2f5519bcb8776c4b023d4bc outcome=RETRYABLE cause=MQCLIENTEXCEPTION
2026-08-11T10:24:45.802+08:00 INFO  d.f.m.outbox.OutboxDispatcher request_id= idempotency_key= order_id= user_id= sku_id= payment_tx= - Outbox publication deferred outbox_id=1e4d55f4-9945-400b-848b-1ea3a29e18f9 command_id=e4811bd26f22130b0918fd9578110fb6d89775adf2f5519bcb8776c4b023d4bc outcome=RETRYABLE cause=MQCLIENTEXCEPTION
2026-08-11T10:24:46.688+08:00 INFO  d.f.m.outbox.OutboxDispatcher request_id= idempotency_key= order_id= user_id= sku_id= payment_tx= - Outbox publication outbox_id=1e4d55f4-9945-400b-848b-1ea3a29e18f9 command_id=e4811bd26f22130b0918fd9578110fb6d89775adf2f5519bcb8776c4b023d4bc outcome=ACKNOWLEDGED
2026-08-11T10:24:47.793+08:00 INFO  o.s.b.w.e.tomcat.GracefulShutdown request_id= idempotency_key= order_id= user_id= sku_id= payment_tx= - Commencing graceful shutdown. Waiting for active requests to complete
2026-08-11T10:24:49.799+08:00 INFO  o.s.b.w.e.tomcat.GracefulShutdown request_id= idempotency_key= order_id= user_id= sku_id= payment_tx= - Graceful shutdown complete
2026-08-11T10:24:49.799+08:00 ERROR org.apache.tomcat.util.net.Acceptor request_id= idempotency_key= order_id= user_id= sku_id= payment_tx= - Socket accept failed
java.nio.channels.AsynchronousCloseException: null
	at java.base/java.nio.channels.spi.AbstractInterruptibleChannel.end(AbstractInterruptibleChannel.java:218) ~[na:na]
	at java.base/sun.nio.ch.ServerSocketChannelImpl.end(ServerSocketChannelImpl.java:372) ~[na:na]
	at java.base/sun.nio.ch.ServerSocketChannelImpl.accept(ServerSocketChannelImpl.java:397) ~[na:na]
	at org.apache.tomcat.util.net.NioEndpoint.serverSocketAccept(NioEndpoint.java:537) ~[tomcat-embed-core-10.1.44.jar:10.1.44]
	at org.apache.tomcat.util.net.NioEndpoint.serverSocketAccept(NioEndpoint.java:72) ~[tomcat-embed-core-10.1.44.jar:10.1.44]
	at org.apache.tomcat.util.net.Acceptor.run(Acceptor.java:127) ~[tomcat-embed-core-10.1.44.jar:10.1.44]
	at java.base/java.lang.Thread.run(Thread.java:1516) ~[na:na]
2026-08-11T10:24:49.839+08:00 INFO  com.zaxxer.hikari.HikariDataSource request_id= idempotency_key= order_id= user_id= sku_id= payment_tx= - HikariPool-10 - Shutdown initiated...
2026-08-11T10:24:49.839+08:00 INFO  com.zaxxer.hikari.HikariDataSource request_id= idempotency_key= order_id= user_id= sku_id= payment_tx= - HikariPool-10 - Shutdown completed.
[INFO] Tests run: 2, Failures: 0, Errors: 0, Skipped: 0, Time elapsed: 19.74 s -- in dev.flashflow.V4OutboxRocketMqEndToEndIntegrationTest
[INFO] Running dev.flashflow.V4OutboxConcurrentRedeliveryIntegrationTest
2026-08-11T10:24:49.843+08:00 INFO  o.s.t.c.s.AnnotationConfigContextLoaderUtils request_id= idempotency_key= order_id= user_id= sku_id= payment_tx= - Could not detect default configuration classes for test class [dev.flashflow.V4OutboxConcurrentRedeliveryIntegrationTest]: V4OutboxConcurrentRedeliveryIntegrationTest does not declare any static, non-private, non-final, nested classes annotated with @Configuration.
2026-08-11T10:24:49.844+08:00 INFO  o.s.b.t.c.SpringBootTestContextBootstrapper request_id= idempotency_key= order_id= user_id= sku_id= payment_tx= - Found @SpringBootConfiguration dev.flashflow.FlashFlowApplication for test class dev.flashflow.V4OutboxConcurrentRedeliveryIntegrationTest

  .   ____          _            __ _ _
 /\\ / ___'_ __ _ _(_)_ __  __ _ \ \ \ \
( ( )\___ | '_ | '_| | '_ \/ _` | \ \ \ \
 \\/  ___)| |_)| | | | | || (_| |  ) ) ) )
  '  |____| .__|_| |_|_| |_\__, | / / / /
 =========|_|==============|___/=/_/_/_/

 :: Spring Boot ::                (v3.5.5)

2026-08-11T10:24:49.852+08:00 INFO  d.f.V4OutboxConcurrentRedeliveryIntegrationTest request_id= idempotency_key= order_id= user_id= sku_id= payment_tx= - Starting V4OutboxConcurrentRedeliveryIntegrationTest using Java 26.0.2 with PID 60076 (started by yuzheng in /Users/yuzheng/Computeracy/Zhenkun26-GitHub/FlashFlow)
2026-08-11T10:24:49.852+08:00 INFO  d.f.V4OutboxConcurrentRedeliveryIntegrationTest request_id= idempotency_key= order_id= user_id= sku_id= payment_tx= - The following 1 profile is active: "test"
2026-08-11T10:24:49.927+08:00 INFO  o.s.d.r.c.RepositoryConfigurationDelegate request_id= idempotency_key= order_id= user_id= sku_id= payment_tx= - Multiple Spring Data modules found, entering strict repository configuration mode
2026-08-11T10:24:49.927+08:00 INFO  o.s.d.r.c.RepositoryConfigurationDelegate request_id= idempotency_key= order_id= user_id= sku_id= payment_tx= - Bootstrapping Spring Data Redis repositories in DEFAULT mode.
2026-08-11T10:24:49.931+08:00 INFO  o.s.d.r.c.RepositoryConfigurationDelegate request_id= idempotency_key= order_id= user_id= sku_id= payment_tx= - Finished Spring Data repository scanning in 3 ms. Found 0 Redis repository interfaces.
2026-08-11T10:24:49.943+08:00 INFO  o.s.b.w.e.tomcat.TomcatWebServer request_id= idempotency_key= order_id= user_id= sku_id= payment_tx= - Tomcat initialized with port 0 (http)
2026-08-11T10:24:49.944+08:00 INFO  o.a.catalina.core.StandardService request_id= idempotency_key= order_id= user_id= sku_id= payment_tx= - Starting service [Tomcat]
2026-08-11T10:24:49.944+08:00 INFO  o.a.catalina.core.StandardEngine request_id= idempotency_key= order_id= user_id= sku_id= payment_tx= - Starting Servlet engine: [Apache Tomcat/10.1.44]
2026-08-11T10:24:49.949+08:00 INFO  o.a.c.c.C.[Tomcat].[localhost].[/] request_id= idempotency_key= order_id= user_id= sku_id= payment_tx= - Initializing Spring embedded WebApplicationContext
2026-08-11T10:24:49.949+08:00 INFO  o.s.b.w.s.c.ServletWebServerApplicationContext request_id= idempotency_key= order_id= user_id= sku_id= payment_tx= - Root WebApplicationContext: initialization completed in 97 ms
Standard Commons Logging discovery in action with spring-jcl: please remove commons-logging.jar from classpath in order to avoid potential conflicts
2026-08-11T10:24:49.980+08:00 INFO  com.zaxxer.hikari.HikariDataSource request_id= idempotency_key= order_id= user_id= sku_id= payment_tx= - HikariPool-11 - Starting...
2026-08-11T10:24:49.989+08:00 INFO  com.zaxxer.hikari.pool.HikariPool request_id= idempotency_key= order_id= user_id= sku_id= payment_tx= - HikariPool-11 - Added connection com.mysql.cj.jdbc.ConnectionImpl@5aa7b3c5
2026-08-11T10:24:49.989+08:00 INFO  com.zaxxer.hikari.HikariDataSource request_id= idempotency_key= order_id= user_id= sku_id= payment_tx= - HikariPool-11 - Start completed.
2026-08-11T10:24:49.991+08:00 INFO  org.flywaydb.core.FlywayExecutor request_id= idempotency_key= order_id= user_id= sku_id= payment_tx= - Database: jdbc:mysql://localhost:57682/flashflow (MySQL 8.4)
2026-08-11T10:24:49.994+08:00 WARN  o.f.c.i.database.base.Database request_id= idempotency_key= order_id= user_id= sku_id= payment_tx= - Flyway upgrade recommended: MySQL 8.4 is newer than this version of Flyway and support has not been tested. The latest supported version of MySQL is 8.1.
2026-08-11T10:24:49.998+08:00 INFO  o.f.core.internal.command.DbValidate request_id= idempotency_key= order_id= user_id= sku_id= payment_tx= - Successfully validated 4 migrations (execution time 00:00.003s)
2026-08-11T10:24:50.000+08:00 INFO  o.f.core.internal.command.DbMigrate request_id= idempotency_key= order_id= user_id= sku_id= payment_tx= - Current version of schema `flashflow`: 4
2026-08-11T10:24:50.000+08:00 INFO  o.f.core.internal.command.DbMigrate request_id= idempotency_key= order_id= user_id= sku_id= payment_tx= - Schema `flashflow` is up to date. No migration necessary.
2026-08-11T10:24:50.074+08:00 INFO  o.s.b.a.e.web.EndpointLinksResolver request_id= idempotency_key= order_id= user_id= sku_id= payment_tx= - Exposing 2 endpoints beneath base path '/actuator'
2026-08-11T10:24:50.082+08:00 INFO  o.s.b.w.e.tomcat.TomcatWebServer request_id= idempotency_key= order_id= user_id= sku_id= payment_tx= - Tomcat started on port 59029 (http) with context path '/'
2026-08-11T10:24:50.083+08:00 INFO  d.f.V4OutboxConcurrentRedeliveryIntegrationTest request_id= idempotency_key= order_id= user_id= sku_id= payment_tx= - Started V4OutboxConcurrentRedeliveryIntegrationTest in 0.238 seconds (process running for 130.934)
2026-08-11T10:24:52.116+08:00 INFO  o.a.c.c.C.[Tomcat].[localhost].[/] request_id= idempotency_key= order_id= user_id= sku_id= payment_tx= - Initializing Spring DispatcherServlet 'dispatcherServlet'
2026-08-11T10:24:52.116+08:00 INFO  o.s.web.servlet.DispatcherServlet request_id= idempotency_key= order_id= user_id= sku_id= payment_tx= - Initializing Servlet 'dispatcherServlet'
2026-08-11T10:24:52.117+08:00 INFO  o.s.web.servlet.DispatcherServlet request_id= idempotency_key= order_id= user_id= sku_id= payment_tx= - Completed initialization in 1 ms
2026-08-11T10:24:52.130+08:00 INFO  d.f.m.o.OutboxAsyncOrderApplicationService request_id=68d8c3e7-e059-4164-99ee-3ee76b764f08 idempotency_key=key-0b3403ed-0 order_id= user_id=user-0b3403ed-0 sku_id=sku-v4-concurrent-0b3403ed payment_tx= - Durable Outbox acceptance command_id=45e1f1ed491464abcb7c09a13da374a029bc654b9b6d5a237409e083ab841cf7 status=ACCEPTED
2026-08-11T10:24:52.140+08:00 INFO  d.f.m.o.OutboxAsyncOrderApplicationService request_id=5f9c2de2-7a55-411c-92a5-f9ffda21ce9a idempotency_key=key-0b3403ed-1 order_id= user_id=user-0b3403ed-1 sku_id=sku-v4-concurrent-0b3403ed payment_tx= - Durable Outbox acceptance command_id=958bd795b5affbbbc6fb3e93a50a5098562d6a635614252b55ccb1d2730cb55f status=ACCEPTED
2026-08-11T10:24:52.143+08:00 INFO  d.f.m.outbox.OutboxDispatcher request_id= idempotency_key= order_id= user_id= sku_id= payment_tx= - Outbox publication deferred outbox_id=ce7edc5c-0359-43f1-988e-039e87004ce5 command_id=45e1f1ed491464abcb7c09a13da374a029bc654b9b6d5a237409e083ab841cf7 outcome=RETRYABLE cause=MQCLIENTEXCEPTION
2026-08-11T10:24:52.147+08:00 INFO  d.f.m.o.OutboxAsyncOrderApplicationService request_id=29855091-b29f-4b6e-8f07-56f945d66135 idempotency_key=key-0b3403ed-2 order_id= user_id=user-0b3403ed-2 sku_id=sku-v4-concurrent-0b3403ed payment_tx= - Durable Outbox acceptance command_id=c75907247c0a1d61a58fd91ea796014c6513f6ae59ba7032747a01f002c293cd status=ACCEPTED
2026-08-11T10:24:52.152+08:00 INFO  d.f.m.o.OutboxAsyncOrderApplicationService request_id=3b933783-332e-4d91-8e7c-e3b42d8cd003 idempotency_key=key-0b3403ed-3 order_id= user_id=user-0b3403ed-3 sku_id=sku-v4-concurrent-0b3403ed payment_tx= - Durable Outbox acceptance command_id=e52c1112c640eb60d6453420ef424c59520440fd3a5915b8872c48e07b2093e5 status=ACCEPTED
2026-08-11T10:24:52.157+08:00 INFO  d.f.m.o.OutboxAsyncOrderApplicationService request_id=f9615fc7-7bbb-4774-8fea-e0c139eec45f idempotency_key=key-0b3403ed-4 order_id= user_id=user-0b3403ed-4 sku_id=sku-v4-concurrent-0b3403ed payment_tx= - Durable Outbox acceptance command_id=8322d51fd69eebb95fcbb16bc9369295206cc16825758ba505b9f5393be6d1ae status=ACCEPTED
2026-08-11T10:24:52.161+08:00 INFO  d.f.m.o.OutboxAsyncOrderApplicationService request_id=f51e66d6-6147-406b-a31c-ada8412910e4 idempotency_key=key-0b3403ed-5 order_id= user_id=user-0b3403ed-5 sku_id=sku-v4-concurrent-0b3403ed payment_tx= - Durable Outbox acceptance command_id=4f5ccbb32d89e0ae4b98429ce0aeecb8736535e9508682738ca8775e29dd7ea9 status=ACCEPTED
2026-08-11T10:24:52.166+08:00 INFO  d.f.m.o.OutboxAsyncOrderApplicationService request_id=b6183093-e032-4044-97f1-49d9e02cee62 idempotency_key=key-0b3403ed-6 order_id= user_id=user-0b3403ed-6 sku_id=sku-v4-concurrent-0b3403ed payment_tx= - Durable Outbox acceptance command_id=05a341bb504ed8c0de7c3a1087d0848a5b789110b894f003046ca2e1ef0a58dd status=ACCEPTED
2026-08-11T10:24:52.171+08:00 INFO  d.f.m.o.OutboxAsyncOrderApplicationService request_id=7c7653ed-94c3-4427-9e43-2fb96eb14c4d idempotency_key=key-0b3403ed-7 order_id= user_id=user-0b3403ed-7 sku_id=sku-v4-concurrent-0b3403ed payment_tx= - Durable Outbox acceptance command_id=a32c29b281826b199e74e8b446d09c7d207b600a1ff3917b4b18972161f6f4ab status=ACCEPTED
2026-08-11T10:24:52.181+08:00 INFO  d.f.m.outbox.OutboxDispatcher request_id= idempotency_key= order_id= user_id= sku_id= payment_tx= - Outbox publication deferred outbox_id=7f567dc0-f109-402e-8839-ac00f0b5d799 command_id=c75907247c0a1d61a58fd91ea796014c6513f6ae59ba7032747a01f002c293cd outcome=RETRYABLE cause=MQCLIENTEXCEPTION
2026-08-11T10:24:52.182+08:00 INFO  d.f.m.outbox.OutboxDispatcher request_id= idempotency_key= order_id= user_id= sku_id= payment_tx= - Outbox publication deferred outbox_id=caa58a37-42f7-44b7-9f67-889a7962986d command_id=958bd795b5affbbbc6fb3e93a50a5098562d6a635614252b55ccb1d2730cb55f outcome=RETRYABLE cause=MQCLIENTEXCEPTION
2026-08-11T10:24:52.183+08:00 INFO  d.f.m.outbox.OutboxDispatcher request_id= idempotency_key= order_id= user_id= sku_id= payment_tx= - Outbox publication deferred outbox_id=105b9e1c-3b32-468a-89b5-34f2e194f5fe command_id=8322d51fd69eebb95fcbb16bc9369295206cc16825758ba505b9f5393be6d1ae outcome=RETRYABLE cause=MQCLIENTEXCEPTION
2026-08-11T10:24:52.184+08:00 INFO  d.f.m.outbox.OutboxDispatcher request_id= idempotency_key= order_id= user_id= sku_id= payment_tx= - Outbox publication deferred outbox_id=87ce44ac-6218-4424-8601-d502f9eb9364 command_id=e52c1112c640eb60d6453420ef424c59520440fd3a5915b8872c48e07b2093e5 outcome=RETRYABLE cause=MQCLIENTEXCEPTION
2026-08-11T10:24:52.185+08:00 INFO  d.f.m.outbox.OutboxDispatcher request_id= idempotency_key= order_id= user_id= sku_id= payment_tx= - Outbox publication deferred outbox_id=cbf63dc8-0d8a-440c-b66b-41a45b3853fd command_id=4f5ccbb32d89e0ae4b98429ce0aeecb8736535e9508682738ca8775e29dd7ea9 outcome=RETRYABLE cause=MQCLIENTEXCEPTION
2026-08-11T10:24:52.402+08:00 INFO  d.f.m.outbox.OutboxDispatcher request_id= idempotency_key= order_id= user_id= sku_id= payment_tx= - Outbox publication deferred outbox_id=ae81c5ea-14f0-49bc-8032-631fba98ae4c command_id=05a341bb504ed8c0de7c3a1087d0848a5b789110b894f003046ca2e1ef0a58dd outcome=RETRYABLE cause=MQCLIENTEXCEPTION
2026-08-11T10:24:52.404+08:00 INFO  d.f.m.outbox.OutboxDispatcher request_id= idempotency_key= order_id= user_id= sku_id= payment_tx= - Outbox publication deferred outbox_id=207dfdff-53c6-49c8-bd4a-6c333841cb29 command_id=a32c29b281826b199e74e8b446d09c7d207b600a1ff3917b4b18972161f6f4ab outcome=RETRYABLE cause=MQCLIENTEXCEPTION
2026-08-11T10:24:52.663+08:00 INFO  d.f.m.outbox.OutboxDispatcher request_id= idempotency_key= order_id= user_id= sku_id= payment_tx= - Outbox publication deferred outbox_id=ce7edc5c-0359-43f1-988e-039e87004ce5 command_id=45e1f1ed491464abcb7c09a13da374a029bc654b9b6d5a237409e083ab841cf7 outcome=RETRYABLE cause=MQCLIENTEXCEPTION
2026-08-11T10:24:52.666+08:00 INFO  d.f.m.outbox.OutboxDispatcher request_id= idempotency_key= order_id= user_id= sku_id= payment_tx= - Outbox publication deferred outbox_id=caa58a37-42f7-44b7-9f67-889a7962986d command_id=958bd795b5affbbbc6fb3e93a50a5098562d6a635614252b55ccb1d2730cb55f outcome=RETRYABLE cause=MQCLIENTEXCEPTION
2026-08-11T10:24:52.927+08:00 INFO  d.f.m.outbox.OutboxDispatcher request_id= idempotency_key= order_id= user_id= sku_id= payment_tx= - Outbox publication deferred outbox_id=7f567dc0-f109-402e-8839-ac00f0b5d799 command_id=c75907247c0a1d61a58fd91ea796014c6513f6ae59ba7032747a01f002c293cd outcome=RETRYABLE cause=MQCLIENTEXCEPTION
2026-08-11T10:24:52.929+08:00 INFO  d.f.m.outbox.OutboxDispatcher request_id= idempotency_key= order_id= user_id= sku_id= payment_tx= - Outbox publication deferred outbox_id=105b9e1c-3b32-468a-89b5-34f2e194f5fe command_id=8322d51fd69eebb95fcbb16bc9369295206cc16825758ba505b9f5393be6d1ae outcome=RETRYABLE cause=MQCLIENTEXCEPTION
2026-08-11T10:24:53.187+08:00 INFO  d.f.m.outbox.OutboxDispatcher request_id= idempotency_key= order_id= user_id= sku_id= payment_tx= - Outbox publication deferred outbox_id=87ce44ac-6218-4424-8601-d502f9eb9364 command_id=e52c1112c640eb60d6453420ef424c59520440fd3a5915b8872c48e07b2093e5 outcome=RETRYABLE cause=MQCLIENTEXCEPTION
2026-08-11T10:24:53.189+08:00 INFO  d.f.m.outbox.OutboxDispatcher request_id= idempotency_key= order_id= user_id= sku_id= payment_tx= - Outbox publication deferred outbox_id=cbf63dc8-0d8a-440c-b66b-41a45b3853fd command_id=4f5ccbb32d89e0ae4b98429ce0aeecb8736535e9508682738ca8775e29dd7ea9 outcome=RETRYABLE cause=MQCLIENTEXCEPTION
2026-08-11T10:24:53.451+08:00 INFO  d.f.m.outbox.OutboxDispatcher request_id= idempotency_key= order_id= user_id= sku_id= payment_tx= - Outbox publication deferred outbox_id=ae81c5ea-14f0-49bc-8032-631fba98ae4c command_id=05a341bb504ed8c0de7c3a1087d0848a5b789110b894f003046ca2e1ef0a58dd outcome=RETRYABLE cause=MQCLIENTEXCEPTION
2026-08-11T10:24:53.453+08:00 INFO  d.f.m.outbox.OutboxDispatcher request_id= idempotency_key= order_id= user_id= sku_id= payment_tx= - Outbox publication deferred outbox_id=207dfdff-53c6-49c8-bd4a-6c333841cb29 command_id=a32c29b281826b199e74e8b446d09c7d207b600a1ff3917b4b18972161f6f4ab outcome=RETRYABLE cause=MQCLIENTEXCEPTION
2026-08-11T10:24:53.713+08:00 INFO  d.f.m.outbox.OutboxDispatcher request_id= idempotency_key= order_id= user_id= sku_id= payment_tx= - Outbox publication deferred outbox_id=ce7edc5c-0359-43f1-988e-039e87004ce5 command_id=45e1f1ed491464abcb7c09a13da374a029bc654b9b6d5a237409e083ab841cf7 outcome=RETRYABLE cause=MQCLIENTEXCEPTION
2026-08-11T10:24:53.715+08:00 INFO  d.f.m.outbox.OutboxDispatcher request_id= idempotency_key= order_id= user_id= sku_id= payment_tx= - Outbox publication deferred outbox_id=caa58a37-42f7-44b7-9f67-889a7962986d command_id=958bd795b5affbbbc6fb3e93a50a5098562d6a635614252b55ccb1d2730cb55f outcome=RETRYABLE cause=MQCLIENTEXCEPTION
2026-08-11T10:24:53.976+08:00 INFO  d.f.m.outbox.OutboxDispatcher request_id= idempotency_key= order_id= user_id= sku_id= payment_tx= - Outbox publication deferred outbox_id=7f567dc0-f109-402e-8839-ac00f0b5d799 command_id=c75907247c0a1d61a58fd91ea796014c6513f6ae59ba7032747a01f002c293cd outcome=RETRYABLE cause=MQCLIENTEXCEPTION
2026-08-11T10:24:53.978+08:00 INFO  d.f.m.outbox.OutboxDispatcher request_id= idempotency_key= order_id= user_id= sku_id= payment_tx= - Outbox publication deferred outbox_id=105b9e1c-3b32-468a-89b5-34f2e194f5fe command_id=8322d51fd69eebb95fcbb16bc9369295206cc16825758ba505b9f5393be6d1ae outcome=RETRYABLE cause=MQCLIENTEXCEPTION
2026-08-11T10:24:54.237+08:00 INFO  d.f.m.outbox.OutboxDispatcher request_id= idempotency_key= order_id= user_id= sku_id= payment_tx= - Outbox publication deferred outbox_id=87ce44ac-6218-4424-8601-d502f9eb9364 command_id=e52c1112c640eb60d6453420ef424c59520440fd3a5915b8872c48e07b2093e5 outcome=RETRYABLE cause=MQCLIENTEXCEPTION
2026-08-11T10:24:54.240+08:00 INFO  d.f.m.outbox.OutboxDispatcher request_id= idempotency_key= order_id= user_id= sku_id= payment_tx= - Outbox publication deferred outbox_id=cbf63dc8-0d8a-440c-b66b-41a45b3853fd command_id=4f5ccbb32d89e0ae4b98429ce0aeecb8736535e9508682738ca8775e29dd7ea9 outcome=RETRYABLE cause=MQCLIENTEXCEPTION
2026-08-11T10:24:54.501+08:00 INFO  d.f.m.outbox.OutboxDispatcher request_id= idempotency_key= order_id= user_id= sku_id= payment_tx= - Outbox publication deferred outbox_id=ae81c5ea-14f0-49bc-8032-631fba98ae4c command_id=05a341bb504ed8c0de7c3a1087d0848a5b789110b894f003046ca2e1ef0a58dd outcome=RETRYABLE cause=MQCLIENTEXCEPTION
2026-08-11T10:24:54.503+08:00 INFO  d.f.m.outbox.OutboxDispatcher request_id= idempotency_key= order_id= user_id= sku_id= payment_tx= - Outbox publication deferred outbox_id=207dfdff-53c6-49c8-bd4a-6c333841cb29 command_id=a32c29b281826b199e74e8b446d09c7d207b600a1ff3917b4b18972161f6f4ab outcome=RETRYABLE cause=MQCLIENTEXCEPTION
2026-08-11T10:24:54.765+08:00 INFO  d.f.m.outbox.OutboxDispatcher request_id= idempotency_key= order_id= user_id= sku_id= payment_tx= - Outbox publication deferred outbox_id=ce7edc5c-0359-43f1-988e-039e87004ce5 command_id=45e1f1ed491464abcb7c09a13da374a029bc654b9b6d5a237409e083ab841cf7 outcome=RETRYABLE cause=MQCLIENTEXCEPTION
2026-08-11T10:24:54.768+08:00 INFO  d.f.m.outbox.OutboxDispatcher request_id= idempotency_key= order_id= user_id= sku_id= payment_tx= - Outbox publication deferred outbox_id=caa58a37-42f7-44b7-9f67-889a7962986d command_id=958bd795b5affbbbc6fb3e93a50a5098562d6a635614252b55ccb1d2730cb55f outcome=RETRYABLE cause=MQCLIENTEXCEPTION
2026-08-11T10:24:55.026+08:00 INFO  d.f.m.outbox.OutboxDispatcher request_id= idempotency_key= order_id= user_id= sku_id= payment_tx= - Outbox publication deferred outbox_id=7f567dc0-f109-402e-8839-ac00f0b5d799 command_id=c75907247c0a1d61a58fd91ea796014c6513f6ae59ba7032747a01f002c293cd outcome=RETRYABLE cause=MQCLIENTEXCEPTION
2026-08-11T10:24:55.028+08:00 INFO  d.f.m.outbox.OutboxDispatcher request_id= idempotency_key= order_id= user_id= sku_id= payment_tx= - Outbox publication deferred outbox_id=105b9e1c-3b32-468a-89b5-34f2e194f5fe command_id=8322d51fd69eebb95fcbb16bc9369295206cc16825758ba505b9f5393be6d1ae outcome=RETRYABLE cause=MQCLIENTEXCEPTION
2026-08-11T10:24:55.291+08:00 INFO  d.f.m.outbox.OutboxDispatcher request_id= idempotency_key= order_id= user_id= sku_id= payment_tx= - Outbox publication deferred outbox_id=87ce44ac-6218-4424-8601-d502f9eb9364 command_id=e52c1112c640eb60d6453420ef424c59520440fd3a5915b8872c48e07b2093e5 outcome=RETRYABLE cause=MQCLIENTEXCEPTION
2026-08-11T10:24:55.293+08:00 INFO  d.f.m.outbox.OutboxDispatcher request_id= idempotency_key= order_id= user_id= sku_id= payment_tx= - Outbox publication deferred outbox_id=cbf63dc8-0d8a-440c-b66b-41a45b3853fd command_id=4f5ccbb32d89e0ae4b98429ce0aeecb8736535e9508682738ca8775e29dd7ea9 outcome=RETRYABLE cause=MQCLIENTEXCEPTION
2026-08-11T10:24:55.556+08:00 INFO  d.f.m.outbox.OutboxDispatcher request_id= idempotency_key= order_id= user_id= sku_id= payment_tx= - Outbox publication deferred outbox_id=ae81c5ea-14f0-49bc-8032-631fba98ae4c command_id=05a341bb504ed8c0de7c3a1087d0848a5b789110b894f003046ca2e1ef0a58dd outcome=RETRYABLE cause=MQCLIENTEXCEPTION
2026-08-11T10:24:55.558+08:00 INFO  d.f.m.outbox.OutboxDispatcher request_id= idempotency_key= order_id= user_id= sku_id= payment_tx= - Outbox publication deferred outbox_id=207dfdff-53c6-49c8-bd4a-6c333841cb29 command_id=a32c29b281826b199e74e8b446d09c7d207b600a1ff3917b4b18972161f6f4ab outcome=RETRYABLE cause=MQCLIENTEXCEPTION
2026-08-11T10:24:55.818+08:00 INFO  d.f.m.outbox.OutboxDispatcher request_id= idempotency_key= order_id= user_id= sku_id= payment_tx= - Outbox publication deferred outbox_id=ce7edc5c-0359-43f1-988e-039e87004ce5 command_id=45e1f1ed491464abcb7c09a13da374a029bc654b9b6d5a237409e083ab841cf7 outcome=RETRYABLE cause=MQCLIENTEXCEPTION
2026-08-11T10:24:55.820+08:00 INFO  d.f.m.outbox.OutboxDispatcher request_id= idempotency_key= order_id= user_id= sku_id= payment_tx= - Outbox publication deferred outbox_id=caa58a37-42f7-44b7-9f67-889a7962986d command_id=958bd795b5affbbbc6fb3e93a50a5098562d6a635614252b55ccb1d2730cb55f outcome=RETRYABLE cause=MQCLIENTEXCEPTION
2026-08-11T10:24:56.082+08:00 INFO  d.f.m.outbox.OutboxDispatcher request_id= idempotency_key= order_id= user_id= sku_id= payment_tx= - Outbox publication deferred outbox_id=7f567dc0-f109-402e-8839-ac00f0b5d799 command_id=c75907247c0a1d61a58fd91ea796014c6513f6ae59ba7032747a01f002c293cd outcome=RETRYABLE cause=MQCLIENTEXCEPTION
2026-08-11T10:24:56.084+08:00 INFO  d.f.m.outbox.OutboxDispatcher request_id= idempotency_key= order_id= user_id= sku_id= payment_tx= - Outbox publication deferred outbox_id=105b9e1c-3b32-468a-89b5-34f2e194f5fe command_id=8322d51fd69eebb95fcbb16bc9369295206cc16825758ba505b9f5393be6d1ae outcome=RETRYABLE cause=MQCLIENTEXCEPTION
2026-08-11T10:24:56.350+08:00 INFO  d.f.m.outbox.OutboxDispatcher request_id= idempotency_key= order_id= user_id= sku_id= payment_tx= - Outbox publication deferred outbox_id=87ce44ac-6218-4424-8601-d502f9eb9364 command_id=e52c1112c640eb60d6453420ef424c59520440fd3a5915b8872c48e07b2093e5 outcome=RETRYABLE cause=MQCLIENTEXCEPTION
2026-08-11T10:24:56.353+08:00 INFO  d.f.m.outbox.OutboxDispatcher request_id= idempotency_key= order_id= user_id= sku_id= payment_tx= - Outbox publication deferred outbox_id=cbf63dc8-0d8a-440c-b66b-41a45b3853fd command_id=4f5ccbb32d89e0ae4b98429ce0aeecb8736535e9508682738ca8775e29dd7ea9 outcome=RETRYABLE cause=MQCLIENTEXCEPTION
2026-08-11T10:24:56.620+08:00 INFO  d.f.m.outbox.OutboxDispatcher request_id= idempotency_key= order_id= user_id= sku_id= payment_tx= - Outbox publication outbox_id=ae81c5ea-14f0-49bc-8032-631fba98ae4c command_id=05a341bb504ed8c0de7c3a1087d0848a5b789110b894f003046ca2e1ef0a58dd outcome=ACKNOWLEDGED
2026-08-11T10:24:56.623+08:00 INFO  d.f.m.outbox.OutboxDispatcher request_id= idempotency_key= order_id= user_id= sku_id= payment_tx= - Outbox publication outbox_id=207dfdff-53c6-49c8-bd4a-6c333841cb29 command_id=a32c29b281826b199e74e8b446d09c7d207b600a1ff3917b4b18972161f6f4ab outcome=ACKNOWLEDGED
2026-08-11T10:24:56.908+08:00 INFO  d.f.m.outbox.OutboxDispatcher request_id= idempotency_key= order_id= user_id= sku_id= payment_tx= - Outbox publication outbox_id=ce7edc5c-0359-43f1-988e-039e87004ce5 command_id=45e1f1ed491464abcb7c09a13da374a029bc654b9b6d5a237409e083ab841cf7 outcome=ACKNOWLEDGED
2026-08-11T10:24:56.915+08:00 INFO  d.f.m.outbox.OutboxDispatcher request_id= idempotency_key= order_id= user_id= sku_id= payment_tx= - Outbox publication outbox_id=caa58a37-42f7-44b7-9f67-889a7962986d command_id=958bd795b5affbbbc6fb3e93a50a5098562d6a635614252b55ccb1d2730cb55f outcome=ACKNOWLEDGED
2026-08-11T10:24:57.185+08:00 INFO  d.f.m.outbox.OutboxDispatcher request_id= idempotency_key= order_id= user_id= sku_id= payment_tx= - Outbox publication outbox_id=7f567dc0-f109-402e-8839-ac00f0b5d799 command_id=c75907247c0a1d61a58fd91ea796014c6513f6ae59ba7032747a01f002c293cd outcome=ACKNOWLEDGED
2026-08-11T10:24:57.191+08:00 INFO  d.f.m.outbox.OutboxDispatcher request_id= idempotency_key= order_id= user_id= sku_id= payment_tx= - Outbox publication outbox_id=105b9e1c-3b32-468a-89b5-34f2e194f5fe command_id=8322d51fd69eebb95fcbb16bc9369295206cc16825758ba505b9f5393be6d1ae outcome=ACKNOWLEDGED
2026-08-11T10:24:57.465+08:00 INFO  d.f.m.outbox.OutboxDispatcher request_id= idempotency_key= order_id= user_id= sku_id= payment_tx= - Outbox publication outbox_id=87ce44ac-6218-4424-8601-d502f9eb9364 command_id=e52c1112c640eb60d6453420ef424c59520440fd3a5915b8872c48e07b2093e5 outcome=ACKNOWLEDGED
2026-08-11T10:24:57.472+08:00 INFO  d.f.m.outbox.OutboxDispatcher request_id= idempotency_key= order_id= user_id= sku_id= payment_tx= - Outbox publication outbox_id=cbf63dc8-0d8a-440c-b66b-41a45b3853fd command_id=4f5ccbb32d89e0ae4b98429ce0aeecb8736535e9508682738ca8775e29dd7ea9 outcome=ACKNOWLEDGED
2026-08-11T10:25:31.995+08:00 INFO  o.s.b.w.e.tomcat.GracefulShutdown request_id= idempotency_key= order_id= user_id= sku_id= payment_tx= - Commencing graceful shutdown. Waiting for active requests to complete
2026-08-11T10:25:34.001+08:00 INFO  o.s.b.w.e.tomcat.GracefulShutdown request_id= idempotency_key= order_id= user_id= sku_id= payment_tx= - Graceful shutdown complete
2026-08-11T10:25:34.001+08:00 ERROR org.apache.tomcat.util.net.Acceptor request_id= idempotency_key= order_id= user_id= sku_id= payment_tx= - Socket accept failed
java.nio.channels.AsynchronousCloseException: null
	at java.base/java.nio.channels.spi.AbstractInterruptibleChannel.end(AbstractInterruptibleChannel.java:218) ~[na:na]
	at java.base/sun.nio.ch.ServerSocketChannelImpl.end(ServerSocketChannelImpl.java:372) ~[na:na]
	at java.base/sun.nio.ch.ServerSocketChannelImpl.accept(ServerSocketChannelImpl.java:397) ~[na:na]
	at org.apache.tomcat.util.net.NioEndpoint.serverSocketAccept(NioEndpoint.java:537) ~[tomcat-embed-core-10.1.44.jar:10.1.44]
	at org.apache.tomcat.util.net.NioEndpoint.serverSocketAccept(NioEndpoint.java:72) ~[tomcat-embed-core-10.1.44.jar:10.1.44]
	at org.apache.tomcat.util.net.Acceptor.run(Acceptor.java:127) ~[tomcat-embed-core-10.1.44.jar:10.1.44]
	at java.base/java.lang.Thread.run(Thread.java:1516) ~[na:na]
2026-08-11T10:25:34.037+08:00 INFO  com.zaxxer.hikari.HikariDataSource request_id= idempotency_key= order_id= user_id= sku_id= payment_tx= - HikariPool-11 - Shutdown initiated...
2026-08-11T10:25:34.039+08:00 INFO  com.zaxxer.hikari.HikariDataSource request_id= idempotency_key= order_id= user_id= sku_id= payment_tx= - HikariPool-11 - Shutdown completed.
[INFO] Tests run: 1, Failures: 0, Errors: 0, Skipped: 0, Time elapsed: 44.20 s -- in dev.flashflow.V4OutboxConcurrentRedeliveryIntegrationTest
[INFO] Running dev.flashflow.ExperimentEvidenceReporterTest
[INFO] Tests run: 5, Failures: 0, Errors: 0, Skipped: 0, Time elapsed: 0.022 s -- in dev.flashflow.ExperimentEvidenceReporterTest
[INFO] Running dev.flashflow.ordering.FlashFlowMetricsTest
[INFO] Tests run: 3, Failures: 0, Errors: 0, Skipped: 0, Time elapsed: 0.004 s -- in dev.flashflow.ordering.FlashFlowMetricsTest
[INFO] Running dev.flashflow.OrderIntegrationTest
2026-08-11T10:25:34.071+08:00 INFO  o.s.t.c.s.AnnotationConfigContextLoaderUtils request_id= idempotency_key= order_id= user_id= sku_id= payment_tx= - Could not detect default configuration classes for test class [dev.flashflow.OrderIntegrationTest]: OrderIntegrationTest does not declare any static, non-private, non-final, nested classes annotated with @Configuration.
2026-08-11T10:25:34.072+08:00 INFO  o.s.b.t.c.SpringBootTestContextBootstrapper request_id= idempotency_key= order_id= user_id= sku_id= payment_tx= - Found @SpringBootConfiguration dev.flashflow.FlashFlowApplication for test class dev.flashflow.OrderIntegrationTest
[INFO] Tests run: 2, Failures: 0, Errors: 0, Skipped: 0, Time elapsed: 0.065 s -- in dev.flashflow.OrderIntegrationTest
[INFO] Running dev.flashflow.StrategyInvariantIntegrationTest
2026-08-11T10:25:34.136+08:00 INFO  o.s.t.c.s.AnnotationConfigContextLoaderUtils request_id= idempotency_key= order_id= user_id= sku_id= payment_tx= - Could not detect default configuration classes for test class [dev.flashflow.StrategyInvariantIntegrationTest]: StrategyInvariantIntegrationTest does not declare any static, non-private, non-final, nested classes annotated with @Configuration.
2026-08-11T10:25:34.137+08:00 INFO  o.s.b.t.c.SpringBootTestContextBootstrapper request_id= idempotency_key= order_id= user_id= sku_id= payment_tx= - Found @SpringBootConfiguration dev.flashflow.FlashFlowApplication for test class dev.flashflow.StrategyInvariantIntegrationTest
[INFO] Tests run: 5, Failures: 0, Errors: 0, Skipped: 0, Time elapsed: 0.255 s -- in dev.flashflow.StrategyInvariantIntegrationTest
[INFO] Running dev.flashflow.RedisOrderingIntegrationTest
2026-08-11T10:25:34.390+08:00 INFO  o.s.t.c.s.AnnotationConfigContextLoaderUtils request_id= idempotency_key= order_id= user_id= sku_id= payment_tx= - Could not detect default configuration classes for test class [dev.flashflow.RedisOrderingIntegrationTest]: RedisOrderingIntegrationTest does not declare any static, non-private, non-final, nested classes annotated with @Configuration.
2026-08-11T10:25:34.391+08:00 INFO  o.s.b.t.c.SpringBootTestContextBootstrapper request_id= idempotency_key= order_id= user_id= sku_id= payment_tx= - Found @SpringBootConfiguration dev.flashflow.FlashFlowApplication for test class dev.flashflow.RedisOrderingIntegrationTest
[INFO] Tests run: 4, Failures: 0, Errors: 0, Skipped: 0, Time elapsed: 0.104 s -- in dev.flashflow.RedisOrderingIntegrationTest
[INFO] Running dev.flashflow.UnsafeInterleavingTest
[INFO] Tests run: 1, Failures: 0, Errors: 0, Skipped: 0, Time elapsed: 0.114 s -- in dev.flashflow.UnsafeInterleavingTest
[INFO] Running dev.flashflow.LiveRocketMqScannerRecoveryIntegrationTest
2026-08-11T10:25:34.610+08:00 INFO  o.s.t.c.s.AnnotationConfigContextLoaderUtils request_id= idempotency_key= order_id= user_id= sku_id= payment_tx= - Could not detect default configuration classes for test class [dev.flashflow.LiveRocketMqScannerRecoveryIntegrationTest]: LiveRocketMqScannerRecoveryIntegrationTest does not declare any static, non-private, non-final, nested classes annotated with @Configuration.
2026-08-11T10:25:34.611+08:00 INFO  o.s.b.t.c.SpringBootTestContextBootstrapper request_id= idempotency_key= order_id= user_id= sku_id= payment_tx= - Found @SpringBootConfiguration dev.flashflow.FlashFlowApplication for test class dev.flashflow.LiveRocketMqScannerRecoveryIntegrationTest

  .   ____          _            __ _ _
 /\\ / ___'_ __ _ _(_)_ __  __ _ \ \ \ \
( ( )\___ | '_ | '_| | '_ \/ _` | \ \ \ \
 \\/  ___)| |_)| | | | | || (_| |  ) ) ) )
  '  |____| .__|_| |_|_| |_\__, | / / / /
 =========|_|==============|___/=/_/_/_/

 :: Spring Boot ::                (v3.5.5)

2026-08-11T10:25:34.622+08:00 INFO  d.f.LiveRocketMqScannerRecoveryIntegrationTest request_id= idempotency_key= order_id= user_id= sku_id= payment_tx= - Starting LiveRocketMqScannerRecoveryIntegrationTest using Java 26.0.2 with PID 60076 (started by yuzheng in /Users/yuzheng/Computeracy/Zhenkun26-GitHub/FlashFlow)
2026-08-11T10:25:34.622+08:00 INFO  d.f.LiveRocketMqScannerRecoveryIntegrationTest request_id= idempotency_key= order_id= user_id= sku_id= payment_tx= - The following 1 profile is active: "test"
2026-08-11T10:25:34.716+08:00 INFO  o.s.d.r.c.RepositoryConfigurationDelegate request_id= idempotency_key= order_id= user_id= sku_id= payment_tx= - Multiple Spring Data modules found, entering strict repository configuration mode
2026-08-11T10:25:34.716+08:00 INFO  o.s.d.r.c.RepositoryConfigurationDelegate request_id= idempotency_key= order_id= user_id= sku_id= payment_tx= - Bootstrapping Spring Data Redis repositories in DEFAULT mode.
2026-08-11T10:25:34.721+08:00 INFO  o.s.d.r.c.RepositoryConfigurationDelegate request_id= idempotency_key= order_id= user_id= sku_id= payment_tx= - Finished Spring Data repository scanning in 4 ms. Found 0 Redis repository interfaces.
2026-08-11T10:25:34.734+08:00 INFO  o.s.b.w.e.tomcat.TomcatWebServer request_id= idempotency_key= order_id= user_id= sku_id= payment_tx= - Tomcat initialized with port 0 (http)
2026-08-11T10:25:34.735+08:00 INFO  o.a.catalina.core.StandardService request_id= idempotency_key= order_id= user_id= sku_id= payment_tx= - Starting service [Tomcat]
2026-08-11T10:25:34.735+08:00 INFO  o.a.catalina.core.StandardEngine request_id= idempotency_key= order_id= user_id= sku_id= payment_tx= - Starting Servlet engine: [Apache Tomcat/10.1.44]
2026-08-11T10:25:34.740+08:00 INFO  o.a.c.c.C.[Tomcat].[localhost].[/] request_id= idempotency_key= order_id= user_id= sku_id= payment_tx= - Initializing Spring embedded WebApplicationContext
2026-08-11T10:25:34.740+08:00 INFO  o.s.b.w.s.c.ServletWebServerApplicationContext request_id= idempotency_key= order_id= user_id= sku_id= payment_tx= - Root WebApplicationContext: initialization completed in 117 ms
Standard Commons Logging discovery in action with spring-jcl: please remove commons-logging.jar from classpath in order to avoid potential conflicts
2026-08-11T10:25:34.766+08:00 INFO  com.zaxxer.hikari.HikariDataSource request_id= idempotency_key= order_id= user_id= sku_id= payment_tx= - HikariPool-12 - Starting...
2026-08-11T10:25:34.774+08:00 INFO  com.zaxxer.hikari.pool.HikariPool request_id= idempotency_key= order_id= user_id= sku_id= payment_tx= - HikariPool-12 - Added connection com.mysql.cj.jdbc.ConnectionImpl@2397158a
2026-08-11T10:25:34.774+08:00 INFO  com.zaxxer.hikari.HikariDataSource request_id= idempotency_key= order_id= user_id= sku_id= payment_tx= - HikariPool-12 - Start completed.
2026-08-11T10:25:34.776+08:00 INFO  org.flywaydb.core.FlywayExecutor request_id= idempotency_key= order_id= user_id= sku_id= payment_tx= - Database: jdbc:mysql://localhost:57682/flashflow (MySQL 8.4)
2026-08-11T10:25:34.779+08:00 WARN  o.f.c.i.database.base.Database request_id= idempotency_key= order_id= user_id= sku_id= payment_tx= - Flyway upgrade recommended: MySQL 8.4 is newer than this version of Flyway and support has not been tested. The latest supported version of MySQL is 8.1.
2026-08-11T10:25:34.784+08:00 INFO  o.f.core.internal.command.DbValidate request_id= idempotency_key= order_id= user_id= sku_id= payment_tx= - Successfully validated 4 migrations (execution time 00:00.003s)
2026-08-11T10:25:34.789+08:00 INFO  o.f.core.internal.command.DbMigrate request_id= idempotency_key= order_id= user_id= sku_id= payment_tx= - Current version of schema `flashflow`: 4
2026-08-11T10:25:34.789+08:00 INFO  o.f.core.internal.command.DbMigrate request_id= idempotency_key= order_id= user_id= sku_id= payment_tx= - Schema `flashflow` is up to date. No migration necessary.
2026-08-11T10:25:34.895+08:00 INFO  o.s.b.a.e.web.EndpointLinksResolver request_id= idempotency_key= order_id= user_id= sku_id= payment_tx= - Exposing 2 endpoints beneath base path '/actuator'
2026-08-11T10:25:34.900+08:00 INFO  o.s.b.w.e.tomcat.TomcatWebServer request_id= idempotency_key= order_id= user_id= sku_id= payment_tx= - Tomcat started on port 59186 (http) with context path '/'
2026-08-11T10:25:34.902+08:00 INFO  d.f.LiveRocketMqScannerRecoveryIntegrationTest request_id= idempotency_key= order_id= user_id= sku_id= payment_tx= - Started LiveRocketMqScannerRecoveryIntegrationTest in 0.29 seconds (process running for 175.756)
2026-08-11T10:25:36.949+08:00 INFO  o.a.c.c.C.[Tomcat].[localhost].[/] request_id= idempotency_key= order_id= user_id= sku_id= payment_tx= - Initializing Spring DispatcherServlet 'dispatcherServlet'
2026-08-11T10:25:36.949+08:00 INFO  o.s.web.servlet.DispatcherServlet request_id= idempotency_key= order_id= user_id= sku_id= payment_tx= - Initializing Servlet 'dispatcherServlet'
2026-08-11T10:25:36.949+08:00 INFO  o.s.web.servlet.DispatcherServlet request_id= idempotency_key= order_id= user_id= sku_id= payment_tx= - Completed initialization in 0 ms
2026-08-11T10:25:36.979+08:00 INFO  d.f.m.AsyncOrderApplicationService request_id=221644d6-5777-4d9f-a4f5-5d486a1cac38 idempotency_key=key-scanner order_id= user_id=user-scanner sku_id=sku-scanner payment_tx= - Asynchronous publication command_id=eee0647f195fc7bb6cf1d451c8d87694596e127a8cb53b317cb43388331adfa0 outcome=BROKER_ACKNOWLEDGED status=ACCEPTED cause=SEND_OK
2026-08-11T10:25:38.040+08:00 INFO  o.s.b.w.e.tomcat.GracefulShutdown request_id= idempotency_key= order_id= user_id= sku_id= payment_tx= - Commencing graceful shutdown. Waiting for active requests to complete
2026-08-11T10:25:40.046+08:00 INFO  o.s.b.w.e.tomcat.GracefulShutdown request_id= idempotency_key= order_id= user_id= sku_id= payment_tx= - Graceful shutdown complete
2026-08-11T10:25:40.046+08:00 ERROR org.apache.tomcat.util.net.Acceptor request_id= idempotency_key= order_id= user_id= sku_id= payment_tx= - Socket accept failed
java.nio.channels.AsynchronousCloseException: null
	at java.base/java.nio.channels.spi.AbstractInterruptibleChannel.end(AbstractInterruptibleChannel.java:218) ~[na:na]
	at java.base/sun.nio.ch.ServerSocketChannelImpl.end(ServerSocketChannelImpl.java:372) ~[na:na]
	at java.base/sun.nio.ch.ServerSocketChannelImpl.accept(ServerSocketChannelImpl.java:397) ~[na:na]
	at org.apache.tomcat.util.net.NioEndpoint.serverSocketAccept(NioEndpoint.java:537) ~[tomcat-embed-core-10.1.44.jar:10.1.44]
	at org.apache.tomcat.util.net.NioEndpoint.serverSocketAccept(NioEndpoint.java:72) ~[tomcat-embed-core-10.1.44.jar:10.1.44]
	at org.apache.tomcat.util.net.Acceptor.run(Acceptor.java:127) ~[tomcat-embed-core-10.1.44.jar:10.1.44]
	at java.base/java.lang.Thread.run(Thread.java:1516) ~[na:na]
2026-08-11T10:25:40.086+08:00 INFO  com.zaxxer.hikari.HikariDataSource request_id= idempotency_key= order_id= user_id= sku_id= payment_tx= - HikariPool-12 - Shutdown initiated...
2026-08-11T10:25:40.087+08:00 INFO  com.zaxxer.hikari.HikariDataSource request_id= idempotency_key= order_id= user_id= sku_id= payment_tx= - HikariPool-12 - Shutdown completed.
[INFO] Tests run: 1, Failures: 0, Errors: 0, Skipped: 0, Time elapsed: 5.480 s -- in dev.flashflow.LiveRocketMqScannerRecoveryIntegrationTest
[INFO] Running dev.flashflow.LiveRocketMqExpirationAckLossIntegrationTest
2026-08-11T10:25:40.092+08:00 INFO  o.s.t.c.s.AnnotationConfigContextLoaderUtils request_id= idempotency_key= order_id= user_id= sku_id= payment_tx= - Could not detect default configuration classes for test class [dev.flashflow.LiveRocketMqExpirationAckLossIntegrationTest]: LiveRocketMqExpirationAckLossIntegrationTest does not declare any static, non-private, non-final, nested classes annotated with @Configuration.
2026-08-11T10:25:40.093+08:00 INFO  o.s.b.t.c.SpringBootTestContextBootstrapper request_id= idempotency_key= order_id= user_id= sku_id= payment_tx= - Found @SpringBootConfiguration dev.flashflow.FlashFlowApplication for test class dev.flashflow.LiveRocketMqExpirationAckLossIntegrationTest

  .   ____          _            __ _ _
 /\\ / ___'_ __ _ _(_)_ __  __ _ \ \ \ \
( ( )\___ | '_ | '_| | '_ \/ _` | \ \ \ \
 \\/  ___)| |_)| | | | | || (_| |  ) ) ) )
  '  |____| .__|_| |_|_| |_\__, | / / / /
 =========|_|==============|___/=/_/_/_/

 :: Spring Boot ::                (v3.5.5)

2026-08-11T10:25:40.103+08:00 INFO  d.f.LiveRocketMqExpirationAckLossIntegrationTest request_id= idempotency_key= order_id= user_id= sku_id= payment_tx= - Starting LiveRocketMqExpirationAckLossIntegrationTest using Java 26.0.2 with PID 60076 (started by yuzheng in /Users/yuzheng/Computeracy/Zhenkun26-GitHub/FlashFlow)
2026-08-11T10:25:40.103+08:00 INFO  d.f.LiveRocketMqExpirationAckLossIntegrationTest request_id= idempotency_key= order_id= user_id= sku_id= payment_tx= - The following 1 profile is active: "test"
2026-08-11T10:25:40.161+08:00 INFO  o.s.d.r.c.RepositoryConfigurationDelegate request_id= idempotency_key= order_id= user_id= sku_id= payment_tx= - Multiple Spring Data modules found, entering strict repository configuration mode
2026-08-11T10:25:40.161+08:00 INFO  o.s.d.r.c.RepositoryConfigurationDelegate request_id= idempotency_key= order_id= user_id= sku_id= payment_tx= - Bootstrapping Spring Data Redis repositories in DEFAULT mode.
2026-08-11T10:25:40.165+08:00 INFO  o.s.d.r.c.RepositoryConfigurationDelegate request_id= idempotency_key= order_id= user_id= sku_id= payment_tx= - Finished Spring Data repository scanning in 3 ms. Found 0 Redis repository interfaces.
2026-08-11T10:25:40.182+08:00 INFO  o.s.b.w.e.tomcat.TomcatWebServer request_id= idempotency_key= order_id= user_id= sku_id= payment_tx= - Tomcat initialized with port 0 (http)
2026-08-11T10:25:40.183+08:00 INFO  o.a.catalina.core.StandardService request_id= idempotency_key= order_id= user_id= sku_id= payment_tx= - Starting service [Tomcat]
2026-08-11T10:25:40.183+08:00 INFO  o.a.catalina.core.StandardEngine request_id= idempotency_key= order_id= user_id= sku_id= payment_tx= - Starting Servlet engine: [Apache Tomcat/10.1.44]
2026-08-11T10:25:40.189+08:00 INFO  o.a.c.c.C.[Tomcat].[localhost].[/] request_id= idempotency_key= order_id= user_id= sku_id= payment_tx= - Initializing Spring embedded WebApplicationContext
2026-08-11T10:25:40.189+08:00 INFO  o.s.b.w.s.c.ServletWebServerApplicationContext request_id= idempotency_key= order_id= user_id= sku_id= payment_tx= - Root WebApplicationContext: initialization completed in 85 ms
Standard Commons Logging discovery in action with spring-jcl: please remove commons-logging.jar from classpath in order to avoid potential conflicts
2026-08-11T10:25:40.233+08:00 INFO  com.zaxxer.hikari.HikariDataSource request_id= idempotency_key= order_id= user_id= sku_id= payment_tx= - HikariPool-13 - Starting...
2026-08-11T10:25:40.247+08:00 INFO  com.zaxxer.hikari.pool.HikariPool request_id= idempotency_key= order_id= user_id= sku_id= payment_tx= - HikariPool-13 - Added connection com.mysql.cj.jdbc.ConnectionImpl@7a4a9d81
2026-08-11T10:25:40.247+08:00 INFO  com.zaxxer.hikari.HikariDataSource request_id= idempotency_key= order_id= user_id= sku_id= payment_tx= - HikariPool-13 - Start completed.
2026-08-11T10:25:40.251+08:00 INFO  org.flywaydb.core.FlywayExecutor request_id= idempotency_key= order_id= user_id= sku_id= payment_tx= - Database: jdbc:mysql://localhost:57682/flashflow (MySQL 8.4)
2026-08-11T10:25:40.257+08:00 WARN  o.f.c.i.database.base.Database request_id= idempotency_key= order_id= user_id= sku_id= payment_tx= - Flyway upgrade recommended: MySQL 8.4 is newer than this version of Flyway and support has not been tested. The latest supported version of MySQL is 8.1.
2026-08-11T10:25:40.269+08:00 INFO  o.f.core.internal.command.DbValidate request_id= idempotency_key= order_id= user_id= sku_id= payment_tx= - Successfully validated 4 migrations (execution time 00:00.009s)
2026-08-11T10:25:40.275+08:00 INFO  o.f.core.internal.command.DbMigrate request_id= idempotency_key= order_id= user_id= sku_id= payment_tx= - Current version of schema `flashflow`: 4
2026-08-11T10:25:40.276+08:00 INFO  o.f.core.internal.command.DbMigrate request_id= idempotency_key= order_id= user_id= sku_id= payment_tx= - Schema `flashflow` is up to date. No migration necessary.
2026-08-11T10:25:40.392+08:00 INFO  o.s.b.a.e.web.EndpointLinksResolver request_id= idempotency_key= order_id= user_id= sku_id= payment_tx= - Exposing 2 endpoints beneath base path '/actuator'
2026-08-11T10:25:40.398+08:00 INFO  o.s.b.w.e.tomcat.TomcatWebServer request_id= idempotency_key= order_id= user_id= sku_id= payment_tx= - Tomcat started on port 59241 (http) with context path '/'
2026-08-11T10:25:40.401+08:00 INFO  d.f.LiveRocketMqExpirationAckLossIntegrationTest request_id= idempotency_key= order_id= user_id= sku_id= payment_tx= - Started LiveRocketMqExpirationAckLossIntegrationTest in 0.307 seconds (process running for 181.254)
2026-08-11T10:25:42.436+08:00 INFO  o.a.c.c.C.[Tomcat].[localhost].[/] request_id= idempotency_key= order_id= user_id= sku_id= payment_tx= - Initializing Spring DispatcherServlet 'dispatcherServlet'
2026-08-11T10:25:42.436+08:00 INFO  o.s.web.servlet.DispatcherServlet request_id= idempotency_key= order_id= user_id= sku_id= payment_tx= - Initializing Servlet 'dispatcherServlet'
2026-08-11T10:25:42.436+08:00 INFO  o.s.web.servlet.DispatcherServlet request_id= idempotency_key= order_id= user_id= sku_id= payment_tx= - Completed initialization in 0 ms
2026-08-11T10:25:42.462+08:00 INFO  d.f.m.AsyncOrderApplicationService request_id=83cea55f-ae58-44a2-9b8f-6d22b96c4cf0 idempotency_key=key-exp-ack order_id= user_id=user-exp-ack sku_id=sku-exp-ack payment_tx= - Asynchronous publication command_id=9f8bf1c211762fb870c1797adfecf90b73c3e585b6a6245da5b166a09acc6815 outcome=BROKER_ACKNOWLEDGED status=ACCEPTED cause=SEND_OK
2026-08-11T10:26:01.913+08:00 INFO  o.s.b.w.e.tomcat.GracefulShutdown request_id= idempotency_key= order_id= user_id= sku_id= payment_tx= - Commencing graceful shutdown. Waiting for active requests to complete
2026-08-11T10:26:03.917+08:00 INFO  o.s.b.w.e.tomcat.GracefulShutdown request_id= idempotency_key= order_id= user_id= sku_id= payment_tx= - Graceful shutdown complete
2026-08-11T10:26:03.918+08:00 ERROR org.apache.tomcat.util.net.Acceptor request_id= idempotency_key= order_id= user_id= sku_id= payment_tx= - Socket accept failed
java.nio.channels.AsynchronousCloseException: null
	at java.base/java.nio.channels.spi.AbstractInterruptibleChannel.end(AbstractInterruptibleChannel.java:218) ~[na:na]
	at java.base/sun.nio.ch.ServerSocketChannelImpl.end(ServerSocketChannelImpl.java:372) ~[na:na]
	at java.base/sun.nio.ch.ServerSocketChannelImpl.accept(ServerSocketChannelImpl.java:397) ~[na:na]
	at org.apache.tomcat.util.net.NioEndpoint.serverSocketAccept(NioEndpoint.java:537) ~[tomcat-embed-core-10.1.44.jar:10.1.44]
	at org.apache.tomcat.util.net.NioEndpoint.serverSocketAccept(NioEndpoint.java:72) ~[tomcat-embed-core-10.1.44.jar:10.1.44]
	at org.apache.tomcat.util.net.Acceptor.run(Acceptor.java:127) ~[tomcat-embed-core-10.1.44.jar:10.1.44]
	at java.base/java.lang.Thread.run(Thread.java:1516) ~[na:na]
2026-08-11T10:26:03.969+08:00 INFO  com.zaxxer.hikari.HikariDataSource request_id= idempotency_key= order_id= user_id= sku_id= payment_tx= - HikariPool-13 - Shutdown initiated...
2026-08-11T10:26:03.972+08:00 INFO  com.zaxxer.hikari.HikariDataSource request_id= idempotency_key= order_id= user_id= sku_id= payment_tx= - HikariPool-13 - Shutdown completed.
[INFO] Tests run: 1, Failures: 0, Errors: 0, Skipped: 0, Time elapsed: 23.89 s -- in dev.flashflow.LiveRocketMqExpirationAckLossIntegrationTest
[INFO] Running dev.flashflow.OrderingClaimRaceIntegrationTest
2026-08-11T10:26:03.980+08:00 INFO  o.s.t.c.s.AnnotationConfigContextLoaderUtils request_id= idempotency_key= order_id= user_id= sku_id= payment_tx= - Could not detect default configuration classes for test class [dev.flashflow.OrderingClaimRaceIntegrationTest]: OrderingClaimRaceIntegrationTest does not declare any static, non-private, non-final, nested classes annotated with @Configuration.
2026-08-11T10:26:03.981+08:00 INFO  o.s.b.t.c.SpringBootTestContextBootstrapper request_id= idempotency_key= order_id= user_id= sku_id= payment_tx= - Found @SpringBootConfiguration dev.flashflow.FlashFlowApplication for test class dev.flashflow.OrderingClaimRaceIntegrationTest
[INFO] Tests run: 3, Failures: 0, Errors: 0, Skipped: 0, Time elapsed: 0.102 s -- in dev.flashflow.OrderingClaimRaceIntegrationTest
[INFO] Running dev.flashflow.ApplicationSmokeTest
2026-08-11T10:26:04.081+08:00 INFO  o.s.t.c.s.AnnotationConfigContextLoaderUtils request_id= idempotency_key= order_id= user_id= sku_id= payment_tx= - Could not detect default configuration classes for test class [dev.flashflow.ApplicationSmokeTest]: ApplicationSmokeTest does not declare any static, non-private, non-final, nested classes annotated with @Configuration.
2026-08-11T10:26:04.082+08:00 INFO  o.s.b.t.c.SpringBootTestContextBootstrapper request_id= idempotency_key= order_id= user_id= sku_id= payment_tx= - Found @SpringBootConfiguration dev.flashflow.FlashFlowApplication for test class dev.flashflow.ApplicationSmokeTest
[INFO] Tests run: 1, Failures: 0, Errors: 0, Skipped: 0, Time elapsed: 0.012 s -- in dev.flashflow.ApplicationSmokeTest
[INFO] Running dev.flashflow.messaging.AsyncOrderApplicationServiceTest
2026-08-11T10:26:04.101+08:00 INFO  d.f.m.AsyncOrderApplicationService request_id= idempotency_key=key-2 order_id= user_id=user-2 sku_id=sku-1 payment_tx= - Asynchronous publication command_id=01f6edbdbcb069068af0743c4a6c1cdf608ddb350e20c922f2699fa0232ba5f4 outcome=DEFINITELY_NOT_PUBLISHED status=RETRYABLE cause=CONNECT_FAILED
2026-08-11T10:26:04.101+08:00 INFO  d.f.m.AsyncOrderApplicationService request_id= idempotency_key=key-3 order_id= user_id=user-3 sku_id=sku-1 payment_tx= - Asynchronous publication command_id=1cc3cdc8f3519b00083f110b3605cd4a5b770b7e5245fbd4722e3d69cc876121 outcome=AMBIGUOUS status=UNRESOLVED cause=REMOTING_TIMEOUT
2026-08-11T10:26:04.101+08:00 INFO  d.f.m.AsyncOrderApplicationService request_id= idempotency_key=key-3 order_id= user_id=user-3 sku_id=sku-1 payment_tx= - Asynchronous publication command_id=1cc3cdc8f3519b00083f110b3605cd4a5b770b7e5245fbd4722e3d69cc876121 outcome=AMBIGUOUS status=UNRESOLVED cause=REMOTING_TIMEOUT
2026-08-11T10:26:04.101+08:00 INFO  d.f.m.AsyncOrderApplicationService request_id= idempotency_key=key-1 order_id= user_id=user-1 sku_id=sku-1 payment_tx= - Asynchronous publication command_id=eb5faa2199474e8f5bc1a28fb0121e6030966fc10dd104d1a1406803200ea69a outcome=BROKER_ACKNOWLEDGED status=ACCEPTED cause=SEND_OK
[INFO] Tests run: 2, Failures: 0, Errors: 0, Skipped: 0, Time elapsed: 0.010 s -- in dev.flashflow.messaging.AsyncOrderApplicationServiceTest
[INFO] Running dev.flashflow.messaging.RocketMqListenerContractTest
[INFO] Tests run: 1, Failures: 0, Errors: 0, Skipped: 0, Time elapsed: 0.012 s -- in dev.flashflow.messaging.RocketMqListenerContractTest
[INFO] Running dev.flashflow.messaging.OutboxAsyncOrderApplicationServiceTest
2026-08-11T10:26:04.269+08:00 INFO  d.f.m.o.OutboxAsyncOrderApplicationService request_id= idempotency_key=key-1 order_id= user_id=user-1 sku_id=sku-1 payment_tx= - Durable Outbox acceptance command_id=a7e3407f561a93b1e814e8043a124494518c72dc766988244ddc280fe0b281c4 status=ACCEPTED
2026-08-11T10:26:04.276+08:00 WARN  d.f.m.o.OutboxAsyncOrderApplicationService request_id= idempotency_key=key-1 order_id= user_id=user-1 sku_id=sku-1 payment_tx= - Durable Outbox acceptance unresolved command_id=a7e3407f561a93b1e814e8043a124494518c72dc766988244ddc280fe0b281c4 cause=IllegalStateException
[INFO] Tests run: 2, Failures: 0, Errors: 0, Skipped: 0, Time elapsed: 0.160 s -- in dev.flashflow.messaging.OutboxAsyncOrderApplicationServiceTest
[INFO] Running dev.flashflow.messaging.OrderCommandContractTest
[INFO] Tests run: 2, Failures: 0, Errors: 0, Skipped: 0, Time elapsed: 0.002 s -- in dev.flashflow.messaging.OrderCommandContractTest
[INFO] Running dev.flashflow.messaging.SyntheticMessagingSpikeTest
[INFO] Tests run: 2, Failures: 0, Errors: 0, Skipped: 0, Time elapsed: 0.001 s -- in dev.flashflow.messaging.SyntheticMessagingSpikeTest
[INFO] Running dev.flashflow.messaging.DeterministicPublicationCoordinatorTest
[INFO] Tests run: 3, Failures: 0, Errors: 0, Skipped: 0, Time elapsed: 0.002 s -- in dev.flashflow.messaging.DeterministicPublicationCoordinatorTest
[INFO] Running dev.flashflow.messaging.InProcessOrderCommandConsumerTest
[INFO] Tests run: 2, Failures: 0, Errors: 0, Skipped: 0, Time elapsed: 0.001 s -- in dev.flashflow.messaging.InProcessOrderCommandConsumerTest
[INFO] Running dev.flashflow.messaging.OutboxDispatcherTest
2026-08-11T10:26:04.371+08:00 INFO  d.f.m.outbox.OutboxDispatcher request_id= idempotency_key=key-1 order_id= user_id=user-1 sku_id=sku-1 payment_tx= - Outbox publication deferred outbox_id=outbox command_id=aaaaaaaaaaaaaaaaaaaaaaaaaaaaaaaaaaaaaaaaaaaaaaaaaaaaaaaaaaaaaaaa outcome=RETRYABLE cause=REMOTING_TIMEOUT
2026-08-11T10:26:04.373+08:00 WARN  d.f.m.outbox.OutboxDispatcher request_id= idempotency_key=key-1 order_id= user_id=user-1 sku_id=sku-1 payment_tx= - Outbox publication exhausted outbox_id=outbox command_id=aaaaaaaaaaaaaaaaaaaaaaaaaaaaaaaaaaaaaaaaaaaaaaaaaaaaaaaaaaaaaaaa cause=CONNECT_FAILED
2026-08-11T10:26:04.374+08:00 INFO  d.f.m.outbox.OutboxDispatcher request_id= idempotency_key=key-1 order_id= user_id=user-1 sku_id=sku-1 payment_tx= - Outbox publication outbox_id=outbox command_id=aaaaaaaaaaaaaaaaaaaaaaaaaaaaaaaaaaaaaaaaaaaaaaaaaaaaaaaaaaaaaaaa outcome=ACKNOWLEDGED
[INFO] Tests run: 3, Failures: 0, Errors: 0, Skipped: 0, Time elapsed: 0.088 s -- in dev.flashflow.messaging.OutboxDispatcherTest
[INFO] Running dev.flashflow.OutboxPersistenceIntegrationTest
2026-08-11T10:26:04.375+08:00 INFO  o.s.t.c.s.AnnotationConfigContextLoaderUtils request_id= idempotency_key=key-1 order_id= user_id=user-1 sku_id=sku-1 payment_tx= - Could not detect default configuration classes for test class [dev.flashflow.OutboxPersistenceIntegrationTest]: OutboxPersistenceIntegrationTest does not declare any static, non-private, non-final, nested classes annotated with @Configuration.
2026-08-11T10:26:04.375+08:00 INFO  o.s.b.t.c.SpringBootTestContextBootstrapper request_id= idempotency_key=key-1 order_id= user_id=user-1 sku_id=sku-1 payment_tx= - Found @SpringBootConfiguration dev.flashflow.FlashFlowApplication for test class dev.flashflow.OutboxPersistenceIntegrationTest
[INFO] Tests run: 6, Failures: 0, Errors: 0, Skipped: 0, Time elapsed: 0.088 s -- in dev.flashflow.OutboxPersistenceIntegrationTest
[INFO] Running dev.flashflow.LiveRocketMqRetryExhaustionIntegrationTest
2026-08-11T10:26:04.463+08:00 INFO  o.s.t.c.s.AnnotationConfigContextLoaderUtils request_id= idempotency_key=key-1 order_id= user_id=user-1 sku_id=sku-1 payment_tx= - Could not detect default configuration classes for test class [dev.flashflow.LiveRocketMqRetryExhaustionIntegrationTest]: LiveRocketMqRetryExhaustionIntegrationTest does not declare any static, non-private, non-final, nested classes annotated with @Configuration.
2026-08-11T10:26:04.464+08:00 INFO  o.s.b.t.c.SpringBootTestContextBootstrapper request_id= idempotency_key=key-1 order_id= user_id=user-1 sku_id=sku-1 payment_tx= - Found @SpringBootConfiguration dev.flashflow.FlashFlowApplication for test class dev.flashflow.LiveRocketMqRetryExhaustionIntegrationTest

  .   ____          _            __ _ _
 /\\ / ___'_ __ _ _(_)_ __  __ _ \ \ \ \
( ( )\___ | '_ | '_| | '_ \/ _` | \ \ \ \
 \\/  ___)| |_)| | | | | || (_| |  ) ) ) )
  '  |____| .__|_| |_|_| |_\__, | / / / /
 =========|_|==============|___/=/_/_/_/

 :: Spring Boot ::                (v3.5.5)

2026-08-11T10:26:04.472+08:00 INFO  d.f.LiveRocketMqRetryExhaustionIntegrationTest request_id= idempotency_key=key-1 order_id= user_id=user-1 sku_id=sku-1 payment_tx= - Starting LiveRocketMqRetryExhaustionIntegrationTest using Java 26.0.2 with PID 60076 (started by yuzheng in /Users/yuzheng/Computeracy/Zhenkun26-GitHub/FlashFlow)
2026-08-11T10:26:04.472+08:00 INFO  d.f.LiveRocketMqRetryExhaustionIntegrationTest request_id= idempotency_key=key-1 order_id= user_id=user-1 sku_id=sku-1 payment_tx= - The following 1 profile is active: "test"
2026-08-11T10:26:04.583+08:00 INFO  o.s.d.r.c.RepositoryConfigurationDelegate request_id= idempotency_key=key-1 order_id= user_id=user-1 sku_id=sku-1 payment_tx= - Multiple Spring Data modules found, entering strict repository configuration mode
2026-08-11T10:26:04.583+08:00 INFO  o.s.d.r.c.RepositoryConfigurationDelegate request_id= idempotency_key=key-1 order_id= user_id=user-1 sku_id=sku-1 payment_tx= - Bootstrapping Spring Data Redis repositories in DEFAULT mode.
2026-08-11T10:26:04.588+08:00 INFO  o.s.d.r.c.RepositoryConfigurationDelegate request_id= idempotency_key=key-1 order_id= user_id=user-1 sku_id=sku-1 payment_tx= - Finished Spring Data repository scanning in 4 ms. Found 0 Redis repository interfaces.
2026-08-11T10:26:04.630+08:00 INFO  o.s.b.w.e.tomcat.TomcatWebServer request_id= idempotency_key=key-1 order_id= user_id=user-1 sku_id=sku-1 payment_tx= - Tomcat initialized with port 0 (http)
2026-08-11T10:26:04.630+08:00 INFO  o.a.catalina.core.StandardService request_id= idempotency_key=key-1 order_id= user_id=user-1 sku_id=sku-1 payment_tx= - Starting service [Tomcat]
2026-08-11T10:26:04.630+08:00 INFO  o.a.catalina.core.StandardEngine request_id= idempotency_key=key-1 order_id= user_id=user-1 sku_id=sku-1 payment_tx= - Starting Servlet engine: [Apache Tomcat/10.1.44]
2026-08-11T10:26:04.637+08:00 INFO  o.a.c.c.C.[Tomcat].[localhost].[/] request_id= idempotency_key=key-1 order_id= user_id=user-1 sku_id=sku-1 payment_tx= - Initializing Spring embedded WebApplicationContext
2026-08-11T10:26:04.637+08:00 INFO  o.s.b.w.s.c.ServletWebServerApplicationContext request_id= idempotency_key=key-1 order_id= user_id=user-1 sku_id=sku-1 payment_tx= - Root WebApplicationContext: initialization completed in 165 ms
Standard Commons Logging discovery in action with spring-jcl: please remove commons-logging.jar from classpath in order to avoid potential conflicts
2026-08-11T10:26:04.670+08:00 INFO  com.zaxxer.hikari.HikariDataSource request_id= idempotency_key=key-1 order_id= user_id=user-1 sku_id=sku-1 payment_tx= - HikariPool-14 - Starting...
2026-08-11T10:26:04.682+08:00 INFO  com.zaxxer.hikari.pool.HikariPool request_id= idempotency_key=key-1 order_id= user_id=user-1 sku_id=sku-1 payment_tx= - HikariPool-14 - Added connection com.mysql.cj.jdbc.ConnectionImpl@7cdc3101
2026-08-11T10:26:04.682+08:00 INFO  com.zaxxer.hikari.HikariDataSource request_id= idempotency_key=key-1 order_id= user_id=user-1 sku_id=sku-1 payment_tx= - HikariPool-14 - Start completed.
2026-08-11T10:26:04.688+08:00 INFO  org.flywaydb.core.FlywayExecutor request_id= idempotency_key=key-1 order_id= user_id=user-1 sku_id=sku-1 payment_tx= - Database: jdbc:mysql://localhost:57682/flashflow (MySQL 8.4)
2026-08-11T10:26:04.693+08:00 WARN  o.f.c.i.database.base.Database request_id= idempotency_key=key-1 order_id= user_id=user-1 sku_id=sku-1 payment_tx= - Flyway upgrade recommended: MySQL 8.4 is newer than this version of Flyway and support has not been tested. The latest supported version of MySQL is 8.1.
2026-08-11T10:26:04.701+08:00 INFO  o.f.core.internal.command.DbValidate request_id= idempotency_key=key-1 order_id= user_id=user-1 sku_id=sku-1 payment_tx= - Successfully validated 4 migrations (execution time 00:00.006s)
2026-08-11T10:26:04.706+08:00 INFO  o.f.core.internal.command.DbMigrate request_id= idempotency_key=key-1 order_id= user_id=user-1 sku_id=sku-1 payment_tx= - Current version of schema `flashflow`: 4
2026-08-11T10:26:04.706+08:00 INFO  o.f.core.internal.command.DbMigrate request_id= idempotency_key=key-1 order_id= user_id=user-1 sku_id=sku-1 payment_tx= - Schema `flashflow` is up to date. No migration necessary.
2026-08-11T10:26:04.815+08:00 INFO  o.s.b.a.e.web.EndpointLinksResolver request_id= idempotency_key=key-1 order_id= user_id=user-1 sku_id=sku-1 payment_tx= - Exposing 2 endpoints beneath base path '/actuator'
2026-08-11T10:26:04.820+08:00 INFO  o.s.b.w.e.tomcat.TomcatWebServer request_id= idempotency_key=key-1 order_id= user_id=user-1 sku_id=sku-1 payment_tx= - Tomcat started on port 59451 (http) with context path '/'
2026-08-11T10:26:04.822+08:00 INFO  d.f.LiveRocketMqRetryExhaustionIntegrationTest request_id= idempotency_key=key-1 order_id= user_id=user-1 sku_id=sku-1 payment_tx= - Started LiveRocketMqRetryExhaustionIntegrationTest in 0.357 seconds (process running for 205.677)
2026-08-11T10:26:06.851+08:00 INFO  o.a.c.c.C.[Tomcat].[localhost].[/] request_id= idempotency_key= order_id= user_id= sku_id= payment_tx= - Initializing Spring DispatcherServlet 'dispatcherServlet'
2026-08-11T10:26:06.851+08:00 INFO  o.s.web.servlet.DispatcherServlet request_id= idempotency_key= order_id= user_id= sku_id= payment_tx= - Initializing Servlet 'dispatcherServlet'
2026-08-11T10:26:06.853+08:00 INFO  o.s.web.servlet.DispatcherServlet request_id= idempotency_key= order_id= user_id= sku_id= payment_tx= - Completed initialization in 2 ms
2026-08-11T10:26:06.889+08:00 INFO  d.f.m.AsyncOrderApplicationService request_id=62fb4795-6e29-4e97-a864-813151b46b78 idempotency_key=key-exhaustion order_id= user_id=user-exhaustion sku_id=sku-exhaustion payment_tx= - Asynchronous publication command_id=376c29b67fdb29614b85c23214fb61aff7f3c58a83fd98b5832fbff2e0e36777 outcome=BROKER_ACKNOWLEDGED status=ACCEPTED cause=SEND_OK
2026-08-11T10:26:16.587+08:00 INFO  d.f.m.AsyncOrderApplicationService request_id=c831ccb9-9fbe-473f-bc55-0ede77a970b7 idempotency_key=key-exhaustion order_id= user_id=user-exhaustion sku_id=sku-exhaustion payment_tx= - Asynchronous publication command_id=376c29b67fdb29614b85c23214fb61aff7f3c58a83fd98b5832fbff2e0e36777 outcome=BROKER_ACKNOWLEDGED status=ACCEPTED cause=SEND_OK
2026-08-11T10:26:16.594+08:00 INFO  o.s.b.w.e.tomcat.GracefulShutdown request_id= idempotency_key=key-1 order_id= user_id=user-1 sku_id=sku-1 payment_tx= - Commencing graceful shutdown. Waiting for active requests to complete
2026-08-11T10:26:18.600+08:00 INFO  o.s.b.w.e.tomcat.GracefulShutdown request_id= idempotency_key= order_id= user_id= sku_id= payment_tx= - Graceful shutdown complete
2026-08-11T10:26:18.600+08:00 ERROR org.apache.tomcat.util.net.Acceptor request_id= idempotency_key= order_id= user_id= sku_id= payment_tx= - Socket accept failed
java.nio.channels.AsynchronousCloseException: null
	at java.base/java.nio.channels.spi.AbstractInterruptibleChannel.end(AbstractInterruptibleChannel.java:218) ~[na:na]
	at java.base/sun.nio.ch.ServerSocketChannelImpl.end(ServerSocketChannelImpl.java:372) ~[na:na]
	at java.base/sun.nio.ch.ServerSocketChannelImpl.accept(ServerSocketChannelImpl.java:397) ~[na:na]
	at org.apache.tomcat.util.net.NioEndpoint.serverSocketAccept(NioEndpoint.java:537) ~[tomcat-embed-core-10.1.44.jar:10.1.44]
	at org.apache.tomcat.util.net.NioEndpoint.serverSocketAccept(NioEndpoint.java:72) ~[tomcat-embed-core-10.1.44.jar:10.1.44]
	at org.apache.tomcat.util.net.Acceptor.run(Acceptor.java:127) ~[tomcat-embed-core-10.1.44.jar:10.1.44]
	at java.base/java.lang.Thread.run(Thread.java:1516) ~[na:na]
2026-08-11T10:26:19.776+08:00 INFO  com.zaxxer.hikari.HikariDataSource request_id= idempotency_key=key-1 order_id= user_id=user-1 sku_id=sku-1 payment_tx= - HikariPool-14 - Shutdown initiated...
2026-08-11T10:26:19.780+08:00 INFO  com.zaxxer.hikari.HikariDataSource request_id= idempotency_key=key-1 order_id= user_id=user-1 sku_id=sku-1 payment_tx= - HikariPool-14 - Shutdown completed.
[INFO] Tests run: 1, Failures: 0, Errors: 0, Skipped: 0, Time elapsed: 15.32 s -- in dev.flashflow.LiveRocketMqRetryExhaustionIntegrationTest
[INFO] Running dev.flashflow.LiveRocketMqEndToEndIntegrationTest
2026-08-11T10:26:19.791+08:00 INFO  o.s.t.c.s.AnnotationConfigContextLoaderUtils request_id= idempotency_key=key-1 order_id= user_id=user-1 sku_id=sku-1 payment_tx= - Could not detect default configuration classes for test class [dev.flashflow.LiveRocketMqEndToEndIntegrationTest]: LiveRocketMqEndToEndIntegrationTest does not declare any static, non-private, non-final, nested classes annotated with @Configuration.
2026-08-11T10:26:19.793+08:00 INFO  o.s.b.t.c.SpringBootTestContextBootstrapper request_id= idempotency_key=key-1 order_id= user_id=user-1 sku_id=sku-1 payment_tx= - Found @SpringBootConfiguration dev.flashflow.FlashFlowApplication for test class dev.flashflow.LiveRocketMqEndToEndIntegrationTest

  .   ____          _            __ _ _
 /\\ / ___'_ __ _ _(_)_ __  __ _ \ \ \ \
( ( )\___ | '_ | '_| | '_ \/ _` | \ \ \ \
 \\/  ___)| |_)| | | | | || (_| |  ) ) ) )
  '  |____| .__|_| |_|_| |_\__, | / / / /
 =========|_|==============|___/=/_/_/_/

 :: Spring Boot ::                (v3.5.5)

2026-08-11T10:26:19.806+08:00 INFO  d.f.LiveRocketMqEndToEndIntegrationTest request_id= idempotency_key=key-1 order_id= user_id=user-1 sku_id=sku-1 payment_tx= - Starting LiveRocketMqEndToEndIntegrationTest using Java 26.0.2 with PID 60076 (started by yuzheng in /Users/yuzheng/Computeracy/Zhenkun26-GitHub/FlashFlow)
2026-08-11T10:26:19.806+08:00 INFO  d.f.LiveRocketMqEndToEndIntegrationTest request_id= idempotency_key=key-1 order_id= user_id=user-1 sku_id=sku-1 payment_tx= - The following 1 profile is active: "test"
2026-08-11T10:26:19.886+08:00 INFO  o.s.d.r.c.RepositoryConfigurationDelegate request_id= idempotency_key=key-1 order_id= user_id=user-1 sku_id=sku-1 payment_tx= - Multiple Spring Data modules found, entering strict repository configuration mode
2026-08-11T10:26:19.886+08:00 INFO  o.s.d.r.c.RepositoryConfigurationDelegate request_id= idempotency_key=key-1 order_id= user_id=user-1 sku_id=sku-1 payment_tx= - Bootstrapping Spring Data Redis repositories in DEFAULT mode.
2026-08-11T10:26:19.890+08:00 INFO  o.s.d.r.c.RepositoryConfigurationDelegate request_id= idempotency_key=key-1 order_id= user_id=user-1 sku_id=sku-1 payment_tx= - Finished Spring Data repository scanning in 3 ms. Found 0 Redis repository interfaces.
2026-08-11T10:26:19.903+08:00 INFO  o.s.b.w.e.tomcat.TomcatWebServer request_id= idempotency_key=key-1 order_id= user_id=user-1 sku_id=sku-1 payment_tx= - Tomcat initialized with port 0 (http)
2026-08-11T10:26:19.904+08:00 INFO  o.a.catalina.core.StandardService request_id= idempotency_key=key-1 order_id= user_id=user-1 sku_id=sku-1 payment_tx= - Starting service [Tomcat]
2026-08-11T10:26:19.904+08:00 INFO  o.a.catalina.core.StandardEngine request_id= idempotency_key=key-1 order_id= user_id=user-1 sku_id=sku-1 payment_tx= - Starting Servlet engine: [Apache Tomcat/10.1.44]
2026-08-11T10:26:19.910+08:00 INFO  o.a.c.c.C.[Tomcat].[localhost].[/] request_id= idempotency_key=key-1 order_id= user_id=user-1 sku_id=sku-1 payment_tx= - Initializing Spring embedded WebApplicationContext
2026-08-11T10:26:19.910+08:00 INFO  o.s.b.w.s.c.ServletWebServerApplicationContext request_id= idempotency_key=key-1 order_id= user_id=user-1 sku_id=sku-1 payment_tx= - Root WebApplicationContext: initialization completed in 104 ms
Standard Commons Logging discovery in action with spring-jcl: please remove commons-logging.jar from classpath in order to avoid potential conflicts
2026-08-11T10:26:19.929+08:00 INFO  com.zaxxer.hikari.HikariDataSource request_id= idempotency_key=key-1 order_id= user_id=user-1 sku_id=sku-1 payment_tx= - HikariPool-15 - Starting...
2026-08-11T10:26:19.940+08:00 INFO  com.zaxxer.hikari.pool.HikariPool request_id= idempotency_key=key-1 order_id= user_id=user-1 sku_id=sku-1 payment_tx= - HikariPool-15 - Added connection com.mysql.cj.jdbc.ConnectionImpl@51d369e8
2026-08-11T10:26:19.940+08:00 INFO  com.zaxxer.hikari.HikariDataSource request_id= idempotency_key=key-1 order_id= user_id=user-1 sku_id=sku-1 payment_tx= - HikariPool-15 - Start completed.
2026-08-11T10:26:19.942+08:00 INFO  org.flywaydb.core.FlywayExecutor request_id= idempotency_key=key-1 order_id= user_id=user-1 sku_id=sku-1 payment_tx= - Database: jdbc:mysql://localhost:57682/flashflow (MySQL 8.4)
2026-08-11T10:26:19.946+08:00 WARN  o.f.c.i.database.base.Database request_id= idempotency_key=key-1 order_id= user_id=user-1 sku_id=sku-1 payment_tx= - Flyway upgrade recommended: MySQL 8.4 is newer than this version of Flyway and support has not been tested. The latest supported version of MySQL is 8.1.
2026-08-11T10:26:19.953+08:00 INFO  o.f.core.internal.command.DbValidate request_id= idempotency_key=key-1 order_id= user_id=user-1 sku_id=sku-1 payment_tx= - Successfully validated 4 migrations (execution time 00:00.005s)
2026-08-11T10:26:19.956+08:00 INFO  o.f.core.internal.command.DbMigrate request_id= idempotency_key=key-1 order_id= user_id=user-1 sku_id=sku-1 payment_tx= - Current version of schema `flashflow`: 4
2026-08-11T10:26:19.956+08:00 INFO  o.f.core.internal.command.DbMigrate request_id= idempotency_key=key-1 order_id= user_id=user-1 sku_id=sku-1 payment_tx= - Schema `flashflow` is up to date. No migration necessary.
2026-08-11T10:26:20.039+08:00 INFO  o.s.b.a.e.web.EndpointLinksResolver request_id= idempotency_key=key-1 order_id= user_id=user-1 sku_id=sku-1 payment_tx= - Exposing 2 endpoints beneath base path '/actuator'
2026-08-11T10:26:20.043+08:00 INFO  o.s.b.w.e.tomcat.TomcatWebServer request_id= idempotency_key=key-1 order_id= user_id=user-1 sku_id=sku-1 payment_tx= - Tomcat started on port 59522 (http) with context path '/'
2026-08-11T10:26:20.045+08:00 INFO  d.f.LiveRocketMqEndToEndIntegrationTest request_id= idempotency_key=key-1 order_id= user_id=user-1 sku_id=sku-1 payment_tx= - Started LiveRocketMqEndToEndIntegrationTest in 0.248 seconds (process running for 220.901)
2026-08-11T10:26:22.079+08:00 INFO  o.a.c.c.C.[Tomcat].[localhost].[/] request_id= idempotency_key= order_id= user_id= sku_id= payment_tx= - Initializing Spring DispatcherServlet 'dispatcherServlet'
2026-08-11T10:26:22.079+08:00 INFO  o.s.web.servlet.DispatcherServlet request_id= idempotency_key= order_id= user_id= sku_id= payment_tx= - Initializing Servlet 'dispatcherServlet'
2026-08-11T10:26:22.080+08:00 INFO  o.s.web.servlet.DispatcherServlet request_id= idempotency_key= order_id= user_id= sku_id= payment_tx= - Completed initialization in 1 ms
2026-08-11T10:26:22.101+08:00 INFO  d.f.m.AsyncOrderApplicationService request_id=1fe752c6-4bb7-4ddd-88e8-7eeddaad54f5 idempotency_key=key-live order_id= user_id=user-live sku_id=sku-live payment_tx= - Asynchronous publication command_id=e2b2c6feda34496e10ea7b5ef6bac451b4866cb9855d6437ce0a2391eb523024 outcome=BROKER_ACKNOWLEDGED status=ACCEPTED cause=SEND_OK
2026-08-11T10:26:27.428+08:00 INFO  d.f.m.AsyncOrderApplicationService request_id=414c4ac3-ed77-4f71-992b-a974a84872cd idempotency_key=key-contract order_id= user_id=user-contract sku_id=sku-contract-a payment_tx= - Asynchronous publication command_id=1d32e54b7bda4a365a35f17783a2bfbf36e9b66768e6a459d06acbb43229669e outcome=BROKER_ACKNOWLEDGED status=ACCEPTED cause=SEND_OK
2026-08-11T10:26:44.635+08:00 INFO  d.f.m.AsyncOrderApplicationService request_id=96203690-3461-4096-8258-e0e42ad3988d idempotency_key=key-restart-4d22b060 order_id= user_id=user-restart-4d22b060 sku_id=sku-restart-4d22b060 payment_tx= - Asynchronous publication command_id=11100d1febfe5af575a9f4202cbf3df9dcc034360b5af2f78f74ff51c5058ea1 outcome=DEFINITELY_NOT_PUBLISHED status=RETRYABLE cause=MQCLIENTEXCEPTION
2026-08-11T10:26:44.750+08:00 INFO  d.f.m.AsyncOrderApplicationService request_id=770026a5-6bf1-43fc-83ec-86abdcf17cee idempotency_key=key-restart-4d22b060 order_id= user_id=user-restart-4d22b060 sku_id=sku-restart-4d22b060 payment_tx= - Asynchronous publication command_id=11100d1febfe5af575a9f4202cbf3df9dcc034360b5af2f78f74ff51c5058ea1 outcome=DEFINITELY_NOT_PUBLISHED status=RETRYABLE cause=MQCLIENTEXCEPTION
2026-08-11T10:26:44.866+08:00 INFO  d.f.m.AsyncOrderApplicationService request_id=f92e0643-750d-472f-aa0e-662ef86ca128 idempotency_key=key-restart-4d22b060 order_id= user_id=user-restart-4d22b060 sku_id=sku-restart-4d22b060 payment_tx= - Asynchronous publication command_id=11100d1febfe5af575a9f4202cbf3df9dcc034360b5af2f78f74ff51c5058ea1 outcome=DEFINITELY_NOT_PUBLISHED status=RETRYABLE cause=MQCLIENTEXCEPTION
2026-08-11T10:26:44.979+08:00 INFO  d.f.m.AsyncOrderApplicationService request_id=a18e7462-d676-4187-bc77-b88e0ef4ad2f idempotency_key=key-restart-4d22b060 order_id= user_id=user-restart-4d22b060 sku_id=sku-restart-4d22b060 payment_tx= - Asynchronous publication command_id=11100d1febfe5af575a9f4202cbf3df9dcc034360b5af2f78f74ff51c5058ea1 outcome=DEFINITELY_NOT_PUBLISHED status=RETRYABLE cause=MQCLIENTEXCEPTION
2026-08-11T10:26:45.094+08:00 INFO  d.f.m.AsyncOrderApplicationService request_id=95b4ae29-71a0-40e5-a027-93b68e303101 idempotency_key=key-restart-4d22b060 order_id= user_id=user-restart-4d22b060 sku_id=sku-restart-4d22b060 payment_tx= - Asynchronous publication command_id=11100d1febfe5af575a9f4202cbf3df9dcc034360b5af2f78f74ff51c5058ea1 outcome=DEFINITELY_NOT_PUBLISHED status=RETRYABLE cause=MQCLIENTEXCEPTION
2026-08-11T10:26:45.213+08:00 INFO  d.f.m.AsyncOrderApplicationService request_id=795f8a69-5545-4529-b4b2-a550f50c79b4 idempotency_key=key-restart-4d22b060 order_id= user_id=user-restart-4d22b060 sku_id=sku-restart-4d22b060 payment_tx= - Asynchronous publication command_id=11100d1febfe5af575a9f4202cbf3df9dcc034360b5af2f78f74ff51c5058ea1 outcome=DEFINITELY_NOT_PUBLISHED status=RETRYABLE cause=MQCLIENTEXCEPTION
2026-08-11T10:26:45.331+08:00 INFO  d.f.m.AsyncOrderApplicationService request_id=dd802cde-8f4b-4440-af3a-b14a85461db9 idempotency_key=key-restart-4d22b060 order_id= user_id=user-restart-4d22b060 sku_id=sku-restart-4d22b060 payment_tx= - Asynchronous publication command_id=11100d1febfe5af575a9f4202cbf3df9dcc034360b5af2f78f74ff51c5058ea1 outcome=DEFINITELY_NOT_PUBLISHED status=RETRYABLE cause=MQCLIENTEXCEPTION
2026-08-11T10:26:45.445+08:00 INFO  d.f.m.AsyncOrderApplicationService request_id=b1eaba0b-734a-485f-b6f9-1282d6d2f731 idempotency_key=key-restart-4d22b060 order_id= user_id=user-restart-4d22b060 sku_id=sku-restart-4d22b060 payment_tx= - Asynchronous publication command_id=11100d1febfe5af575a9f4202cbf3df9dcc034360b5af2f78f74ff51c5058ea1 outcome=DEFINITELY_NOT_PUBLISHED status=RETRYABLE cause=MQCLIENTEXCEPTION
2026-08-11T10:26:45.577+08:00 INFO  d.f.m.AsyncOrderApplicationService request_id=323f9eb0-adf9-4f30-b79f-54c927e8f618 idempotency_key=key-restart-4d22b060 order_id= user_id=user-restart-4d22b060 sku_id=sku-restart-4d22b060 payment_tx= - Asynchronous publication command_id=11100d1febfe5af575a9f4202cbf3df9dcc034360b5af2f78f74ff51c5058ea1 outcome=DEFINITELY_NOT_PUBLISHED status=RETRYABLE cause=MQCLIENTEXCEPTION
2026-08-11T10:26:45.697+08:00 INFO  d.f.m.AsyncOrderApplicationService request_id=ae2b2ae2-375f-4d80-9564-fc43fd87b2ef idempotency_key=key-restart-4d22b060 order_id= user_id=user-restart-4d22b060 sku_id=sku-restart-4d22b060 payment_tx= - Asynchronous publication command_id=11100d1febfe5af575a9f4202cbf3df9dcc034360b5af2f78f74ff51c5058ea1 outcome=DEFINITELY_NOT_PUBLISHED status=RETRYABLE cause=MQCLIENTEXCEPTION
2026-08-11T10:26:45.816+08:00 INFO  d.f.m.AsyncOrderApplicationService request_id=b1a62452-2974-4a64-8d55-d9e056c4156f idempotency_key=key-restart-4d22b060 order_id= user_id=user-restart-4d22b060 sku_id=sku-restart-4d22b060 payment_tx= - Asynchronous publication command_id=11100d1febfe5af575a9f4202cbf3df9dcc034360b5af2f78f74ff51c5058ea1 outcome=DEFINITELY_NOT_PUBLISHED status=RETRYABLE cause=MQCLIENTEXCEPTION
2026-08-11T10:26:45.933+08:00 INFO  d.f.m.AsyncOrderApplicationService request_id=8b472a5f-f987-404b-a45b-d69173540d98 idempotency_key=key-restart-4d22b060 order_id= user_id=user-restart-4d22b060 sku_id=sku-restart-4d22b060 payment_tx= - Asynchronous publication command_id=11100d1febfe5af575a9f4202cbf3df9dcc034360b5af2f78f74ff51c5058ea1 outcome=DEFINITELY_NOT_PUBLISHED status=RETRYABLE cause=MQCLIENTEXCEPTION
2026-08-11T10:26:46.047+08:00 INFO  d.f.m.AsyncOrderApplicationService request_id=df8543f2-c4e1-459c-a12a-dc67981beedd idempotency_key=key-restart-4d22b060 order_id= user_id=user-restart-4d22b060 sku_id=sku-restart-4d22b060 payment_tx= - Asynchronous publication command_id=11100d1febfe5af575a9f4202cbf3df9dcc034360b5af2f78f74ff51c5058ea1 outcome=DEFINITELY_NOT_PUBLISHED status=RETRYABLE cause=MQCLIENTEXCEPTION
2026-08-11T10:26:46.172+08:00 INFO  d.f.m.AsyncOrderApplicationService request_id=ba168b82-a2a4-4bf6-a036-e7ccdb0c0a1b idempotency_key=key-restart-4d22b060 order_id= user_id=user-restart-4d22b060 sku_id=sku-restart-4d22b060 payment_tx= - Asynchronous publication command_id=11100d1febfe5af575a9f4202cbf3df9dcc034360b5af2f78f74ff51c5058ea1 outcome=DEFINITELY_NOT_PUBLISHED status=RETRYABLE cause=MQCLIENTEXCEPTION
2026-08-11T10:26:46.285+08:00 INFO  d.f.m.AsyncOrderApplicationService request_id=3cf61d2d-4a41-4bcf-afc5-ae849f7619b7 idempotency_key=key-restart-4d22b060 order_id= user_id=user-restart-4d22b060 sku_id=sku-restart-4d22b060 payment_tx= - Asynchronous publication command_id=11100d1febfe5af575a9f4202cbf3df9dcc034360b5af2f78f74ff51c5058ea1 outcome=DEFINITELY_NOT_PUBLISHED status=RETRYABLE cause=MQCLIENTEXCEPTION
2026-08-11T10:26:46.399+08:00 INFO  d.f.m.AsyncOrderApplicationService request_id=128fc924-bfdf-4411-baa3-a06fdf03abc4 idempotency_key=key-restart-4d22b060 order_id= user_id=user-restart-4d22b060 sku_id=sku-restart-4d22b060 payment_tx= - Asynchronous publication command_id=11100d1febfe5af575a9f4202cbf3df9dcc034360b5af2f78f74ff51c5058ea1 outcome=DEFINITELY_NOT_PUBLISHED status=RETRYABLE cause=MQCLIENTEXCEPTION
2026-08-11T10:26:46.515+08:00 INFO  d.f.m.AsyncOrderApplicationService request_id=4525666e-65e9-4a97-b72f-13e91fcde343 idempotency_key=key-restart-4d22b060 order_id= user_id=user-restart-4d22b060 sku_id=sku-restart-4d22b060 payment_tx= - Asynchronous publication command_id=11100d1febfe5af575a9f4202cbf3df9dcc034360b5af2f78f74ff51c5058ea1 outcome=DEFINITELY_NOT_PUBLISHED status=RETRYABLE cause=MQCLIENTEXCEPTION
2026-08-11T10:26:46.654+08:00 INFO  d.f.m.AsyncOrderApplicationService request_id=30cabfa0-c4b9-42e1-a199-f6b768cd9c7b idempotency_key=key-restart-4d22b060 order_id= user_id=user-restart-4d22b060 sku_id=sku-restart-4d22b060 payment_tx= - Asynchronous publication command_id=11100d1febfe5af575a9f4202cbf3df9dcc034360b5af2f78f74ff51c5058ea1 outcome=BROKER_ACKNOWLEDGED status=ACCEPTED cause=SEND_OK
2026-08-11T10:26:48.327+08:00 INFO  o.s.b.w.e.tomcat.GracefulShutdown request_id= idempotency_key=key-1 order_id= user_id=user-1 sku_id=sku-1 payment_tx= - Commencing graceful shutdown. Waiting for active requests to complete
2026-08-11T10:26:50.332+08:00 INFO  o.s.b.w.e.tomcat.GracefulShutdown request_id= idempotency_key= order_id= user_id= sku_id= payment_tx= - Graceful shutdown complete
2026-08-11T10:26:50.333+08:00 ERROR org.apache.tomcat.util.net.Acceptor request_id= idempotency_key= order_id= user_id= sku_id= payment_tx= - Socket accept failed
java.nio.channels.AsynchronousCloseException: null
	at java.base/java.nio.channels.spi.AbstractInterruptibleChannel.end(AbstractInterruptibleChannel.java:218) ~[na:na]
	at java.base/sun.nio.ch.ServerSocketChannelImpl.end(ServerSocketChannelImpl.java:372) ~[na:na]
	at java.base/sun.nio.ch.ServerSocketChannelImpl.accept(ServerSocketChannelImpl.java:397) ~[na:na]
	at org.apache.tomcat.util.net.NioEndpoint.serverSocketAccept(NioEndpoint.java:537) ~[tomcat-embed-core-10.1.44.jar:10.1.44]
	at org.apache.tomcat.util.net.NioEndpoint.serverSocketAccept(NioEndpoint.java:72) ~[tomcat-embed-core-10.1.44.jar:10.1.44]
	at org.apache.tomcat.util.net.Acceptor.run(Acceptor.java:127) ~[tomcat-embed-core-10.1.44.jar:10.1.44]
	at java.base/java.lang.Thread.run(Thread.java:1516) ~[na:na]
2026-08-11T10:26:50.381+08:00 INFO  com.zaxxer.hikari.HikariDataSource request_id= idempotency_key=key-1 order_id= user_id=user-1 sku_id=sku-1 payment_tx= - HikariPool-15 - Shutdown initiated...
2026-08-11T10:26:50.382+08:00 INFO  com.zaxxer.hikari.HikariDataSource request_id= idempotency_key=key-1 order_id= user_id=user-1 sku_id=sku-1 payment_tx= - HikariPool-15 - Shutdown completed.
[INFO] Tests run: 5, Failures: 0, Errors: 0, Skipped: 0, Time elapsed: 30.60 s -- in dev.flashflow.LiveRocketMqEndToEndIntegrationTest
[INFO] 
[INFO] Results:
[INFO] 
[ERROR] Failures: 
[ERROR]   V3ControlledComparisonIntegrationTest.separatesSynchronousCompletionFromV3AcceptanceAndCompletion:74->postUntilAccepted:123 direct publication did not recover within PT20S
[INFO] 
[ERROR] Tests run: 123, Failures: 1, Errors: 0, Skipped: 0
[INFO] 
[INFO] ------------------------------------------------------------------------
[INFO] BUILD FAILURE
[INFO] ------------------------------------------------------------------------
[INFO] Total time:  04:13 min
[INFO] Finished at: 2026-08-11T10:26:50+08:00
[INFO] ------------------------------------------------------------------------
[ERROR] Failed to execute goal org.apache.maven.plugins:maven-surefire-plugin:3.5.3:test (default-test) on project flashflow: There are test failures.
[ERROR] 
[ERROR] See /Users/yuzheng/Computeracy/Zhenkun26-GitHub/FlashFlow/target/surefire-reports for the individual test results.
[ERROR] See dump files (if any exist) [date].dump, [date]-jvmRun[N].dump and [date].dumpstream.
[ERROR] -> [Help 1]
[ERROR] 
[ERROR] To see the full stack trace of the errors, re-run Maven with the -e switch.
[ERROR] Re-run Maven using the -X switch to enable full debug logging.
[ERROR] 
[ERROR] For more information about the errors and possible solutions, please read the following articles:
[ERROR] [Help 1] http://cwiki.apache.org/confluence/display/MAVEN/MojoFailureException
