[INFO] Scanning for projects...
[INFO] 
[INFO] ----------------------< dev.flashflow:flashflow >-----------------------
[INFO] Building FlashFlow 0.1.0-SNAPSHOT
[INFO]   from pom.xml
[INFO] --------------------------------[ jar ]---------------------------------
[WARNING] 1 problem was encountered while building the effective model for org.javassist:javassist:jar:3.21.0-GA during dependency collection step for project (use -X to see details)
[INFO] 
[INFO] --- resources:3.3.1:resources (default-resources) @ flashflow ---
[INFO] Copying 5 resources from src/main/resources to target/classes
[INFO] Copying 11 resources from src/main/resources to target/classes
[INFO] 
[INFO] --- compiler:3.14.0:compile (default-compile) @ flashflow ---
[INFO] Nothing to compile - all classes are up to date.
[INFO] 
[INFO] --- resources:3.3.1:testResources (default-testResources) @ flashflow ---
[INFO] skip non existing resourceDirectory /Users/yuzheng/Computeracy/Zhenkun26-GitHub/FlashFlow/src/test/resources
[INFO] 
[INFO] --- compiler:3.14.0:testCompile (default-testCompile) @ flashflow ---
[INFO] Recompiling the module because of changed source code.
[INFO] Compiling 54 source files with javac [debug parameters release 21] to target/test-classes
[WARNING] /Users/yuzheng/Computeracy/Zhenkun26-GitHub/FlashFlow/src/test/java/dev/flashflow/ExpirationAdmissionFailureIntegrationTest.java:[26,6] org.springframework.boot.test.mock.mockito 中的 org.springframework.boot.test.mock.mockito.MockBean 已过时, 且标记为待删除
[WARNING] /Users/yuzheng/Computeracy/Zhenkun26-GitHub/FlashFlow/src/test/java/dev/flashflow/ExpirationRollbackIntegrationTest.java:[21,6] org.springframework.boot.test.mock.mockito 中的 org.springframework.boot.test.mock.mockito.MockBean 已过时, 且标记为待删除
[INFO] /Users/yuzheng/Computeracy/Zhenkun26-GitHub/FlashFlow/src/test/java/dev/flashflow/admission/RedisLuaAdmissionFailureTest.java: /Users/yuzheng/Computeracy/Zhenkun26-GitHub/FlashFlow/src/test/java/dev/flashflow/admission/RedisLuaAdmissionFailureTest.java使用了未经检查或不安全的操作。
[INFO] /Users/yuzheng/Computeracy/Zhenkun26-GitHub/FlashFlow/src/test/java/dev/flashflow/admission/RedisLuaAdmissionFailureTest.java: 有关详细信息, 请使用 -Xlint:unchecked 重新编译。
[INFO] 
[INFO] --- surefire:3.5.3:test (default-test) @ flashflow ---
[INFO] Using auto detected provider org.apache.maven.surefire.junitplatform.JUnitPlatformProvider
[INFO] 
[INFO] -------------------------------------------------------
[INFO]  T E S T S
[INFO] -------------------------------------------------------
[INFO] Running dev.flashflow.V4OutboxBacklogDrainIntegrationTest
Standard Commons Logging discovery in action with spring-jcl: please remove commons-logging.jar from classpath in order to avoid potential conflicts
10:20:22.933 [main] INFO org.springframework.test.context.support.AnnotationConfigContextLoaderUtils -- Could not detect default configuration classes for test class [dev.flashflow.V4OutboxBacklogDrainIntegrationTest]: V4OutboxBacklogDrainIntegrationTest does not declare any static, non-private, non-final, nested classes annotated with @Configuration.
10:20:22.986 [main] INFO org.springframework.boot.test.context.SpringBootTestContextBootstrapper -- Found @SpringBootConfiguration dev.flashflow.FlashFlowApplication for test class dev.flashflow.V4OutboxBacklogDrainIntegrationTest
10:20:23.027 [main] INFO org.testcontainers.images.PullPolicy -- Image pull policy will be performed by: DefaultPullPolicy()
10:20:23.028 [main] INFO org.testcontainers.utility.ImageNameSubstitutor -- Image name substitution will be performed by: DefaultImageNameSubstitutor (composite of 'ConfigurationFileImageNameSubstitutor' and 'PrefixingImageNameSubstitutor')
10:20:23.035 [main] INFO org.testcontainers.DockerClientFactory -- Testcontainers version: 1.21.3
10:20:23.112 [main] INFO org.testcontainers.dockerclient.DockerClientProviderStrategy -- Loaded org.testcontainers.dockerclient.UnixSocketClientProviderStrategy from ~/.testcontainers.properties, will try it first
10:20:23.203 [main] INFO org.testcontainers.dockerclient.DockerClientProviderStrategy -- Found Docker environment with local Unix socket (unix:///var/run/docker.sock)
10:20:23.203 [main] INFO org.testcontainers.DockerClientFactory -- Docker host IP address is localhost
10:20:23.215 [main] INFO org.testcontainers.DockerClientFactory -- Connected to docker: 
  Server Version: 29.4.1
  API Version: 1.54
  Operating System: Docker Desktop
  Total Memory: 7936 MB
  Labels: 
    com.docker.desktop.address=unix:///Users/yuzheng/Library/Containers/com.docker.docker/Data/docker-cli.sock
10:20:23.296 [main] INFO tc.testcontainers/ryuk:0.12.0 -- Creating container for image: testcontainers/ryuk:0.12.0
10:20:23.321 [main] INFO org.testcontainers.utility.RegistryAuthLocator -- Credential helper/store (docker-credential-osxkeychain) does not have credentials for https://index.docker.io/v1/
10:20:23.371 [main] INFO tc.testcontainers/ryuk:0.12.0 -- Container testcontainers/ryuk:0.12.0 is starting: 2aabbd8c5f30b66507b31146b77946f035ef9d3154387d0452b218017d62d590
10:20:23.500 [main] INFO tc.testcontainers/ryuk:0.12.0 -- Container testcontainers/ryuk:0.12.0 started in PT0.203294S
10:20:23.502 [main] INFO org.testcontainers.utility.RyukResourceReaper -- Ryuk started - will monitor and terminate Testcontainers containers on JVM exit
10:20:23.502 [main] INFO org.testcontainers.DockerClientFactory -- Checking the system...
10:20:23.502 [main] INFO org.testcontainers.DockerClientFactory -- ✔︎ Docker server version should be at least 1.6.0
10:20:23.503 [main] INFO tc.mysql:8.4.6 -- Creating container for image: mysql:8.4.6
10:20:23.535 [main] INFO tc.mysql:8.4.6 -- Container mysql:8.4.6 is starting: ba52e66f509c833cf6a8b32dbfb9f92becf84c41e2af13549b52ae4753796cb4
10:20:23.640 [main] INFO tc.mysql:8.4.6 -- Waiting for database connection to become available at jdbc:mysql://localhost:54881/flashflow using query 'SELECT 1'
10:20:28.277 [main] INFO tc.mysql:8.4.6 -- Container mysql:8.4.6 started in PT4.773756S
10:20:28.277 [main] INFO tc.mysql:8.4.6 -- Container is started (JDBC URL: jdbc:mysql://localhost:54881/flashflow)
10:20:28.278 [main] INFO tc.redis:7.4.2-alpine -- Creating container for image: redis:7.4.2-alpine
10:20:28.311 [main] INFO tc.redis:7.4.2-alpine -- Container redis:7.4.2-alpine is starting: 6b75d4a6d6d9f9e31413e098199902a08cbde18bec9889d18db626317042242e
10:20:28.468 [main] INFO tc.redis:7.4.2-alpine -- Container redis:7.4.2-alpine started in PT0.189795S

  .   ____          _            __ _ _
 /\\ / ___'_ __ _ _(_)_ __  __ _ \ \ \ \
( ( )\___ | '_ | '_| | '_ \/ _` | \ \ \ \
 \\/  ___)| |_)| | | | | || (_| |  ) ) ) )
  '  |____| .__|_| |_|_| |_\__, | / / / /
 =========|_|==============|___/=/_/_/_/

 :: Spring Boot ::                (v3.5.5)

2026-08-11T10:20:28.608+08:00 INFO  d.f.V4OutboxBacklogDrainIntegrationTest request_id= idempotency_key= order_id= user_id= sku_id= payment_tx= - Starting V4OutboxBacklogDrainIntegrationTest using Java 26.0.2 with PID 58800 (started by yuzheng in /Users/yuzheng/Computeracy/Zhenkun26-GitHub/FlashFlow)
2026-08-11T10:20:28.612+08:00 INFO  d.f.V4OutboxBacklogDrainIntegrationTest request_id= idempotency_key= order_id= user_id= sku_id= payment_tx= - The following 1 profile is active: "test"
2026-08-11T10:20:29.020+08:00 INFO  o.s.d.r.c.RepositoryConfigurationDelegate request_id= idempotency_key= order_id= user_id= sku_id= payment_tx= - Multiple Spring Data modules found, entering strict repository configuration mode
2026-08-11T10:20:29.021+08:00 INFO  o.s.d.r.c.RepositoryConfigurationDelegate request_id= idempotency_key= order_id= user_id= sku_id= payment_tx= - Bootstrapping Spring Data Redis repositories in DEFAULT mode.
2026-08-11T10:20:29.039+08:00 INFO  o.s.d.r.c.RepositoryConfigurationDelegate request_id= idempotency_key= order_id= user_id= sku_id= payment_tx= - Finished Spring Data repository scanning in 11 ms. Found 0 Redis repository interfaces.
2026-08-11T10:20:29.262+08:00 INFO  o.s.b.w.e.tomcat.TomcatWebServer request_id= idempotency_key= order_id= user_id= sku_id= payment_tx= - Tomcat initialized with port 0 (http)
2026-08-11T10:20:29.269+08:00 INFO  o.a.catalina.core.StandardService request_id= idempotency_key= order_id= user_id= sku_id= payment_tx= - Starting service [Tomcat]
2026-08-11T10:20:29.269+08:00 INFO  o.a.catalina.core.StandardEngine request_id= idempotency_key= order_id= user_id= sku_id= payment_tx= - Starting Servlet engine: [Apache Tomcat/10.1.44]
2026-08-11T10:20:29.286+08:00 INFO  o.a.c.c.C.[Tomcat].[localhost].[/] request_id= idempotency_key= order_id= user_id= sku_id= payment_tx= - Initializing Spring embedded WebApplicationContext
2026-08-11T10:20:29.286+08:00 INFO  o.s.b.w.s.c.ServletWebServerApplicationContext request_id= idempotency_key= order_id= user_id= sku_id= payment_tx= - Root WebApplicationContext: initialization completed in 663 ms
Standard Commons Logging discovery in action with spring-jcl: please remove commons-logging.jar from classpath in order to avoid potential conflicts
WARNING: A terminally deprecated method in sun.misc.Unsafe has been called
WARNING: sun.misc.Unsafe::allocateMemory has been called by io.netty.util.internal.PlatformDependent0$2 (file:/Users/yuzheng/.m2/repository/io/netty/netty-common/4.1.124.Final/netty-common-4.1.124.Final.jar)
WARNING: Please consider reporting this to the maintainers of class io.netty.util.internal.PlatformDependent0$2
WARNING: sun.misc.Unsafe::allocateMemory will be removed in a future release
WARNING: A restricted method in java.lang.System has been called
WARNING: java.lang.System::loadLibrary has been called by io.netty.util.internal.NativeLibraryUtil in an unnamed module (file:/Users/yuzheng/.m2/repository/io/netty/netty-common/4.1.124.Final/netty-common-4.1.124.Final.jar)
WARNING: Use --enable-native-access=ALL-UNNAMED to avoid a warning for callers in this module
WARNING: Restricted methods will be blocked in a future release unless native access is enabled

2026-08-11T10:20:29.922+08:00 INFO  com.zaxxer.hikari.HikariDataSource request_id= idempotency_key= order_id= user_id= sku_id= payment_tx= - HikariPool-1 - Starting...
2026-08-11T10:20:30.009+08:00 INFO  com.zaxxer.hikari.pool.HikariPool request_id= idempotency_key= order_id= user_id= sku_id= payment_tx= - HikariPool-1 - Added connection com.mysql.cj.jdbc.ConnectionImpl@430dbcb0
2026-08-11T10:20:30.010+08:00 INFO  com.zaxxer.hikari.HikariDataSource request_id= idempotency_key= order_id= user_id= sku_id= payment_tx= - HikariPool-1 - Start completed.
2026-08-11T10:20:30.027+08:00 INFO  org.flywaydb.core.FlywayExecutor request_id= idempotency_key= order_id= user_id= sku_id= payment_tx= - Database: jdbc:mysql://localhost:54881/flashflow (MySQL 8.4)
2026-08-11T10:20:30.047+08:00 WARN  o.f.c.i.database.base.Database request_id= idempotency_key= order_id= user_id= sku_id= payment_tx= - Flyway upgrade recommended: MySQL 8.4 is newer than this version of Flyway and support has not been tested. The latest supported version of MySQL is 8.1.
2026-08-11T10:20:30.061+08:00 INFO  o.f.c.i.s.JdbcTableSchemaHistory request_id= idempotency_key= order_id= user_id= sku_id= payment_tx= - Schema history table `flashflow`.`flyway_schema_history` does not exist yet
2026-08-11T10:20:30.064+08:00 INFO  o.f.core.internal.command.DbValidate request_id= idempotency_key= order_id= user_id= sku_id= payment_tx= - Successfully validated 4 migrations (execution time 00:00.012s)
2026-08-11T10:20:30.075+08:00 INFO  o.f.c.i.s.JdbcTableSchemaHistory request_id= idempotency_key= order_id= user_id= sku_id= payment_tx= - Creating Schema History table `flashflow`.`flyway_schema_history` ...
2026-08-11T10:20:30.103+08:00 INFO  o.f.core.internal.command.DbMigrate request_id= idempotency_key= order_id= user_id= sku_id= payment_tx= - Current version of schema `flashflow`: << Empty Schema >>
2026-08-11T10:20:30.112+08:00 INFO  o.f.core.internal.command.DbMigrate request_id= idempotency_key= order_id= user_id= sku_id= payment_tx= - Migrating schema `flashflow` to version "1 - create flashflow v1 schema"
2026-08-11T10:20:30.234+08:00 INFO  o.f.core.internal.command.DbMigrate request_id= idempotency_key= order_id= user_id= sku_id= payment_tx= - Migrating schema `flashflow` to version "2 - create order command ledger"
2026-08-11T10:20:30.267+08:00 INFO  o.f.core.internal.command.DbMigrate request_id= idempotency_key= order_id= user_id= sku_id= payment_tx= - Migrating schema `flashflow` to version "3 - extend order command transport evidence"
2026-08-11T10:20:30.309+08:00 INFO  o.f.core.internal.command.DbMigrate request_id= idempotency_key= order_id= user_id= sku_id= payment_tx= - Migrating schema `flashflow` to version "4 - create order command outbox"
2026-08-11T10:20:30.329+08:00 INFO  o.f.core.internal.command.DbMigrate request_id= idempotency_key= order_id= user_id= sku_id= payment_tx= - Successfully applied 4 migrations to schema `flashflow`, now at version v4 (execution time 00:00.150s)
2026-08-11T10:20:30.997+08:00 INFO  o.s.b.a.e.web.EndpointLinksResolver request_id= idempotency_key= order_id= user_id= sku_id= payment_tx= - Exposing 2 endpoints beneath base path '/actuator'
2026-08-11T10:20:31.060+08:00 INFO  o.s.b.w.e.tomcat.TomcatWebServer request_id= idempotency_key= order_id= user_id= sku_id= payment_tx= - Tomcat started on port 54956 (http) with context path '/'
2026-08-11T10:20:31.070+08:00 INFO  d.f.V4OutboxBacklogDrainIntegrationTest request_id= idempotency_key= order_id= user_id= sku_id= payment_tx= - Started V4OutboxBacklogDrainIntegrationTest in 2.587 seconds (process running for 8.401)
OpenJDK 64-Bit Server VM warning: Sharing is only supported for boot loader classes because bootstrap classpath has been appended
2026-08-11T10:20:43.843+08:00 INFO  o.a.c.c.C.[Tomcat].[localhost].[/] request_id= idempotency_key= order_id= user_id= sku_id= payment_tx= - Initializing Spring DispatcherServlet 'dispatcherServlet'
2026-08-11T10:20:43.844+08:00 INFO  o.s.web.servlet.DispatcherServlet request_id= idempotency_key= order_id= user_id= sku_id= payment_tx= - Initializing Servlet 'dispatcherServlet'
2026-08-11T10:20:43.844+08:00 INFO  o.s.web.servlet.DispatcherServlet request_id= idempotency_key= order_id= user_id= sku_id= payment_tx= - Completed initialization in 0 ms
2026-08-11T10:20:43.879+08:00 INFO  d.f.m.o.OutboxAsyncOrderApplicationService request_id=994c5088-e068-4748-b82e-493fb51e92c4 idempotency_key=key-0cb2e14b-0 order_id= user_id=user-0cb2e14b-0 sku_id=sku-v4-backlog-0cb2e14b payment_tx= - Durable Outbox acceptance command_id=f4f2b61044817e63721230643695f2310da118c91833a4d26e4ccd6c9c49fa7b status=ACCEPTED
2026-08-11T10:20:43.904+08:00 INFO  d.f.m.o.OutboxAsyncOrderApplicationService request_id=3a897780-0cd1-4429-820b-9d6131f2e384 idempotency_key=key-0cb2e14b-1 order_id= user_id=user-0cb2e14b-1 sku_id=sku-v4-backlog-0cb2e14b payment_tx= - Durable Outbox acceptance command_id=7948dd7c9fc21f7469ddaaf61053e12ba77f18cf583728ca48e070ce48a39dac status=ACCEPTED
2026-08-11T10:20:43.914+08:00 INFO  d.f.m.o.OutboxAsyncOrderApplicationService request_id=096afce7-48d3-4f68-8143-679b7ed4ef36 idempotency_key=key-0cb2e14b-2 order_id= user_id=user-0cb2e14b-2 sku_id=sku-v4-backlog-0cb2e14b payment_tx= - Durable Outbox acceptance command_id=2b1eba8c67bc2dfd2d133f685cf2c49340eef63174172238b5fd03f1bf07988d status=ACCEPTED
2026-08-11T10:20:43.930+08:00 INFO  d.f.m.o.OutboxAsyncOrderApplicationService request_id=612fc293-6649-4d4e-969b-f646fe720669 idempotency_key=key-0cb2e14b-3 order_id= user_id=user-0cb2e14b-3 sku_id=sku-v4-backlog-0cb2e14b payment_tx= - Durable Outbox acceptance command_id=b57e83b74528c5362515bb5cafe08abc76a59db4a41faff640d3d7be757e1e74 status=ACCEPTED
2026-08-11T10:20:43.946+08:00 INFO  d.f.m.o.OutboxAsyncOrderApplicationService request_id=43170c23-04ae-42fe-930f-0df3bcca348b idempotency_key=key-0cb2e14b-4 order_id= user_id=user-0cb2e14b-4 sku_id=sku-v4-backlog-0cb2e14b payment_tx= - Durable Outbox acceptance command_id=c4c4b2686eb8df36d2f99fd388ec8e6290fc87bba7a11c6ec2d1fec8a2d89436 status=ACCEPTED
2026-08-11T10:20:43.959+08:00 INFO  d.f.m.o.OutboxAsyncOrderApplicationService request_id=01a56cec-e2b7-4817-acf5-07db1fee14cd idempotency_key=key-0cb2e14b-5 order_id= user_id=user-0cb2e14b-5 sku_id=sku-v4-backlog-0cb2e14b payment_tx= - Durable Outbox acceptance command_id=c12f141d68ad92b44d199db440bda304f33042628cc88973ef4f6304678429a1 status=ACCEPTED
2026-08-11T10:20:43.984+08:00 INFO  d.f.m.o.OutboxAsyncOrderApplicationService request_id=f203c70e-7797-4a79-8225-08a62f3d557f idempotency_key=key-0cb2e14b-6 order_id= user_id=user-0cb2e14b-6 sku_id=sku-v4-backlog-0cb2e14b payment_tx= - Durable Outbox acceptance command_id=08cfe06aad484ffa94f6beb5072498e6d47d967ce76d67d53bd243bcbf77dc07 status=ACCEPTED
2026-08-11T10:20:43.990+08:00 INFO  d.f.m.outbox.OutboxDispatcher request_id= idempotency_key= order_id= user_id= sku_id= payment_tx= - Outbox publication deferred outbox_id=9bc438ba-0271-4936-ad97-95e02f0eab7a command_id=f4f2b61044817e63721230643695f2310da118c91833a4d26e4ccd6c9c49fa7b outcome=RETRYABLE cause=MQCLIENTEXCEPTION
2026-08-11T10:20:43.995+08:00 INFO  d.f.m.outbox.OutboxDispatcher request_id= idempotency_key= order_id= user_id= sku_id= payment_tx= - Outbox publication deferred outbox_id=10d78677-1ccb-4513-afad-b63ef40b4440 command_id=7948dd7c9fc21f7469ddaaf61053e12ba77f18cf583728ca48e070ce48a39dac outcome=RETRYABLE cause=MQCLIENTEXCEPTION
2026-08-11T10:20:44.000+08:00 INFO  d.f.m.o.OutboxAsyncOrderApplicationService request_id=19ebda82-cbbb-47a6-b153-85dee2cf028f idempotency_key=key-0cb2e14b-7 order_id= user_id=user-0cb2e14b-7 sku_id=sku-v4-backlog-0cb2e14b payment_tx= - Durable Outbox acceptance command_id=eed36b31dda4131d073c6cf96c65845c82e020d9bc1e70488d0199f3d5c36729 status=ACCEPTED
2026-08-11T10:20:44.000+08:00 INFO  d.f.m.outbox.OutboxDispatcher request_id= idempotency_key= order_id= user_id= sku_id= payment_tx= - Outbox publication deferred outbox_id=afddcc3e-78f5-459b-8392-eb60e5a8b24a command_id=2b1eba8c67bc2dfd2d133f685cf2c49340eef63174172238b5fd03f1bf07988d outcome=RETRYABLE cause=MQCLIENTEXCEPTION
2026-08-11T10:20:44.007+08:00 INFO  d.f.m.outbox.OutboxDispatcher request_id= idempotency_key= order_id= user_id= sku_id= payment_tx= - Outbox publication deferred outbox_id=1ddaea7f-0e93-4156-bedd-49969b8aa426 command_id=b57e83b74528c5362515bb5cafe08abc76a59db4a41faff640d3d7be757e1e74 outcome=RETRYABLE cause=MQCLIENTEXCEPTION
2026-08-11T10:20:44.011+08:00 INFO  d.f.m.o.OutboxAsyncOrderApplicationService request_id=291d5b3c-7415-480f-a80b-2a05c39a1622 idempotency_key=key-0cb2e14b-8 order_id= user_id=user-0cb2e14b-8 sku_id=sku-v4-backlog-0cb2e14b payment_tx= - Durable Outbox acceptance command_id=f5fa0b5c7c163ec8622d48d527da86f53952d7a3a526874565169d1cad8a8ad4 status=ACCEPTED
2026-08-11T10:20:44.019+08:00 INFO  d.f.m.o.OutboxAsyncOrderApplicationService request_id=b891bd1f-3776-4344-a8ca-2c9b47987781 idempotency_key=key-0cb2e14b-9 order_id= user_id=user-0cb2e14b-9 sku_id=sku-v4-backlog-0cb2e14b payment_tx= - Durable Outbox acceptance command_id=6f427c33d50d5e9ce4f860323ac74102fd98084dc6678e92ec87ea091abeac8c status=ACCEPTED
2026-08-11T10:20:44.027+08:00 INFO  d.f.m.o.OutboxAsyncOrderApplicationService request_id=9fda4e61-6186-4921-b2a2-1b08e0fc0865 idempotency_key=key-0cb2e14b-10 order_id= user_id=user-0cb2e14b-10 sku_id=sku-v4-backlog-0cb2e14b payment_tx= - Durable Outbox acceptance command_id=e6840d35eb3a3109a1876ae26f99f09affd23d87bf991886ce6d19d0470ca0bc status=ACCEPTED
2026-08-11T10:20:44.034+08:00 INFO  d.f.m.o.OutboxAsyncOrderApplicationService request_id=e7d6ad53-65fc-4817-9ba7-895e1ae72bb5 idempotency_key=key-0cb2e14b-11 order_id= user_id=user-0cb2e14b-11 sku_id=sku-v4-backlog-0cb2e14b payment_tx= - Durable Outbox acceptance command_id=74bd1f4f4c49f2ac98e427b3621ecf4d9691addc11b69a870ce28de4f14af2c8 status=ACCEPTED
2026-08-11T10:20:44.147+08:00 INFO  d.f.m.outbox.OutboxDispatcher request_id= idempotency_key= order_id= user_id= sku_id= payment_tx= - Outbox publication deferred outbox_id=272e466b-aa2d-4cee-b373-fac070be62a1 command_id=c4c4b2686eb8df36d2f99fd388ec8e6290fc87bba7a11c6ec2d1fec8a2d89436 outcome=RETRYABLE cause=MQCLIENTEXCEPTION
2026-08-11T10:20:44.155+08:00 INFO  d.f.m.outbox.OutboxDispatcher request_id= idempotency_key= order_id= user_id= sku_id= payment_tx= - Outbox publication deferred outbox_id=eb1efefa-b6f2-428e-b2d4-8ed7cf92d987 command_id=c12f141d68ad92b44d199db440bda304f33042628cc88973ef4f6304678429a1 outcome=RETRYABLE cause=MQCLIENTEXCEPTION
2026-08-11T10:20:44.159+08:00 INFO  d.f.m.outbox.OutboxDispatcher request_id= idempotency_key= order_id= user_id= sku_id= payment_tx= - Outbox publication deferred outbox_id=b3c875f0-b333-4733-a935-5f31adbf3195 command_id=08cfe06aad484ffa94f6beb5072498e6d47d967ce76d67d53bd243bcbf77dc07 outcome=RETRYABLE cause=MQCLIENTEXCEPTION
2026-08-11T10:20:44.163+08:00 INFO  d.f.m.outbox.OutboxDispatcher request_id= idempotency_key= order_id= user_id= sku_id= payment_tx= - Outbox publication deferred outbox_id=99a0192f-c2c8-4020-8a3e-0832644dfe84 command_id=eed36b31dda4131d073c6cf96c65845c82e020d9bc1e70488d0199f3d5c36729 outcome=RETRYABLE cause=MQCLIENTEXCEPTION
2026-08-11T10:20:44.279+08:00 INFO  d.f.m.outbox.OutboxDispatcher request_id= idempotency_key= order_id= user_id= sku_id= payment_tx= - Outbox publication deferred outbox_id=5e75c2e3-611e-4235-82f0-63403fe94931 command_id=f5fa0b5c7c163ec8622d48d527da86f53952d7a3a526874565169d1cad8a8ad4 outcome=RETRYABLE cause=MQCLIENTEXCEPTION
2026-08-11T10:20:44.283+08:00 INFO  d.f.m.outbox.OutboxDispatcher request_id= idempotency_key= order_id= user_id= sku_id= payment_tx= - Outbox publication deferred outbox_id=d95b6cdc-e105-400e-ad15-8e6907dea064 command_id=6f427c33d50d5e9ce4f860323ac74102fd98084dc6678e92ec87ea091abeac8c outcome=RETRYABLE cause=MQCLIENTEXCEPTION
2026-08-11T10:20:44.286+08:00 INFO  d.f.m.outbox.OutboxDispatcher request_id= idempotency_key= order_id= user_id= sku_id= payment_tx= - Outbox publication deferred outbox_id=f4bfe55a-1a45-4c91-b935-c2a1bcc42334 command_id=e6840d35eb3a3109a1876ae26f99f09affd23d87bf991886ce6d19d0470ca0bc outcome=RETRYABLE cause=MQCLIENTEXCEPTION
2026-08-11T10:20:44.290+08:00 INFO  d.f.m.outbox.OutboxDispatcher request_id= idempotency_key= order_id= user_id= sku_id= payment_tx= - Outbox publication deferred outbox_id=feb4277e-3257-4bdb-835e-a7bcd327a85a command_id=74bd1f4f4c49f2ac98e427b3621ecf4d9691addc11b69a870ce28de4f14af2c8 outcome=RETRYABLE cause=MQCLIENTEXCEPTION
2026-08-11T10:20:44.407+08:00 INFO  d.f.m.outbox.OutboxDispatcher request_id= idempotency_key= order_id= user_id= sku_id= payment_tx= - Outbox publication deferred outbox_id=9bc438ba-0271-4936-ad97-95e02f0eab7a command_id=f4f2b61044817e63721230643695f2310da118c91833a4d26e4ccd6c9c49fa7b outcome=RETRYABLE cause=MQCLIENTEXCEPTION
2026-08-11T10:20:44.410+08:00 INFO  d.f.m.outbox.OutboxDispatcher request_id= idempotency_key= order_id= user_id= sku_id= payment_tx= - Outbox publication deferred outbox_id=10d78677-1ccb-4513-afad-b63ef40b4440 command_id=7948dd7c9fc21f7469ddaaf61053e12ba77f18cf583728ca48e070ce48a39dac outcome=RETRYABLE cause=MQCLIENTEXCEPTION
2026-08-11T10:20:44.414+08:00 INFO  d.f.m.outbox.OutboxDispatcher request_id= idempotency_key= order_id= user_id= sku_id= payment_tx= - Outbox publication deferred outbox_id=afddcc3e-78f5-459b-8392-eb60e5a8b24a command_id=2b1eba8c67bc2dfd2d133f685cf2c49340eef63174172238b5fd03f1bf07988d outcome=RETRYABLE cause=MQCLIENTEXCEPTION
2026-08-11T10:20:44.418+08:00 INFO  d.f.m.outbox.OutboxDispatcher request_id= idempotency_key= order_id= user_id= sku_id= payment_tx= - Outbox publication deferred outbox_id=1ddaea7f-0e93-4156-bedd-49969b8aa426 command_id=b57e83b74528c5362515bb5cafe08abc76a59db4a41faff640d3d7be757e1e74 outcome=RETRYABLE cause=MQCLIENTEXCEPTION
2026-08-11T10:20:44.543+08:00 INFO  d.f.m.outbox.OutboxDispatcher request_id= idempotency_key= order_id= user_id= sku_id= payment_tx= - Outbox publication deferred outbox_id=272e466b-aa2d-4cee-b373-fac070be62a1 command_id=c4c4b2686eb8df36d2f99fd388ec8e6290fc87bba7a11c6ec2d1fec8a2d89436 outcome=RETRYABLE cause=MQCLIENTEXCEPTION
2026-08-11T10:20:44.549+08:00 INFO  d.f.m.outbox.OutboxDispatcher request_id= idempotency_key= order_id= user_id= sku_id= payment_tx= - Outbox publication deferred outbox_id=eb1efefa-b6f2-428e-b2d4-8ed7cf92d987 command_id=c12f141d68ad92b44d199db440bda304f33042628cc88973ef4f6304678429a1 outcome=RETRYABLE cause=MQCLIENTEXCEPTION
2026-08-11T10:20:44.559+08:00 INFO  d.f.m.outbox.OutboxDispatcher request_id= idempotency_key= order_id= user_id= sku_id= payment_tx= - Outbox publication deferred outbox_id=b3c875f0-b333-4733-a935-5f31adbf3195 command_id=08cfe06aad484ffa94f6beb5072498e6d47d967ce76d67d53bd243bcbf77dc07 outcome=RETRYABLE cause=MQCLIENTEXCEPTION
2026-08-11T10:20:44.566+08:00 INFO  d.f.m.outbox.OutboxDispatcher request_id= idempotency_key= order_id= user_id= sku_id= payment_tx= - Outbox publication deferred outbox_id=99a0192f-c2c8-4020-8a3e-0832644dfe84 command_id=eed36b31dda4131d073c6cf96c65845c82e020d9bc1e70488d0199f3d5c36729 outcome=RETRYABLE cause=MQCLIENTEXCEPTION
2026-08-11T10:20:44.746+08:00 INFO  d.f.m.outbox.OutboxDispatcher request_id= idempotency_key= order_id= user_id= sku_id= payment_tx= - Outbox publication deferred outbox_id=5e75c2e3-611e-4235-82f0-63403fe94931 command_id=f5fa0b5c7c163ec8622d48d527da86f53952d7a3a526874565169d1cad8a8ad4 outcome=RETRYABLE cause=MQCLIENTEXCEPTION
2026-08-11T10:20:44.756+08:00 INFO  d.f.m.outbox.OutboxDispatcher request_id= idempotency_key= order_id= user_id= sku_id= payment_tx= - Outbox publication deferred outbox_id=d95b6cdc-e105-400e-ad15-8e6907dea064 command_id=6f427c33d50d5e9ce4f860323ac74102fd98084dc6678e92ec87ea091abeac8c outcome=RETRYABLE cause=MQCLIENTEXCEPTION
2026-08-11T10:20:44.765+08:00 INFO  d.f.m.outbox.OutboxDispatcher request_id= idempotency_key= order_id= user_id= sku_id= payment_tx= - Outbox publication deferred outbox_id=f4bfe55a-1a45-4c91-b935-c2a1bcc42334 command_id=e6840d35eb3a3109a1876ae26f99f09affd23d87bf991886ce6d19d0470ca0bc outcome=RETRYABLE cause=MQCLIENTEXCEPTION
2026-08-11T10:20:44.771+08:00 INFO  d.f.m.outbox.OutboxDispatcher request_id= idempotency_key= order_id= user_id= sku_id= payment_tx= - Outbox publication deferred outbox_id=feb4277e-3257-4bdb-835e-a7bcd327a85a command_id=74bd1f4f4c49f2ac98e427b3621ecf4d9691addc11b69a870ce28de4f14af2c8 outcome=RETRYABLE cause=MQCLIENTEXCEPTION
2026-08-11T10:20:44.905+08:00 INFO  d.f.m.outbox.OutboxDispatcher request_id= idempotency_key= order_id= user_id= sku_id= payment_tx= - Outbox publication deferred outbox_id=9bc438ba-0271-4936-ad97-95e02f0eab7a command_id=f4f2b61044817e63721230643695f2310da118c91833a4d26e4ccd6c9c49fa7b outcome=RETRYABLE cause=MQCLIENTEXCEPTION
2026-08-11T10:20:44.910+08:00 INFO  d.f.m.outbox.OutboxDispatcher request_id= idempotency_key= order_id= user_id= sku_id= payment_tx= - Outbox publication deferred outbox_id=10d78677-1ccb-4513-afad-b63ef40b4440 command_id=7948dd7c9fc21f7469ddaaf61053e12ba77f18cf583728ca48e070ce48a39dac outcome=RETRYABLE cause=MQCLIENTEXCEPTION
2026-08-11T10:20:44.917+08:00 INFO  d.f.m.outbox.OutboxDispatcher request_id= idempotency_key= order_id= user_id= sku_id= payment_tx= - Outbox publication deferred outbox_id=afddcc3e-78f5-459b-8392-eb60e5a8b24a command_id=2b1eba8c67bc2dfd2d133f685cf2c49340eef63174172238b5fd03f1bf07988d outcome=RETRYABLE cause=MQCLIENTEXCEPTION
2026-08-11T10:20:44.923+08:00 INFO  d.f.m.outbox.OutboxDispatcher request_id= idempotency_key= order_id= user_id= sku_id= payment_tx= - Outbox publication deferred outbox_id=1ddaea7f-0e93-4156-bedd-49969b8aa426 command_id=b57e83b74528c5362515bb5cafe08abc76a59db4a41faff640d3d7be757e1e74 outcome=RETRYABLE cause=MQCLIENTEXCEPTION
2026-08-11T10:20:45.063+08:00 INFO  d.f.m.outbox.OutboxDispatcher request_id= idempotency_key= order_id= user_id= sku_id= payment_tx= - Outbox publication deferred outbox_id=272e466b-aa2d-4cee-b373-fac070be62a1 command_id=c4c4b2686eb8df36d2f99fd388ec8e6290fc87bba7a11c6ec2d1fec8a2d89436 outcome=RETRYABLE cause=MQCLIENTEXCEPTION
2026-08-11T10:20:45.073+08:00 INFO  d.f.m.outbox.OutboxDispatcher request_id= idempotency_key= order_id= user_id= sku_id= payment_tx= - Outbox publication deferred outbox_id=eb1efefa-b6f2-428e-b2d4-8ed7cf92d987 command_id=c12f141d68ad92b44d199db440bda304f33042628cc88973ef4f6304678429a1 outcome=RETRYABLE cause=MQCLIENTEXCEPTION
2026-08-11T10:20:45.079+08:00 INFO  d.f.m.outbox.OutboxDispatcher request_id= idempotency_key= order_id= user_id= sku_id= payment_tx= - Outbox publication deferred outbox_id=b3c875f0-b333-4733-a935-5f31adbf3195 command_id=08cfe06aad484ffa94f6beb5072498e6d47d967ce76d67d53bd243bcbf77dc07 outcome=RETRYABLE cause=MQCLIENTEXCEPTION
2026-08-11T10:20:45.084+08:00 INFO  d.f.m.outbox.OutboxDispatcher request_id= idempotency_key= order_id= user_id= sku_id= payment_tx= - Outbox publication deferred outbox_id=99a0192f-c2c8-4020-8a3e-0832644dfe84 command_id=eed36b31dda4131d073c6cf96c65845c82e020d9bc1e70488d0199f3d5c36729 outcome=RETRYABLE cause=MQCLIENTEXCEPTION
2026-08-11T10:20:45.207+08:00 INFO  d.f.m.outbox.OutboxDispatcher request_id= idempotency_key= order_id= user_id= sku_id= payment_tx= - Outbox publication deferred outbox_id=5e75c2e3-611e-4235-82f0-63403fe94931 command_id=f5fa0b5c7c163ec8622d48d527da86f53952d7a3a526874565169d1cad8a8ad4 outcome=RETRYABLE cause=MQCLIENTEXCEPTION
2026-08-11T10:20:45.214+08:00 INFO  d.f.m.outbox.OutboxDispatcher request_id= idempotency_key= order_id= user_id= sku_id= payment_tx= - Outbox publication deferred outbox_id=d95b6cdc-e105-400e-ad15-8e6907dea064 command_id=6f427c33d50d5e9ce4f860323ac74102fd98084dc6678e92ec87ea091abeac8c outcome=RETRYABLE cause=MQCLIENTEXCEPTION
2026-08-11T10:20:45.230+08:00 INFO  d.f.m.outbox.OutboxDispatcher request_id= idempotency_key= order_id= user_id= sku_id= payment_tx= - Outbox publication deferred outbox_id=f4bfe55a-1a45-4c91-b935-c2a1bcc42334 command_id=e6840d35eb3a3109a1876ae26f99f09affd23d87bf991886ce6d19d0470ca0bc outcome=RETRYABLE cause=MQCLIENTEXCEPTION
2026-08-11T10:20:45.237+08:00 INFO  d.f.m.outbox.OutboxDispatcher request_id= idempotency_key= order_id= user_id= sku_id= payment_tx= - Outbox publication deferred outbox_id=feb4277e-3257-4bdb-835e-a7bcd327a85a command_id=74bd1f4f4c49f2ac98e427b3621ecf4d9691addc11b69a870ce28de4f14af2c8 outcome=RETRYABLE cause=MQCLIENTEXCEPTION
2026-08-11T10:20:45.362+08:00 INFO  d.f.m.outbox.OutboxDispatcher request_id= idempotency_key= order_id= user_id= sku_id= payment_tx= - Outbox publication deferred outbox_id=9bc438ba-0271-4936-ad97-95e02f0eab7a command_id=f4f2b61044817e63721230643695f2310da118c91833a4d26e4ccd6c9c49fa7b outcome=RETRYABLE cause=MQCLIENTEXCEPTION
2026-08-11T10:20:45.367+08:00 INFO  d.f.m.outbox.OutboxDispatcher request_id= idempotency_key= order_id= user_id= sku_id= payment_tx= - Outbox publication deferred outbox_id=10d78677-1ccb-4513-afad-b63ef40b4440 command_id=7948dd7c9fc21f7469ddaaf61053e12ba77f18cf583728ca48e070ce48a39dac outcome=RETRYABLE cause=MQCLIENTEXCEPTION
2026-08-11T10:20:45.372+08:00 INFO  d.f.m.outbox.OutboxDispatcher request_id= idempotency_key= order_id= user_id= sku_id= payment_tx= - Outbox publication deferred outbox_id=afddcc3e-78f5-459b-8392-eb60e5a8b24a command_id=2b1eba8c67bc2dfd2d133f685cf2c49340eef63174172238b5fd03f1bf07988d outcome=RETRYABLE cause=MQCLIENTEXCEPTION
2026-08-11T10:20:45.377+08:00 INFO  d.f.m.outbox.OutboxDispatcher request_id= idempotency_key= order_id= user_id= sku_id= payment_tx= - Outbox publication deferred outbox_id=1ddaea7f-0e93-4156-bedd-49969b8aa426 command_id=b57e83b74528c5362515bb5cafe08abc76a59db4a41faff640d3d7be757e1e74 outcome=RETRYABLE cause=MQCLIENTEXCEPTION
2026-08-11T10:20:45.516+08:00 INFO  d.f.m.outbox.OutboxDispatcher request_id= idempotency_key= order_id= user_id= sku_id= payment_tx= - Outbox publication deferred outbox_id=272e466b-aa2d-4cee-b373-fac070be62a1 command_id=c4c4b2686eb8df36d2f99fd388ec8e6290fc87bba7a11c6ec2d1fec8a2d89436 outcome=RETRYABLE cause=MQCLIENTEXCEPTION
2026-08-11T10:20:45.524+08:00 INFO  d.f.m.outbox.OutboxDispatcher request_id= idempotency_key= order_id= user_id= sku_id= payment_tx= - Outbox publication deferred outbox_id=eb1efefa-b6f2-428e-b2d4-8ed7cf92d987 command_id=c12f141d68ad92b44d199db440bda304f33042628cc88973ef4f6304678429a1 outcome=RETRYABLE cause=MQCLIENTEXCEPTION
2026-08-11T10:20:45.530+08:00 INFO  d.f.m.outbox.OutboxDispatcher request_id= idempotency_key= order_id= user_id= sku_id= payment_tx= - Outbox publication deferred outbox_id=b3c875f0-b333-4733-a935-5f31adbf3195 command_id=08cfe06aad484ffa94f6beb5072498e6d47d967ce76d67d53bd243bcbf77dc07 outcome=RETRYABLE cause=MQCLIENTEXCEPTION
2026-08-11T10:20:45.536+08:00 INFO  d.f.m.outbox.OutboxDispatcher request_id= idempotency_key= order_id= user_id= sku_id= payment_tx= - Outbox publication deferred outbox_id=99a0192f-c2c8-4020-8a3e-0832644dfe84 command_id=eed36b31dda4131d073c6cf96c65845c82e020d9bc1e70488d0199f3d5c36729 outcome=RETRYABLE cause=MQCLIENTEXCEPTION
2026-08-11T10:20:45.667+08:00 INFO  d.f.m.outbox.OutboxDispatcher request_id= idempotency_key= order_id= user_id= sku_id= payment_tx= - Outbox publication deferred outbox_id=5e75c2e3-611e-4235-82f0-63403fe94931 command_id=f5fa0b5c7c163ec8622d48d527da86f53952d7a3a526874565169d1cad8a8ad4 outcome=RETRYABLE cause=MQCLIENTEXCEPTION
2026-08-11T10:20:45.674+08:00 INFO  d.f.m.outbox.OutboxDispatcher request_id= idempotency_key= order_id= user_id= sku_id= payment_tx= - Outbox publication deferred outbox_id=d95b6cdc-e105-400e-ad15-8e6907dea064 command_id=6f427c33d50d5e9ce4f860323ac74102fd98084dc6678e92ec87ea091abeac8c outcome=RETRYABLE cause=MQCLIENTEXCEPTION
2026-08-11T10:20:45.680+08:00 INFO  d.f.m.outbox.OutboxDispatcher request_id= idempotency_key= order_id= user_id= sku_id= payment_tx= - Outbox publication deferred outbox_id=f4bfe55a-1a45-4c91-b935-c2a1bcc42334 command_id=e6840d35eb3a3109a1876ae26f99f09affd23d87bf991886ce6d19d0470ca0bc outcome=RETRYABLE cause=MQCLIENTEXCEPTION
2026-08-11T10:20:45.686+08:00 INFO  d.f.m.outbox.OutboxDispatcher request_id= idempotency_key= order_id= user_id= sku_id= payment_tx= - Outbox publication deferred outbox_id=feb4277e-3257-4bdb-835e-a7bcd327a85a command_id=74bd1f4f4c49f2ac98e427b3621ecf4d9691addc11b69a870ce28de4f14af2c8 outcome=RETRYABLE cause=MQCLIENTEXCEPTION
2026-08-11T10:20:46.264+08:00 INFO  d.f.m.outbox.OutboxDispatcher request_id= idempotency_key= order_id= user_id= sku_id= payment_tx= - Outbox publication deferred outbox_id=9bc438ba-0271-4936-ad97-95e02f0eab7a command_id=f4f2b61044817e63721230643695f2310da118c91833a4d26e4ccd6c9c49fa7b outcome=RETRYABLE cause=MQCLIENTEXCEPTION
2026-08-11T10:20:46.269+08:00 INFO  d.f.m.outbox.OutboxDispatcher request_id= idempotency_key= order_id= user_id= sku_id= payment_tx= - Outbox publication deferred outbox_id=10d78677-1ccb-4513-afad-b63ef40b4440 command_id=7948dd7c9fc21f7469ddaaf61053e12ba77f18cf583728ca48e070ce48a39dac outcome=RETRYABLE cause=MQCLIENTEXCEPTION
2026-08-11T10:20:46.274+08:00 INFO  d.f.m.outbox.OutboxDispatcher request_id= idempotency_key= order_id= user_id= sku_id= payment_tx= - Outbox publication deferred outbox_id=afddcc3e-78f5-459b-8392-eb60e5a8b24a command_id=2b1eba8c67bc2dfd2d133f685cf2c49340eef63174172238b5fd03f1bf07988d outcome=RETRYABLE cause=MQCLIENTEXCEPTION
2026-08-11T10:20:46.279+08:00 INFO  d.f.m.outbox.OutboxDispatcher request_id= idempotency_key= order_id= user_id= sku_id= payment_tx= - Outbox publication deferred outbox_id=1ddaea7f-0e93-4156-bedd-49969b8aa426 command_id=b57e83b74528c5362515bb5cafe08abc76a59db4a41faff640d3d7be757e1e74 outcome=RETRYABLE cause=MQCLIENTEXCEPTION
2026-08-11T10:20:46.405+08:00 INFO  d.f.m.outbox.OutboxDispatcher request_id= idempotency_key= order_id= user_id= sku_id= payment_tx= - Outbox publication deferred outbox_id=272e466b-aa2d-4cee-b373-fac070be62a1 command_id=c4c4b2686eb8df36d2f99fd388ec8e6290fc87bba7a11c6ec2d1fec8a2d89436 outcome=RETRYABLE cause=MQCLIENTEXCEPTION
2026-08-11T10:20:46.413+08:00 INFO  d.f.m.outbox.OutboxDispatcher request_id= idempotency_key= order_id= user_id= sku_id= payment_tx= - Outbox publication deferred outbox_id=eb1efefa-b6f2-428e-b2d4-8ed7cf92d987 command_id=c12f141d68ad92b44d199db440bda304f33042628cc88973ef4f6304678429a1 outcome=RETRYABLE cause=MQCLIENTEXCEPTION
2026-08-11T10:20:46.417+08:00 INFO  d.f.m.outbox.OutboxDispatcher request_id= idempotency_key= order_id= user_id= sku_id= payment_tx= - Outbox publication deferred outbox_id=b3c875f0-b333-4733-a935-5f31adbf3195 command_id=08cfe06aad484ffa94f6beb5072498e6d47d967ce76d67d53bd243bcbf77dc07 outcome=RETRYABLE cause=MQCLIENTEXCEPTION
2026-08-11T10:20:46.422+08:00 INFO  d.f.m.outbox.OutboxDispatcher request_id= idempotency_key= order_id= user_id= sku_id= payment_tx= - Outbox publication deferred outbox_id=99a0192f-c2c8-4020-8a3e-0832644dfe84 command_id=eed36b31dda4131d073c6cf96c65845c82e020d9bc1e70488d0199f3d5c36729 outcome=RETRYABLE cause=MQCLIENTEXCEPTION
2026-08-11T10:20:46.535+08:00 INFO  d.f.m.outbox.OutboxDispatcher request_id= idempotency_key= order_id= user_id= sku_id= payment_tx= - Outbox publication deferred outbox_id=5e75c2e3-611e-4235-82f0-63403fe94931 command_id=f5fa0b5c7c163ec8622d48d527da86f53952d7a3a526874565169d1cad8a8ad4 outcome=RETRYABLE cause=MQCLIENTEXCEPTION
2026-08-11T10:20:46.537+08:00 INFO  d.f.m.outbox.OutboxDispatcher request_id= idempotency_key= order_id= user_id= sku_id= payment_tx= - Outbox publication deferred outbox_id=d95b6cdc-e105-400e-ad15-8e6907dea064 command_id=6f427c33d50d5e9ce4f860323ac74102fd98084dc6678e92ec87ea091abeac8c outcome=RETRYABLE cause=MQCLIENTEXCEPTION
2026-08-11T10:20:46.539+08:00 INFO  d.f.m.outbox.OutboxDispatcher request_id= idempotency_key= order_id= user_id= sku_id= payment_tx= - Outbox publication deferred outbox_id=f4bfe55a-1a45-4c91-b935-c2a1bcc42334 command_id=e6840d35eb3a3109a1876ae26f99f09affd23d87bf991886ce6d19d0470ca0bc outcome=RETRYABLE cause=MQCLIENTEXCEPTION
2026-08-11T10:20:46.541+08:00 INFO  d.f.m.outbox.OutboxDispatcher request_id= idempotency_key= order_id= user_id= sku_id= payment_tx= - Outbox publication deferred outbox_id=feb4277e-3257-4bdb-835e-a7bcd327a85a command_id=74bd1f4f4c49f2ac98e427b3621ecf4d9691addc11b69a870ce28de4f14af2c8 outcome=RETRYABLE cause=MQCLIENTEXCEPTION
2026-08-11T10:20:47.312+08:00 INFO  d.f.m.outbox.OutboxDispatcher request_id= idempotency_key= order_id= user_id= sku_id= payment_tx= - Outbox publication deferred outbox_id=9bc438ba-0271-4936-ad97-95e02f0eab7a command_id=f4f2b61044817e63721230643695f2310da118c91833a4d26e4ccd6c9c49fa7b outcome=RETRYABLE cause=MQCLIENTEXCEPTION
2026-08-11T10:20:47.328+08:00 INFO  d.f.m.outbox.OutboxDispatcher request_id= idempotency_key= order_id= user_id= sku_id= payment_tx= - Outbox publication deferred outbox_id=10d78677-1ccb-4513-afad-b63ef40b4440 command_id=7948dd7c9fc21f7469ddaaf61053e12ba77f18cf583728ca48e070ce48a39dac outcome=RETRYABLE cause=MQCLIENTEXCEPTION
2026-08-11T10:20:47.344+08:00 INFO  d.f.m.outbox.OutboxDispatcher request_id= idempotency_key= order_id= user_id= sku_id= payment_tx= - Outbox publication deferred outbox_id=afddcc3e-78f5-459b-8392-eb60e5a8b24a command_id=2b1eba8c67bc2dfd2d133f685cf2c49340eef63174172238b5fd03f1bf07988d outcome=RETRYABLE cause=MQCLIENTEXCEPTION
2026-08-11T10:20:47.355+08:00 INFO  d.f.m.outbox.OutboxDispatcher request_id= idempotency_key= order_id= user_id= sku_id= payment_tx= - Outbox publication deferred outbox_id=1ddaea7f-0e93-4156-bedd-49969b8aa426 command_id=b57e83b74528c5362515bb5cafe08abc76a59db4a41faff640d3d7be757e1e74 outcome=RETRYABLE cause=MQCLIENTEXCEPTION
2026-08-11T10:20:47.507+08:00 INFO  d.f.m.outbox.OutboxDispatcher request_id= idempotency_key= order_id= user_id= sku_id= payment_tx= - Outbox publication deferred outbox_id=272e466b-aa2d-4cee-b373-fac070be62a1 command_id=c4c4b2686eb8df36d2f99fd388ec8e6290fc87bba7a11c6ec2d1fec8a2d89436 outcome=RETRYABLE cause=MQCLIENTEXCEPTION
2026-08-11T10:20:47.518+08:00 INFO  d.f.m.outbox.OutboxDispatcher request_id= idempotency_key= order_id= user_id= sku_id= payment_tx= - Outbox publication deferred outbox_id=eb1efefa-b6f2-428e-b2d4-8ed7cf92d987 command_id=c12f141d68ad92b44d199db440bda304f33042628cc88973ef4f6304678429a1 outcome=RETRYABLE cause=MQCLIENTEXCEPTION
2026-08-11T10:20:47.529+08:00 INFO  d.f.m.outbox.OutboxDispatcher request_id= idempotency_key= order_id= user_id= sku_id= payment_tx= - Outbox publication deferred outbox_id=b3c875f0-b333-4733-a935-5f31adbf3195 command_id=08cfe06aad484ffa94f6beb5072498e6d47d967ce76d67d53bd243bcbf77dc07 outcome=RETRYABLE cause=MQCLIENTEXCEPTION
2026-08-11T10:20:47.539+08:00 INFO  d.f.m.outbox.OutboxDispatcher request_id= idempotency_key= order_id= user_id= sku_id= payment_tx= - Outbox publication deferred outbox_id=99a0192f-c2c8-4020-8a3e-0832644dfe84 command_id=eed36b31dda4131d073c6cf96c65845c82e020d9bc1e70488d0199f3d5c36729 outcome=RETRYABLE cause=MQCLIENTEXCEPTION
2026-08-11T10:20:47.666+08:00 INFO  d.f.m.outbox.OutboxDispatcher request_id= idempotency_key= order_id= user_id= sku_id= payment_tx= - Outbox publication deferred outbox_id=5e75c2e3-611e-4235-82f0-63403fe94931 command_id=f5fa0b5c7c163ec8622d48d527da86f53952d7a3a526874565169d1cad8a8ad4 outcome=RETRYABLE cause=MQCLIENTEXCEPTION
2026-08-11T10:20:47.673+08:00 INFO  d.f.m.outbox.OutboxDispatcher request_id= idempotency_key= order_id= user_id= sku_id= payment_tx= - Outbox publication deferred outbox_id=d95b6cdc-e105-400e-ad15-8e6907dea064 command_id=6f427c33d50d5e9ce4f860323ac74102fd98084dc6678e92ec87ea091abeac8c outcome=RETRYABLE cause=MQCLIENTEXCEPTION
2026-08-11T10:20:47.681+08:00 INFO  d.f.m.outbox.OutboxDispatcher request_id= idempotency_key= order_id= user_id= sku_id= payment_tx= - Outbox publication deferred outbox_id=f4bfe55a-1a45-4c91-b935-c2a1bcc42334 command_id=e6840d35eb3a3109a1876ae26f99f09affd23d87bf991886ce6d19d0470ca0bc outcome=RETRYABLE cause=MQCLIENTEXCEPTION
2026-08-11T10:20:47.691+08:00 INFO  d.f.m.outbox.OutboxDispatcher request_id= idempotency_key= order_id= user_id= sku_id= payment_tx= - Outbox publication deferred outbox_id=feb4277e-3257-4bdb-835e-a7bcd327a85a command_id=74bd1f4f4c49f2ac98e427b3621ecf4d9691addc11b69a870ce28de4f14af2c8 outcome=RETRYABLE cause=MQCLIENTEXCEPTION
2026-08-11T10:20:48.348+08:00 INFO  d.f.m.outbox.OutboxDispatcher request_id= idempotency_key= order_id= user_id= sku_id= payment_tx= - Outbox publication deferred outbox_id=9bc438ba-0271-4936-ad97-95e02f0eab7a command_id=f4f2b61044817e63721230643695f2310da118c91833a4d26e4ccd6c9c49fa7b outcome=RETRYABLE cause=MQCLIENTEXCEPTION
2026-08-11T10:20:48.350+08:00 INFO  d.f.m.outbox.OutboxDispatcher request_id= idempotency_key= order_id= user_id= sku_id= payment_tx= - Outbox publication deferred outbox_id=10d78677-1ccb-4513-afad-b63ef40b4440 command_id=7948dd7c9fc21f7469ddaaf61053e12ba77f18cf583728ca48e070ce48a39dac outcome=RETRYABLE cause=MQCLIENTEXCEPTION
2026-08-11T10:20:48.353+08:00 INFO  d.f.m.outbox.OutboxDispatcher request_id= idempotency_key= order_id= user_id= sku_id= payment_tx= - Outbox publication deferred outbox_id=afddcc3e-78f5-459b-8392-eb60e5a8b24a command_id=2b1eba8c67bc2dfd2d133f685cf2c49340eef63174172238b5fd03f1bf07988d outcome=RETRYABLE cause=MQCLIENTEXCEPTION
2026-08-11T10:20:48.466+08:00 INFO  d.f.m.outbox.OutboxDispatcher request_id= idempotency_key= order_id= user_id= sku_id= payment_tx= - Outbox publication deferred outbox_id=1ddaea7f-0e93-4156-bedd-49969b8aa426 command_id=b57e83b74528c5362515bb5cafe08abc76a59db4a41faff640d3d7be757e1e74 outcome=RETRYABLE cause=MQCLIENTEXCEPTION
2026-08-11T10:20:48.583+08:00 INFO  d.f.m.outbox.OutboxDispatcher request_id= idempotency_key= order_id= user_id= sku_id= payment_tx= - Outbox publication deferred outbox_id=272e466b-aa2d-4cee-b373-fac070be62a1 command_id=c4c4b2686eb8df36d2f99fd388ec8e6290fc87bba7a11c6ec2d1fec8a2d89436 outcome=RETRYABLE cause=MQCLIENTEXCEPTION
2026-08-11T10:20:48.587+08:00 INFO  d.f.m.outbox.OutboxDispatcher request_id= idempotency_key= order_id= user_id= sku_id= payment_tx= - Outbox publication deferred outbox_id=eb1efefa-b6f2-428e-b2d4-8ed7cf92d987 command_id=c12f141d68ad92b44d199db440bda304f33042628cc88973ef4f6304678429a1 outcome=RETRYABLE cause=MQCLIENTEXCEPTION
2026-08-11T10:20:48.590+08:00 INFO  d.f.m.outbox.OutboxDispatcher request_id= idempotency_key= order_id= user_id= sku_id= payment_tx= - Outbox publication deferred outbox_id=b3c875f0-b333-4733-a935-5f31adbf3195 command_id=08cfe06aad484ffa94f6beb5072498e6d47d967ce76d67d53bd243bcbf77dc07 outcome=RETRYABLE cause=MQCLIENTEXCEPTION
2026-08-11T10:20:48.593+08:00 INFO  d.f.m.outbox.OutboxDispatcher request_id= idempotency_key= order_id= user_id= sku_id= payment_tx= - Outbox publication deferred outbox_id=99a0192f-c2c8-4020-8a3e-0832644dfe84 command_id=eed36b31dda4131d073c6cf96c65845c82e020d9bc1e70488d0199f3d5c36729 outcome=RETRYABLE cause=MQCLIENTEXCEPTION
2026-08-11T10:20:48.709+08:00 INFO  d.f.m.outbox.OutboxDispatcher request_id= idempotency_key= order_id= user_id= sku_id= payment_tx= - Outbox publication deferred outbox_id=5e75c2e3-611e-4235-82f0-63403fe94931 command_id=f5fa0b5c7c163ec8622d48d527da86f53952d7a3a526874565169d1cad8a8ad4 outcome=RETRYABLE cause=MQCLIENTEXCEPTION
2026-08-11T10:20:48.713+08:00 INFO  d.f.m.outbox.OutboxDispatcher request_id= idempotency_key= order_id= user_id= sku_id= payment_tx= - Outbox publication deferred outbox_id=d95b6cdc-e105-400e-ad15-8e6907dea064 command_id=6f427c33d50d5e9ce4f860323ac74102fd98084dc6678e92ec87ea091abeac8c outcome=RETRYABLE cause=MQCLIENTEXCEPTION
2026-08-11T10:20:48.717+08:00 INFO  d.f.m.outbox.OutboxDispatcher request_id= idempotency_key= order_id= user_id= sku_id= payment_tx= - Outbox publication deferred outbox_id=f4bfe55a-1a45-4c91-b935-c2a1bcc42334 command_id=e6840d35eb3a3109a1876ae26f99f09affd23d87bf991886ce6d19d0470ca0bc outcome=RETRYABLE cause=MQCLIENTEXCEPTION
2026-08-11T10:20:48.721+08:00 INFO  d.f.m.outbox.OutboxDispatcher request_id= idempotency_key= order_id= user_id= sku_id= payment_tx= - Outbox publication deferred outbox_id=feb4277e-3257-4bdb-835e-a7bcd327a85a command_id=74bd1f4f4c49f2ac98e427b3621ecf4d9691addc11b69a870ce28de4f14af2c8 outcome=RETRYABLE cause=MQCLIENTEXCEPTION
2026-08-11T10:20:49.378+08:00 INFO  d.f.m.outbox.OutboxDispatcher request_id= idempotency_key= order_id= user_id= sku_id= payment_tx= - Outbox publication deferred outbox_id=9bc438ba-0271-4936-ad97-95e02f0eab7a command_id=f4f2b61044817e63721230643695f2310da118c91833a4d26e4ccd6c9c49fa7b outcome=RETRYABLE cause=MQCLIENTEXCEPTION
2026-08-11T10:20:49.381+08:00 INFO  d.f.m.outbox.OutboxDispatcher request_id= idempotency_key= order_id= user_id= sku_id= payment_tx= - Outbox publication deferred outbox_id=10d78677-1ccb-4513-afad-b63ef40b4440 command_id=7948dd7c9fc21f7469ddaaf61053e12ba77f18cf583728ca48e070ce48a39dac outcome=RETRYABLE cause=MQCLIENTEXCEPTION
2026-08-11T10:20:49.383+08:00 INFO  d.f.m.outbox.OutboxDispatcher request_id= idempotency_key= order_id= user_id= sku_id= payment_tx= - Outbox publication deferred outbox_id=afddcc3e-78f5-459b-8392-eb60e5a8b24a command_id=2b1eba8c67bc2dfd2d133f685cf2c49340eef63174172238b5fd03f1bf07988d outcome=RETRYABLE cause=MQCLIENTEXCEPTION
2026-08-11T10:20:49.491+08:00 INFO  d.f.m.outbox.OutboxDispatcher request_id= idempotency_key= order_id= user_id= sku_id= payment_tx= - Outbox publication deferred outbox_id=1ddaea7f-0e93-4156-bedd-49969b8aa426 command_id=b57e83b74528c5362515bb5cafe08abc76a59db4a41faff640d3d7be757e1e74 outcome=RETRYABLE cause=MQCLIENTEXCEPTION
2026-08-11T10:20:49.604+08:00 INFO  d.f.m.outbox.OutboxDispatcher request_id= idempotency_key= order_id= user_id= sku_id= payment_tx= - Outbox publication deferred outbox_id=272e466b-aa2d-4cee-b373-fac070be62a1 command_id=c4c4b2686eb8df36d2f99fd388ec8e6290fc87bba7a11c6ec2d1fec8a2d89436 outcome=RETRYABLE cause=MQCLIENTEXCEPTION
2026-08-11T10:20:49.606+08:00 INFO  d.f.m.outbox.OutboxDispatcher request_id= idempotency_key= order_id= user_id= sku_id= payment_tx= - Outbox publication deferred outbox_id=eb1efefa-b6f2-428e-b2d4-8ed7cf92d987 command_id=c12f141d68ad92b44d199db440bda304f33042628cc88973ef4f6304678429a1 outcome=RETRYABLE cause=MQCLIENTEXCEPTION
2026-08-11T10:20:49.609+08:00 INFO  d.f.m.outbox.OutboxDispatcher request_id= idempotency_key= order_id= user_id= sku_id= payment_tx= - Outbox publication deferred outbox_id=b3c875f0-b333-4733-a935-5f31adbf3195 command_id=08cfe06aad484ffa94f6beb5072498e6d47d967ce76d67d53bd243bcbf77dc07 outcome=RETRYABLE cause=MQCLIENTEXCEPTION
2026-08-11T10:20:49.611+08:00 INFO  d.f.m.outbox.OutboxDispatcher request_id= idempotency_key= order_id= user_id= sku_id= payment_tx= - Outbox publication deferred outbox_id=99a0192f-c2c8-4020-8a3e-0832644dfe84 command_id=eed36b31dda4131d073c6cf96c65845c82e020d9bc1e70488d0199f3d5c36729 outcome=RETRYABLE cause=MQCLIENTEXCEPTION
2026-08-11T10:20:49.723+08:00 INFO  d.f.m.outbox.OutboxDispatcher request_id= idempotency_key= order_id= user_id= sku_id= payment_tx= - Outbox publication deferred outbox_id=5e75c2e3-611e-4235-82f0-63403fe94931 command_id=f5fa0b5c7c163ec8622d48d527da86f53952d7a3a526874565169d1cad8a8ad4 outcome=RETRYABLE cause=MQCLIENTEXCEPTION
2026-08-11T10:20:49.725+08:00 INFO  d.f.m.outbox.OutboxDispatcher request_id= idempotency_key= order_id= user_id= sku_id= payment_tx= - Outbox publication deferred outbox_id=d95b6cdc-e105-400e-ad15-8e6907dea064 command_id=6f427c33d50d5e9ce4f860323ac74102fd98084dc6678e92ec87ea091abeac8c outcome=RETRYABLE cause=MQCLIENTEXCEPTION
2026-08-11T10:20:49.727+08:00 INFO  d.f.m.outbox.OutboxDispatcher request_id= idempotency_key= order_id= user_id= sku_id= payment_tx= - Outbox publication deferred outbox_id=f4bfe55a-1a45-4c91-b935-c2a1bcc42334 command_id=e6840d35eb3a3109a1876ae26f99f09affd23d87bf991886ce6d19d0470ca0bc outcome=RETRYABLE cause=MQCLIENTEXCEPTION
2026-08-11T10:20:49.839+08:00 INFO  d.f.m.outbox.OutboxDispatcher request_id= idempotency_key= order_id= user_id= sku_id= payment_tx= - Outbox publication deferred outbox_id=feb4277e-3257-4bdb-835e-a7bcd327a85a command_id=74bd1f4f4c49f2ac98e427b3621ecf4d9691addc11b69a870ce28de4f14af2c8 outcome=RETRYABLE cause=MQCLIENTEXCEPTION
2026-08-11T10:20:50.475+08:00 INFO  d.f.m.outbox.OutboxDispatcher request_id= idempotency_key= order_id= user_id= sku_id= payment_tx= - Outbox publication deferred outbox_id=9bc438ba-0271-4936-ad97-95e02f0eab7a command_id=f4f2b61044817e63721230643695f2310da118c91833a4d26e4ccd6c9c49fa7b outcome=RETRYABLE cause=MQCLIENTEXCEPTION
2026-08-11T10:20:50.478+08:00 INFO  d.f.m.outbox.OutboxDispatcher request_id= idempotency_key= order_id= user_id= sku_id= payment_tx= - Outbox publication deferred outbox_id=10d78677-1ccb-4513-afad-b63ef40b4440 command_id=7948dd7c9fc21f7469ddaaf61053e12ba77f18cf583728ca48e070ce48a39dac outcome=RETRYABLE cause=MQCLIENTEXCEPTION
2026-08-11T10:20:50.481+08:00 INFO  d.f.m.outbox.OutboxDispatcher request_id= idempotency_key= order_id= user_id= sku_id= payment_tx= - Outbox publication deferred outbox_id=afddcc3e-78f5-459b-8392-eb60e5a8b24a command_id=2b1eba8c67bc2dfd2d133f685cf2c49340eef63174172238b5fd03f1bf07988d outcome=RETRYABLE cause=MQCLIENTEXCEPTION
2026-08-11T10:20:50.591+08:00 INFO  d.f.m.outbox.OutboxDispatcher request_id= idempotency_key= order_id= user_id= sku_id= payment_tx= - Outbox publication deferred outbox_id=1ddaea7f-0e93-4156-bedd-49969b8aa426 command_id=b57e83b74528c5362515bb5cafe08abc76a59db4a41faff640d3d7be757e1e74 outcome=RETRYABLE cause=MQCLIENTEXCEPTION
2026-08-11T10:20:50.705+08:00 INFO  d.f.m.outbox.OutboxDispatcher request_id= idempotency_key= order_id= user_id= sku_id= payment_tx= - Outbox publication deferred outbox_id=272e466b-aa2d-4cee-b373-fac070be62a1 command_id=c4c4b2686eb8df36d2f99fd388ec8e6290fc87bba7a11c6ec2d1fec8a2d89436 outcome=RETRYABLE cause=MQCLIENTEXCEPTION
2026-08-11T10:20:50.708+08:00 INFO  d.f.m.outbox.OutboxDispatcher request_id= idempotency_key= order_id= user_id= sku_id= payment_tx= - Outbox publication deferred outbox_id=eb1efefa-b6f2-428e-b2d4-8ed7cf92d987 command_id=c12f141d68ad92b44d199db440bda304f33042628cc88973ef4f6304678429a1 outcome=RETRYABLE cause=MQCLIENTEXCEPTION
2026-08-11T10:20:50.711+08:00 INFO  d.f.m.outbox.OutboxDispatcher request_id= idempotency_key= order_id= user_id= sku_id= payment_tx= - Outbox publication deferred outbox_id=b3c875f0-b333-4733-a935-5f31adbf3195 command_id=08cfe06aad484ffa94f6beb5072498e6d47d967ce76d67d53bd243bcbf77dc07 outcome=RETRYABLE cause=MQCLIENTEXCEPTION
2026-08-11T10:20:50.715+08:00 INFO  d.f.m.outbox.OutboxDispatcher request_id= idempotency_key= order_id= user_id= sku_id= payment_tx= - Outbox publication deferred outbox_id=99a0192f-c2c8-4020-8a3e-0832644dfe84 command_id=eed36b31dda4131d073c6cf96c65845c82e020d9bc1e70488d0199f3d5c36729 outcome=RETRYABLE cause=MQCLIENTEXCEPTION
2026-08-11T10:20:50.825+08:00 INFO  d.f.m.outbox.OutboxDispatcher request_id= idempotency_key= order_id= user_id= sku_id= payment_tx= - Outbox publication deferred outbox_id=5e75c2e3-611e-4235-82f0-63403fe94931 command_id=f5fa0b5c7c163ec8622d48d527da86f53952d7a3a526874565169d1cad8a8ad4 outcome=RETRYABLE cause=MQCLIENTEXCEPTION
2026-08-11T10:20:50.827+08:00 INFO  d.f.m.outbox.OutboxDispatcher request_id= idempotency_key= order_id= user_id= sku_id= payment_tx= - Outbox publication deferred outbox_id=d95b6cdc-e105-400e-ad15-8e6907dea064 command_id=6f427c33d50d5e9ce4f860323ac74102fd98084dc6678e92ec87ea091abeac8c outcome=RETRYABLE cause=MQCLIENTEXCEPTION
2026-08-11T10:20:50.830+08:00 INFO  d.f.m.outbox.OutboxDispatcher request_id= idempotency_key= order_id= user_id= sku_id= payment_tx= - Outbox publication deferred outbox_id=f4bfe55a-1a45-4c91-b935-c2a1bcc42334 command_id=e6840d35eb3a3109a1876ae26f99f09affd23d87bf991886ce6d19d0470ca0bc outcome=RETRYABLE cause=MQCLIENTEXCEPTION
2026-08-11T10:20:50.942+08:00 INFO  d.f.m.outbox.OutboxDispatcher request_id= idempotency_key= order_id= user_id= sku_id= payment_tx= - Outbox publication deferred outbox_id=feb4277e-3257-4bdb-835e-a7bcd327a85a command_id=74bd1f4f4c49f2ac98e427b3621ecf4d9691addc11b69a870ce28de4f14af2c8 outcome=RETRYABLE cause=MQCLIENTEXCEPTION
2026-08-11T10:20:51.484+08:00 INFO  d.f.m.outbox.OutboxDispatcher request_id= idempotency_key= order_id= user_id= sku_id= payment_tx= - Outbox publication deferred outbox_id=9bc438ba-0271-4936-ad97-95e02f0eab7a command_id=f4f2b61044817e63721230643695f2310da118c91833a4d26e4ccd6c9c49fa7b outcome=RETRYABLE cause=MQCLIENTEXCEPTION
2026-08-11T10:20:51.486+08:00 INFO  d.f.m.outbox.OutboxDispatcher request_id= idempotency_key= order_id= user_id= sku_id= payment_tx= - Outbox publication deferred outbox_id=10d78677-1ccb-4513-afad-b63ef40b4440 command_id=7948dd7c9fc21f7469ddaaf61053e12ba77f18cf583728ca48e070ce48a39dac outcome=RETRYABLE cause=MQCLIENTEXCEPTION
2026-08-11T10:20:51.639+08:00 INFO  d.f.m.outbox.OutboxDispatcher request_id= idempotency_key= order_id= user_id= sku_id= payment_tx= - Outbox publication deferred outbox_id=afddcc3e-78f5-459b-8392-eb60e5a8b24a command_id=2b1eba8c67bc2dfd2d133f685cf2c49340eef63174172238b5fd03f1bf07988d outcome=RETRYABLE cause=MQCLIENTEXCEPTION
2026-08-11T10:20:51.642+08:00 INFO  d.f.m.outbox.OutboxDispatcher request_id= idempotency_key= order_id= user_id= sku_id= payment_tx= - Outbox publication deferred outbox_id=1ddaea7f-0e93-4156-bedd-49969b8aa426 command_id=b57e83b74528c5362515bb5cafe08abc76a59db4a41faff640d3d7be757e1e74 outcome=RETRYABLE cause=MQCLIENTEXCEPTION
2026-08-11T10:20:51.754+08:00 INFO  d.f.m.outbox.OutboxDispatcher request_id= idempotency_key= order_id= user_id= sku_id= payment_tx= - Outbox publication deferred outbox_id=272e466b-aa2d-4cee-b373-fac070be62a1 command_id=c4c4b2686eb8df36d2f99fd388ec8e6290fc87bba7a11c6ec2d1fec8a2d89436 outcome=RETRYABLE cause=MQCLIENTEXCEPTION
2026-08-11T10:20:51.756+08:00 INFO  d.f.m.outbox.OutboxDispatcher request_id= idempotency_key= order_id= user_id= sku_id= payment_tx= - Outbox publication deferred outbox_id=eb1efefa-b6f2-428e-b2d4-8ed7cf92d987 command_id=c12f141d68ad92b44d199db440bda304f33042628cc88973ef4f6304678429a1 outcome=RETRYABLE cause=MQCLIENTEXCEPTION
2026-08-11T10:20:51.757+08:00 INFO  d.f.m.outbox.OutboxDispatcher request_id= idempotency_key= order_id= user_id= sku_id= payment_tx= - Outbox publication deferred outbox_id=b3c875f0-b333-4733-a935-5f31adbf3195 command_id=08cfe06aad484ffa94f6beb5072498e6d47d967ce76d67d53bd243bcbf77dc07 outcome=RETRYABLE cause=MQCLIENTEXCEPTION
2026-08-11T10:20:51.759+08:00 INFO  d.f.m.outbox.OutboxDispatcher request_id= idempotency_key= order_id= user_id= sku_id= payment_tx= - Outbox publication deferred outbox_id=99a0192f-c2c8-4020-8a3e-0832644dfe84 command_id=eed36b31dda4131d073c6cf96c65845c82e020d9bc1e70488d0199f3d5c36729 outcome=RETRYABLE cause=MQCLIENTEXCEPTION
2026-08-11T10:20:51.871+08:00 INFO  d.f.m.outbox.OutboxDispatcher request_id= idempotency_key= order_id= user_id= sku_id= payment_tx= - Outbox publication deferred outbox_id=5e75c2e3-611e-4235-82f0-63403fe94931 command_id=f5fa0b5c7c163ec8622d48d527da86f53952d7a3a526874565169d1cad8a8ad4 outcome=RETRYABLE cause=MQCLIENTEXCEPTION
2026-08-11T10:20:51.873+08:00 INFO  d.f.m.outbox.OutboxDispatcher request_id= idempotency_key= order_id= user_id= sku_id= payment_tx= - Outbox publication deferred outbox_id=d95b6cdc-e105-400e-ad15-8e6907dea064 command_id=6f427c33d50d5e9ce4f860323ac74102fd98084dc6678e92ec87ea091abeac8c outcome=RETRYABLE cause=MQCLIENTEXCEPTION
2026-08-11T10:20:51.875+08:00 INFO  d.f.m.outbox.OutboxDispatcher request_id= idempotency_key= order_id= user_id= sku_id= payment_tx= - Outbox publication deferred outbox_id=f4bfe55a-1a45-4c91-b935-c2a1bcc42334 command_id=e6840d35eb3a3109a1876ae26f99f09affd23d87bf991886ce6d19d0470ca0bc outcome=RETRYABLE cause=MQCLIENTEXCEPTION
2026-08-11T10:20:51.983+08:00 INFO  d.f.m.outbox.OutboxDispatcher request_id= idempotency_key= order_id= user_id= sku_id= payment_tx= - Outbox publication deferred outbox_id=feb4277e-3257-4bdb-835e-a7bcd327a85a command_id=74bd1f4f4c49f2ac98e427b3621ecf4d9691addc11b69a870ce28de4f14af2c8 outcome=RETRYABLE cause=MQCLIENTEXCEPTION
2026-08-11T10:20:52.520+08:00 INFO  d.f.m.outbox.OutboxDispatcher request_id= idempotency_key= order_id= user_id= sku_id= payment_tx= - Outbox publication deferred outbox_id=9bc438ba-0271-4936-ad97-95e02f0eab7a command_id=f4f2b61044817e63721230643695f2310da118c91833a4d26e4ccd6c9c49fa7b outcome=RETRYABLE cause=MQCLIENTEXCEPTION
2026-08-11T10:20:52.523+08:00 INFO  d.f.m.outbox.OutboxDispatcher request_id= idempotency_key= order_id= user_id= sku_id= payment_tx= - Outbox publication deferred outbox_id=10d78677-1ccb-4513-afad-b63ef40b4440 command_id=7948dd7c9fc21f7469ddaaf61053e12ba77f18cf583728ca48e070ce48a39dac outcome=RETRYABLE cause=MQCLIENTEXCEPTION
2026-08-11T10:20:52.742+08:00 INFO  d.f.m.outbox.OutboxDispatcher request_id= idempotency_key= order_id= user_id= sku_id= payment_tx= - Outbox publication deferred outbox_id=afddcc3e-78f5-459b-8392-eb60e5a8b24a command_id=2b1eba8c67bc2dfd2d133f685cf2c49340eef63174172238b5fd03f1bf07988d outcome=RETRYABLE cause=MQCLIENTEXCEPTION
2026-08-11T10:20:52.744+08:00 INFO  d.f.m.outbox.OutboxDispatcher request_id= idempotency_key= order_id= user_id= sku_id= payment_tx= - Outbox publication deferred outbox_id=1ddaea7f-0e93-4156-bedd-49969b8aa426 command_id=b57e83b74528c5362515bb5cafe08abc76a59db4a41faff640d3d7be757e1e74 outcome=RETRYABLE cause=MQCLIENTEXCEPTION
2026-08-11T10:20:52.857+08:00 INFO  d.f.m.outbox.OutboxDispatcher request_id= idempotency_key= order_id= user_id= sku_id= payment_tx= - Outbox publication deferred outbox_id=272e466b-aa2d-4cee-b373-fac070be62a1 command_id=c4c4b2686eb8df36d2f99fd388ec8e6290fc87bba7a11c6ec2d1fec8a2d89436 outcome=RETRYABLE cause=MQCLIENTEXCEPTION
2026-08-11T10:20:52.859+08:00 INFO  d.f.m.outbox.OutboxDispatcher request_id= idempotency_key= order_id= user_id= sku_id= payment_tx= - Outbox publication deferred outbox_id=eb1efefa-b6f2-428e-b2d4-8ed7cf92d987 command_id=c12f141d68ad92b44d199db440bda304f33042628cc88973ef4f6304678429a1 outcome=RETRYABLE cause=MQCLIENTEXCEPTION
2026-08-11T10:20:52.862+08:00 INFO  d.f.m.outbox.OutboxDispatcher request_id= idempotency_key= order_id= user_id= sku_id= payment_tx= - Outbox publication deferred outbox_id=b3c875f0-b333-4733-a935-5f31adbf3195 command_id=08cfe06aad484ffa94f6beb5072498e6d47d967ce76d67d53bd243bcbf77dc07 outcome=RETRYABLE cause=MQCLIENTEXCEPTION
2026-08-11T10:20:52.865+08:00 INFO  d.f.m.outbox.OutboxDispatcher request_id= idempotency_key= order_id= user_id= sku_id= payment_tx= - Outbox publication deferred outbox_id=99a0192f-c2c8-4020-8a3e-0832644dfe84 command_id=eed36b31dda4131d073c6cf96c65845c82e020d9bc1e70488d0199f3d5c36729 outcome=RETRYABLE cause=MQCLIENTEXCEPTION
2026-08-11T10:20:52.977+08:00 INFO  d.f.m.outbox.OutboxDispatcher request_id= idempotency_key= order_id= user_id= sku_id= payment_tx= - Outbox publication deferred outbox_id=5e75c2e3-611e-4235-82f0-63403fe94931 command_id=f5fa0b5c7c163ec8622d48d527da86f53952d7a3a526874565169d1cad8a8ad4 outcome=RETRYABLE cause=MQCLIENTEXCEPTION
2026-08-11T10:20:52.980+08:00 INFO  d.f.m.outbox.OutboxDispatcher request_id= idempotency_key= order_id= user_id= sku_id= payment_tx= - Outbox publication deferred outbox_id=d95b6cdc-e105-400e-ad15-8e6907dea064 command_id=6f427c33d50d5e9ce4f860323ac74102fd98084dc6678e92ec87ea091abeac8c outcome=RETRYABLE cause=MQCLIENTEXCEPTION
2026-08-11T10:20:52.983+08:00 INFO  d.f.m.outbox.OutboxDispatcher request_id= idempotency_key= order_id= user_id= sku_id= payment_tx= - Outbox publication deferred outbox_id=f4bfe55a-1a45-4c91-b935-c2a1bcc42334 command_id=e6840d35eb3a3109a1876ae26f99f09affd23d87bf991886ce6d19d0470ca0bc outcome=RETRYABLE cause=MQCLIENTEXCEPTION
2026-08-11T10:20:53.090+08:00 INFO  d.f.m.outbox.OutboxDispatcher request_id= idempotency_key= order_id= user_id= sku_id= payment_tx= - Outbox publication deferred outbox_id=feb4277e-3257-4bdb-835e-a7bcd327a85a command_id=74bd1f4f4c49f2ac98e427b3621ecf4d9691addc11b69a870ce28de4f14af2c8 outcome=RETRYABLE cause=MQCLIENTEXCEPTION
2026-08-11T10:20:53.626+08:00 INFO  d.f.m.outbox.OutboxDispatcher request_id= idempotency_key= order_id= user_id= sku_id= payment_tx= - Outbox publication deferred outbox_id=9bc438ba-0271-4936-ad97-95e02f0eab7a command_id=f4f2b61044817e63721230643695f2310da118c91833a4d26e4ccd6c9c49fa7b outcome=RETRYABLE cause=MQCLIENTEXCEPTION
2026-08-11T10:20:53.629+08:00 INFO  d.f.m.outbox.OutboxDispatcher request_id= idempotency_key= order_id= user_id= sku_id= payment_tx= - Outbox publication deferred outbox_id=10d78677-1ccb-4513-afad-b63ef40b4440 command_id=7948dd7c9fc21f7469ddaaf61053e12ba77f18cf583728ca48e070ce48a39dac outcome=RETRYABLE cause=MQCLIENTEXCEPTION
2026-08-11T10:20:53.848+08:00 INFO  d.f.m.outbox.OutboxDispatcher request_id= idempotency_key= order_id= user_id= sku_id= payment_tx= - Outbox publication deferred outbox_id=afddcc3e-78f5-459b-8392-eb60e5a8b24a command_id=2b1eba8c67bc2dfd2d133f685cf2c49340eef63174172238b5fd03f1bf07988d outcome=RETRYABLE cause=MQCLIENTEXCEPTION
2026-08-11T10:20:53.850+08:00 INFO  d.f.m.outbox.OutboxDispatcher request_id= idempotency_key= order_id= user_id= sku_id= payment_tx= - Outbox publication deferred outbox_id=1ddaea7f-0e93-4156-bedd-49969b8aa426 command_id=b57e83b74528c5362515bb5cafe08abc76a59db4a41faff640d3d7be757e1e74 outcome=RETRYABLE cause=MQCLIENTEXCEPTION
2026-08-11T10:20:53.962+08:00 INFO  d.f.m.outbox.OutboxDispatcher request_id= idempotency_key= order_id= user_id= sku_id= payment_tx= - Outbox publication deferred outbox_id=272e466b-aa2d-4cee-b373-fac070be62a1 command_id=c4c4b2686eb8df36d2f99fd388ec8e6290fc87bba7a11c6ec2d1fec8a2d89436 outcome=RETRYABLE cause=MQCLIENTEXCEPTION
2026-08-11T10:20:53.964+08:00 INFO  d.f.m.outbox.OutboxDispatcher request_id= idempotency_key= order_id= user_id= sku_id= payment_tx= - Outbox publication deferred outbox_id=eb1efefa-b6f2-428e-b2d4-8ed7cf92d987 command_id=c12f141d68ad92b44d199db440bda304f33042628cc88973ef4f6304678429a1 outcome=RETRYABLE cause=MQCLIENTEXCEPTION
2026-08-11T10:20:53.966+08:00 INFO  d.f.m.outbox.OutboxDispatcher request_id= idempotency_key= order_id= user_id= sku_id= payment_tx= - Outbox publication deferred outbox_id=b3c875f0-b333-4733-a935-5f31adbf3195 command_id=08cfe06aad484ffa94f6beb5072498e6d47d967ce76d67d53bd243bcbf77dc07 outcome=RETRYABLE cause=MQCLIENTEXCEPTION
2026-08-11T10:20:53.968+08:00 INFO  d.f.m.outbox.OutboxDispatcher request_id= idempotency_key= order_id= user_id= sku_id= payment_tx= - Outbox publication deferred outbox_id=99a0192f-c2c8-4020-8a3e-0832644dfe84 command_id=eed36b31dda4131d073c6cf96c65845c82e020d9bc1e70488d0199f3d5c36729 outcome=RETRYABLE cause=MQCLIENTEXCEPTION
2026-08-11T10:20:54.082+08:00 INFO  d.f.m.outbox.OutboxDispatcher request_id= idempotency_key= order_id= user_id= sku_id= payment_tx= - Outbox publication deferred outbox_id=5e75c2e3-611e-4235-82f0-63403fe94931 command_id=f5fa0b5c7c163ec8622d48d527da86f53952d7a3a526874565169d1cad8a8ad4 outcome=RETRYABLE cause=MQCLIENTEXCEPTION
2026-08-11T10:20:54.084+08:00 INFO  d.f.m.outbox.OutboxDispatcher request_id= idempotency_key= order_id= user_id= sku_id= payment_tx= - Outbox publication deferred outbox_id=d95b6cdc-e105-400e-ad15-8e6907dea064 command_id=6f427c33d50d5e9ce4f860323ac74102fd98084dc6678e92ec87ea091abeac8c outcome=RETRYABLE cause=MQCLIENTEXCEPTION
2026-08-11T10:20:54.087+08:00 INFO  d.f.m.outbox.OutboxDispatcher request_id= idempotency_key= order_id= user_id= sku_id= payment_tx= - Outbox publication deferred outbox_id=f4bfe55a-1a45-4c91-b935-c2a1bcc42334 command_id=e6840d35eb3a3109a1876ae26f99f09affd23d87bf991886ce6d19d0470ca0bc outcome=RETRYABLE cause=MQCLIENTEXCEPTION
2026-08-11T10:20:54.199+08:00 INFO  d.f.m.outbox.OutboxDispatcher request_id= idempotency_key= order_id= user_id= sku_id= payment_tx= - Outbox publication deferred outbox_id=feb4277e-3257-4bdb-835e-a7bcd327a85a command_id=74bd1f4f4c49f2ac98e427b3621ecf4d9691addc11b69a870ce28de4f14af2c8 outcome=RETRYABLE cause=MQCLIENTEXCEPTION
2026-08-11T10:20:54.631+08:00 INFO  d.f.m.outbox.OutboxDispatcher request_id= idempotency_key= order_id= user_id= sku_id= payment_tx= - Outbox publication deferred outbox_id=9bc438ba-0271-4936-ad97-95e02f0eab7a command_id=f4f2b61044817e63721230643695f2310da118c91833a4d26e4ccd6c9c49fa7b outcome=RETRYABLE cause=MQCLIENTEXCEPTION
2026-08-11T10:20:54.743+08:00 INFO  d.f.m.outbox.OutboxDispatcher request_id= idempotency_key= order_id= user_id= sku_id= payment_tx= - Outbox publication deferred outbox_id=10d78677-1ccb-4513-afad-b63ef40b4440 command_id=7948dd7c9fc21f7469ddaaf61053e12ba77f18cf583728ca48e070ce48a39dac outcome=RETRYABLE cause=MQCLIENTEXCEPTION
2026-08-11T10:20:54.857+08:00 INFO  d.f.m.outbox.OutboxDispatcher request_id= idempotency_key= order_id= user_id= sku_id= payment_tx= - Outbox publication deferred outbox_id=afddcc3e-78f5-459b-8392-eb60e5a8b24a command_id=2b1eba8c67bc2dfd2d133f685cf2c49340eef63174172238b5fd03f1bf07988d outcome=RETRYABLE cause=MQCLIENTEXCEPTION
2026-08-11T10:20:54.859+08:00 INFO  d.f.m.outbox.OutboxDispatcher request_id= idempotency_key= order_id= user_id= sku_id= payment_tx= - Outbox publication deferred outbox_id=1ddaea7f-0e93-4156-bedd-49969b8aa426 command_id=b57e83b74528c5362515bb5cafe08abc76a59db4a41faff640d3d7be757e1e74 outcome=RETRYABLE cause=MQCLIENTEXCEPTION
2026-08-11T10:20:54.971+08:00 INFO  d.f.m.outbox.OutboxDispatcher request_id= idempotency_key= order_id= user_id= sku_id= payment_tx= - Outbox publication deferred outbox_id=272e466b-aa2d-4cee-b373-fac070be62a1 command_id=c4c4b2686eb8df36d2f99fd388ec8e6290fc87bba7a11c6ec2d1fec8a2d89436 outcome=RETRYABLE cause=MQCLIENTEXCEPTION
2026-08-11T10:20:54.974+08:00 INFO  d.f.m.outbox.OutboxDispatcher request_id= idempotency_key= order_id= user_id= sku_id= payment_tx= - Outbox publication deferred outbox_id=eb1efefa-b6f2-428e-b2d4-8ed7cf92d987 command_id=c12f141d68ad92b44d199db440bda304f33042628cc88973ef4f6304678429a1 outcome=RETRYABLE cause=MQCLIENTEXCEPTION
2026-08-11T10:20:55.086+08:00 INFO  d.f.m.outbox.OutboxDispatcher request_id= idempotency_key= order_id= user_id= sku_id= payment_tx= - Outbox publication deferred outbox_id=b3c875f0-b333-4733-a935-5f31adbf3195 command_id=08cfe06aad484ffa94f6beb5072498e6d47d967ce76d67d53bd243bcbf77dc07 outcome=RETRYABLE cause=MQCLIENTEXCEPTION
2026-08-11T10:20:55.089+08:00 INFO  d.f.m.outbox.OutboxDispatcher request_id= idempotency_key= order_id= user_id= sku_id= payment_tx= - Outbox publication deferred outbox_id=99a0192f-c2c8-4020-8a3e-0832644dfe84 command_id=eed36b31dda4131d073c6cf96c65845c82e020d9bc1e70488d0199f3d5c36729 outcome=RETRYABLE cause=MQCLIENTEXCEPTION
2026-08-11T10:20:55.201+08:00 INFO  d.f.m.outbox.OutboxDispatcher request_id= idempotency_key= order_id= user_id= sku_id= payment_tx= - Outbox publication deferred outbox_id=5e75c2e3-611e-4235-82f0-63403fe94931 command_id=f5fa0b5c7c163ec8622d48d527da86f53952d7a3a526874565169d1cad8a8ad4 outcome=RETRYABLE cause=MQCLIENTEXCEPTION
2026-08-11T10:20:55.203+08:00 INFO  d.f.m.outbox.OutboxDispatcher request_id= idempotency_key= order_id= user_id= sku_id= payment_tx= - Outbox publication deferred outbox_id=d95b6cdc-e105-400e-ad15-8e6907dea064 command_id=6f427c33d50d5e9ce4f860323ac74102fd98084dc6678e92ec87ea091abeac8c outcome=RETRYABLE cause=MQCLIENTEXCEPTION
2026-08-11T10:20:55.205+08:00 INFO  d.f.m.outbox.OutboxDispatcher request_id= idempotency_key= order_id= user_id= sku_id= payment_tx= - Outbox publication deferred outbox_id=f4bfe55a-1a45-4c91-b935-c2a1bcc42334 command_id=e6840d35eb3a3109a1876ae26f99f09affd23d87bf991886ce6d19d0470ca0bc outcome=RETRYABLE cause=MQCLIENTEXCEPTION
2026-08-11T10:20:55.314+08:00 INFO  d.f.m.outbox.OutboxDispatcher request_id= idempotency_key= order_id= user_id= sku_id= payment_tx= - Outbox publication deferred outbox_id=feb4277e-3257-4bdb-835e-a7bcd327a85a command_id=74bd1f4f4c49f2ac98e427b3621ecf4d9691addc11b69a870ce28de4f14af2c8 outcome=RETRYABLE cause=MQCLIENTEXCEPTION
2026-08-11T10:20:55.737+08:00 INFO  d.f.m.outbox.OutboxDispatcher request_id= idempotency_key= order_id= user_id= sku_id= payment_tx= - Outbox publication deferred outbox_id=9bc438ba-0271-4936-ad97-95e02f0eab7a command_id=f4f2b61044817e63721230643695f2310da118c91833a4d26e4ccd6c9c49fa7b outcome=RETRYABLE cause=MQCLIENTEXCEPTION
2026-08-11T10:20:55.845+08:00 INFO  d.f.m.outbox.OutboxDispatcher request_id= idempotency_key= order_id= user_id= sku_id= payment_tx= - Outbox publication deferred outbox_id=10d78677-1ccb-4513-afad-b63ef40b4440 command_id=7948dd7c9fc21f7469ddaaf61053e12ba77f18cf583728ca48e070ce48a39dac outcome=RETRYABLE cause=MQCLIENTEXCEPTION
2026-08-11T10:20:55.955+08:00 INFO  d.f.m.outbox.OutboxDispatcher request_id= idempotency_key= order_id= user_id= sku_id= payment_tx= - Outbox publication deferred outbox_id=afddcc3e-78f5-459b-8392-eb60e5a8b24a command_id=2b1eba8c67bc2dfd2d133f685cf2c49340eef63174172238b5fd03f1bf07988d outcome=RETRYABLE cause=MQCLIENTEXCEPTION
2026-08-11T10:20:55.958+08:00 INFO  d.f.m.outbox.OutboxDispatcher request_id= idempotency_key= order_id= user_id= sku_id= payment_tx= - Outbox publication deferred outbox_id=1ddaea7f-0e93-4156-bedd-49969b8aa426 command_id=b57e83b74528c5362515bb5cafe08abc76a59db4a41faff640d3d7be757e1e74 outcome=RETRYABLE cause=MQCLIENTEXCEPTION
2026-08-11T10:20:56.069+08:00 INFO  d.f.m.outbox.OutboxDispatcher request_id= idempotency_key= order_id= user_id= sku_id= payment_tx= - Outbox publication deferred outbox_id=272e466b-aa2d-4cee-b373-fac070be62a1 command_id=c4c4b2686eb8df36d2f99fd388ec8e6290fc87bba7a11c6ec2d1fec8a2d89436 outcome=RETRYABLE cause=MQCLIENTEXCEPTION
2026-08-11T10:20:56.072+08:00 INFO  d.f.m.outbox.OutboxDispatcher request_id= idempotency_key= order_id= user_id= sku_id= payment_tx= - Outbox publication deferred outbox_id=eb1efefa-b6f2-428e-b2d4-8ed7cf92d987 command_id=c12f141d68ad92b44d199db440bda304f33042628cc88973ef4f6304678429a1 outcome=RETRYABLE cause=MQCLIENTEXCEPTION
2026-08-11T10:20:56.190+08:00 INFO  d.f.m.outbox.OutboxDispatcher request_id= idempotency_key= order_id= user_id= sku_id= payment_tx= - Outbox publication deferred outbox_id=b3c875f0-b333-4733-a935-5f31adbf3195 command_id=08cfe06aad484ffa94f6beb5072498e6d47d967ce76d67d53bd243bcbf77dc07 outcome=RETRYABLE cause=MQCLIENTEXCEPTION
2026-08-11T10:20:56.194+08:00 INFO  d.f.m.outbox.OutboxDispatcher request_id= idempotency_key= order_id= user_id= sku_id= payment_tx= - Outbox publication deferred outbox_id=99a0192f-c2c8-4020-8a3e-0832644dfe84 command_id=eed36b31dda4131d073c6cf96c65845c82e020d9bc1e70488d0199f3d5c36729 outcome=RETRYABLE cause=MQCLIENTEXCEPTION
2026-08-11T10:20:56.314+08:00 INFO  d.f.m.outbox.OutboxDispatcher request_id= idempotency_key= order_id= user_id= sku_id= payment_tx= - Outbox publication deferred outbox_id=5e75c2e3-611e-4235-82f0-63403fe94931 command_id=f5fa0b5c7c163ec8622d48d527da86f53952d7a3a526874565169d1cad8a8ad4 outcome=RETRYABLE cause=MQCLIENTEXCEPTION
2026-08-11T10:20:56.318+08:00 INFO  d.f.m.outbox.OutboxDispatcher request_id= idempotency_key= order_id= user_id= sku_id= payment_tx= - Outbox publication deferred outbox_id=d95b6cdc-e105-400e-ad15-8e6907dea064 command_id=6f427c33d50d5e9ce4f860323ac74102fd98084dc6678e92ec87ea091abeac8c outcome=RETRYABLE cause=MQCLIENTEXCEPTION
2026-08-11T10:20:56.321+08:00 INFO  d.f.m.outbox.OutboxDispatcher request_id= idempotency_key= order_id= user_id= sku_id= payment_tx= - Outbox publication deferred outbox_id=f4bfe55a-1a45-4c91-b935-c2a1bcc42334 command_id=e6840d35eb3a3109a1876ae26f99f09affd23d87bf991886ce6d19d0470ca0bc outcome=RETRYABLE cause=MQCLIENTEXCEPTION
2026-08-11T10:20:56.455+08:00 INFO  d.f.m.outbox.OutboxDispatcher request_id= idempotency_key= order_id= user_id= sku_id= payment_tx= - Outbox publication deferred outbox_id=feb4277e-3257-4bdb-835e-a7bcd327a85a command_id=74bd1f4f4c49f2ac98e427b3621ecf4d9691addc11b69a870ce28de4f14af2c8 outcome=RETRYABLE cause=MQCLIENTEXCEPTION
2026-08-11T10:20:56.820+08:00 INFO  d.f.m.outbox.OutboxDispatcher request_id= idempotency_key= order_id= user_id= sku_id= payment_tx= - Outbox publication outbox_id=9bc438ba-0271-4936-ad97-95e02f0eab7a command_id=f4f2b61044817e63721230643695f2310da118c91833a4d26e4ccd6c9c49fa7b outcome=ACKNOWLEDGED
2026-08-11T10:20:56.933+08:00 INFO  d.f.m.outbox.OutboxDispatcher request_id= idempotency_key= order_id= user_id= sku_id= payment_tx= - Outbox publication outbox_id=10d78677-1ccb-4513-afad-b63ef40b4440 command_id=7948dd7c9fc21f7469ddaaf61053e12ba77f18cf583728ca48e070ce48a39dac outcome=ACKNOWLEDGED
2026-08-11T10:20:57.049+08:00 INFO  d.f.m.outbox.OutboxDispatcher request_id= idempotency_key= order_id= user_id= sku_id= payment_tx= - Outbox publication outbox_id=afddcc3e-78f5-459b-8392-eb60e5a8b24a command_id=2b1eba8c67bc2dfd2d133f685cf2c49340eef63174172238b5fd03f1bf07988d outcome=ACKNOWLEDGED
2026-08-11T10:20:57.052+08:00 INFO  d.f.m.outbox.OutboxDispatcher request_id= idempotency_key= order_id= user_id= sku_id= payment_tx= - Outbox publication outbox_id=1ddaea7f-0e93-4156-bedd-49969b8aa426 command_id=b57e83b74528c5362515bb5cafe08abc76a59db4a41faff640d3d7be757e1e74 outcome=ACKNOWLEDGED
2026-08-11T10:20:57.165+08:00 INFO  d.f.m.outbox.OutboxDispatcher request_id= idempotency_key= order_id= user_id= sku_id= payment_tx= - Outbox publication outbox_id=272e466b-aa2d-4cee-b373-fac070be62a1 command_id=c4c4b2686eb8df36d2f99fd388ec8e6290fc87bba7a11c6ec2d1fec8a2d89436 outcome=ACKNOWLEDGED
2026-08-11T10:20:57.169+08:00 INFO  d.f.m.outbox.OutboxDispatcher request_id= idempotency_key= order_id= user_id= sku_id= payment_tx= - Outbox publication outbox_id=eb1efefa-b6f2-428e-b2d4-8ed7cf92d987 command_id=c12f141d68ad92b44d199db440bda304f33042628cc88973ef4f6304678429a1 outcome=ACKNOWLEDGED
2026-08-11T10:20:57.288+08:00 INFO  d.f.m.outbox.OutboxDispatcher request_id= idempotency_key= order_id= user_id= sku_id= payment_tx= - Outbox publication outbox_id=b3c875f0-b333-4733-a935-5f31adbf3195 command_id=08cfe06aad484ffa94f6beb5072498e6d47d967ce76d67d53bd243bcbf77dc07 outcome=ACKNOWLEDGED
2026-08-11T10:20:57.293+08:00 INFO  d.f.m.outbox.OutboxDispatcher request_id= idempotency_key= order_id= user_id= sku_id= payment_tx= - Outbox publication outbox_id=99a0192f-c2c8-4020-8a3e-0832644dfe84 command_id=eed36b31dda4131d073c6cf96c65845c82e020d9bc1e70488d0199f3d5c36729 outcome=ACKNOWLEDGED
2026-08-11T10:20:57.413+08:00 INFO  d.f.m.outbox.OutboxDispatcher request_id= idempotency_key= order_id= user_id= sku_id= payment_tx= - Outbox publication outbox_id=5e75c2e3-611e-4235-82f0-63403fe94931 command_id=f5fa0b5c7c163ec8622d48d527da86f53952d7a3a526874565169d1cad8a8ad4 outcome=ACKNOWLEDGED
2026-08-11T10:20:57.416+08:00 INFO  d.f.m.outbox.OutboxDispatcher request_id= idempotency_key= order_id= user_id= sku_id= payment_tx= - Outbox publication outbox_id=d95b6cdc-e105-400e-ad15-8e6907dea064 command_id=6f427c33d50d5e9ce4f860323ac74102fd98084dc6678e92ec87ea091abeac8c outcome=ACKNOWLEDGED
2026-08-11T10:20:57.420+08:00 INFO  d.f.m.outbox.OutboxDispatcher request_id= idempotency_key= order_id= user_id= sku_id= payment_tx= - Outbox publication outbox_id=f4bfe55a-1a45-4c91-b935-c2a1bcc42334 command_id=e6840d35eb3a3109a1876ae26f99f09affd23d87bf991886ce6d19d0470ca0bc outcome=ACKNOWLEDGED
2026-08-11T10:20:57.538+08:00 INFO  d.f.m.outbox.OutboxDispatcher request_id= idempotency_key= order_id= user_id= sku_id= payment_tx= - Outbox publication outbox_id=feb4277e-3257-4bdb-835e-a7bcd327a85a command_id=74bd1f4f4c49f2ac98e427b3621ecf4d9691addc11b69a870ce28de4f14af2c8 outcome=ACKNOWLEDGED
2026-08-11T10:21:16.716+08:00 INFO  o.s.b.w.e.tomcat.GracefulShutdown request_id= idempotency_key= order_id= user_id= sku_id= payment_tx= - Commencing graceful shutdown. Waiting for active requests to complete
2026-08-11T10:21:18.721+08:00 INFO  o.s.b.w.e.tomcat.GracefulShutdown request_id= idempotency_key= order_id= user_id= sku_id= payment_tx= - Graceful shutdown complete
2026-08-11T10:21:18.721+08:00 ERROR org.apache.tomcat.util.net.Acceptor request_id= idempotency_key= order_id= user_id= sku_id= payment_tx= - Socket accept failed
java.nio.channels.AsynchronousCloseException: null
	at java.base/java.nio.channels.spi.AbstractInterruptibleChannel.end(AbstractInterruptibleChannel.java:218)
	at java.base/sun.nio.ch.ServerSocketChannelImpl.end(ServerSocketChannelImpl.java:372)
	at java.base/sun.nio.ch.ServerSocketChannelImpl.accept(ServerSocketChannelImpl.java:397)
	at org.apache.tomcat.util.net.NioEndpoint.serverSocketAccept(NioEndpoint.java:537)
	at org.apache.tomcat.util.net.NioEndpoint.serverSocketAccept(NioEndpoint.java:72)
	at org.apache.tomcat.util.net.Acceptor.run(Acceptor.java:127)
	at java.base/java.lang.Thread.run(Thread.java:1516)
2026-08-11T10:21:18.808+08:00 INFO  com.zaxxer.hikari.HikariDataSource request_id= idempotency_key= order_id= user_id= sku_id= payment_tx= - HikariPool-1 - Shutdown initiated...
2026-08-11T10:21:18.812+08:00 INFO  com.zaxxer.hikari.HikariDataSource request_id= idempotency_key= order_id= user_id= sku_id= payment_tx= - HikariPool-1 - Shutdown completed.
[INFO] Tests run: 1, Failures: 0, Errors: 0, Skipped: 0, Time elapsed: 55.94 s -- in dev.flashflow.V4OutboxBacklogDrainIntegrationTest
[INFO] Running dev.flashflow.V4OutboxProducerAckLossIntegrationTest
2026-08-11T10:21:18.827+08:00 INFO  o.s.t.c.s.AnnotationConfigContextLoaderUtils request_id= idempotency_key= order_id= user_id= sku_id= payment_tx= - Could not detect default configuration classes for test class [dev.flashflow.V4OutboxProducerAckLossIntegrationTest]: V4OutboxProducerAckLossIntegrationTest does not declare any static, non-private, non-final, nested classes annotated with @Configuration.
2026-08-11T10:21:18.828+08:00 INFO  o.s.b.t.c.SpringBootTestContextBootstrapper request_id= idempotency_key= order_id= user_id= sku_id= payment_tx= - Found @SpringBootConfiguration dev.flashflow.FlashFlowApplication for test class dev.flashflow.V4OutboxProducerAckLossIntegrationTest

  .   ____          _            __ _ _
 /\\ / ___'_ __ _ _(_)_ __  __ _ \ \ \ \
( ( )\___ | '_ | '_| | '_ \/ _` | \ \ \ \
 \\/  ___)| |_)| | | | | || (_| |  ) ) ) )
  '  |____| .__|_| |_|_| |_\__, | / / / /
 =========|_|==============|___/=/_/_/_/

 :: Spring Boot ::                (v3.5.5)

2026-08-11T10:21:18.860+08:00 INFO  d.f.V4OutboxProducerAckLossIntegrationTest request_id= idempotency_key= order_id= user_id= sku_id= payment_tx= - Starting V4OutboxProducerAckLossIntegrationTest using Java 26.0.2 with PID 58800 (started by yuzheng in /Users/yuzheng/Computeracy/Zhenkun26-GitHub/FlashFlow)
2026-08-11T10:21:18.861+08:00 INFO  d.f.V4OutboxProducerAckLossIntegrationTest request_id= idempotency_key= order_id= user_id= sku_id= payment_tx= - The following 1 profile is active: "test"
2026-08-11T10:21:19.001+08:00 INFO  o.s.d.r.c.RepositoryConfigurationDelegate request_id= idempotency_key= order_id= user_id= sku_id= payment_tx= - Multiple Spring Data modules found, entering strict repository configuration mode
2026-08-11T10:21:19.001+08:00 INFO  o.s.d.r.c.RepositoryConfigurationDelegate request_id= idempotency_key= order_id= user_id= sku_id= payment_tx= - Bootstrapping Spring Data Redis repositories in DEFAULT mode.
2026-08-11T10:21:19.007+08:00 INFO  o.s.d.r.c.RepositoryConfigurationDelegate request_id= idempotency_key= order_id= user_id= sku_id= payment_tx= - Finished Spring Data repository scanning in 4 ms. Found 0 Redis repository interfaces.
2026-08-11T10:21:19.030+08:00 INFO  o.s.b.w.e.tomcat.TomcatWebServer request_id= idempotency_key= order_id= user_id= sku_id= payment_tx= - Tomcat initialized with port 0 (http)
2026-08-11T10:21:19.031+08:00 INFO  o.a.catalina.core.StandardService request_id= idempotency_key= order_id= user_id= sku_id= payment_tx= - Starting service [Tomcat]
2026-08-11T10:21:19.031+08:00 INFO  o.a.catalina.core.StandardEngine request_id= idempotency_key= order_id= user_id= sku_id= payment_tx= - Starting Servlet engine: [Apache Tomcat/10.1.44]
2026-08-11T10:21:19.038+08:00 INFO  o.a.c.c.C.[Tomcat].[localhost].[/] request_id= idempotency_key= order_id= user_id= sku_id= payment_tx= - Initializing Spring embedded WebApplicationContext
2026-08-11T10:21:19.038+08:00 INFO  o.s.b.w.s.c.ServletWebServerApplicationContext request_id= idempotency_key= order_id= user_id= sku_id= payment_tx= - Root WebApplicationContext: initialization completed in 176 ms
Standard Commons Logging discovery in action with spring-jcl: please remove commons-logging.jar from classpath in order to avoid potential conflicts
2026-08-11T10:21:19.072+08:00 INFO  com.zaxxer.hikari.HikariDataSource request_id= idempotency_key= order_id= user_id= sku_id= payment_tx= - HikariPool-2 - Starting...
2026-08-11T10:21:19.081+08:00 INFO  com.zaxxer.hikari.pool.HikariPool request_id= idempotency_key= order_id= user_id= sku_id= payment_tx= - HikariPool-2 - Added connection com.mysql.cj.jdbc.ConnectionImpl@435ec7f5
2026-08-11T10:21:19.081+08:00 INFO  com.zaxxer.hikari.HikariDataSource request_id= idempotency_key= order_id= user_id= sku_id= payment_tx= - HikariPool-2 - Start completed.
2026-08-11T10:21:19.083+08:00 INFO  org.flywaydb.core.FlywayExecutor request_id= idempotency_key= order_id= user_id= sku_id= payment_tx= - Database: jdbc:mysql://localhost:54881/flashflow (MySQL 8.4)
2026-08-11T10:21:19.086+08:00 WARN  o.f.c.i.database.base.Database request_id= idempotency_key= order_id= user_id= sku_id= payment_tx= - Flyway upgrade recommended: MySQL 8.4 is newer than this version of Flyway and support has not been tested. The latest supported version of MySQL is 8.1.
2026-08-11T10:21:19.091+08:00 INFO  o.f.core.internal.command.DbValidate request_id= idempotency_key= order_id= user_id= sku_id= payment_tx= - Successfully validated 4 migrations (execution time 00:00.004s)
2026-08-11T10:21:19.095+08:00 INFO  o.f.core.internal.command.DbMigrate request_id= idempotency_key= order_id= user_id= sku_id= payment_tx= - Current version of schema `flashflow`: 4
2026-08-11T10:21:19.095+08:00 INFO  o.f.core.internal.command.DbMigrate request_id= idempotency_key= order_id= user_id= sku_id= payment_tx= - Schema `flashflow` is up to date. No migration necessary.
2026-08-11T10:21:19.234+08:00 INFO  o.s.b.a.e.web.EndpointLinksResolver request_id= idempotency_key= order_id= user_id= sku_id= payment_tx= - Exposing 2 endpoints beneath base path '/actuator'
2026-08-11T10:21:19.239+08:00 INFO  o.s.b.w.e.tomcat.TomcatWebServer request_id= idempotency_key= order_id= user_id= sku_id= payment_tx= - Tomcat started on port 57299 (http) with context path '/'
2026-08-11T10:21:19.242+08:00 INFO  d.f.V4OutboxProducerAckLossIntegrationTest request_id= idempotency_key= order_id= user_id= sku_id= payment_tx= - Started V4OutboxProducerAckLossIntegrationTest in 0.412 seconds (process running for 56.576)
2026-08-11T10:21:21.285+08:00 INFO  o.a.c.c.C.[Tomcat].[localhost].[/] request_id= idempotency_key= order_id= user_id= sku_id= payment_tx= - Initializing Spring DispatcherServlet 'dispatcherServlet'
2026-08-11T10:21:21.286+08:00 INFO  o.s.web.servlet.DispatcherServlet request_id= idempotency_key= order_id= user_id= sku_id= payment_tx= - Initializing Servlet 'dispatcherServlet'
2026-08-11T10:21:21.286+08:00 INFO  o.s.web.servlet.DispatcherServlet request_id= idempotency_key= order_id= user_id= sku_id= payment_tx= - Completed initialization in 0 ms
2026-08-11T10:21:21.310+08:00 INFO  d.f.m.o.OutboxAsyncOrderApplicationService request_id=856dc393-dd49-41d7-9a94-23061236bdcb idempotency_key=key-v4-ack-loss-8ef44f5a order_id= user_id=user-v4-ack-loss-8ef44f5a sku_id=sku-v4-ack-loss-8ef44f5a payment_tx= - Durable Outbox acceptance command_id=e0977c84f581712337c8c0512863af66194b61c46dfbb2ab35b9b36d4e76e4e2 status=ACCEPTED
2026-08-11T10:21:21.406+08:00 WARN  d.f.m.outbox.OutboxDispatcher request_id= idempotency_key= order_id= user_id= sku_id= payment_tx= - Outbox dispatch poll failed cause=INJECTEDMESSAGINGFAULT
2026-08-11T10:21:25.512+08:00 INFO  d.f.m.outbox.OutboxDispatcher request_id= idempotency_key= order_id= user_id= sku_id= payment_tx= - Outbox publication outbox_id=2ed77bfe-16cf-475a-b6fe-c2dcca5c227e command_id=e0977c84f581712337c8c0512863af66194b61c46dfbb2ab35b9b36d4e76e4e2 outcome=ACKNOWLEDGED
2026-08-11T10:21:25.578+08:00 INFO  o.s.b.w.e.tomcat.GracefulShutdown request_id= idempotency_key= order_id= user_id= sku_id= payment_tx= - Commencing graceful shutdown. Waiting for active requests to complete
2026-08-11T10:21:27.585+08:00 INFO  o.s.b.w.e.tomcat.GracefulShutdown request_id= idempotency_key= order_id= user_id= sku_id= payment_tx= - Graceful shutdown complete
2026-08-11T10:21:27.585+08:00 ERROR org.apache.tomcat.util.net.Acceptor request_id= idempotency_key= order_id= user_id= sku_id= payment_tx= - Socket accept failed
java.nio.channels.AsynchronousCloseException: null
	at java.base/java.nio.channels.spi.AbstractInterruptibleChannel.end(AbstractInterruptibleChannel.java:218) ~[na:na]
	at java.base/sun.nio.ch.ServerSocketChannelImpl.end(ServerSocketChannelImpl.java:372) ~[na:na]
	at java.base/sun.nio.ch.ServerSocketChannelImpl.accept(ServerSocketChannelImpl.java:397) ~[na:na]
	at org.apache.tomcat.util.net.NioEndpoint.serverSocketAccept(NioEndpoint.java:537) ~[tomcat-embed-core-10.1.44.jar:10.1.44]
	at org.apache.tomcat.util.net.NioEndpoint.serverSocketAccept(NioEndpoint.java:72) ~[tomcat-embed-core-10.1.44.jar:10.1.44]
	at org.apache.tomcat.util.net.Acceptor.run(Acceptor.java:127) ~[tomcat-embed-core-10.1.44.jar:10.1.44]
	at java.base/java.lang.Thread.run(Thread.java:1516) ~[na:na]
2026-08-11T10:21:27.652+08:00 INFO  com.zaxxer.hikari.HikariDataSource request_id= idempotency_key= order_id= user_id= sku_id= payment_tx= - HikariPool-2 - Shutdown initiated...
2026-08-11T10:21:27.656+08:00 INFO  com.zaxxer.hikari.HikariDataSource request_id= idempotency_key= order_id= user_id= sku_id= payment_tx= - HikariPool-2 - Shutdown completed.
[INFO] Tests run: 1, Failures: 0, Errors: 0, Skipped: 0, Time elapsed: 8.837 s -- in dev.flashflow.V4OutboxProducerAckLossIntegrationTest
[INFO] Running dev.flashflow.V4OutboxRocketMqEndToEndIntegrationTest
2026-08-11T10:21:27.668+08:00 INFO  o.s.t.c.s.AnnotationConfigContextLoaderUtils request_id= idempotency_key= order_id= user_id= sku_id= payment_tx= - Could not detect default configuration classes for test class [dev.flashflow.V4OutboxRocketMqEndToEndIntegrationTest]: V4OutboxRocketMqEndToEndIntegrationTest does not declare any static, non-private, non-final, nested classes annotated with @Configuration.
2026-08-11T10:21:27.670+08:00 INFO  o.s.b.t.c.SpringBootTestContextBootstrapper request_id= idempotency_key= order_id= user_id= sku_id= payment_tx= - Found @SpringBootConfiguration dev.flashflow.FlashFlowApplication for test class dev.flashflow.V4OutboxRocketMqEndToEndIntegrationTest

  .   ____          _            __ _ _
 /\\ / ___'_ __ _ _(_)_ __  __ _ \ \ \ \
( ( )\___ | '_ | '_| | '_ \/ _` | \ \ \ \
 \\/  ___)| |_)| | | | | || (_| |  ) ) ) )
  '  |____| .__|_| |_|_| |_\__, | / / / /
 =========|_|==============|___/=/_/_/_/

 :: Spring Boot ::                (v3.5.5)

2026-08-11T10:21:27.688+08:00 INFO  d.f.V4OutboxRocketMqEndToEndIntegrationTest request_id= idempotency_key= order_id= user_id= sku_id= payment_tx= - Starting V4OutboxRocketMqEndToEndIntegrationTest using Java 26.0.2 with PID 58800 (started by yuzheng in /Users/yuzheng/Computeracy/Zhenkun26-GitHub/FlashFlow)
2026-08-11T10:21:27.689+08:00 INFO  d.f.V4OutboxRocketMqEndToEndIntegrationTest request_id= idempotency_key= order_id= user_id= sku_id= payment_tx= - The following 1 profile is active: "test"
2026-08-11T10:21:27.783+08:00 INFO  o.s.d.r.c.RepositoryConfigurationDelegate request_id= idempotency_key= order_id= user_id= sku_id= payment_tx= - Multiple Spring Data modules found, entering strict repository configuration mode
2026-08-11T10:21:27.783+08:00 INFO  o.s.d.r.c.RepositoryConfigurationDelegate request_id= idempotency_key= order_id= user_id= sku_id= payment_tx= - Bootstrapping Spring Data Redis repositories in DEFAULT mode.
2026-08-11T10:21:27.788+08:00 INFO  o.s.d.r.c.RepositoryConfigurationDelegate request_id= idempotency_key= order_id= user_id= sku_id= payment_tx= - Finished Spring Data repository scanning in 4 ms. Found 0 Redis repository interfaces.
2026-08-11T10:21:27.805+08:00 INFO  o.s.b.w.e.tomcat.TomcatWebServer request_id= idempotency_key= order_id= user_id= sku_id= payment_tx= - Tomcat initialized with port 0 (http)
2026-08-11T10:21:27.805+08:00 INFO  o.a.catalina.core.StandardService request_id= idempotency_key= order_id= user_id= sku_id= payment_tx= - Starting service [Tomcat]
2026-08-11T10:21:27.805+08:00 INFO  o.a.catalina.core.StandardEngine request_id= idempotency_key= order_id= user_id= sku_id= payment_tx= - Starting Servlet engine: [Apache Tomcat/10.1.44]
2026-08-11T10:21:27.811+08:00 INFO  o.a.c.c.C.[Tomcat].[localhost].[/] request_id= idempotency_key= order_id= user_id= sku_id= payment_tx= - Initializing Spring embedded WebApplicationContext
2026-08-11T10:21:27.811+08:00 INFO  o.s.b.w.s.c.ServletWebServerApplicationContext request_id= idempotency_key= order_id= user_id= sku_id= payment_tx= - Root WebApplicationContext: initialization completed in 122 ms
Standard Commons Logging discovery in action with spring-jcl: please remove commons-logging.jar from classpath in order to avoid potential conflicts
2026-08-11T10:21:27.839+08:00 INFO  com.zaxxer.hikari.HikariDataSource request_id= idempotency_key= order_id= user_id= sku_id= payment_tx= - HikariPool-3 - Starting...
2026-08-11T10:21:27.849+08:00 INFO  com.zaxxer.hikari.pool.HikariPool request_id= idempotency_key= order_id= user_id= sku_id= payment_tx= - HikariPool-3 - Added connection com.mysql.cj.jdbc.ConnectionImpl@55baa338
2026-08-11T10:21:27.849+08:00 INFO  com.zaxxer.hikari.HikariDataSource request_id= idempotency_key= order_id= user_id= sku_id= payment_tx= - HikariPool-3 - Start completed.
2026-08-11T10:21:27.852+08:00 INFO  org.flywaydb.core.FlywayExecutor request_id= idempotency_key= order_id= user_id= sku_id= payment_tx= - Database: jdbc:mysql://localhost:54881/flashflow (MySQL 8.4)
2026-08-11T10:21:27.855+08:00 WARN  o.f.c.i.database.base.Database request_id= idempotency_key= order_id= user_id= sku_id= payment_tx= - Flyway upgrade recommended: MySQL 8.4 is newer than this version of Flyway and support has not been tested. The latest supported version of MySQL is 8.1.
2026-08-11T10:21:27.863+08:00 INFO  o.f.core.internal.command.DbValidate request_id= idempotency_key= order_id= user_id= sku_id= payment_tx= - Successfully validated 4 migrations (execution time 00:00.006s)
2026-08-11T10:21:27.869+08:00 INFO  o.f.core.internal.command.DbMigrate request_id= idempotency_key= order_id= user_id= sku_id= payment_tx= - Current version of schema `flashflow`: 4
2026-08-11T10:21:27.869+08:00 INFO  o.f.core.internal.command.DbMigrate request_id= idempotency_key= order_id= user_id= sku_id= payment_tx= - Schema `flashflow` is up to date. No migration necessary.
2026-08-11T10:21:27.974+08:00 INFO  o.s.b.a.e.web.EndpointLinksResolver request_id= idempotency_key= order_id= user_id= sku_id= payment_tx= - Exposing 2 endpoints beneath base path '/actuator'
2026-08-11T10:21:27.980+08:00 INFO  o.s.b.w.e.tomcat.TomcatWebServer request_id= idempotency_key= order_id= user_id= sku_id= payment_tx= - Tomcat started on port 57356 (http) with context path '/'
2026-08-11T10:21:27.982+08:00 INFO  d.f.V4OutboxRocketMqEndToEndIntegrationTest request_id= idempotency_key= order_id= user_id= sku_id= payment_tx= - Started V4OutboxRocketMqEndToEndIntegrationTest in 0.31 seconds (process running for 65.316)
2026-08-11T10:21:30.007+08:00 INFO  o.a.c.c.C.[Tomcat].[localhost].[/] request_id= idempotency_key= order_id= user_id= sku_id= payment_tx= - Initializing Spring DispatcherServlet 'dispatcherServlet'
2026-08-11T10:21:30.007+08:00 INFO  o.s.web.servlet.DispatcherServlet request_id= idempotency_key= order_id= user_id= sku_id= payment_tx= - Initializing Servlet 'dispatcherServlet'
2026-08-11T10:21:30.007+08:00 INFO  o.s.web.servlet.DispatcherServlet request_id= idempotency_key= order_id= user_id= sku_id= payment_tx= - Completed initialization in 0 ms
2026-08-11T10:21:30.015+08:00 INFO  d.f.m.o.OutboxAsyncOrderApplicationService request_id=371621b1-7880-4399-903f-1c71b38eb59d idempotency_key=key-v4-7592ff1e order_id= user_id=user-v4-7592ff1e sku_id=sku-v4-7592ff1e payment_tx= - Durable Outbox acceptance command_id=1dea9bdd52dc87f4e3b46c9c5658f1df0c518f3de5fdc64c50189a4879184de1 status=ACCEPTED
2026-08-11T10:21:30.101+08:00 INFO  d.f.m.outbox.OutboxDispatcher request_id= idempotency_key= order_id= user_id= sku_id= payment_tx= - Outbox publication outbox_id=28f09a82-9f42-4aba-a3ad-8a040dce152a command_id=1dea9bdd52dc87f4e3b46c9c5658f1df0c518f3de5fdc64c50189a4879184de1 outcome=ACKNOWLEDGED
2026-08-11T10:21:42.667+08:00 INFO  d.f.m.o.OutboxAsyncOrderApplicationService request_id=b9b2fd76-cfe2-4223-a8fd-c8a74352a0a4 idempotency_key=key-v4-outage-7592ff1e order_id= user_id=user-v4-outage-7592ff1e sku_id=sku-v4-outage-7592ff1e payment_tx= - Durable Outbox acceptance command_id=8f013e1a2482446ae2917cd4144141987fc72259cfd02e2dbb55cdb310a1ee37 status=ACCEPTED
2026-08-11T10:21:42.781+08:00 INFO  d.f.m.outbox.OutboxDispatcher request_id= idempotency_key= order_id= user_id= sku_id= payment_tx= - Outbox publication deferred outbox_id=43647682-cec9-438a-94ad-a691a1ef0ee4 command_id=8f013e1a2482446ae2917cd4144141987fc72259cfd02e2dbb55cdb310a1ee37 outcome=RETRYABLE cause=MQCLIENTEXCEPTION
2026-08-11T10:21:42.897+08:00 INFO  d.f.m.outbox.OutboxDispatcher request_id= idempotency_key= order_id= user_id= sku_id= payment_tx= - Outbox publication deferred outbox_id=43647682-cec9-438a-94ad-a691a1ef0ee4 command_id=8f013e1a2482446ae2917cd4144141987fc72259cfd02e2dbb55cdb310a1ee37 outcome=RETRYABLE cause=MQCLIENTEXCEPTION
2026-08-11T10:21:43.124+08:00 INFO  d.f.m.outbox.OutboxDispatcher request_id= idempotency_key= order_id= user_id= sku_id= payment_tx= - Outbox publication deferred outbox_id=43647682-cec9-438a-94ad-a691a1ef0ee4 command_id=8f013e1a2482446ae2917cd4144141987fc72259cfd02e2dbb55cdb310a1ee37 outcome=RETRYABLE cause=MQCLIENTEXCEPTION
2026-08-11T10:21:43.560+08:00 INFO  d.f.m.outbox.OutboxDispatcher request_id= idempotency_key= order_id= user_id= sku_id= payment_tx= - Outbox publication deferred outbox_id=43647682-cec9-438a-94ad-a691a1ef0ee4 command_id=8f013e1a2482446ae2917cd4144141987fc72259cfd02e2dbb55cdb310a1ee37 outcome=RETRYABLE cause=MQCLIENTEXCEPTION
2026-08-11T10:21:44.419+08:00 INFO  d.f.m.outbox.OutboxDispatcher request_id= idempotency_key= order_id= user_id= sku_id= payment_tx= - Outbox publication deferred outbox_id=43647682-cec9-438a-94ad-a691a1ef0ee4 command_id=8f013e1a2482446ae2917cd4144141987fc72259cfd02e2dbb55cdb310a1ee37 outcome=RETRYABLE cause=MQCLIENTEXCEPTION
2026-08-11T10:21:45.440+08:00 INFO  d.f.m.outbox.OutboxDispatcher request_id= idempotency_key= order_id= user_id= sku_id= payment_tx= - Outbox publication outbox_id=43647682-cec9-438a-94ad-a691a1ef0ee4 command_id=8f013e1a2482446ae2917cd4144141987fc72259cfd02e2dbb55cdb310a1ee37 outcome=ACKNOWLEDGED
2026-08-11T10:21:46.459+08:00 INFO  o.s.b.w.e.tomcat.GracefulShutdown request_id= idempotency_key= order_id= user_id= sku_id= payment_tx= - Commencing graceful shutdown. Waiting for active requests to complete
2026-08-11T10:21:48.463+08:00 INFO  o.s.b.w.e.tomcat.GracefulShutdown request_id= idempotency_key= order_id= user_id= sku_id= payment_tx= - Graceful shutdown complete
2026-08-11T10:21:48.463+08:00 ERROR org.apache.tomcat.util.net.Acceptor request_id= idempotency_key= order_id= user_id= sku_id= payment_tx= - Socket accept failed
java.nio.channels.AsynchronousCloseException: null
	at java.base/java.nio.channels.spi.AbstractInterruptibleChannel.end(AbstractInterruptibleChannel.java:218) ~[na:na]
	at java.base/sun.nio.ch.ServerSocketChannelImpl.end(ServerSocketChannelImpl.java:372) ~[na:na]
	at java.base/sun.nio.ch.ServerSocketChannelImpl.accept(ServerSocketChannelImpl.java:397) ~[na:na]
	at org.apache.tomcat.util.net.NioEndpoint.serverSocketAccept(NioEndpoint.java:537) ~[tomcat-embed-core-10.1.44.jar:10.1.44]
	at org.apache.tomcat.util.net.NioEndpoint.serverSocketAccept(NioEndpoint.java:72) ~[tomcat-embed-core-10.1.44.jar:10.1.44]
	at org.apache.tomcat.util.net.Acceptor.run(Acceptor.java:127) ~[tomcat-embed-core-10.1.44.jar:10.1.44]
	at java.base/java.lang.Thread.run(Thread.java:1516) ~[na:na]
2026-08-11T10:21:48.502+08:00 INFO  com.zaxxer.hikari.HikariDataSource request_id= idempotency_key= order_id= user_id= sku_id= payment_tx= - HikariPool-3 - Shutdown initiated...
2026-08-11T10:21:48.503+08:00 INFO  com.zaxxer.hikari.HikariDataSource request_id= idempotency_key= order_id= user_id= sku_id= payment_tx= - HikariPool-3 - Shutdown completed.
[INFO] Tests run: 2, Failures: 0, Errors: 0, Skipped: 0, Time elapsed: 20.84 s -- in dev.flashflow.V4OutboxRocketMqEndToEndIntegrationTest
[INFO] Running dev.flashflow.V4OutboxConcurrentRedeliveryIntegrationTest
2026-08-11T10:21:48.507+08:00 INFO  o.s.t.c.s.AnnotationConfigContextLoaderUtils request_id= idempotency_key= order_id= user_id= sku_id= payment_tx= - Could not detect default configuration classes for test class [dev.flashflow.V4OutboxConcurrentRedeliveryIntegrationTest]: V4OutboxConcurrentRedeliveryIntegrationTest does not declare any static, non-private, non-final, nested classes annotated with @Configuration.
2026-08-11T10:21:48.508+08:00 INFO  o.s.b.t.c.SpringBootTestContextBootstrapper request_id= idempotency_key= order_id= user_id= sku_id= payment_tx= - Found @SpringBootConfiguration dev.flashflow.FlashFlowApplication for test class dev.flashflow.V4OutboxConcurrentRedeliveryIntegrationTest

  .   ____          _            __ _ _
 /\\ / ___'_ __ _ _(_)_ __  __ _ \ \ \ \
( ( )\___ | '_ | '_| | '_ \/ _` | \ \ \ \
 \\/  ___)| |_)| | | | | || (_| |  ) ) ) )
  '  |____| .__|_| |_|_| |_\__, | / / / /
 =========|_|==============|___/=/_/_/_/

 :: Spring Boot ::                (v3.5.5)

2026-08-11T10:21:48.519+08:00 INFO  d.f.V4OutboxConcurrentRedeliveryIntegrationTest request_id= idempotency_key= order_id= user_id= sku_id= payment_tx= - Starting V4OutboxConcurrentRedeliveryIntegrationTest using Java 26.0.2 with PID 58800 (started by yuzheng in /Users/yuzheng/Computeracy/Zhenkun26-GitHub/FlashFlow)
2026-08-11T10:21:48.520+08:00 INFO  d.f.V4OutboxConcurrentRedeliveryIntegrationTest request_id= idempotency_key= order_id= user_id= sku_id= payment_tx= - The following 1 profile is active: "test"
2026-08-11T10:21:48.614+08:00 INFO  o.s.d.r.c.RepositoryConfigurationDelegate request_id= idempotency_key= order_id= user_id= sku_id= payment_tx= - Multiple Spring Data modules found, entering strict repository configuration mode
2026-08-11T10:21:48.615+08:00 INFO  o.s.d.r.c.RepositoryConfigurationDelegate request_id= idempotency_key= order_id= user_id= sku_id= payment_tx= - Bootstrapping Spring Data Redis repositories in DEFAULT mode.
2026-08-11T10:21:48.621+08:00 INFO  o.s.d.r.c.RepositoryConfigurationDelegate request_id= idempotency_key= order_id= user_id= sku_id= payment_tx= - Finished Spring Data repository scanning in 5 ms. Found 0 Redis repository interfaces.
2026-08-11T10:21:48.643+08:00 INFO  o.s.b.w.e.tomcat.TomcatWebServer request_id= idempotency_key= order_id= user_id= sku_id= payment_tx= - Tomcat initialized with port 0 (http)
2026-08-11T10:21:48.643+08:00 INFO  o.a.catalina.core.StandardService request_id= idempotency_key= order_id= user_id= sku_id= payment_tx= - Starting service [Tomcat]
2026-08-11T10:21:48.643+08:00 INFO  o.a.catalina.core.StandardEngine request_id= idempotency_key= order_id= user_id= sku_id= payment_tx= - Starting Servlet engine: [Apache Tomcat/10.1.44]
2026-08-11T10:21:48.651+08:00 INFO  o.a.c.c.C.[Tomcat].[localhost].[/] request_id= idempotency_key= order_id= user_id= sku_id= payment_tx= - Initializing Spring embedded WebApplicationContext
2026-08-11T10:21:48.651+08:00 INFO  o.s.b.w.s.c.ServletWebServerApplicationContext request_id= idempotency_key= order_id= user_id= sku_id= payment_tx= - Root WebApplicationContext: initialization completed in 131 ms
Standard Commons Logging discovery in action with spring-jcl: please remove commons-logging.jar from classpath in order to avoid potential conflicts
2026-08-11T10:21:48.695+08:00 INFO  com.zaxxer.hikari.HikariDataSource request_id= idempotency_key= order_id= user_id= sku_id= payment_tx= - HikariPool-4 - Starting...
2026-08-11T10:21:48.713+08:00 INFO  com.zaxxer.hikari.pool.HikariPool request_id= idempotency_key= order_id= user_id= sku_id= payment_tx= - HikariPool-4 - Added connection com.mysql.cj.jdbc.ConnectionImpl@3006b388
2026-08-11T10:21:48.714+08:00 INFO  com.zaxxer.hikari.HikariDataSource request_id= idempotency_key= order_id= user_id= sku_id= payment_tx= - HikariPool-4 - Start completed.
2026-08-11T10:21:48.721+08:00 INFO  org.flywaydb.core.FlywayExecutor request_id= idempotency_key= order_id= user_id= sku_id= payment_tx= - Database: jdbc:mysql://localhost:54881/flashflow (MySQL 8.4)
2026-08-11T10:21:48.725+08:00 WARN  o.f.c.i.database.base.Database request_id= idempotency_key= order_id= user_id= sku_id= payment_tx= - Flyway upgrade recommended: MySQL 8.4 is newer than this version of Flyway and support has not been tested. The latest supported version of MySQL is 8.1.
2026-08-11T10:21:48.733+08:00 INFO  o.f.core.internal.command.DbValidate request_id= idempotency_key= order_id= user_id= sku_id= payment_tx= - Successfully validated 4 migrations (execution time 00:00.007s)
2026-08-11T10:21:48.738+08:00 INFO  o.f.core.internal.command.DbMigrate request_id= idempotency_key= order_id= user_id= sku_id= payment_tx= - Current version of schema `flashflow`: 4
2026-08-11T10:21:48.738+08:00 INFO  o.f.core.internal.command.DbMigrate request_id= idempotency_key= order_id= user_id= sku_id= payment_tx= - Schema `flashflow` is up to date. No migration necessary.
2026-08-11T10:21:48.895+08:00 INFO  o.s.b.a.e.web.EndpointLinksResolver request_id= idempotency_key= order_id= user_id= sku_id= payment_tx= - Exposing 2 endpoints beneath base path '/actuator'
2026-08-11T10:21:48.912+08:00 INFO  o.s.b.w.e.tomcat.TomcatWebServer request_id= idempotency_key= order_id= user_id= sku_id= payment_tx= - Tomcat started on port 57498 (http) with context path '/'
2026-08-11T10:21:48.914+08:00 INFO  d.f.V4OutboxConcurrentRedeliveryIntegrationTest request_id= idempotency_key= order_id= user_id= sku_id= payment_tx= - Started V4OutboxConcurrentRedeliveryIntegrationTest in 0.405 seconds (process running for 86.25)
2026-08-11T10:21:50.950+08:00 INFO  o.a.c.c.C.[Tomcat].[localhost].[/] request_id= idempotency_key= order_id= user_id= sku_id= payment_tx= - Initializing Spring DispatcherServlet 'dispatcherServlet'
2026-08-11T10:21:50.950+08:00 INFO  o.s.web.servlet.DispatcherServlet request_id= idempotency_key= order_id= user_id= sku_id= payment_tx= - Initializing Servlet 'dispatcherServlet'
2026-08-11T10:21:50.951+08:00 INFO  o.s.web.servlet.DispatcherServlet request_id= idempotency_key= order_id= user_id= sku_id= payment_tx= - Completed initialization in 1 ms
2026-08-11T10:21:50.965+08:00 INFO  d.f.m.o.OutboxAsyncOrderApplicationService request_id=da1f394e-ca93-4170-8f1d-7cbfe04afdec idempotency_key=key-ad5bbb0a-0 order_id= user_id=user-ad5bbb0a-0 sku_id=sku-v4-concurrent-ad5bbb0a payment_tx= - Durable Outbox acceptance command_id=6cf6c65589daa78571076f163e85a482d51bd39485ab736e2406d52e8daf740c status=ACCEPTED
2026-08-11T10:21:50.973+08:00 INFO  d.f.m.o.OutboxAsyncOrderApplicationService request_id=ad6f51da-61ea-4f5e-b01b-29fc14bdaa35 idempotency_key=key-ad5bbb0a-1 order_id= user_id=user-ad5bbb0a-1 sku_id=sku-v4-concurrent-ad5bbb0a payment_tx= - Durable Outbox acceptance command_id=5082a22fa9a2c5f2cf4f68307391a4ae6688aa4e4744d45dcd6983cf71234cd9 status=ACCEPTED
2026-08-11T10:21:50.980+08:00 INFO  d.f.m.o.OutboxAsyncOrderApplicationService request_id=e3ffdb01-9a4d-49bc-9b8e-79629a2d0ab2 idempotency_key=key-ad5bbb0a-2 order_id= user_id=user-ad5bbb0a-2 sku_id=sku-v4-concurrent-ad5bbb0a payment_tx= - Durable Outbox acceptance command_id=95fe811f91d311579d682ea3ddc98e25f9529fa237f200fadeef2672cd89e836 status=ACCEPTED
2026-08-11T10:21:50.986+08:00 INFO  d.f.m.o.OutboxAsyncOrderApplicationService request_id=1d4cc99a-8e89-4f95-b331-54c7746d62ca idempotency_key=key-ad5bbb0a-3 order_id= user_id=user-ad5bbb0a-3 sku_id=sku-v4-concurrent-ad5bbb0a payment_tx= - Durable Outbox acceptance command_id=1c8a4a317e8af61449cf2d8f2604f7eee014c94de880a2dfa5e225fa615c62dc status=ACCEPTED
2026-08-11T10:21:50.994+08:00 INFO  d.f.m.o.OutboxAsyncOrderApplicationService request_id=5246c401-39e0-41f5-aecd-080bd8776a72 idempotency_key=key-ad5bbb0a-4 order_id= user_id=user-ad5bbb0a-4 sku_id=sku-v4-concurrent-ad5bbb0a payment_tx= - Durable Outbox acceptance command_id=6dcd942e029fb54165f164dd37d51a588632188bc7a349708e352e3cb2ac5c71 status=ACCEPTED
2026-08-11T10:21:51.003+08:00 INFO  d.f.m.o.OutboxAsyncOrderApplicationService request_id=a8f052b5-b912-4832-af9a-37b695b29f57 idempotency_key=key-ad5bbb0a-5 order_id= user_id=user-ad5bbb0a-5 sku_id=sku-v4-concurrent-ad5bbb0a payment_tx= - Durable Outbox acceptance command_id=34f7e7327675b4b21fdb9bc94cdbb2a9747ba05742cf8699c7e67f1a31a045c5 status=ACCEPTED
2026-08-11T10:21:51.010+08:00 INFO  d.f.m.o.OutboxAsyncOrderApplicationService request_id=a9277fd7-6676-4697-8f8d-25787a8eae6b idempotency_key=key-ad5bbb0a-6 order_id= user_id=user-ad5bbb0a-6 sku_id=sku-v4-concurrent-ad5bbb0a payment_tx= - Durable Outbox acceptance command_id=cdbfa8b506ea132e846efd0b37d14d6bf27637ee7f3c83ded27fabb034f7dc70 status=ACCEPTED
2026-08-11T10:21:51.017+08:00 INFO  d.f.m.o.OutboxAsyncOrderApplicationService request_id=e897b1bd-5ed1-4c56-a0f1-2816e99aec96 idempotency_key=key-ad5bbb0a-7 order_id= user_id=user-ad5bbb0a-7 sku_id=sku-v4-concurrent-ad5bbb0a payment_tx= - Durable Outbox acceptance command_id=849beab6bbeb9640117cf925cf5248782982998288c9a8f96cfb7b04c88c26d3 status=ACCEPTED
2026-08-11T10:21:51.035+08:00 INFO  d.f.m.outbox.OutboxDispatcher request_id= idempotency_key= order_id= user_id= sku_id= payment_tx= - Outbox publication deferred outbox_id=447051f3-3634-44c9-ab32-f9aa6721ce76 command_id=1c8a4a317e8af61449cf2d8f2604f7eee014c94de880a2dfa5e225fa615c62dc outcome=RETRYABLE cause=MQCLIENTEXCEPTION
2026-08-11T10:21:51.037+08:00 INFO  d.f.m.outbox.OutboxDispatcher request_id= idempotency_key= order_id= user_id= sku_id= payment_tx= - Outbox publication deferred outbox_id=e1ab99e9-d6ba-4473-8ddb-66bb1412547c command_id=6cf6c65589daa78571076f163e85a482d51bd39485ab736e2406d52e8daf740c outcome=RETRYABLE cause=MQCLIENTEXCEPTION
2026-08-11T10:21:51.038+08:00 INFO  d.f.m.outbox.OutboxDispatcher request_id= idempotency_key= order_id= user_id= sku_id= payment_tx= - Outbox publication deferred outbox_id=a9b940da-cdbd-41fe-a418-58f503bf7d84 command_id=95fe811f91d311579d682ea3ddc98e25f9529fa237f200fadeef2672cd89e836 outcome=RETRYABLE cause=MQCLIENTEXCEPTION
2026-08-11T10:21:51.042+08:00 INFO  d.f.m.outbox.OutboxDispatcher request_id= idempotency_key= order_id= user_id= sku_id= payment_tx= - Outbox publication deferred outbox_id=5a0129a9-a77d-4841-b50d-63908a11d021 command_id=5082a22fa9a2c5f2cf4f68307391a4ae6688aa4e4744d45dcd6983cf71234cd9 outcome=RETRYABLE cause=MQCLIENTEXCEPTION
2026-08-11T10:21:51.042+08:00 INFO  d.f.m.outbox.OutboxDispatcher request_id= idempotency_key= order_id= user_id= sku_id= payment_tx= - Outbox publication deferred outbox_id=775554d8-bab6-4444-8bdc-91006d5a238c command_id=6dcd942e029fb54165f164dd37d51a588632188bc7a349708e352e3cb2ac5c71 outcome=RETRYABLE cause=MQCLIENTEXCEPTION
2026-08-11T10:21:51.223+08:00 INFO  d.f.m.outbox.OutboxDispatcher request_id= idempotency_key= order_id= user_id= sku_id= payment_tx= - Outbox publication deferred outbox_id=2aa885c0-7758-4ae3-b0fc-68e769259b84 command_id=34f7e7327675b4b21fdb9bc94cdbb2a9747ba05742cf8699c7e67f1a31a045c5 outcome=RETRYABLE cause=MQCLIENTEXCEPTION
2026-08-11T10:21:51.224+08:00 INFO  d.f.m.outbox.OutboxDispatcher request_id= idempotency_key= order_id= user_id= sku_id= payment_tx= - Outbox publication deferred outbox_id=e56a8b0d-f609-496d-a80b-53154dbf21c7 command_id=cdbfa8b506ea132e846efd0b37d14d6bf27637ee7f3c83ded27fabb034f7dc70 outcome=RETRYABLE cause=MQCLIENTEXCEPTION
2026-08-11T10:21:51.483+08:00 INFO  d.f.m.outbox.OutboxDispatcher request_id= idempotency_key= order_id= user_id= sku_id= payment_tx= - Outbox publication deferred outbox_id=ee7d596f-43af-4b78-a56b-7993b7568703 command_id=849beab6bbeb9640117cf925cf5248782982998288c9a8f96cfb7b04c88c26d3 outcome=RETRYABLE cause=MQCLIENTEXCEPTION
2026-08-11T10:21:51.494+08:00 INFO  d.f.m.outbox.OutboxDispatcher request_id= idempotency_key= order_id= user_id= sku_id= payment_tx= - Outbox publication deferred outbox_id=447051f3-3634-44c9-ab32-f9aa6721ce76 command_id=1c8a4a317e8af61449cf2d8f2604f7eee014c94de880a2dfa5e225fa615c62dc outcome=RETRYABLE cause=MQCLIENTEXCEPTION
2026-08-11T10:21:51.755+08:00 INFO  d.f.m.outbox.OutboxDispatcher request_id= idempotency_key= order_id= user_id= sku_id= payment_tx= - Outbox publication deferred outbox_id=e1ab99e9-d6ba-4473-8ddb-66bb1412547c command_id=6cf6c65589daa78571076f163e85a482d51bd39485ab736e2406d52e8daf740c outcome=RETRYABLE cause=MQCLIENTEXCEPTION
2026-08-11T10:21:51.758+08:00 INFO  d.f.m.outbox.OutboxDispatcher request_id= idempotency_key= order_id= user_id= sku_id= payment_tx= - Outbox publication deferred outbox_id=a9b940da-cdbd-41fe-a418-58f503bf7d84 command_id=95fe811f91d311579d682ea3ddc98e25f9529fa237f200fadeef2672cd89e836 outcome=RETRYABLE cause=MQCLIENTEXCEPTION
2026-08-11T10:21:52.020+08:00 INFO  d.f.m.outbox.OutboxDispatcher request_id= idempotency_key= order_id= user_id= sku_id= payment_tx= - Outbox publication deferred outbox_id=5a0129a9-a77d-4841-b50d-63908a11d021 command_id=5082a22fa9a2c5f2cf4f68307391a4ae6688aa4e4744d45dcd6983cf71234cd9 outcome=RETRYABLE cause=MQCLIENTEXCEPTION
2026-08-11T10:21:52.023+08:00 INFO  d.f.m.outbox.OutboxDispatcher request_id= idempotency_key= order_id= user_id= sku_id= payment_tx= - Outbox publication deferred outbox_id=775554d8-bab6-4444-8bdc-91006d5a238c command_id=6dcd942e029fb54165f164dd37d51a588632188bc7a349708e352e3cb2ac5c71 outcome=RETRYABLE cause=MQCLIENTEXCEPTION
2026-08-11T10:21:52.281+08:00 INFO  d.f.m.outbox.OutboxDispatcher request_id= idempotency_key= order_id= user_id= sku_id= payment_tx= - Outbox publication deferred outbox_id=2aa885c0-7758-4ae3-b0fc-68e769259b84 command_id=34f7e7327675b4b21fdb9bc94cdbb2a9747ba05742cf8699c7e67f1a31a045c5 outcome=RETRYABLE cause=MQCLIENTEXCEPTION
2026-08-11T10:21:52.283+08:00 INFO  d.f.m.outbox.OutboxDispatcher request_id= idempotency_key= order_id= user_id= sku_id= payment_tx= - Outbox publication deferred outbox_id=e56a8b0d-f609-496d-a80b-53154dbf21c7 command_id=cdbfa8b506ea132e846efd0b37d14d6bf27637ee7f3c83ded27fabb034f7dc70 outcome=RETRYABLE cause=MQCLIENTEXCEPTION
2026-08-11T10:21:52.544+08:00 INFO  d.f.m.outbox.OutboxDispatcher request_id= idempotency_key= order_id= user_id= sku_id= payment_tx= - Outbox publication deferred outbox_id=ee7d596f-43af-4b78-a56b-7993b7568703 command_id=849beab6bbeb9640117cf925cf5248782982998288c9a8f96cfb7b04c88c26d3 outcome=RETRYABLE cause=MQCLIENTEXCEPTION
2026-08-11T10:21:52.547+08:00 INFO  d.f.m.outbox.OutboxDispatcher request_id= idempotency_key= order_id= user_id= sku_id= payment_tx= - Outbox publication deferred outbox_id=447051f3-3634-44c9-ab32-f9aa6721ce76 command_id=1c8a4a317e8af61449cf2d8f2604f7eee014c94de880a2dfa5e225fa615c62dc outcome=RETRYABLE cause=MQCLIENTEXCEPTION
2026-08-11T10:21:52.808+08:00 INFO  d.f.m.outbox.OutboxDispatcher request_id= idempotency_key= order_id= user_id= sku_id= payment_tx= - Outbox publication deferred outbox_id=e1ab99e9-d6ba-4473-8ddb-66bb1412547c command_id=6cf6c65589daa78571076f163e85a482d51bd39485ab736e2406d52e8daf740c outcome=RETRYABLE cause=MQCLIENTEXCEPTION
2026-08-11T10:21:52.811+08:00 INFO  d.f.m.outbox.OutboxDispatcher request_id= idempotency_key= order_id= user_id= sku_id= payment_tx= - Outbox publication deferred outbox_id=a9b940da-cdbd-41fe-a418-58f503bf7d84 command_id=95fe811f91d311579d682ea3ddc98e25f9529fa237f200fadeef2672cd89e836 outcome=RETRYABLE cause=MQCLIENTEXCEPTION
2026-08-11T10:21:53.070+08:00 INFO  d.f.m.outbox.OutboxDispatcher request_id= idempotency_key= order_id= user_id= sku_id= payment_tx= - Outbox publication deferred outbox_id=5a0129a9-a77d-4841-b50d-63908a11d021 command_id=5082a22fa9a2c5f2cf4f68307391a4ae6688aa4e4744d45dcd6983cf71234cd9 outcome=RETRYABLE cause=MQCLIENTEXCEPTION
2026-08-11T10:21:53.072+08:00 INFO  d.f.m.outbox.OutboxDispatcher request_id= idempotency_key= order_id= user_id= sku_id= payment_tx= - Outbox publication deferred outbox_id=775554d8-bab6-4444-8bdc-91006d5a238c command_id=6dcd942e029fb54165f164dd37d51a588632188bc7a349708e352e3cb2ac5c71 outcome=RETRYABLE cause=MQCLIENTEXCEPTION
2026-08-11T10:21:53.332+08:00 INFO  d.f.m.outbox.OutboxDispatcher request_id= idempotency_key= order_id= user_id= sku_id= payment_tx= - Outbox publication deferred outbox_id=2aa885c0-7758-4ae3-b0fc-68e769259b84 command_id=34f7e7327675b4b21fdb9bc94cdbb2a9747ba05742cf8699c7e67f1a31a045c5 outcome=RETRYABLE cause=MQCLIENTEXCEPTION
2026-08-11T10:21:53.335+08:00 INFO  d.f.m.outbox.OutboxDispatcher request_id= idempotency_key= order_id= user_id= sku_id= payment_tx= - Outbox publication deferred outbox_id=e56a8b0d-f609-496d-a80b-53154dbf21c7 command_id=cdbfa8b506ea132e846efd0b37d14d6bf27637ee7f3c83ded27fabb034f7dc70 outcome=RETRYABLE cause=MQCLIENTEXCEPTION
2026-08-11T10:21:53.597+08:00 INFO  d.f.m.outbox.OutboxDispatcher request_id= idempotency_key= order_id= user_id= sku_id= payment_tx= - Outbox publication deferred outbox_id=ee7d596f-43af-4b78-a56b-7993b7568703 command_id=849beab6bbeb9640117cf925cf5248782982998288c9a8f96cfb7b04c88c26d3 outcome=RETRYABLE cause=MQCLIENTEXCEPTION
2026-08-11T10:21:53.600+08:00 INFO  d.f.m.outbox.OutboxDispatcher request_id= idempotency_key= order_id= user_id= sku_id= payment_tx= - Outbox publication deferred outbox_id=447051f3-3634-44c9-ab32-f9aa6721ce76 command_id=1c8a4a317e8af61449cf2d8f2604f7eee014c94de880a2dfa5e225fa615c62dc outcome=RETRYABLE cause=MQCLIENTEXCEPTION
2026-08-11T10:21:53.863+08:00 INFO  d.f.m.outbox.OutboxDispatcher request_id= idempotency_key= order_id= user_id= sku_id= payment_tx= - Outbox publication deferred outbox_id=e1ab99e9-d6ba-4473-8ddb-66bb1412547c command_id=6cf6c65589daa78571076f163e85a482d51bd39485ab736e2406d52e8daf740c outcome=RETRYABLE cause=MQCLIENTEXCEPTION
2026-08-11T10:21:53.865+08:00 INFO  d.f.m.outbox.OutboxDispatcher request_id= idempotency_key= order_id= user_id= sku_id= payment_tx= - Outbox publication deferred outbox_id=a9b940da-cdbd-41fe-a418-58f503bf7d84 command_id=95fe811f91d311579d682ea3ddc98e25f9529fa237f200fadeef2672cd89e836 outcome=RETRYABLE cause=MQCLIENTEXCEPTION
2026-08-11T10:21:54.126+08:00 INFO  d.f.m.outbox.OutboxDispatcher request_id= idempotency_key= order_id= user_id= sku_id= payment_tx= - Outbox publication deferred outbox_id=5a0129a9-a77d-4841-b50d-63908a11d021 command_id=5082a22fa9a2c5f2cf4f68307391a4ae6688aa4e4744d45dcd6983cf71234cd9 outcome=RETRYABLE cause=MQCLIENTEXCEPTION
2026-08-11T10:21:54.129+08:00 INFO  d.f.m.outbox.OutboxDispatcher request_id= idempotency_key= order_id= user_id= sku_id= payment_tx= - Outbox publication deferred outbox_id=775554d8-bab6-4444-8bdc-91006d5a238c command_id=6dcd942e029fb54165f164dd37d51a588632188bc7a349708e352e3cb2ac5c71 outcome=RETRYABLE cause=MQCLIENTEXCEPTION
2026-08-11T10:21:54.402+08:00 INFO  d.f.m.outbox.OutboxDispatcher request_id= idempotency_key= order_id= user_id= sku_id= payment_tx= - Outbox publication deferred outbox_id=2aa885c0-7758-4ae3-b0fc-68e769259b84 command_id=34f7e7327675b4b21fdb9bc94cdbb2a9747ba05742cf8699c7e67f1a31a045c5 outcome=RETRYABLE cause=MQCLIENTEXCEPTION
2026-08-11T10:21:54.406+08:00 INFO  d.f.m.outbox.OutboxDispatcher request_id= idempotency_key= order_id= user_id= sku_id= payment_tx= - Outbox publication deferred outbox_id=e56a8b0d-f609-496d-a80b-53154dbf21c7 command_id=cdbfa8b506ea132e846efd0b37d14d6bf27637ee7f3c83ded27fabb034f7dc70 outcome=RETRYABLE cause=MQCLIENTEXCEPTION
2026-08-11T10:21:54.677+08:00 INFO  d.f.m.outbox.OutboxDispatcher request_id= idempotency_key= order_id= user_id= sku_id= payment_tx= - Outbox publication outbox_id=ee7d596f-43af-4b78-a56b-7993b7568703 command_id=849beab6bbeb9640117cf925cf5248782982998288c9a8f96cfb7b04c88c26d3 outcome=ACKNOWLEDGED
2026-08-11T10:21:54.681+08:00 INFO  d.f.m.outbox.OutboxDispatcher request_id= idempotency_key= order_id= user_id= sku_id= payment_tx= - Outbox publication outbox_id=447051f3-3634-44c9-ab32-f9aa6721ce76 command_id=1c8a4a317e8af61449cf2d8f2604f7eee014c94de880a2dfa5e225fa615c62dc outcome=ACKNOWLEDGED
2026-08-11T10:21:54.951+08:00 INFO  d.f.m.outbox.OutboxDispatcher request_id= idempotency_key= order_id= user_id= sku_id= payment_tx= - Outbox publication outbox_id=e1ab99e9-d6ba-4473-8ddb-66bb1412547c command_id=6cf6c65589daa78571076f163e85a482d51bd39485ab736e2406d52e8daf740c outcome=ACKNOWLEDGED
2026-08-11T10:21:54.957+08:00 INFO  d.f.m.outbox.OutboxDispatcher request_id= idempotency_key= order_id= user_id= sku_id= payment_tx= - Outbox publication outbox_id=a9b940da-cdbd-41fe-a418-58f503bf7d84 command_id=95fe811f91d311579d682ea3ddc98e25f9529fa237f200fadeef2672cd89e836 outcome=ACKNOWLEDGED
2026-08-11T10:21:55.226+08:00 INFO  d.f.m.outbox.OutboxDispatcher request_id= idempotency_key= order_id= user_id= sku_id= payment_tx= - Outbox publication outbox_id=5a0129a9-a77d-4841-b50d-63908a11d021 command_id=5082a22fa9a2c5f2cf4f68307391a4ae6688aa4e4744d45dcd6983cf71234cd9 outcome=ACKNOWLEDGED
2026-08-11T10:21:55.231+08:00 INFO  d.f.m.outbox.OutboxDispatcher request_id= idempotency_key= order_id= user_id= sku_id= payment_tx= - Outbox publication outbox_id=775554d8-bab6-4444-8bdc-91006d5a238c command_id=6dcd942e029fb54165f164dd37d51a588632188bc7a349708e352e3cb2ac5c71 outcome=ACKNOWLEDGED
2026-08-11T10:21:55.515+08:00 INFO  d.f.m.outbox.OutboxDispatcher request_id= idempotency_key= order_id= user_id= sku_id= payment_tx= - Outbox publication outbox_id=2aa885c0-7758-4ae3-b0fc-68e769259b84 command_id=34f7e7327675b4b21fdb9bc94cdbb2a9747ba05742cf8699c7e67f1a31a045c5 outcome=ACKNOWLEDGED
2026-08-11T10:21:55.524+08:00 INFO  d.f.m.outbox.OutboxDispatcher request_id= idempotency_key= order_id= user_id= sku_id= payment_tx= - Outbox publication outbox_id=e56a8b0d-f609-496d-a80b-53154dbf21c7 command_id=cdbfa8b506ea132e846efd0b37d14d6bf27637ee7f3c83ded27fabb034f7dc70 outcome=ACKNOWLEDGED
2026-08-11T10:22:30.734+08:00 INFO  o.s.b.w.e.tomcat.GracefulShutdown request_id= idempotency_key= order_id= user_id= sku_id= payment_tx= - Commencing graceful shutdown. Waiting for active requests to complete
2026-08-11T10:22:32.738+08:00 INFO  o.s.b.w.e.tomcat.GracefulShutdown request_id= idempotency_key= order_id= user_id= sku_id= payment_tx= - Graceful shutdown complete
2026-08-11T10:22:32.739+08:00 ERROR org.apache.tomcat.util.net.Acceptor request_id= idempotency_key= order_id= user_id= sku_id= payment_tx= - Socket accept failed
java.nio.channels.AsynchronousCloseException: null
	at java.base/java.nio.channels.spi.AbstractInterruptibleChannel.end(AbstractInterruptibleChannel.java:218) ~[na:na]
	at java.base/sun.nio.ch.ServerSocketChannelImpl.end(ServerSocketChannelImpl.java:372) ~[na:na]
	at java.base/sun.nio.ch.ServerSocketChannelImpl.accept(ServerSocketChannelImpl.java:397) ~[na:na]
	at org.apache.tomcat.util.net.NioEndpoint.serverSocketAccept(NioEndpoint.java:537) ~[tomcat-embed-core-10.1.44.jar:10.1.44]
	at org.apache.tomcat.util.net.NioEndpoint.serverSocketAccept(NioEndpoint.java:72) ~[tomcat-embed-core-10.1.44.jar:10.1.44]
	at org.apache.tomcat.util.net.Acceptor.run(Acceptor.java:127) ~[tomcat-embed-core-10.1.44.jar:10.1.44]
	at java.base/java.lang.Thread.run(Thread.java:1516) ~[na:na]
2026-08-11T10:22:32.802+08:00 INFO  com.zaxxer.hikari.HikariDataSource request_id= idempotency_key= order_id= user_id= sku_id= payment_tx= - HikariPool-4 - Shutdown initiated...
2026-08-11T10:22:32.804+08:00 INFO  com.zaxxer.hikari.HikariDataSource request_id= idempotency_key= order_id= user_id= sku_id= payment_tx= - HikariPool-4 - Shutdown completed.
[INFO] Tests run: 1, Failures: 0, Errors: 0, Skipped: 0, Time elapsed: 44.30 s -- in dev.flashflow.V4OutboxConcurrentRedeliveryIntegrationTest
[INFO] 
[INFO] Results:
[INFO] 
[INFO] Tests run: 5, Failures: 0, Errors: 0, Skipped: 0
[INFO] 
[INFO] ------------------------------------------------------------------------
[INFO] BUILD SUCCESS
[INFO] ------------------------------------------------------------------------
[INFO] Total time:  02:12 min
[INFO] Finished at: 2026-08-11T10:22:33+08:00
[INFO] ------------------------------------------------------------------------
