[INFO] Scanning for projects...
[INFO] 
[INFO] ----------------------< dev.flashflow:flashflow >-----------------------
[INFO] Building FlashFlow 0.1.0-SNAPSHOT
[INFO]   from pom.xml
[INFO] --------------------------------[ jar ]---------------------------------
[WARNING] 1 problem was encountered while building the effective model for org.javassist:javassist:jar:3.21.0-GA during dependency collection step for project (use -X to see details)
[INFO] 
[INFO] --- resources:3.3.1:resources (default-resources) @ flashflow ---
[INFO] Copying 5 resources from src/main/resources to target/classes
[INFO] Copying 11 resources from src/main/resources to target/classes
[INFO] 
[INFO] --- compiler:3.14.0:compile (default-compile) @ flashflow ---
[INFO] Nothing to compile - all classes are up to date.
[INFO] 
[INFO] --- resources:3.3.1:testResources (default-testResources) @ flashflow ---
[INFO] skip non existing resourceDirectory /Users/yuzheng/Computeracy/Zhenkun26-GitHub/FlashFlow/src/test/resources
[INFO] 
[INFO] --- compiler:3.14.0:testCompile (default-testCompile) @ flashflow ---
[INFO] Recompiling the module because of changed source code.
[INFO] Compiling 54 source files with javac [debug parameters release 21] to target/test-classes
[WARNING] /Users/yuzheng/Computeracy/Zhenkun26-GitHub/FlashFlow/src/test/java/dev/flashflow/ExpirationAdmissionFailureIntegrationTest.java:[26,6] org.springframework.boot.test.mock.mockito 中的 org.springframework.boot.test.mock.mockito.MockBean 已过时, 且标记为待删除
[WARNING] /Users/yuzheng/Computeracy/Zhenkun26-GitHub/FlashFlow/src/test/java/dev/flashflow/ExpirationRollbackIntegrationTest.java:[21,6] org.springframework.boot.test.mock.mockito 中的 org.springframework.boot.test.mock.mockito.MockBean 已过时, 且标记为待删除
[INFO] /Users/yuzheng/Computeracy/Zhenkun26-GitHub/FlashFlow/src/test/java/dev/flashflow/admission/RedisLuaAdmissionFailureTest.java: /Users/yuzheng/Computeracy/Zhenkun26-GitHub/FlashFlow/src/test/java/dev/flashflow/admission/RedisLuaAdmissionFailureTest.java使用了未经检查或不安全的操作。
[INFO] /Users/yuzheng/Computeracy/Zhenkun26-GitHub/FlashFlow/src/test/java/dev/flashflow/admission/RedisLuaAdmissionFailureTest.java: 有关详细信息, 请使用 -Xlint:unchecked 重新编译。
[INFO] 
[INFO] --- surefire:3.5.3:test (default-test) @ flashflow ---
[INFO] Using auto detected provider org.apache.maven.surefire.junitplatform.JUnitPlatformProvider
[INFO] 
[INFO] -------------------------------------------------------
[INFO]  T E S T S
[INFO] -------------------------------------------------------
[INFO] Running dev.flashflow.V4OutboxBacklogDrainIntegrationTest
Standard Commons Logging discovery in action with spring-jcl: please remove commons-logging.jar from classpath in order to avoid potential conflicts
09:26:29.955 [main] INFO org.springframework.test.context.support.AnnotationConfigContextLoaderUtils -- Could not detect default configuration classes for test class [dev.flashflow.V4OutboxBacklogDrainIntegrationTest]: V4OutboxBacklogDrainIntegrationTest does not declare any static, non-private, non-final, nested classes annotated with @Configuration.
09:26:30.006 [main] INFO org.springframework.boot.test.context.SpringBootTestContextBootstrapper -- Found @SpringBootConfiguration dev.flashflow.FlashFlowApplication for test class dev.flashflow.V4OutboxBacklogDrainIntegrationTest
09:26:30.045 [main] INFO org.testcontainers.images.PullPolicy -- Image pull policy will be performed by: DefaultPullPolicy()
09:26:30.046 [main] INFO org.testcontainers.utility.ImageNameSubstitutor -- Image name substitution will be performed by: DefaultImageNameSubstitutor (composite of 'ConfigurationFileImageNameSubstitutor' and 'PrefixingImageNameSubstitutor')
09:26:30.053 [main] INFO org.testcontainers.DockerClientFactory -- Testcontainers version: 1.21.3
09:26:30.132 [main] INFO org.testcontainers.dockerclient.DockerClientProviderStrategy -- Loaded org.testcontainers.dockerclient.UnixSocketClientProviderStrategy from ~/.testcontainers.properties, will try it first
09:26:30.222 [main] INFO org.testcontainers.dockerclient.DockerClientProviderStrategy -- Found Docker environment with local Unix socket (unix:///var/run/docker.sock)
09:26:30.222 [main] INFO org.testcontainers.DockerClientFactory -- Docker host IP address is localhost
09:26:30.232 [main] INFO org.testcontainers.DockerClientFactory -- Connected to docker: 
  Server Version: 29.4.1
  API Version: 1.54
  Operating System: Docker Desktop
  Total Memory: 7936 MB
  Labels: 
    com.docker.desktop.address=unix:///Users/yuzheng/Library/Containers/com.docker.docker/Data/docker-cli.sock
09:26:30.313 [main] INFO tc.testcontainers/ryuk:0.12.0 -- Creating container for image: testcontainers/ryuk:0.12.0
09:26:30.330 [main] INFO org.testcontainers.utility.RegistryAuthLocator -- Credential helper/store (docker-credential-osxkeychain) does not have credentials for https://index.docker.io/v1/
09:26:30.380 [main] INFO tc.testcontainers/ryuk:0.12.0 -- Container testcontainers/ryuk:0.12.0 is starting: ce96af3bdb340191c5765925f38f6b9f3dd5bf5b1b1a0d94d2aaf45120586b6e
09:26:30.531 [main] INFO tc.testcontainers/ryuk:0.12.0 -- Container testcontainers/ryuk:0.12.0 started in PT0.217387S
09:26:30.534 [main] INFO org.testcontainers.utility.RyukResourceReaper -- Ryuk started - will monitor and terminate Testcontainers containers on JVM exit
09:26:30.534 [main] INFO org.testcontainers.DockerClientFactory -- Checking the system...
09:26:30.534 [main] INFO org.testcontainers.DockerClientFactory -- ✔︎ Docker server version should be at least 1.6.0
09:26:30.535 [main] INFO tc.mysql:8.4.6 -- Creating container for image: mysql:8.4.6
09:26:30.574 [main] INFO tc.mysql:8.4.6 -- Container mysql:8.4.6 is starting: 42171c4fd161437035ea4b0abaf70bd483841dfff7801f673203d89630ef4ddb
09:26:30.674 [main] INFO tc.mysql:8.4.6 -- Waiting for database connection to become available at jdbc:mysql://localhost:64906/flashflow using query 'SELECT 1'
09:26:35.226 [main] INFO tc.mysql:8.4.6 -- Container mysql:8.4.6 started in PT4.690993S
09:26:35.226 [main] INFO tc.mysql:8.4.6 -- Container is started (JDBC URL: jdbc:mysql://localhost:64906/flashflow)
09:26:35.226 [main] INFO tc.redis:7.4.2-alpine -- Creating container for image: redis:7.4.2-alpine
09:26:35.255 [main] INFO tc.redis:7.4.2-alpine -- Container redis:7.4.2-alpine is starting: 5cefdf64d279dbde02e82d3c6edcafbd5bd230ebbd929b7e571b43006a013fe7
09:26:35.414 [main] INFO tc.redis:7.4.2-alpine -- Container redis:7.4.2-alpine started in PT0.187313S

  .   ____          _            __ _ _
 /\\ / ___'_ __ _ _(_)_ __  __ _ \ \ \ \
( ( )\___ | '_ | '_| | '_ \/ _` | \ \ \ \
 \\/  ___)| |_)| | | | | || (_| |  ) ) ) )
  '  |____| .__|_| |_|_| |_\__, | / / / /
 =========|_|==============|___/=/_/_/_/

 :: Spring Boot ::                (v3.5.5)

2026-08-11T09:26:35.549+08:00 INFO  d.f.V4OutboxBacklogDrainIntegrationTest request_id= idempotency_key= order_id= user_id= sku_id= payment_tx= - Starting V4OutboxBacklogDrainIntegrationTest using Java 26.0.2 with PID 38714 (started by yuzheng in /Users/yuzheng/Computeracy/Zhenkun26-GitHub/FlashFlow)
2026-08-11T09:26:35.549+08:00 INFO  d.f.V4OutboxBacklogDrainIntegrationTest request_id= idempotency_key= order_id= user_id= sku_id= payment_tx= - The following 1 profile is active: "test"
2026-08-11T09:26:35.986+08:00 INFO  o.s.d.r.c.RepositoryConfigurationDelegate request_id= idempotency_key= order_id= user_id= sku_id= payment_tx= - Multiple Spring Data modules found, entering strict repository configuration mode
2026-08-11T09:26:35.987+08:00 INFO  o.s.d.r.c.RepositoryConfigurationDelegate request_id= idempotency_key= order_id= user_id= sku_id= payment_tx= - Bootstrapping Spring Data Redis repositories in DEFAULT mode.
2026-08-11T09:26:36.004+08:00 INFO  o.s.d.r.c.RepositoryConfigurationDelegate request_id= idempotency_key= order_id= user_id= sku_id= payment_tx= - Finished Spring Data repository scanning in 11 ms. Found 0 Redis repository interfaces.
2026-08-11T09:26:36.228+08:00 INFO  o.s.b.w.e.tomcat.TomcatWebServer request_id= idempotency_key= order_id= user_id= sku_id= payment_tx= - Tomcat initialized with port 0 (http)
2026-08-11T09:26:36.235+08:00 INFO  o.a.catalina.core.StandardService request_id= idempotency_key= order_id= user_id= sku_id= payment_tx= - Starting service [Tomcat]
2026-08-11T09:26:36.236+08:00 INFO  o.a.catalina.core.StandardEngine request_id= idempotency_key= order_id= user_id= sku_id= payment_tx= - Starting Servlet engine: [Apache Tomcat/10.1.44]
2026-08-11T09:26:36.252+08:00 INFO  o.a.c.c.C.[Tomcat].[localhost].[/] request_id= idempotency_key= order_id= user_id= sku_id= payment_tx= - Initializing Spring embedded WebApplicationContext
2026-08-11T09:26:36.253+08:00 INFO  o.s.b.w.s.c.ServletWebServerApplicationContext request_id= idempotency_key= order_id= user_id= sku_id= payment_tx= - Root WebApplicationContext: initialization completed in 688 ms
Standard Commons Logging discovery in action with spring-jcl: please remove commons-logging.jar from classpath in order to avoid potential conflicts
WARNING: A terminally deprecated method in sun.misc.Unsafe has been called
WARNING: sun.misc.Unsafe::allocateMemory has been called by io.netty.util.internal.PlatformDependent0$2 (file:/Users/yuzheng/.m2/repository/io/netty/netty-common/4.1.124.Final/netty-common-4.1.124.Final.jar)
WARNING: Please consider reporting this to the maintainers of class io.netty.util.internal.PlatformDependent0$2
WARNING: sun.misc.Unsafe::allocateMemory will be removed in a future release
WARNING: A restricted method in java.lang.System has been called
WARNING: java.lang.System::loadLibrary has been called by io.netty.util.internal.NativeLibraryUtil in an unnamed module (file:/Users/yuzheng/.m2/repository/io/netty/netty-common/4.1.124.Final/netty-common-4.1.124.Final.jar)
WARNING: Use --enable-native-access=ALL-UNNAMED to avoid a warning for callers in this module
WARNING: Restricted methods will be blocked in a future release unless native access is enabled

2026-08-11T09:26:36.858+08:00 INFO  com.zaxxer.hikari.HikariDataSource request_id= idempotency_key= order_id= user_id= sku_id= payment_tx= - HikariPool-1 - Starting...
2026-08-11T09:26:36.933+08:00 INFO  com.zaxxer.hikari.pool.HikariPool request_id= idempotency_key= order_id= user_id= sku_id= payment_tx= - HikariPool-1 - Added connection com.mysql.cj.jdbc.ConnectionImpl@7cddc50f
2026-08-11T09:26:36.933+08:00 INFO  com.zaxxer.hikari.HikariDataSource request_id= idempotency_key= order_id= user_id= sku_id= payment_tx= - HikariPool-1 - Start completed.
2026-08-11T09:26:36.953+08:00 INFO  org.flywaydb.core.FlywayExecutor request_id= idempotency_key= order_id= user_id= sku_id= payment_tx= - Database: jdbc:mysql://localhost:64906/flashflow (MySQL 8.4)
2026-08-11T09:26:36.972+08:00 WARN  o.f.c.i.database.base.Database request_id= idempotency_key= order_id= user_id= sku_id= payment_tx= - Flyway upgrade recommended: MySQL 8.4 is newer than this version of Flyway and support has not been tested. The latest supported version of MySQL is 8.1.
2026-08-11T09:26:36.986+08:00 INFO  o.f.c.i.s.JdbcTableSchemaHistory request_id= idempotency_key= order_id= user_id= sku_id= payment_tx= - Schema history table `flashflow`.`flyway_schema_history` does not exist yet
2026-08-11T09:26:36.988+08:00 INFO  o.f.core.internal.command.DbValidate request_id= idempotency_key= order_id= user_id= sku_id= payment_tx= - Successfully validated 4 migrations (execution time 00:00.011s)
2026-08-11T09:26:37.012+08:00 INFO  o.f.c.i.s.JdbcTableSchemaHistory request_id= idempotency_key= order_id= user_id= sku_id= payment_tx= - Creating Schema History table `flashflow`.`flyway_schema_history` ...
2026-08-11T09:26:37.048+08:00 INFO  o.f.core.internal.command.DbMigrate request_id= idempotency_key= order_id= user_id= sku_id= payment_tx= - Current version of schema `flashflow`: << Empty Schema >>
2026-08-11T09:26:37.058+08:00 INFO  o.f.core.internal.command.DbMigrate request_id= idempotency_key= order_id= user_id= sku_id= payment_tx= - Migrating schema `flashflow` to version "1 - create flashflow v1 schema"
2026-08-11T09:26:37.166+08:00 INFO  o.f.core.internal.command.DbMigrate request_id= idempotency_key= order_id= user_id= sku_id= payment_tx= - Migrating schema `flashflow` to version "2 - create order command ledger"
2026-08-11T09:26:37.186+08:00 INFO  o.f.core.internal.command.DbMigrate request_id= idempotency_key= order_id= user_id= sku_id= payment_tx= - Migrating schema `flashflow` to version "3 - extend order command transport evidence"
2026-08-11T09:26:37.213+08:00 INFO  o.f.core.internal.command.DbMigrate request_id= idempotency_key= order_id= user_id= sku_id= payment_tx= - Migrating schema `flashflow` to version "4 - create order command outbox"
2026-08-11T09:26:37.232+08:00 INFO  o.f.core.internal.command.DbMigrate request_id= idempotency_key= order_id= user_id= sku_id= payment_tx= - Successfully applied 4 migrations to schema `flashflow`, now at version v4 (execution time 00:00.136s)
2026-08-11T09:26:38.016+08:00 INFO  o.s.b.a.e.web.EndpointLinksResolver request_id= idempotency_key= order_id= user_id= sku_id= payment_tx= - Exposing 2 endpoints beneath base path '/actuator'
2026-08-11T09:26:38.088+08:00 INFO  o.s.b.w.e.tomcat.TomcatWebServer request_id= idempotency_key= order_id= user_id= sku_id= payment_tx= - Tomcat started on port 64976 (http) with context path '/'
2026-08-11T09:26:38.104+08:00 INFO  d.f.V4OutboxBacklogDrainIntegrationTest request_id= idempotency_key= order_id= user_id= sku_id= payment_tx= - Started V4OutboxBacklogDrainIntegrationTest in 2.676 seconds (process running for 8.4)
OpenJDK 64-Bit Server VM warning: Sharing is only supported for boot loader classes because bootstrap classpath has been appended
2026-08-11T09:26:50.923+08:00 INFO  o.a.c.c.C.[Tomcat].[localhost].[/] request_id= idempotency_key= order_id= user_id= sku_id= payment_tx= - Initializing Spring DispatcherServlet 'dispatcherServlet'
2026-08-11T09:26:50.923+08:00 INFO  o.s.web.servlet.DispatcherServlet request_id= idempotency_key= order_id= user_id= sku_id= payment_tx= - Initializing Servlet 'dispatcherServlet'
2026-08-11T09:26:50.924+08:00 INFO  o.s.web.servlet.DispatcherServlet request_id= idempotency_key= order_id= user_id= sku_id= payment_tx= - Completed initialization in 1 ms
2026-08-11T09:26:50.974+08:00 INFO  d.f.m.o.OutboxAsyncOrderApplicationService request_id=5548cfb9-f9ea-4294-80ab-9ebb600186e6 idempotency_key=key-fdfd1ecc-0 order_id= user_id=user-fdfd1ecc-0 sku_id=sku-v4-backlog-fdfd1ecc payment_tx= - Durable Outbox acceptance command_id=ed2b1598f1381e56eb4f444cda4d9d084eb63abb227f45bc41034f3bd9d71abf status=ACCEPTED
2026-08-11T09:26:51.010+08:00 INFO  d.f.m.o.OutboxAsyncOrderApplicationService request_id=fd422aba-88e3-4ee3-a565-417e90d34fc0 idempotency_key=key-fdfd1ecc-1 order_id= user_id=user-fdfd1ecc-1 sku_id=sku-v4-backlog-fdfd1ecc payment_tx= - Durable Outbox acceptance command_id=dd61e0a61b28cb3d3e87ca44fd3e221c27dd1aac5a49afe92d51be85cb5a9485 status=ACCEPTED
2026-08-11T09:26:51.020+08:00 INFO  d.f.m.o.OutboxAsyncOrderApplicationService request_id=0d1d0689-947c-43f0-b2b4-a5be53d93156 idempotency_key=key-fdfd1ecc-2 order_id= user_id=user-fdfd1ecc-2 sku_id=sku-v4-backlog-fdfd1ecc payment_tx= - Durable Outbox acceptance command_id=f427eaaca469a90596495ea6a06dd030e85a9ab2d07032dc701c22376b48bb7d status=ACCEPTED
2026-08-11T09:26:51.029+08:00 INFO  d.f.m.o.OutboxAsyncOrderApplicationService request_id=46a32318-9d9c-4f69-808d-82bfa3a0506d idempotency_key=key-fdfd1ecc-3 order_id= user_id=user-fdfd1ecc-3 sku_id=sku-v4-backlog-fdfd1ecc payment_tx= - Durable Outbox acceptance command_id=29baea8b6018e7e50e0b553ff53c0e9eb96a95743f372832f5926e6a33cf15b4 status=ACCEPTED
2026-08-11T09:26:51.037+08:00 INFO  d.f.m.o.OutboxAsyncOrderApplicationService request_id=dee0b54f-1835-4214-af88-03485e388b61 idempotency_key=key-fdfd1ecc-4 order_id= user_id=user-fdfd1ecc-4 sku_id=sku-v4-backlog-fdfd1ecc payment_tx= - Durable Outbox acceptance command_id=c8befb1443eedce454efec816770b7195866834fceabac6caecea31dcf8a0b41 status=ACCEPTED
2026-08-11T09:26:51.046+08:00 INFO  d.f.m.o.OutboxAsyncOrderApplicationService request_id=bc5585bb-7cb4-402d-ae82-fb80631e5eba idempotency_key=key-fdfd1ecc-5 order_id= user_id=user-fdfd1ecc-5 sku_id=sku-v4-backlog-fdfd1ecc payment_tx= - Durable Outbox acceptance command_id=689d2f2f79f471cf5de4add3a5a46e139644236e06e792ea09f07d9efd274b2a status=ACCEPTED
2026-08-11T09:26:51.056+08:00 INFO  d.f.m.o.OutboxAsyncOrderApplicationService request_id=00f45225-a34b-4b43-8181-9c2ca453363a idempotency_key=key-fdfd1ecc-6 order_id= user_id=user-fdfd1ecc-6 sku_id=sku-v4-backlog-fdfd1ecc payment_tx= - Durable Outbox acceptance command_id=803c9d5b9ff6fdccedb4508d3174b6f1d86723acf24bea0deced7af274c3f44d status=ACCEPTED
2026-08-11T09:26:51.064+08:00 INFO  d.f.m.o.OutboxAsyncOrderApplicationService request_id=7950c4e3-56f5-47e6-a774-229c85aeaed9 idempotency_key=key-fdfd1ecc-7 order_id= user_id=user-fdfd1ecc-7 sku_id=sku-v4-backlog-fdfd1ecc payment_tx= - Durable Outbox acceptance command_id=7eb490a73936f4b3385b7069e29e041de5f1038049896e13ef22e1c0f2ce5b74 status=ACCEPTED
2026-08-11T09:26:51.083+08:00 INFO  d.f.m.o.OutboxAsyncOrderApplicationService request_id=fe1a85ac-070d-43fe-9a5d-25da2e0e77b5 idempotency_key=key-fdfd1ecc-8 order_id= user_id=user-fdfd1ecc-8 sku_id=sku-v4-backlog-fdfd1ecc payment_tx= - Durable Outbox acceptance command_id=981556da59a873045501c89b6c143db5647a0af8c29e919050dbef3d24b6e559 status=ACCEPTED
2026-08-11T09:26:51.088+08:00 INFO  d.f.m.outbox.OutboxDispatcher request_id= idempotency_key= order_id= user_id= sku_id= payment_tx= - Outbox publication deferred outbox_id=38461b0e-7f7c-4564-a77e-0ca7352b5b0b command_id=ed2b1598f1381e56eb4f444cda4d9d084eb63abb227f45bc41034f3bd9d71abf outcome=RETRYABLE cause=MQCLIENTEXCEPTION
2026-08-11T09:26:51.092+08:00 INFO  d.f.m.outbox.OutboxDispatcher request_id= idempotency_key= order_id= user_id= sku_id= payment_tx= - Outbox publication deferred outbox_id=bf0d34cb-8aef-4509-966b-3232cbaeaed7 command_id=dd61e0a61b28cb3d3e87ca44fd3e221c27dd1aac5a49afe92d51be85cb5a9485 outcome=RETRYABLE cause=MQCLIENTEXCEPTION
2026-08-11T09:26:51.092+08:00 INFO  d.f.m.o.OutboxAsyncOrderApplicationService request_id=9cabeb8d-bf5d-499b-a0f3-fc8e531b8f93 idempotency_key=key-fdfd1ecc-9 order_id= user_id=user-fdfd1ecc-9 sku_id=sku-v4-backlog-fdfd1ecc payment_tx= - Durable Outbox acceptance command_id=c8c2afcf3a5f2178ca9115d4676317bbacbb7f819ca5947bd905d435e71b2bf8 status=ACCEPTED
2026-08-11T09:26:51.095+08:00 INFO  d.f.m.outbox.OutboxDispatcher request_id= idempotency_key= order_id= user_id= sku_id= payment_tx= - Outbox publication deferred outbox_id=150f58c0-4ac6-4a2f-a5e3-4e50cebb8866 command_id=f427eaaca469a90596495ea6a06dd030e85a9ab2d07032dc701c22376b48bb7d outcome=RETRYABLE cause=MQCLIENTEXCEPTION
2026-08-11T09:26:51.098+08:00 INFO  d.f.m.outbox.OutboxDispatcher request_id= idempotency_key= order_id= user_id= sku_id= payment_tx= - Outbox publication deferred outbox_id=32f92c50-2f66-4c03-8bd8-024dfe1146da command_id=29baea8b6018e7e50e0b553ff53c0e9eb96a95743f372832f5926e6a33cf15b4 outcome=RETRYABLE cause=MQCLIENTEXCEPTION
2026-08-11T09:26:51.101+08:00 INFO  d.f.m.o.OutboxAsyncOrderApplicationService request_id=70cf5d3b-1646-4b25-b8b3-b1eff2786ea7 idempotency_key=key-fdfd1ecc-10 order_id= user_id=user-fdfd1ecc-10 sku_id=sku-v4-backlog-fdfd1ecc payment_tx= - Durable Outbox acceptance command_id=a4012cb0274fa7e18348953a2df578a9c0c313b3d1e37e461c39c6e89d3a227f status=ACCEPTED
2026-08-11T09:26:51.109+08:00 INFO  d.f.m.o.OutboxAsyncOrderApplicationService request_id=1b637b2c-3f98-471e-b2dc-57f3f0289bba idempotency_key=key-fdfd1ecc-11 order_id= user_id=user-fdfd1ecc-11 sku_id=sku-v4-backlog-fdfd1ecc payment_tx= - Durable Outbox acceptance command_id=5d0042ca68e2729c1110d4d9b5409f00213d2b976340f93776cdc578771de148 status=ACCEPTED
2026-08-11T09:26:51.216+08:00 INFO  d.f.m.outbox.OutboxDispatcher request_id= idempotency_key= order_id= user_id= sku_id= payment_tx= - Outbox publication deferred outbox_id=e9da8a72-e9a3-416d-a779-4286db113141 command_id=c8befb1443eedce454efec816770b7195866834fceabac6caecea31dcf8a0b41 outcome=RETRYABLE cause=MQCLIENTEXCEPTION
2026-08-11T09:26:51.222+08:00 INFO  d.f.m.outbox.OutboxDispatcher request_id= idempotency_key= order_id= user_id= sku_id= payment_tx= - Outbox publication deferred outbox_id=dc34897b-6389-41c5-9eef-a4f203c6b699 command_id=689d2f2f79f471cf5de4add3a5a46e139644236e06e792ea09f07d9efd274b2a outcome=RETRYABLE cause=MQCLIENTEXCEPTION
2026-08-11T09:26:51.227+08:00 INFO  d.f.m.outbox.OutboxDispatcher request_id= idempotency_key= order_id= user_id= sku_id= payment_tx= - Outbox publication deferred outbox_id=ec7920a9-169e-4b4a-a3b6-2b14366a3699 command_id=803c9d5b9ff6fdccedb4508d3174b6f1d86723acf24bea0deced7af274c3f44d outcome=RETRYABLE cause=MQCLIENTEXCEPTION
2026-08-11T09:26:51.230+08:00 INFO  d.f.m.outbox.OutboxDispatcher request_id= idempotency_key= order_id= user_id= sku_id= payment_tx= - Outbox publication deferred outbox_id=08c22188-7d36-4431-a609-d6c03dfd9574 command_id=7eb490a73936f4b3385b7069e29e041de5f1038049896e13ef22e1c0f2ce5b74 outcome=RETRYABLE cause=MQCLIENTEXCEPTION
2026-08-11T09:26:51.348+08:00 INFO  d.f.m.outbox.OutboxDispatcher request_id= idempotency_key= order_id= user_id= sku_id= payment_tx= - Outbox publication deferred outbox_id=653a37e0-8604-411b-bb24-67afa5c5cc1d command_id=981556da59a873045501c89b6c143db5647a0af8c29e919050dbef3d24b6e559 outcome=RETRYABLE cause=MQCLIENTEXCEPTION
2026-08-11T09:26:51.351+08:00 INFO  d.f.m.outbox.OutboxDispatcher request_id= idempotency_key= order_id= user_id= sku_id= payment_tx= - Outbox publication deferred outbox_id=9f485704-b110-4310-9902-d063695a2003 command_id=c8c2afcf3a5f2178ca9115d4676317bbacbb7f819ca5947bd905d435e71b2bf8 outcome=RETRYABLE cause=MQCLIENTEXCEPTION
2026-08-11T09:26:51.356+08:00 INFO  d.f.m.outbox.OutboxDispatcher request_id= idempotency_key= order_id= user_id= sku_id= payment_tx= - Outbox publication deferred outbox_id=322c16d6-d3ee-4c72-9bfa-05caacba3d81 command_id=a4012cb0274fa7e18348953a2df578a9c0c313b3d1e37e461c39c6e89d3a227f outcome=RETRYABLE cause=MQCLIENTEXCEPTION
2026-08-11T09:26:51.361+08:00 INFO  d.f.m.outbox.OutboxDispatcher request_id= idempotency_key= order_id= user_id= sku_id= payment_tx= - Outbox publication deferred outbox_id=c2234e36-ba52-4409-9104-347bc6bf532d command_id=5d0042ca68e2729c1110d4d9b5409f00213d2b976340f93776cdc578771de148 outcome=RETRYABLE cause=MQCLIENTEXCEPTION
2026-08-11T09:26:51.488+08:00 INFO  d.f.m.outbox.OutboxDispatcher request_id= idempotency_key= order_id= user_id= sku_id= payment_tx= - Outbox publication deferred outbox_id=38461b0e-7f7c-4564-a77e-0ca7352b5b0b command_id=ed2b1598f1381e56eb4f444cda4d9d084eb63abb227f45bc41034f3bd9d71abf outcome=RETRYABLE cause=MQCLIENTEXCEPTION
2026-08-11T09:26:51.493+08:00 INFO  d.f.m.outbox.OutboxDispatcher request_id= idempotency_key= order_id= user_id= sku_id= payment_tx= - Outbox publication deferred outbox_id=bf0d34cb-8aef-4509-966b-3232cbaeaed7 command_id=dd61e0a61b28cb3d3e87ca44fd3e221c27dd1aac5a49afe92d51be85cb5a9485 outcome=RETRYABLE cause=MQCLIENTEXCEPTION
2026-08-11T09:26:51.499+08:00 INFO  d.f.m.outbox.OutboxDispatcher request_id= idempotency_key= order_id= user_id= sku_id= payment_tx= - Outbox publication deferred outbox_id=150f58c0-4ac6-4a2f-a5e3-4e50cebb8866 command_id=f427eaaca469a90596495ea6a06dd030e85a9ab2d07032dc701c22376b48bb7d outcome=RETRYABLE cause=MQCLIENTEXCEPTION
2026-08-11T09:26:51.504+08:00 INFO  d.f.m.outbox.OutboxDispatcher request_id= idempotency_key= order_id= user_id= sku_id= payment_tx= - Outbox publication deferred outbox_id=32f92c50-2f66-4c03-8bd8-024dfe1146da command_id=29baea8b6018e7e50e0b553ff53c0e9eb96a95743f372832f5926e6a33cf15b4 outcome=RETRYABLE cause=MQCLIENTEXCEPTION
2026-08-11T09:26:51.630+08:00 INFO  d.f.m.outbox.OutboxDispatcher request_id= idempotency_key= order_id= user_id= sku_id= payment_tx= - Outbox publication deferred outbox_id=e9da8a72-e9a3-416d-a779-4286db113141 command_id=c8befb1443eedce454efec816770b7195866834fceabac6caecea31dcf8a0b41 outcome=RETRYABLE cause=MQCLIENTEXCEPTION
2026-08-11T09:26:51.638+08:00 INFO  d.f.m.outbox.OutboxDispatcher request_id= idempotency_key= order_id= user_id= sku_id= payment_tx= - Outbox publication deferred outbox_id=dc34897b-6389-41c5-9eef-a4f203c6b699 command_id=689d2f2f79f471cf5de4add3a5a46e139644236e06e792ea09f07d9efd274b2a outcome=RETRYABLE cause=MQCLIENTEXCEPTION
2026-08-11T09:26:51.648+08:00 INFO  d.f.m.outbox.OutboxDispatcher request_id= idempotency_key= order_id= user_id= sku_id= payment_tx= - Outbox publication deferred outbox_id=ec7920a9-169e-4b4a-a3b6-2b14366a3699 command_id=803c9d5b9ff6fdccedb4508d3174b6f1d86723acf24bea0deced7af274c3f44d outcome=RETRYABLE cause=MQCLIENTEXCEPTION
2026-08-11T09:26:51.656+08:00 INFO  d.f.m.outbox.OutboxDispatcher request_id= idempotency_key= order_id= user_id= sku_id= payment_tx= - Outbox publication deferred outbox_id=08c22188-7d36-4431-a609-d6c03dfd9574 command_id=7eb490a73936f4b3385b7069e29e041de5f1038049896e13ef22e1c0f2ce5b74 outcome=RETRYABLE cause=MQCLIENTEXCEPTION
2026-08-11T09:26:51.782+08:00 INFO  d.f.m.outbox.OutboxDispatcher request_id= idempotency_key= order_id= user_id= sku_id= payment_tx= - Outbox publication deferred outbox_id=653a37e0-8604-411b-bb24-67afa5c5cc1d command_id=981556da59a873045501c89b6c143db5647a0af8c29e919050dbef3d24b6e559 outcome=RETRYABLE cause=MQCLIENTEXCEPTION
2026-08-11T09:26:51.788+08:00 INFO  d.f.m.outbox.OutboxDispatcher request_id= idempotency_key= order_id= user_id= sku_id= payment_tx= - Outbox publication deferred outbox_id=9f485704-b110-4310-9902-d063695a2003 command_id=c8c2afcf3a5f2178ca9115d4676317bbacbb7f819ca5947bd905d435e71b2bf8 outcome=RETRYABLE cause=MQCLIENTEXCEPTION
2026-08-11T09:26:51.792+08:00 INFO  d.f.m.outbox.OutboxDispatcher request_id= idempotency_key= order_id= user_id= sku_id= payment_tx= - Outbox publication deferred outbox_id=322c16d6-d3ee-4c72-9bfa-05caacba3d81 command_id=a4012cb0274fa7e18348953a2df578a9c0c313b3d1e37e461c39c6e89d3a227f outcome=RETRYABLE cause=MQCLIENTEXCEPTION
2026-08-11T09:26:51.799+08:00 INFO  d.f.m.outbox.OutboxDispatcher request_id= idempotency_key= order_id= user_id= sku_id= payment_tx= - Outbox publication deferred outbox_id=c2234e36-ba52-4409-9104-347bc6bf532d command_id=5d0042ca68e2729c1110d4d9b5409f00213d2b976340f93776cdc578771de148 outcome=RETRYABLE cause=MQCLIENTEXCEPTION
2026-08-11T09:26:51.946+08:00 INFO  d.f.m.outbox.OutboxDispatcher request_id= idempotency_key= order_id= user_id= sku_id= payment_tx= - Outbox publication deferred outbox_id=38461b0e-7f7c-4564-a77e-0ca7352b5b0b command_id=ed2b1598f1381e56eb4f444cda4d9d084eb63abb227f45bc41034f3bd9d71abf outcome=RETRYABLE cause=MQCLIENTEXCEPTION
2026-08-11T09:26:51.957+08:00 INFO  d.f.m.outbox.OutboxDispatcher request_id= idempotency_key= order_id= user_id= sku_id= payment_tx= - Outbox publication deferred outbox_id=bf0d34cb-8aef-4509-966b-3232cbaeaed7 command_id=dd61e0a61b28cb3d3e87ca44fd3e221c27dd1aac5a49afe92d51be85cb5a9485 outcome=RETRYABLE cause=MQCLIENTEXCEPTION
2026-08-11T09:26:51.968+08:00 INFO  d.f.m.outbox.OutboxDispatcher request_id= idempotency_key= order_id= user_id= sku_id= payment_tx= - Outbox publication deferred outbox_id=150f58c0-4ac6-4a2f-a5e3-4e50cebb8866 command_id=f427eaaca469a90596495ea6a06dd030e85a9ab2d07032dc701c22376b48bb7d outcome=RETRYABLE cause=MQCLIENTEXCEPTION
2026-08-11T09:26:51.977+08:00 INFO  d.f.m.outbox.OutboxDispatcher request_id= idempotency_key= order_id= user_id= sku_id= payment_tx= - Outbox publication deferred outbox_id=32f92c50-2f66-4c03-8bd8-024dfe1146da command_id=29baea8b6018e7e50e0b553ff53c0e9eb96a95743f372832f5926e6a33cf15b4 outcome=RETRYABLE cause=MQCLIENTEXCEPTION
2026-08-11T09:26:52.117+08:00 INFO  d.f.m.outbox.OutboxDispatcher request_id= idempotency_key= order_id= user_id= sku_id= payment_tx= - Outbox publication deferred outbox_id=e9da8a72-e9a3-416d-a779-4286db113141 command_id=c8befb1443eedce454efec816770b7195866834fceabac6caecea31dcf8a0b41 outcome=RETRYABLE cause=MQCLIENTEXCEPTION
2026-08-11T09:26:52.128+08:00 INFO  d.f.m.outbox.OutboxDispatcher request_id= idempotency_key= order_id= user_id= sku_id= payment_tx= - Outbox publication deferred outbox_id=dc34897b-6389-41c5-9eef-a4f203c6b699 command_id=689d2f2f79f471cf5de4add3a5a46e139644236e06e792ea09f07d9efd274b2a outcome=RETRYABLE cause=MQCLIENTEXCEPTION
2026-08-11T09:26:52.138+08:00 INFO  d.f.m.outbox.OutboxDispatcher request_id= idempotency_key= order_id= user_id= sku_id= payment_tx= - Outbox publication deferred outbox_id=ec7920a9-169e-4b4a-a3b6-2b14366a3699 command_id=803c9d5b9ff6fdccedb4508d3174b6f1d86723acf24bea0deced7af274c3f44d outcome=RETRYABLE cause=MQCLIENTEXCEPTION
2026-08-11T09:26:52.142+08:00 INFO  d.f.m.outbox.OutboxDispatcher request_id= idempotency_key= order_id= user_id= sku_id= payment_tx= - Outbox publication deferred outbox_id=08c22188-7d36-4431-a609-d6c03dfd9574 command_id=7eb490a73936f4b3385b7069e29e041de5f1038049896e13ef22e1c0f2ce5b74 outcome=RETRYABLE cause=MQCLIENTEXCEPTION
2026-08-11T09:26:52.279+08:00 INFO  d.f.m.outbox.OutboxDispatcher request_id= idempotency_key= order_id= user_id= sku_id= payment_tx= - Outbox publication deferred outbox_id=653a37e0-8604-411b-bb24-67afa5c5cc1d command_id=981556da59a873045501c89b6c143db5647a0af8c29e919050dbef3d24b6e559 outcome=RETRYABLE cause=MQCLIENTEXCEPTION
2026-08-11T09:26:52.288+08:00 INFO  d.f.m.outbox.OutboxDispatcher request_id= idempotency_key= order_id= user_id= sku_id= payment_tx= - Outbox publication deferred outbox_id=9f485704-b110-4310-9902-d063695a2003 command_id=c8c2afcf3a5f2178ca9115d4676317bbacbb7f819ca5947bd905d435e71b2bf8 outcome=RETRYABLE cause=MQCLIENTEXCEPTION
2026-08-11T09:26:52.295+08:00 INFO  d.f.m.outbox.OutboxDispatcher request_id= idempotency_key= order_id= user_id= sku_id= payment_tx= - Outbox publication deferred outbox_id=322c16d6-d3ee-4c72-9bfa-05caacba3d81 command_id=a4012cb0274fa7e18348953a2df578a9c0c313b3d1e37e461c39c6e89d3a227f outcome=RETRYABLE cause=MQCLIENTEXCEPTION
2026-08-11T09:26:52.304+08:00 INFO  d.f.m.outbox.OutboxDispatcher request_id= idempotency_key= order_id= user_id= sku_id= payment_tx= - Outbox publication deferred outbox_id=c2234e36-ba52-4409-9104-347bc6bf532d command_id=5d0042ca68e2729c1110d4d9b5409f00213d2b976340f93776cdc578771de148 outcome=RETRYABLE cause=MQCLIENTEXCEPTION
2026-08-11T09:26:52.430+08:00 INFO  d.f.m.outbox.OutboxDispatcher request_id= idempotency_key= order_id= user_id= sku_id= payment_tx= - Outbox publication deferred outbox_id=38461b0e-7f7c-4564-a77e-0ca7352b5b0b command_id=ed2b1598f1381e56eb4f444cda4d9d084eb63abb227f45bc41034f3bd9d71abf outcome=RETRYABLE cause=MQCLIENTEXCEPTION
2026-08-11T09:26:52.437+08:00 INFO  d.f.m.outbox.OutboxDispatcher request_id= idempotency_key= order_id= user_id= sku_id= payment_tx= - Outbox publication deferred outbox_id=bf0d34cb-8aef-4509-966b-3232cbaeaed7 command_id=dd61e0a61b28cb3d3e87ca44fd3e221c27dd1aac5a49afe92d51be85cb5a9485 outcome=RETRYABLE cause=MQCLIENTEXCEPTION
2026-08-11T09:26:52.445+08:00 INFO  d.f.m.outbox.OutboxDispatcher request_id= idempotency_key= order_id= user_id= sku_id= payment_tx= - Outbox publication deferred outbox_id=150f58c0-4ac6-4a2f-a5e3-4e50cebb8866 command_id=f427eaaca469a90596495ea6a06dd030e85a9ab2d07032dc701c22376b48bb7d outcome=RETRYABLE cause=MQCLIENTEXCEPTION
2026-08-11T09:26:52.454+08:00 INFO  d.f.m.outbox.OutboxDispatcher request_id= idempotency_key= order_id= user_id= sku_id= payment_tx= - Outbox publication deferred outbox_id=32f92c50-2f66-4c03-8bd8-024dfe1146da command_id=29baea8b6018e7e50e0b553ff53c0e9eb96a95743f372832f5926e6a33cf15b4 outcome=RETRYABLE cause=MQCLIENTEXCEPTION
2026-08-11T09:26:52.583+08:00 INFO  d.f.m.outbox.OutboxDispatcher request_id= idempotency_key= order_id= user_id= sku_id= payment_tx= - Outbox publication deferred outbox_id=e9da8a72-e9a3-416d-a779-4286db113141 command_id=c8befb1443eedce454efec816770b7195866834fceabac6caecea31dcf8a0b41 outcome=RETRYABLE cause=MQCLIENTEXCEPTION
2026-08-11T09:26:52.589+08:00 INFO  d.f.m.outbox.OutboxDispatcher request_id= idempotency_key= order_id= user_id= sku_id= payment_tx= - Outbox publication deferred outbox_id=dc34897b-6389-41c5-9eef-a4f203c6b699 command_id=689d2f2f79f471cf5de4add3a5a46e139644236e06e792ea09f07d9efd274b2a outcome=RETRYABLE cause=MQCLIENTEXCEPTION
2026-08-11T09:26:52.593+08:00 INFO  d.f.m.outbox.OutboxDispatcher request_id= idempotency_key= order_id= user_id= sku_id= payment_tx= - Outbox publication deferred outbox_id=ec7920a9-169e-4b4a-a3b6-2b14366a3699 command_id=803c9d5b9ff6fdccedb4508d3174b6f1d86723acf24bea0deced7af274c3f44d outcome=RETRYABLE cause=MQCLIENTEXCEPTION
2026-08-11T09:26:52.597+08:00 INFO  d.f.m.outbox.OutboxDispatcher request_id= idempotency_key= order_id= user_id= sku_id= payment_tx= - Outbox publication deferred outbox_id=08c22188-7d36-4431-a609-d6c03dfd9574 command_id=7eb490a73936f4b3385b7069e29e041de5f1038049896e13ef22e1c0f2ce5b74 outcome=RETRYABLE cause=MQCLIENTEXCEPTION
2026-08-11T09:26:52.736+08:00 INFO  d.f.m.outbox.OutboxDispatcher request_id= idempotency_key= order_id= user_id= sku_id= payment_tx= - Outbox publication deferred outbox_id=653a37e0-8604-411b-bb24-67afa5c5cc1d command_id=981556da59a873045501c89b6c143db5647a0af8c29e919050dbef3d24b6e559 outcome=RETRYABLE cause=MQCLIENTEXCEPTION
2026-08-11T09:26:52.742+08:00 INFO  d.f.m.outbox.OutboxDispatcher request_id= idempotency_key= order_id= user_id= sku_id= payment_tx= - Outbox publication deferred outbox_id=9f485704-b110-4310-9902-d063695a2003 command_id=c8c2afcf3a5f2178ca9115d4676317bbacbb7f819ca5947bd905d435e71b2bf8 outcome=RETRYABLE cause=MQCLIENTEXCEPTION
2026-08-11T09:26:52.750+08:00 INFO  d.f.m.outbox.OutboxDispatcher request_id= idempotency_key= order_id= user_id= sku_id= payment_tx= - Outbox publication deferred outbox_id=322c16d6-d3ee-4c72-9bfa-05caacba3d81 command_id=a4012cb0274fa7e18348953a2df578a9c0c313b3d1e37e461c39c6e89d3a227f outcome=RETRYABLE cause=MQCLIENTEXCEPTION
2026-08-11T09:26:52.758+08:00 INFO  d.f.m.outbox.OutboxDispatcher request_id= idempotency_key= order_id= user_id= sku_id= payment_tx= - Outbox publication deferred outbox_id=c2234e36-ba52-4409-9104-347bc6bf532d command_id=5d0042ca68e2729c1110d4d9b5409f00213d2b976340f93776cdc578771de148 outcome=RETRYABLE cause=MQCLIENTEXCEPTION
2026-08-11T09:26:53.314+08:00 INFO  d.f.m.outbox.OutboxDispatcher request_id= idempotency_key= order_id= user_id= sku_id= payment_tx= - Outbox publication deferred outbox_id=38461b0e-7f7c-4564-a77e-0ca7352b5b0b command_id=ed2b1598f1381e56eb4f444cda4d9d084eb63abb227f45bc41034f3bd9d71abf outcome=RETRYABLE cause=MQCLIENTEXCEPTION
2026-08-11T09:26:53.317+08:00 INFO  d.f.m.outbox.OutboxDispatcher request_id= idempotency_key= order_id= user_id= sku_id= payment_tx= - Outbox publication deferred outbox_id=bf0d34cb-8aef-4509-966b-3232cbaeaed7 command_id=dd61e0a61b28cb3d3e87ca44fd3e221c27dd1aac5a49afe92d51be85cb5a9485 outcome=RETRYABLE cause=MQCLIENTEXCEPTION
2026-08-11T09:26:53.321+08:00 INFO  d.f.m.outbox.OutboxDispatcher request_id= idempotency_key= order_id= user_id= sku_id= payment_tx= - Outbox publication deferred outbox_id=150f58c0-4ac6-4a2f-a5e3-4e50cebb8866 command_id=f427eaaca469a90596495ea6a06dd030e85a9ab2d07032dc701c22376b48bb7d outcome=RETRYABLE cause=MQCLIENTEXCEPTION
2026-08-11T09:26:53.324+08:00 INFO  d.f.m.outbox.OutboxDispatcher request_id= idempotency_key= order_id= user_id= sku_id= payment_tx= - Outbox publication deferred outbox_id=32f92c50-2f66-4c03-8bd8-024dfe1146da command_id=29baea8b6018e7e50e0b553ff53c0e9eb96a95743f372832f5926e6a33cf15b4 outcome=RETRYABLE cause=MQCLIENTEXCEPTION
2026-08-11T09:26:53.437+08:00 INFO  d.f.m.outbox.OutboxDispatcher request_id= idempotency_key= order_id= user_id= sku_id= payment_tx= - Outbox publication deferred outbox_id=e9da8a72-e9a3-416d-a779-4286db113141 command_id=c8befb1443eedce454efec816770b7195866834fceabac6caecea31dcf8a0b41 outcome=RETRYABLE cause=MQCLIENTEXCEPTION
2026-08-11T09:26:53.439+08:00 INFO  d.f.m.outbox.OutboxDispatcher request_id= idempotency_key= order_id= user_id= sku_id= payment_tx= - Outbox publication deferred outbox_id=dc34897b-6389-41c5-9eef-a4f203c6b699 command_id=689d2f2f79f471cf5de4add3a5a46e139644236e06e792ea09f07d9efd274b2a outcome=RETRYABLE cause=MQCLIENTEXCEPTION
2026-08-11T09:26:53.441+08:00 INFO  d.f.m.outbox.OutboxDispatcher request_id= idempotency_key= order_id= user_id= sku_id= payment_tx= - Outbox publication deferred outbox_id=ec7920a9-169e-4b4a-a3b6-2b14366a3699 command_id=803c9d5b9ff6fdccedb4508d3174b6f1d86723acf24bea0deced7af274c3f44d outcome=RETRYABLE cause=MQCLIENTEXCEPTION
2026-08-11T09:26:53.442+08:00 INFO  d.f.m.outbox.OutboxDispatcher request_id= idempotency_key= order_id= user_id= sku_id= payment_tx= - Outbox publication deferred outbox_id=08c22188-7d36-4431-a609-d6c03dfd9574 command_id=7eb490a73936f4b3385b7069e29e041de5f1038049896e13ef22e1c0f2ce5b74 outcome=RETRYABLE cause=MQCLIENTEXCEPTION
2026-08-11T09:26:53.559+08:00 INFO  d.f.m.outbox.OutboxDispatcher request_id= idempotency_key= order_id= user_id= sku_id= payment_tx= - Outbox publication deferred outbox_id=653a37e0-8604-411b-bb24-67afa5c5cc1d command_id=981556da59a873045501c89b6c143db5647a0af8c29e919050dbef3d24b6e559 outcome=RETRYABLE cause=MQCLIENTEXCEPTION
2026-08-11T09:26:53.562+08:00 INFO  d.f.m.outbox.OutboxDispatcher request_id= idempotency_key= order_id= user_id= sku_id= payment_tx= - Outbox publication deferred outbox_id=9f485704-b110-4310-9902-d063695a2003 command_id=c8c2afcf3a5f2178ca9115d4676317bbacbb7f819ca5947bd905d435e71b2bf8 outcome=RETRYABLE cause=MQCLIENTEXCEPTION
2026-08-11T09:26:53.565+08:00 INFO  d.f.m.outbox.OutboxDispatcher request_id= idempotency_key= order_id= user_id= sku_id= payment_tx= - Outbox publication deferred outbox_id=322c16d6-d3ee-4c72-9bfa-05caacba3d81 command_id=a4012cb0274fa7e18348953a2df578a9c0c313b3d1e37e461c39c6e89d3a227f outcome=RETRYABLE cause=MQCLIENTEXCEPTION
2026-08-11T09:26:53.678+08:00 INFO  d.f.m.outbox.OutboxDispatcher request_id= idempotency_key= order_id= user_id= sku_id= payment_tx= - Outbox publication deferred outbox_id=c2234e36-ba52-4409-9104-347bc6bf532d command_id=5d0042ca68e2729c1110d4d9b5409f00213d2b976340f93776cdc578771de148 outcome=RETRYABLE cause=MQCLIENTEXCEPTION
2026-08-11T09:26:54.340+08:00 INFO  d.f.m.outbox.OutboxDispatcher request_id= idempotency_key= order_id= user_id= sku_id= payment_tx= - Outbox publication deferred outbox_id=38461b0e-7f7c-4564-a77e-0ca7352b5b0b command_id=ed2b1598f1381e56eb4f444cda4d9d084eb63abb227f45bc41034f3bd9d71abf outcome=RETRYABLE cause=MQCLIENTEXCEPTION
2026-08-11T09:26:54.343+08:00 INFO  d.f.m.outbox.OutboxDispatcher request_id= idempotency_key= order_id= user_id= sku_id= payment_tx= - Outbox publication deferred outbox_id=bf0d34cb-8aef-4509-966b-3232cbaeaed7 command_id=dd61e0a61b28cb3d3e87ca44fd3e221c27dd1aac5a49afe92d51be85cb5a9485 outcome=RETRYABLE cause=MQCLIENTEXCEPTION
2026-08-11T09:26:54.345+08:00 INFO  d.f.m.outbox.OutboxDispatcher request_id= idempotency_key= order_id= user_id= sku_id= payment_tx= - Outbox publication deferred outbox_id=150f58c0-4ac6-4a2f-a5e3-4e50cebb8866 command_id=f427eaaca469a90596495ea6a06dd030e85a9ab2d07032dc701c22376b48bb7d outcome=RETRYABLE cause=MQCLIENTEXCEPTION
2026-08-11T09:26:54.348+08:00 INFO  d.f.m.outbox.OutboxDispatcher request_id= idempotency_key= order_id= user_id= sku_id= payment_tx= - Outbox publication deferred outbox_id=32f92c50-2f66-4c03-8bd8-024dfe1146da command_id=29baea8b6018e7e50e0b553ff53c0e9eb96a95743f372832f5926e6a33cf15b4 outcome=RETRYABLE cause=MQCLIENTEXCEPTION
2026-08-11T09:26:54.465+08:00 INFO  d.f.m.outbox.OutboxDispatcher request_id= idempotency_key= order_id= user_id= sku_id= payment_tx= - Outbox publication deferred outbox_id=e9da8a72-e9a3-416d-a779-4286db113141 command_id=c8befb1443eedce454efec816770b7195866834fceabac6caecea31dcf8a0b41 outcome=RETRYABLE cause=MQCLIENTEXCEPTION
2026-08-11T09:26:54.468+08:00 INFO  d.f.m.outbox.OutboxDispatcher request_id= idempotency_key= order_id= user_id= sku_id= payment_tx= - Outbox publication deferred outbox_id=dc34897b-6389-41c5-9eef-a4f203c6b699 command_id=689d2f2f79f471cf5de4add3a5a46e139644236e06e792ea09f07d9efd274b2a outcome=RETRYABLE cause=MQCLIENTEXCEPTION
2026-08-11T09:26:54.472+08:00 INFO  d.f.m.outbox.OutboxDispatcher request_id= idempotency_key= order_id= user_id= sku_id= payment_tx= - Outbox publication deferred outbox_id=ec7920a9-169e-4b4a-a3b6-2b14366a3699 command_id=803c9d5b9ff6fdccedb4508d3174b6f1d86723acf24bea0deced7af274c3f44d outcome=RETRYABLE cause=MQCLIENTEXCEPTION
2026-08-11T09:26:54.474+08:00 INFO  d.f.m.outbox.OutboxDispatcher request_id= idempotency_key= order_id= user_id= sku_id= payment_tx= - Outbox publication deferred outbox_id=08c22188-7d36-4431-a609-d6c03dfd9574 command_id=7eb490a73936f4b3385b7069e29e041de5f1038049896e13ef22e1c0f2ce5b74 outcome=RETRYABLE cause=MQCLIENTEXCEPTION
2026-08-11T09:26:54.590+08:00 INFO  d.f.m.outbox.OutboxDispatcher request_id= idempotency_key= order_id= user_id= sku_id= payment_tx= - Outbox publication deferred outbox_id=653a37e0-8604-411b-bb24-67afa5c5cc1d command_id=981556da59a873045501c89b6c143db5647a0af8c29e919050dbef3d24b6e559 outcome=RETRYABLE cause=MQCLIENTEXCEPTION
2026-08-11T09:26:54.593+08:00 INFO  d.f.m.outbox.OutboxDispatcher request_id= idempotency_key= order_id= user_id= sku_id= payment_tx= - Outbox publication deferred outbox_id=9f485704-b110-4310-9902-d063695a2003 command_id=c8c2afcf3a5f2178ca9115d4676317bbacbb7f819ca5947bd905d435e71b2bf8 outcome=RETRYABLE cause=MQCLIENTEXCEPTION
2026-08-11T09:26:54.597+08:00 INFO  d.f.m.outbox.OutboxDispatcher request_id= idempotency_key= order_id= user_id= sku_id= payment_tx= - Outbox publication deferred outbox_id=322c16d6-d3ee-4c72-9bfa-05caacba3d81 command_id=a4012cb0274fa7e18348953a2df578a9c0c313b3d1e37e461c39c6e89d3a227f outcome=RETRYABLE cause=MQCLIENTEXCEPTION
2026-08-11T09:26:54.775+08:00 INFO  d.f.m.outbox.OutboxDispatcher request_id= idempotency_key= order_id= user_id= sku_id= payment_tx= - Outbox publication deferred outbox_id=c2234e36-ba52-4409-9104-347bc6bf532d command_id=5d0042ca68e2729c1110d4d9b5409f00213d2b976340f93776cdc578771de148 outcome=RETRYABLE cause=MQCLIENTEXCEPTION
2026-08-11T09:26:55.419+08:00 INFO  d.f.m.outbox.OutboxDispatcher request_id= idempotency_key= order_id= user_id= sku_id= payment_tx= - Outbox publication deferred outbox_id=38461b0e-7f7c-4564-a77e-0ca7352b5b0b command_id=ed2b1598f1381e56eb4f444cda4d9d084eb63abb227f45bc41034f3bd9d71abf outcome=RETRYABLE cause=MQCLIENTEXCEPTION
2026-08-11T09:26:55.422+08:00 INFO  d.f.m.outbox.OutboxDispatcher request_id= idempotency_key= order_id= user_id= sku_id= payment_tx= - Outbox publication deferred outbox_id=bf0d34cb-8aef-4509-966b-3232cbaeaed7 command_id=dd61e0a61b28cb3d3e87ca44fd3e221c27dd1aac5a49afe92d51be85cb5a9485 outcome=RETRYABLE cause=MQCLIENTEXCEPTION
2026-08-11T09:26:55.425+08:00 INFO  d.f.m.outbox.OutboxDispatcher request_id= idempotency_key= order_id= user_id= sku_id= payment_tx= - Outbox publication deferred outbox_id=150f58c0-4ac6-4a2f-a5e3-4e50cebb8866 command_id=f427eaaca469a90596495ea6a06dd030e85a9ab2d07032dc701c22376b48bb7d outcome=RETRYABLE cause=MQCLIENTEXCEPTION
2026-08-11T09:26:55.428+08:00 INFO  d.f.m.outbox.OutboxDispatcher request_id= idempotency_key= order_id= user_id= sku_id= payment_tx= - Outbox publication deferred outbox_id=32f92c50-2f66-4c03-8bd8-024dfe1146da command_id=29baea8b6018e7e50e0b553ff53c0e9eb96a95743f372832f5926e6a33cf15b4 outcome=RETRYABLE cause=MQCLIENTEXCEPTION
2026-08-11T09:26:55.544+08:00 INFO  d.f.m.outbox.OutboxDispatcher request_id= idempotency_key= order_id= user_id= sku_id= payment_tx= - Outbox publication deferred outbox_id=e9da8a72-e9a3-416d-a779-4286db113141 command_id=c8befb1443eedce454efec816770b7195866834fceabac6caecea31dcf8a0b41 outcome=RETRYABLE cause=MQCLIENTEXCEPTION
2026-08-11T09:26:55.548+08:00 INFO  d.f.m.outbox.OutboxDispatcher request_id= idempotency_key= order_id= user_id= sku_id= payment_tx= - Outbox publication deferred outbox_id=dc34897b-6389-41c5-9eef-a4f203c6b699 command_id=689d2f2f79f471cf5de4add3a5a46e139644236e06e792ea09f07d9efd274b2a outcome=RETRYABLE cause=MQCLIENTEXCEPTION
2026-08-11T09:26:55.551+08:00 INFO  d.f.m.outbox.OutboxDispatcher request_id= idempotency_key= order_id= user_id= sku_id= payment_tx= - Outbox publication deferred outbox_id=ec7920a9-169e-4b4a-a3b6-2b14366a3699 command_id=803c9d5b9ff6fdccedb4508d3174b6f1d86723acf24bea0deced7af274c3f44d outcome=RETRYABLE cause=MQCLIENTEXCEPTION
2026-08-11T09:26:55.554+08:00 INFO  d.f.m.outbox.OutboxDispatcher request_id= idempotency_key= order_id= user_id= sku_id= payment_tx= - Outbox publication deferred outbox_id=08c22188-7d36-4431-a609-d6c03dfd9574 command_id=7eb490a73936f4b3385b7069e29e041de5f1038049896e13ef22e1c0f2ce5b74 outcome=RETRYABLE cause=MQCLIENTEXCEPTION
2026-08-11T09:26:55.678+08:00 INFO  d.f.m.outbox.OutboxDispatcher request_id= idempotency_key= order_id= user_id= sku_id= payment_tx= - Outbox publication deferred outbox_id=653a37e0-8604-411b-bb24-67afa5c5cc1d command_id=981556da59a873045501c89b6c143db5647a0af8c29e919050dbef3d24b6e559 outcome=RETRYABLE cause=MQCLIENTEXCEPTION
2026-08-11T09:26:55.688+08:00 INFO  d.f.m.outbox.OutboxDispatcher request_id= idempotency_key= order_id= user_id= sku_id= payment_tx= - Outbox publication deferred outbox_id=9f485704-b110-4310-9902-d063695a2003 command_id=c8c2afcf3a5f2178ca9115d4676317bbacbb7f819ca5947bd905d435e71b2bf8 outcome=RETRYABLE cause=MQCLIENTEXCEPTION
2026-08-11T09:26:55.693+08:00 INFO  d.f.m.outbox.OutboxDispatcher request_id= idempotency_key= order_id= user_id= sku_id= payment_tx= - Outbox publication deferred outbox_id=322c16d6-d3ee-4c72-9bfa-05caacba3d81 command_id=a4012cb0274fa7e18348953a2df578a9c0c313b3d1e37e461c39c6e89d3a227f outcome=RETRYABLE cause=MQCLIENTEXCEPTION
2026-08-11T09:26:55.807+08:00 INFO  d.f.m.outbox.OutboxDispatcher request_id= idempotency_key= order_id= user_id= sku_id= payment_tx= - Outbox publication deferred outbox_id=c2234e36-ba52-4409-9104-347bc6bf532d command_id=5d0042ca68e2729c1110d4d9b5409f00213d2b976340f93776cdc578771de148 outcome=RETRYABLE cause=MQCLIENTEXCEPTION
2026-08-11T09:26:56.453+08:00 INFO  d.f.m.outbox.OutboxDispatcher request_id= idempotency_key= order_id= user_id= sku_id= payment_tx= - Outbox publication deferred outbox_id=38461b0e-7f7c-4564-a77e-0ca7352b5b0b command_id=ed2b1598f1381e56eb4f444cda4d9d084eb63abb227f45bc41034f3bd9d71abf outcome=RETRYABLE cause=MQCLIENTEXCEPTION
2026-08-11T09:26:56.456+08:00 INFO  d.f.m.outbox.OutboxDispatcher request_id= idempotency_key= order_id= user_id= sku_id= payment_tx= - Outbox publication deferred outbox_id=bf0d34cb-8aef-4509-966b-3232cbaeaed7 command_id=dd61e0a61b28cb3d3e87ca44fd3e221c27dd1aac5a49afe92d51be85cb5a9485 outcome=RETRYABLE cause=MQCLIENTEXCEPTION
2026-08-11T09:26:56.459+08:00 INFO  d.f.m.outbox.OutboxDispatcher request_id= idempotency_key= order_id= user_id= sku_id= payment_tx= - Outbox publication deferred outbox_id=150f58c0-4ac6-4a2f-a5e3-4e50cebb8866 command_id=f427eaaca469a90596495ea6a06dd030e85a9ab2d07032dc701c22376b48bb7d outcome=RETRYABLE cause=MQCLIENTEXCEPTION
2026-08-11T09:26:56.462+08:00 INFO  d.f.m.outbox.OutboxDispatcher request_id= idempotency_key= order_id= user_id= sku_id= payment_tx= - Outbox publication deferred outbox_id=32f92c50-2f66-4c03-8bd8-024dfe1146da command_id=29baea8b6018e7e50e0b553ff53c0e9eb96a95743f372832f5926e6a33cf15b4 outcome=RETRYABLE cause=MQCLIENTEXCEPTION
2026-08-11T09:26:56.576+08:00 INFO  d.f.m.outbox.OutboxDispatcher request_id= idempotency_key= order_id= user_id= sku_id= payment_tx= - Outbox publication deferred outbox_id=e9da8a72-e9a3-416d-a779-4286db113141 command_id=c8befb1443eedce454efec816770b7195866834fceabac6caecea31dcf8a0b41 outcome=RETRYABLE cause=MQCLIENTEXCEPTION
2026-08-11T09:26:56.578+08:00 INFO  d.f.m.outbox.OutboxDispatcher request_id= idempotency_key= order_id= user_id= sku_id= payment_tx= - Outbox publication deferred outbox_id=dc34897b-6389-41c5-9eef-a4f203c6b699 command_id=689d2f2f79f471cf5de4add3a5a46e139644236e06e792ea09f07d9efd274b2a outcome=RETRYABLE cause=MQCLIENTEXCEPTION
2026-08-11T09:26:56.581+08:00 INFO  d.f.m.outbox.OutboxDispatcher request_id= idempotency_key= order_id= user_id= sku_id= payment_tx= - Outbox publication deferred outbox_id=ec7920a9-169e-4b4a-a3b6-2b14366a3699 command_id=803c9d5b9ff6fdccedb4508d3174b6f1d86723acf24bea0deced7af274c3f44d outcome=RETRYABLE cause=MQCLIENTEXCEPTION
2026-08-11T09:26:56.584+08:00 INFO  d.f.m.outbox.OutboxDispatcher request_id= idempotency_key= order_id= user_id= sku_id= payment_tx= - Outbox publication deferred outbox_id=08c22188-7d36-4431-a609-d6c03dfd9574 command_id=7eb490a73936f4b3385b7069e29e041de5f1038049896e13ef22e1c0f2ce5b74 outcome=RETRYABLE cause=MQCLIENTEXCEPTION
2026-08-11T09:26:56.702+08:00 INFO  d.f.m.outbox.OutboxDispatcher request_id= idempotency_key= order_id= user_id= sku_id= payment_tx= - Outbox publication deferred outbox_id=653a37e0-8604-411b-bb24-67afa5c5cc1d command_id=981556da59a873045501c89b6c143db5647a0af8c29e919050dbef3d24b6e559 outcome=RETRYABLE cause=MQCLIENTEXCEPTION
2026-08-11T09:26:56.705+08:00 INFO  d.f.m.outbox.OutboxDispatcher request_id= idempotency_key= order_id= user_id= sku_id= payment_tx= - Outbox publication deferred outbox_id=9f485704-b110-4310-9902-d063695a2003 command_id=c8c2afcf3a5f2178ca9115d4676317bbacbb7f819ca5947bd905d435e71b2bf8 outcome=RETRYABLE cause=MQCLIENTEXCEPTION
2026-08-11T09:26:56.708+08:00 INFO  d.f.m.outbox.OutboxDispatcher request_id= idempotency_key= order_id= user_id= sku_id= payment_tx= - Outbox publication deferred outbox_id=322c16d6-d3ee-4c72-9bfa-05caacba3d81 command_id=a4012cb0274fa7e18348953a2df578a9c0c313b3d1e37e461c39c6e89d3a227f outcome=RETRYABLE cause=MQCLIENTEXCEPTION
2026-08-11T09:26:56.819+08:00 INFO  d.f.m.outbox.OutboxDispatcher request_id= idempotency_key= order_id= user_id= sku_id= payment_tx= - Outbox publication deferred outbox_id=c2234e36-ba52-4409-9104-347bc6bf532d command_id=5d0042ca68e2729c1110d4d9b5409f00213d2b976340f93776cdc578771de148 outcome=RETRYABLE cause=MQCLIENTEXCEPTION
2026-08-11T09:26:57.476+08:00 INFO  d.f.m.outbox.OutboxDispatcher request_id= idempotency_key= order_id= user_id= sku_id= payment_tx= - Outbox publication deferred outbox_id=38461b0e-7f7c-4564-a77e-0ca7352b5b0b command_id=ed2b1598f1381e56eb4f444cda4d9d084eb63abb227f45bc41034f3bd9d71abf outcome=RETRYABLE cause=MQCLIENTEXCEPTION
2026-08-11T09:26:57.480+08:00 INFO  d.f.m.outbox.OutboxDispatcher request_id= idempotency_key= order_id= user_id= sku_id= payment_tx= - Outbox publication deferred outbox_id=bf0d34cb-8aef-4509-966b-3232cbaeaed7 command_id=dd61e0a61b28cb3d3e87ca44fd3e221c27dd1aac5a49afe92d51be85cb5a9485 outcome=RETRYABLE cause=MQCLIENTEXCEPTION
2026-08-11T09:26:57.484+08:00 INFO  d.f.m.outbox.OutboxDispatcher request_id= idempotency_key= order_id= user_id= sku_id= payment_tx= - Outbox publication deferred outbox_id=150f58c0-4ac6-4a2f-a5e3-4e50cebb8866 command_id=f427eaaca469a90596495ea6a06dd030e85a9ab2d07032dc701c22376b48bb7d outcome=RETRYABLE cause=MQCLIENTEXCEPTION
2026-08-11T09:26:57.487+08:00 INFO  d.f.m.outbox.OutboxDispatcher request_id= idempotency_key= order_id= user_id= sku_id= payment_tx= - Outbox publication deferred outbox_id=32f92c50-2f66-4c03-8bd8-024dfe1146da command_id=29baea8b6018e7e50e0b553ff53c0e9eb96a95743f372832f5926e6a33cf15b4 outcome=RETRYABLE cause=MQCLIENTEXCEPTION
2026-08-11T09:26:57.605+08:00 INFO  d.f.m.outbox.OutboxDispatcher request_id= idempotency_key= order_id= user_id= sku_id= payment_tx= - Outbox publication deferred outbox_id=e9da8a72-e9a3-416d-a779-4286db113141 command_id=c8befb1443eedce454efec816770b7195866834fceabac6caecea31dcf8a0b41 outcome=RETRYABLE cause=MQCLIENTEXCEPTION
2026-08-11T09:26:57.608+08:00 INFO  d.f.m.outbox.OutboxDispatcher request_id= idempotency_key= order_id= user_id= sku_id= payment_tx= - Outbox publication deferred outbox_id=dc34897b-6389-41c5-9eef-a4f203c6b699 command_id=689d2f2f79f471cf5de4add3a5a46e139644236e06e792ea09f07d9efd274b2a outcome=RETRYABLE cause=MQCLIENTEXCEPTION
2026-08-11T09:26:57.610+08:00 INFO  d.f.m.outbox.OutboxDispatcher request_id= idempotency_key= order_id= user_id= sku_id= payment_tx= - Outbox publication deferred outbox_id=ec7920a9-169e-4b4a-a3b6-2b14366a3699 command_id=803c9d5b9ff6fdccedb4508d3174b6f1d86723acf24bea0deced7af274c3f44d outcome=RETRYABLE cause=MQCLIENTEXCEPTION
2026-08-11T09:26:57.615+08:00 INFO  d.f.m.outbox.OutboxDispatcher request_id= idempotency_key= order_id= user_id= sku_id= payment_tx= - Outbox publication deferred outbox_id=08c22188-7d36-4431-a609-d6c03dfd9574 command_id=7eb490a73936f4b3385b7069e29e041de5f1038049896e13ef22e1c0f2ce5b74 outcome=RETRYABLE cause=MQCLIENTEXCEPTION
2026-08-11T09:26:57.728+08:00 INFO  d.f.m.outbox.OutboxDispatcher request_id= idempotency_key= order_id= user_id= sku_id= payment_tx= - Outbox publication deferred outbox_id=653a37e0-8604-411b-bb24-67afa5c5cc1d command_id=981556da59a873045501c89b6c143db5647a0af8c29e919050dbef3d24b6e559 outcome=RETRYABLE cause=MQCLIENTEXCEPTION
2026-08-11T09:26:57.732+08:00 INFO  d.f.m.outbox.OutboxDispatcher request_id= idempotency_key= order_id= user_id= sku_id= payment_tx= - Outbox publication deferred outbox_id=9f485704-b110-4310-9902-d063695a2003 command_id=c8c2afcf3a5f2178ca9115d4676317bbacbb7f819ca5947bd905d435e71b2bf8 outcome=RETRYABLE cause=MQCLIENTEXCEPTION
2026-08-11T09:26:57.736+08:00 INFO  d.f.m.outbox.OutboxDispatcher request_id= idempotency_key= order_id= user_id= sku_id= payment_tx= - Outbox publication deferred outbox_id=322c16d6-d3ee-4c72-9bfa-05caacba3d81 command_id=a4012cb0274fa7e18348953a2df578a9c0c313b3d1e37e461c39c6e89d3a227f outcome=RETRYABLE cause=MQCLIENTEXCEPTION
2026-08-11T09:26:57.852+08:00 INFO  d.f.m.outbox.OutboxDispatcher request_id= idempotency_key= order_id= user_id= sku_id= payment_tx= - Outbox publication deferred outbox_id=c2234e36-ba52-4409-9104-347bc6bf532d command_id=5d0042ca68e2729c1110d4d9b5409f00213d2b976340f93776cdc578771de148 outcome=RETRYABLE cause=MQCLIENTEXCEPTION
2026-08-11T09:26:58.494+08:00 INFO  d.f.m.outbox.OutboxDispatcher request_id= idempotency_key= order_id= user_id= sku_id= payment_tx= - Outbox publication deferred outbox_id=38461b0e-7f7c-4564-a77e-0ca7352b5b0b command_id=ed2b1598f1381e56eb4f444cda4d9d084eb63abb227f45bc41034f3bd9d71abf outcome=RETRYABLE cause=MQCLIENTEXCEPTION
2026-08-11T09:26:58.497+08:00 INFO  d.f.m.outbox.OutboxDispatcher request_id= idempotency_key= order_id= user_id= sku_id= payment_tx= - Outbox publication deferred outbox_id=bf0d34cb-8aef-4509-966b-3232cbaeaed7 command_id=dd61e0a61b28cb3d3e87ca44fd3e221c27dd1aac5a49afe92d51be85cb5a9485 outcome=RETRYABLE cause=MQCLIENTEXCEPTION
2026-08-11T09:26:58.499+08:00 INFO  d.f.m.outbox.OutboxDispatcher request_id= idempotency_key= order_id= user_id= sku_id= payment_tx= - Outbox publication deferred outbox_id=150f58c0-4ac6-4a2f-a5e3-4e50cebb8866 command_id=f427eaaca469a90596495ea6a06dd030e85a9ab2d07032dc701c22376b48bb7d outcome=RETRYABLE cause=MQCLIENTEXCEPTION
2026-08-11T09:26:58.614+08:00 INFO  d.f.m.outbox.OutboxDispatcher request_id= idempotency_key= order_id= user_id= sku_id= payment_tx= - Outbox publication deferred outbox_id=32f92c50-2f66-4c03-8bd8-024dfe1146da command_id=29baea8b6018e7e50e0b553ff53c0e9eb96a95743f372832f5926e6a33cf15b4 outcome=RETRYABLE cause=MQCLIENTEXCEPTION
2026-08-11T09:26:58.619+08:00 INFO  d.f.m.outbox.OutboxDispatcher request_id= idempotency_key= order_id= user_id= sku_id= payment_tx= - Outbox publication deferred outbox_id=e9da8a72-e9a3-416d-a779-4286db113141 command_id=c8befb1443eedce454efec816770b7195866834fceabac6caecea31dcf8a0b41 outcome=RETRYABLE cause=MQCLIENTEXCEPTION
2026-08-11T09:26:58.734+08:00 INFO  d.f.m.outbox.OutboxDispatcher request_id= idempotency_key= order_id= user_id= sku_id= payment_tx= - Outbox publication deferred outbox_id=dc34897b-6389-41c5-9eef-a4f203c6b699 command_id=689d2f2f79f471cf5de4add3a5a46e139644236e06e792ea09f07d9efd274b2a outcome=RETRYABLE cause=MQCLIENTEXCEPTION
2026-08-11T09:26:58.737+08:00 INFO  d.f.m.outbox.OutboxDispatcher request_id= idempotency_key= order_id= user_id= sku_id= payment_tx= - Outbox publication deferred outbox_id=ec7920a9-169e-4b4a-a3b6-2b14366a3699 command_id=803c9d5b9ff6fdccedb4508d3174b6f1d86723acf24bea0deced7af274c3f44d outcome=RETRYABLE cause=MQCLIENTEXCEPTION
2026-08-11T09:26:58.738+08:00 INFO  d.f.m.outbox.OutboxDispatcher request_id= idempotency_key= order_id= user_id= sku_id= payment_tx= - Outbox publication deferred outbox_id=08c22188-7d36-4431-a609-d6c03dfd9574 command_id=7eb490a73936f4b3385b7069e29e041de5f1038049896e13ef22e1c0f2ce5b74 outcome=RETRYABLE cause=MQCLIENTEXCEPTION
2026-08-11T09:26:58.853+08:00 INFO  d.f.m.outbox.OutboxDispatcher request_id= idempotency_key= order_id= user_id= sku_id= payment_tx= - Outbox publication deferred outbox_id=653a37e0-8604-411b-bb24-67afa5c5cc1d command_id=981556da59a873045501c89b6c143db5647a0af8c29e919050dbef3d24b6e559 outcome=RETRYABLE cause=MQCLIENTEXCEPTION
2026-08-11T09:26:58.856+08:00 INFO  d.f.m.outbox.OutboxDispatcher request_id= idempotency_key= order_id= user_id= sku_id= payment_tx= - Outbox publication deferred outbox_id=9f485704-b110-4310-9902-d063695a2003 command_id=c8c2afcf3a5f2178ca9115d4676317bbacbb7f819ca5947bd905d435e71b2bf8 outcome=RETRYABLE cause=MQCLIENTEXCEPTION
2026-08-11T09:26:58.859+08:00 INFO  d.f.m.outbox.OutboxDispatcher request_id= idempotency_key= order_id= user_id= sku_id= payment_tx= - Outbox publication deferred outbox_id=322c16d6-d3ee-4c72-9bfa-05caacba3d81 command_id=a4012cb0274fa7e18348953a2df578a9c0c313b3d1e37e461c39c6e89d3a227f outcome=RETRYABLE cause=MQCLIENTEXCEPTION
2026-08-11T09:26:58.974+08:00 INFO  d.f.m.outbox.OutboxDispatcher request_id= idempotency_key= order_id= user_id= sku_id= payment_tx= - Outbox publication deferred outbox_id=c2234e36-ba52-4409-9104-347bc6bf532d command_id=5d0042ca68e2729c1110d4d9b5409f00213d2b976340f93776cdc578771de148 outcome=RETRYABLE cause=MQCLIENTEXCEPTION
2026-08-11T09:26:59.518+08:00 INFO  d.f.m.outbox.OutboxDispatcher request_id= idempotency_key= order_id= user_id= sku_id= payment_tx= - Outbox publication deferred outbox_id=38461b0e-7f7c-4564-a77e-0ca7352b5b0b command_id=ed2b1598f1381e56eb4f444cda4d9d084eb63abb227f45bc41034f3bd9d71abf outcome=RETRYABLE cause=MQCLIENTEXCEPTION
2026-08-11T09:26:59.523+08:00 INFO  d.f.m.outbox.OutboxDispatcher request_id= idempotency_key= order_id= user_id= sku_id= payment_tx= - Outbox publication deferred outbox_id=bf0d34cb-8aef-4509-966b-3232cbaeaed7 command_id=dd61e0a61b28cb3d3e87ca44fd3e221c27dd1aac5a49afe92d51be85cb5a9485 outcome=RETRYABLE cause=MQCLIENTEXCEPTION
2026-08-11T09:26:59.528+08:00 INFO  d.f.m.outbox.OutboxDispatcher request_id= idempotency_key= order_id= user_id= sku_id= payment_tx= - Outbox publication deferred outbox_id=150f58c0-4ac6-4a2f-a5e3-4e50cebb8866 command_id=f427eaaca469a90596495ea6a06dd030e85a9ab2d07032dc701c22376b48bb7d outcome=RETRYABLE cause=MQCLIENTEXCEPTION
2026-08-11T09:26:59.641+08:00 INFO  d.f.m.outbox.OutboxDispatcher request_id= idempotency_key= order_id= user_id= sku_id= payment_tx= - Outbox publication deferred outbox_id=32f92c50-2f66-4c03-8bd8-024dfe1146da command_id=29baea8b6018e7e50e0b553ff53c0e9eb96a95743f372832f5926e6a33cf15b4 outcome=RETRYABLE cause=MQCLIENTEXCEPTION
2026-08-11T09:26:59.644+08:00 INFO  d.f.m.outbox.OutboxDispatcher request_id= idempotency_key= order_id= user_id= sku_id= payment_tx= - Outbox publication deferred outbox_id=e9da8a72-e9a3-416d-a779-4286db113141 command_id=c8befb1443eedce454efec816770b7195866834fceabac6caecea31dcf8a0b41 outcome=RETRYABLE cause=MQCLIENTEXCEPTION
2026-08-11T09:26:59.761+08:00 INFO  d.f.m.outbox.OutboxDispatcher request_id= idempotency_key= order_id= user_id= sku_id= payment_tx= - Outbox publication deferred outbox_id=dc34897b-6389-41c5-9eef-a4f203c6b699 command_id=689d2f2f79f471cf5de4add3a5a46e139644236e06e792ea09f07d9efd274b2a outcome=RETRYABLE cause=MQCLIENTEXCEPTION
2026-08-11T09:26:59.763+08:00 INFO  d.f.m.outbox.OutboxDispatcher request_id= idempotency_key= order_id= user_id= sku_id= payment_tx= - Outbox publication deferred outbox_id=ec7920a9-169e-4b4a-a3b6-2b14366a3699 command_id=803c9d5b9ff6fdccedb4508d3174b6f1d86723acf24bea0deced7af274c3f44d outcome=RETRYABLE cause=MQCLIENTEXCEPTION
2026-08-11T09:26:59.765+08:00 INFO  d.f.m.outbox.OutboxDispatcher request_id= idempotency_key= order_id= user_id= sku_id= payment_tx= - Outbox publication deferred outbox_id=08c22188-7d36-4431-a609-d6c03dfd9574 command_id=7eb490a73936f4b3385b7069e29e041de5f1038049896e13ef22e1c0f2ce5b74 outcome=RETRYABLE cause=MQCLIENTEXCEPTION
2026-08-11T09:26:59.877+08:00 INFO  d.f.m.outbox.OutboxDispatcher request_id= idempotency_key= order_id= user_id= sku_id= payment_tx= - Outbox publication deferred outbox_id=653a37e0-8604-411b-bb24-67afa5c5cc1d command_id=981556da59a873045501c89b6c143db5647a0af8c29e919050dbef3d24b6e559 outcome=RETRYABLE cause=MQCLIENTEXCEPTION
2026-08-11T09:26:59.880+08:00 INFO  d.f.m.outbox.OutboxDispatcher request_id= idempotency_key= order_id= user_id= sku_id= payment_tx= - Outbox publication deferred outbox_id=9f485704-b110-4310-9902-d063695a2003 command_id=c8c2afcf3a5f2178ca9115d4676317bbacbb7f819ca5947bd905d435e71b2bf8 outcome=RETRYABLE cause=MQCLIENTEXCEPTION
2026-08-11T09:26:59.883+08:00 INFO  d.f.m.outbox.OutboxDispatcher request_id= idempotency_key= order_id= user_id= sku_id= payment_tx= - Outbox publication deferred outbox_id=322c16d6-d3ee-4c72-9bfa-05caacba3d81 command_id=a4012cb0274fa7e18348953a2df578a9c0c313b3d1e37e461c39c6e89d3a227f outcome=RETRYABLE cause=MQCLIENTEXCEPTION
2026-08-11T09:26:59.997+08:00 INFO  d.f.m.outbox.OutboxDispatcher request_id= idempotency_key= order_id= user_id= sku_id= payment_tx= - Outbox publication deferred outbox_id=c2234e36-ba52-4409-9104-347bc6bf532d command_id=5d0042ca68e2729c1110d4d9b5409f00213d2b976340f93776cdc578771de148 outcome=RETRYABLE cause=MQCLIENTEXCEPTION
2026-08-11T09:27:00.542+08:00 INFO  d.f.m.outbox.OutboxDispatcher request_id= idempotency_key= order_id= user_id= sku_id= payment_tx= - Outbox publication deferred outbox_id=38461b0e-7f7c-4564-a77e-0ca7352b5b0b command_id=ed2b1598f1381e56eb4f444cda4d9d084eb63abb227f45bc41034f3bd9d71abf outcome=RETRYABLE cause=MQCLIENTEXCEPTION
2026-08-11T09:27:00.545+08:00 INFO  d.f.m.outbox.OutboxDispatcher request_id= idempotency_key= order_id= user_id= sku_id= payment_tx= - Outbox publication deferred outbox_id=bf0d34cb-8aef-4509-966b-3232cbaeaed7 command_id=dd61e0a61b28cb3d3e87ca44fd3e221c27dd1aac5a49afe92d51be85cb5a9485 outcome=RETRYABLE cause=MQCLIENTEXCEPTION
2026-08-11T09:27:00.547+08:00 INFO  d.f.m.outbox.OutboxDispatcher request_id= idempotency_key= order_id= user_id= sku_id= payment_tx= - Outbox publication deferred outbox_id=150f58c0-4ac6-4a2f-a5e3-4e50cebb8866 command_id=f427eaaca469a90596495ea6a06dd030e85a9ab2d07032dc701c22376b48bb7d outcome=RETRYABLE cause=MQCLIENTEXCEPTION
2026-08-11T09:27:00.663+08:00 INFO  d.f.m.outbox.OutboxDispatcher request_id= idempotency_key= order_id= user_id= sku_id= payment_tx= - Outbox publication deferred outbox_id=32f92c50-2f66-4c03-8bd8-024dfe1146da command_id=29baea8b6018e7e50e0b553ff53c0e9eb96a95743f372832f5926e6a33cf15b4 outcome=RETRYABLE cause=MQCLIENTEXCEPTION
2026-08-11T09:27:00.665+08:00 INFO  d.f.m.outbox.OutboxDispatcher request_id= idempotency_key= order_id= user_id= sku_id= payment_tx= - Outbox publication deferred outbox_id=e9da8a72-e9a3-416d-a779-4286db113141 command_id=c8befb1443eedce454efec816770b7195866834fceabac6caecea31dcf8a0b41 outcome=RETRYABLE cause=MQCLIENTEXCEPTION
2026-08-11T09:27:00.781+08:00 INFO  d.f.m.outbox.OutboxDispatcher request_id= idempotency_key= order_id= user_id= sku_id= payment_tx= - Outbox publication deferred outbox_id=dc34897b-6389-41c5-9eef-a4f203c6b699 command_id=689d2f2f79f471cf5de4add3a5a46e139644236e06e792ea09f07d9efd274b2a outcome=RETRYABLE cause=MQCLIENTEXCEPTION
2026-08-11T09:27:00.784+08:00 INFO  d.f.m.outbox.OutboxDispatcher request_id= idempotency_key= order_id= user_id= sku_id= payment_tx= - Outbox publication deferred outbox_id=ec7920a9-169e-4b4a-a3b6-2b14366a3699 command_id=803c9d5b9ff6fdccedb4508d3174b6f1d86723acf24bea0deced7af274c3f44d outcome=RETRYABLE cause=MQCLIENTEXCEPTION
2026-08-11T09:27:00.786+08:00 INFO  d.f.m.outbox.OutboxDispatcher request_id= idempotency_key= order_id= user_id= sku_id= payment_tx= - Outbox publication deferred outbox_id=08c22188-7d36-4431-a609-d6c03dfd9574 command_id=7eb490a73936f4b3385b7069e29e041de5f1038049896e13ef22e1c0f2ce5b74 outcome=RETRYABLE cause=MQCLIENTEXCEPTION
2026-08-11T09:27:00.899+08:00 INFO  d.f.m.outbox.OutboxDispatcher request_id= idempotency_key= order_id= user_id= sku_id= payment_tx= - Outbox publication deferred outbox_id=653a37e0-8604-411b-bb24-67afa5c5cc1d command_id=981556da59a873045501c89b6c143db5647a0af8c29e919050dbef3d24b6e559 outcome=RETRYABLE cause=MQCLIENTEXCEPTION
2026-08-11T09:27:00.901+08:00 INFO  d.f.m.outbox.OutboxDispatcher request_id= idempotency_key= order_id= user_id= sku_id= payment_tx= - Outbox publication deferred outbox_id=9f485704-b110-4310-9902-d063695a2003 command_id=c8c2afcf3a5f2178ca9115d4676317bbacbb7f819ca5947bd905d435e71b2bf8 outcome=RETRYABLE cause=MQCLIENTEXCEPTION
2026-08-11T09:27:00.903+08:00 INFO  d.f.m.outbox.OutboxDispatcher request_id= idempotency_key= order_id= user_id= sku_id= payment_tx= - Outbox publication deferred outbox_id=322c16d6-d3ee-4c72-9bfa-05caacba3d81 command_id=a4012cb0274fa7e18348953a2df578a9c0c313b3d1e37e461c39c6e89d3a227f outcome=RETRYABLE cause=MQCLIENTEXCEPTION
2026-08-11T09:27:01.013+08:00 INFO  d.f.m.outbox.OutboxDispatcher request_id= idempotency_key= order_id= user_id= sku_id= payment_tx= - Outbox publication deferred outbox_id=c2234e36-ba52-4409-9104-347bc6bf532d command_id=5d0042ca68e2729c1110d4d9b5409f00213d2b976340f93776cdc578771de148 outcome=RETRYABLE cause=MQCLIENTEXCEPTION
2026-08-11T09:27:01.650+08:00 INFO  d.f.m.outbox.OutboxDispatcher request_id= idempotency_key= order_id= user_id= sku_id= payment_tx= - Outbox publication deferred outbox_id=38461b0e-7f7c-4564-a77e-0ca7352b5b0b command_id=ed2b1598f1381e56eb4f444cda4d9d084eb63abb227f45bc41034f3bd9d71abf outcome=RETRYABLE cause=MQCLIENTEXCEPTION
2026-08-11T09:27:01.654+08:00 INFO  d.f.m.outbox.OutboxDispatcher request_id= idempotency_key= order_id= user_id= sku_id= payment_tx= - Outbox publication deferred outbox_id=bf0d34cb-8aef-4509-966b-3232cbaeaed7 command_id=dd61e0a61b28cb3d3e87ca44fd3e221c27dd1aac5a49afe92d51be85cb5a9485 outcome=RETRYABLE cause=MQCLIENTEXCEPTION
2026-08-11T09:27:01.656+08:00 INFO  d.f.m.outbox.OutboxDispatcher request_id= idempotency_key= order_id= user_id= sku_id= payment_tx= - Outbox publication deferred outbox_id=150f58c0-4ac6-4a2f-a5e3-4e50cebb8866 command_id=f427eaaca469a90596495ea6a06dd030e85a9ab2d07032dc701c22376b48bb7d outcome=RETRYABLE cause=MQCLIENTEXCEPTION
2026-08-11T09:27:01.767+08:00 INFO  d.f.m.outbox.OutboxDispatcher request_id= idempotency_key= order_id= user_id= sku_id= payment_tx= - Outbox publication deferred outbox_id=32f92c50-2f66-4c03-8bd8-024dfe1146da command_id=29baea8b6018e7e50e0b553ff53c0e9eb96a95743f372832f5926e6a33cf15b4 outcome=RETRYABLE cause=MQCLIENTEXCEPTION
2026-08-11T09:27:01.769+08:00 INFO  d.f.m.outbox.OutboxDispatcher request_id= idempotency_key= order_id= user_id= sku_id= payment_tx= - Outbox publication deferred outbox_id=e9da8a72-e9a3-416d-a779-4286db113141 command_id=c8befb1443eedce454efec816770b7195866834fceabac6caecea31dcf8a0b41 outcome=RETRYABLE cause=MQCLIENTEXCEPTION
2026-08-11T09:27:01.882+08:00 INFO  d.f.m.outbox.OutboxDispatcher request_id= idempotency_key= order_id= user_id= sku_id= payment_tx= - Outbox publication deferred outbox_id=dc34897b-6389-41c5-9eef-a4f203c6b699 command_id=689d2f2f79f471cf5de4add3a5a46e139644236e06e792ea09f07d9efd274b2a outcome=RETRYABLE cause=MQCLIENTEXCEPTION
2026-08-11T09:27:01.884+08:00 INFO  d.f.m.outbox.OutboxDispatcher request_id= idempotency_key= order_id= user_id= sku_id= payment_tx= - Outbox publication deferred outbox_id=ec7920a9-169e-4b4a-a3b6-2b14366a3699 command_id=803c9d5b9ff6fdccedb4508d3174b6f1d86723acf24bea0deced7af274c3f44d outcome=RETRYABLE cause=MQCLIENTEXCEPTION
2026-08-11T09:27:01.886+08:00 INFO  d.f.m.outbox.OutboxDispatcher request_id= idempotency_key= order_id= user_id= sku_id= payment_tx= - Outbox publication deferred outbox_id=08c22188-7d36-4431-a609-d6c03dfd9574 command_id=7eb490a73936f4b3385b7069e29e041de5f1038049896e13ef22e1c0f2ce5b74 outcome=RETRYABLE cause=MQCLIENTEXCEPTION
2026-08-11T09:27:01.998+08:00 INFO  d.f.m.outbox.OutboxDispatcher request_id= idempotency_key= order_id= user_id= sku_id= payment_tx= - Outbox publication deferred outbox_id=653a37e0-8604-411b-bb24-67afa5c5cc1d command_id=981556da59a873045501c89b6c143db5647a0af8c29e919050dbef3d24b6e559 outcome=RETRYABLE cause=MQCLIENTEXCEPTION
2026-08-11T09:27:02.001+08:00 INFO  d.f.m.outbox.OutboxDispatcher request_id= idempotency_key= order_id= user_id= sku_id= payment_tx= - Outbox publication deferred outbox_id=9f485704-b110-4310-9902-d063695a2003 command_id=c8c2afcf3a5f2178ca9115d4676317bbacbb7f819ca5947bd905d435e71b2bf8 outcome=RETRYABLE cause=MQCLIENTEXCEPTION
2026-08-11T09:27:02.004+08:00 INFO  d.f.m.outbox.OutboxDispatcher request_id= idempotency_key= order_id= user_id= sku_id= payment_tx= - Outbox publication deferred outbox_id=322c16d6-d3ee-4c72-9bfa-05caacba3d81 command_id=a4012cb0274fa7e18348953a2df578a9c0c313b3d1e37e461c39c6e89d3a227f outcome=RETRYABLE cause=MQCLIENTEXCEPTION
2026-08-11T09:27:02.117+08:00 INFO  d.f.m.outbox.OutboxDispatcher request_id= idempotency_key= order_id= user_id= sku_id= payment_tx= - Outbox publication deferred outbox_id=c2234e36-ba52-4409-9104-347bc6bf532d command_id=5d0042ca68e2729c1110d4d9b5409f00213d2b976340f93776cdc578771de148 outcome=RETRYABLE cause=MQCLIENTEXCEPTION
2026-08-11T09:27:02.763+08:00 INFO  d.f.m.outbox.OutboxDispatcher request_id= idempotency_key= order_id= user_id= sku_id= payment_tx= - Outbox publication deferred outbox_id=38461b0e-7f7c-4564-a77e-0ca7352b5b0b command_id=ed2b1598f1381e56eb4f444cda4d9d084eb63abb227f45bc41034f3bd9d71abf outcome=RETRYABLE cause=MQCLIENTEXCEPTION
2026-08-11T09:27:02.767+08:00 INFO  d.f.m.outbox.OutboxDispatcher request_id= idempotency_key= order_id= user_id= sku_id= payment_tx= - Outbox publication deferred outbox_id=bf0d34cb-8aef-4509-966b-3232cbaeaed7 command_id=dd61e0a61b28cb3d3e87ca44fd3e221c27dd1aac5a49afe92d51be85cb5a9485 outcome=RETRYABLE cause=MQCLIENTEXCEPTION
2026-08-11T09:27:02.770+08:00 INFO  d.f.m.outbox.OutboxDispatcher request_id= idempotency_key= order_id= user_id= sku_id= payment_tx= - Outbox publication deferred outbox_id=150f58c0-4ac6-4a2f-a5e3-4e50cebb8866 command_id=f427eaaca469a90596495ea6a06dd030e85a9ab2d07032dc701c22376b48bb7d outcome=RETRYABLE cause=MQCLIENTEXCEPTION
2026-08-11T09:27:02.893+08:00 INFO  d.f.m.outbox.OutboxDispatcher request_id= idempotency_key= order_id= user_id= sku_id= payment_tx= - Outbox publication deferred outbox_id=32f92c50-2f66-4c03-8bd8-024dfe1146da command_id=29baea8b6018e7e50e0b553ff53c0e9eb96a95743f372832f5926e6a33cf15b4 outcome=RETRYABLE cause=MQCLIENTEXCEPTION
2026-08-11T09:27:02.898+08:00 INFO  d.f.m.outbox.OutboxDispatcher request_id= idempotency_key= order_id= user_id= sku_id= payment_tx= - Outbox publication deferred outbox_id=e9da8a72-e9a3-416d-a779-4286db113141 command_id=c8befb1443eedce454efec816770b7195866834fceabac6caecea31dcf8a0b41 outcome=RETRYABLE cause=MQCLIENTEXCEPTION
2026-08-11T09:27:03.038+08:00 INFO  d.f.m.outbox.OutboxDispatcher request_id= idempotency_key= order_id= user_id= sku_id= payment_tx= - Outbox publication deferred outbox_id=dc34897b-6389-41c5-9eef-a4f203c6b699 command_id=689d2f2f79f471cf5de4add3a5a46e139644236e06e792ea09f07d9efd274b2a outcome=RETRYABLE cause=MQCLIENTEXCEPTION
2026-08-11T09:27:03.045+08:00 INFO  d.f.m.outbox.OutboxDispatcher request_id= idempotency_key= order_id= user_id= sku_id= payment_tx= - Outbox publication deferred outbox_id=ec7920a9-169e-4b4a-a3b6-2b14366a3699 command_id=803c9d5b9ff6fdccedb4508d3174b6f1d86723acf24bea0deced7af274c3f44d outcome=RETRYABLE cause=MQCLIENTEXCEPTION
2026-08-11T09:27:03.053+08:00 INFO  d.f.m.outbox.OutboxDispatcher request_id= idempotency_key= order_id= user_id= sku_id= payment_tx= - Outbox publication deferred outbox_id=08c22188-7d36-4431-a609-d6c03dfd9574 command_id=7eb490a73936f4b3385b7069e29e041de5f1038049896e13ef22e1c0f2ce5b74 outcome=RETRYABLE cause=MQCLIENTEXCEPTION
2026-08-11T09:27:03.060+08:00 INFO  d.f.m.outbox.OutboxDispatcher request_id= idempotency_key= order_id= user_id= sku_id= payment_tx= - Outbox publication deferred outbox_id=653a37e0-8604-411b-bb24-67afa5c5cc1d command_id=981556da59a873045501c89b6c143db5647a0af8c29e919050dbef3d24b6e559 outcome=RETRYABLE cause=MQCLIENTEXCEPTION
2026-08-11T09:27:03.184+08:00 INFO  d.f.m.outbox.OutboxDispatcher request_id= idempotency_key= order_id= user_id= sku_id= payment_tx= - Outbox publication deferred outbox_id=9f485704-b110-4310-9902-d063695a2003 command_id=c8c2afcf3a5f2178ca9115d4676317bbacbb7f819ca5947bd905d435e71b2bf8 outcome=RETRYABLE cause=MQCLIENTEXCEPTION
2026-08-11T09:27:03.190+08:00 INFO  d.f.m.outbox.OutboxDispatcher request_id= idempotency_key= order_id= user_id= sku_id= payment_tx= - Outbox publication deferred outbox_id=322c16d6-d3ee-4c72-9bfa-05caacba3d81 command_id=a4012cb0274fa7e18348953a2df578a9c0c313b3d1e37e461c39c6e89d3a227f outcome=RETRYABLE cause=MQCLIENTEXCEPTION
2026-08-11T09:27:03.195+08:00 INFO  d.f.m.outbox.OutboxDispatcher request_id= idempotency_key= order_id= user_id= sku_id= payment_tx= - Outbox publication deferred outbox_id=c2234e36-ba52-4409-9104-347bc6bf532d command_id=5d0042ca68e2729c1110d4d9b5409f00213d2b976340f93776cdc578771de148 outcome=RETRYABLE cause=MQCLIENTEXCEPTION
2026-08-11T09:27:03.887+08:00 INFO  d.f.m.outbox.OutboxDispatcher request_id= idempotency_key= order_id= user_id= sku_id= payment_tx= - Outbox publication outbox_id=38461b0e-7f7c-4564-a77e-0ca7352b5b0b command_id=ed2b1598f1381e56eb4f444cda4d9d084eb63abb227f45bc41034f3bd9d71abf outcome=ACKNOWLEDGED
2026-08-11T09:27:03.893+08:00 INFO  d.f.m.outbox.OutboxDispatcher request_id= idempotency_key= order_id= user_id= sku_id= payment_tx= - Outbox publication outbox_id=bf0d34cb-8aef-4509-966b-3232cbaeaed7 command_id=dd61e0a61b28cb3d3e87ca44fd3e221c27dd1aac5a49afe92d51be85cb5a9485 outcome=ACKNOWLEDGED
2026-08-11T09:27:03.897+08:00 INFO  d.f.m.outbox.OutboxDispatcher request_id= idempotency_key= order_id= user_id= sku_id= payment_tx= - Outbox publication outbox_id=150f58c0-4ac6-4a2f-a5e3-4e50cebb8866 command_id=f427eaaca469a90596495ea6a06dd030e85a9ab2d07032dc701c22376b48bb7d outcome=ACKNOWLEDGED
2026-08-11T09:27:04.019+08:00 INFO  d.f.m.outbox.OutboxDispatcher request_id= idempotency_key= order_id= user_id= sku_id= payment_tx= - Outbox publication outbox_id=32f92c50-2f66-4c03-8bd8-024dfe1146da command_id=29baea8b6018e7e50e0b553ff53c0e9eb96a95743f372832f5926e6a33cf15b4 outcome=ACKNOWLEDGED
2026-08-11T09:27:04.027+08:00 INFO  d.f.m.outbox.OutboxDispatcher request_id= idempotency_key= order_id= user_id= sku_id= payment_tx= - Outbox publication outbox_id=e9da8a72-e9a3-416d-a779-4286db113141 command_id=c8befb1443eedce454efec816770b7195866834fceabac6caecea31dcf8a0b41 outcome=ACKNOWLEDGED
2026-08-11T09:27:04.159+08:00 INFO  d.f.m.outbox.OutboxDispatcher request_id= idempotency_key= order_id= user_id= sku_id= payment_tx= - Outbox publication outbox_id=dc34897b-6389-41c5-9eef-a4f203c6b699 command_id=689d2f2f79f471cf5de4add3a5a46e139644236e06e792ea09f07d9efd274b2a outcome=ACKNOWLEDGED
2026-08-11T09:27:04.169+08:00 INFO  d.f.m.outbox.OutboxDispatcher request_id= idempotency_key= order_id= user_id= sku_id= payment_tx= - Outbox publication outbox_id=ec7920a9-169e-4b4a-a3b6-2b14366a3699 command_id=803c9d5b9ff6fdccedb4508d3174b6f1d86723acf24bea0deced7af274c3f44d outcome=ACKNOWLEDGED
2026-08-11T09:27:04.174+08:00 INFO  d.f.m.outbox.OutboxDispatcher request_id= idempotency_key= order_id= user_id= sku_id= payment_tx= - Outbox publication outbox_id=08c22188-7d36-4431-a609-d6c03dfd9574 command_id=7eb490a73936f4b3385b7069e29e041de5f1038049896e13ef22e1c0f2ce5b74 outcome=ACKNOWLEDGED
2026-08-11T09:27:04.178+08:00 INFO  d.f.m.outbox.OutboxDispatcher request_id= idempotency_key= order_id= user_id= sku_id= payment_tx= - Outbox publication outbox_id=653a37e0-8604-411b-bb24-67afa5c5cc1d command_id=981556da59a873045501c89b6c143db5647a0af8c29e919050dbef3d24b6e559 outcome=ACKNOWLEDGED
2026-08-11T09:27:04.299+08:00 INFO  d.f.m.outbox.OutboxDispatcher request_id= idempotency_key= order_id= user_id= sku_id= payment_tx= - Outbox publication outbox_id=9f485704-b110-4310-9902-d063695a2003 command_id=c8c2afcf3a5f2178ca9115d4676317bbacbb7f819ca5947bd905d435e71b2bf8 outcome=ACKNOWLEDGED
2026-08-11T09:27:04.307+08:00 INFO  d.f.m.outbox.OutboxDispatcher request_id= idempotency_key= order_id= user_id= sku_id= payment_tx= - Outbox publication outbox_id=322c16d6-d3ee-4c72-9bfa-05caacba3d81 command_id=a4012cb0274fa7e18348953a2df578a9c0c313b3d1e37e461c39c6e89d3a227f outcome=ACKNOWLEDGED
2026-08-11T09:27:04.313+08:00 INFO  d.f.m.outbox.OutboxDispatcher request_id= idempotency_key= order_id= user_id= sku_id= payment_tx= - Outbox publication outbox_id=c2234e36-ba52-4409-9104-347bc6bf532d command_id=5d0042ca68e2729c1110d4d9b5409f00213d2b976340f93776cdc578771de148 outcome=ACKNOWLEDGED
2026-08-11T09:27:24.702+08:00 INFO  o.s.b.w.e.tomcat.GracefulShutdown request_id= idempotency_key= order_id= user_id= sku_id= payment_tx= - Commencing graceful shutdown. Waiting for active requests to complete
2026-08-11T09:27:26.707+08:00 INFO  o.s.b.w.e.tomcat.GracefulShutdown request_id= idempotency_key= order_id= user_id= sku_id= payment_tx= - Graceful shutdown complete
2026-08-11T09:27:26.708+08:00 ERROR org.apache.tomcat.util.net.Acceptor request_id= idempotency_key= order_id= user_id= sku_id= payment_tx= - Socket accept failed
java.nio.channels.AsynchronousCloseException: null
	at java.base/java.nio.channels.spi.AbstractInterruptibleChannel.end(AbstractInterruptibleChannel.java:218)
	at java.base/sun.nio.ch.ServerSocketChannelImpl.end(ServerSocketChannelImpl.java:372)
	at java.base/sun.nio.ch.ServerSocketChannelImpl.accept(ServerSocketChannelImpl.java:397)
	at org.apache.tomcat.util.net.NioEndpoint.serverSocketAccept(NioEndpoint.java:537)
	at org.apache.tomcat.util.net.NioEndpoint.serverSocketAccept(NioEndpoint.java:72)
	at org.apache.tomcat.util.net.Acceptor.run(Acceptor.java:127)
	at java.base/java.lang.Thread.run(Thread.java:1516)
2026-08-11T09:27:26.797+08:00 INFO  com.zaxxer.hikari.HikariDataSource request_id= idempotency_key= order_id= user_id= sku_id= payment_tx= - HikariPool-1 - Shutdown initiated...
2026-08-11T09:27:26.800+08:00 INFO  com.zaxxer.hikari.HikariDataSource request_id= idempotency_key= order_id= user_id= sku_id= payment_tx= - HikariPool-1 - Shutdown completed.
[INFO] Tests run: 1, Failures: 0, Errors: 0, Skipped: 0, Time elapsed: 56.90 s -- in dev.flashflow.V4OutboxBacklogDrainIntegrationTest
[INFO] Running dev.flashflow.V4OutboxProducerAckLossIntegrationTest
2026-08-11T09:27:26.816+08:00 INFO  o.s.t.c.s.AnnotationConfigContextLoaderUtils request_id= idempotency_key= order_id= user_id= sku_id= payment_tx= - Could not detect default configuration classes for test class [dev.flashflow.V4OutboxProducerAckLossIntegrationTest]: V4OutboxProducerAckLossIntegrationTest does not declare any static, non-private, non-final, nested classes annotated with @Configuration.
2026-08-11T09:27:26.818+08:00 INFO  o.s.b.t.c.SpringBootTestContextBootstrapper request_id= idempotency_key= order_id= user_id= sku_id= payment_tx= - Found @SpringBootConfiguration dev.flashflow.FlashFlowApplication for test class dev.flashflow.V4OutboxProducerAckLossIntegrationTest

  .   ____          _            __ _ _
 /\\ / ___'_ __ _ _(_)_ __  __ _ \ \ \ \
( ( )\___ | '_ | '_| | '_ \/ _` | \ \ \ \
 \\/  ___)| |_)| | | | | || (_| |  ) ) ) )
  '  |____| .__|_| |_|_| |_\__, | / / / /
 =========|_|==============|___/=/_/_/_/

 :: Spring Boot ::                (v3.5.5)

2026-08-11T09:27:26.859+08:00 INFO  d.f.V4OutboxProducerAckLossIntegrationTest request_id= idempotency_key= order_id= user_id= sku_id= payment_tx= - Starting V4OutboxProducerAckLossIntegrationTest using Java 26.0.2 with PID 38714 (started by yuzheng in /Users/yuzheng/Computeracy/Zhenkun26-GitHub/FlashFlow)
2026-08-11T09:27:26.860+08:00 INFO  d.f.V4OutboxProducerAckLossIntegrationTest request_id= idempotency_key= order_id= user_id= sku_id= payment_tx= - The following 1 profile is active: "test"
2026-08-11T09:27:27.031+08:00 INFO  o.s.d.r.c.RepositoryConfigurationDelegate request_id= idempotency_key= order_id= user_id= sku_id= payment_tx= - Multiple Spring Data modules found, entering strict repository configuration mode
2026-08-11T09:27:27.031+08:00 INFO  o.s.d.r.c.RepositoryConfigurationDelegate request_id= idempotency_key= order_id= user_id= sku_id= payment_tx= - Bootstrapping Spring Data Redis repositories in DEFAULT mode.
2026-08-11T09:27:27.036+08:00 INFO  o.s.d.r.c.RepositoryConfigurationDelegate request_id= idempotency_key= order_id= user_id= sku_id= payment_tx= - Finished Spring Data repository scanning in 4 ms. Found 0 Redis repository interfaces.
2026-08-11T09:27:27.059+08:00 INFO  o.s.b.w.e.tomcat.TomcatWebServer request_id= idempotency_key= order_id= user_id= sku_id= payment_tx= - Tomcat initialized with port 0 (http)
2026-08-11T09:27:27.059+08:00 INFO  o.a.catalina.core.StandardService request_id= idempotency_key= order_id= user_id= sku_id= payment_tx= - Starting service [Tomcat]
2026-08-11T09:27:27.059+08:00 INFO  o.a.catalina.core.StandardEngine request_id= idempotency_key= order_id= user_id= sku_id= payment_tx= - Starting Servlet engine: [Apache Tomcat/10.1.44]
2026-08-11T09:27:27.066+08:00 INFO  o.a.c.c.C.[Tomcat].[localhost].[/] request_id= idempotency_key= order_id= user_id= sku_id= payment_tx= - Initializing Spring embedded WebApplicationContext
2026-08-11T09:27:27.066+08:00 INFO  o.s.b.w.s.c.ServletWebServerApplicationContext request_id= idempotency_key= order_id= user_id= sku_id= payment_tx= - Root WebApplicationContext: initialization completed in 201 ms
Standard Commons Logging discovery in action with spring-jcl: please remove commons-logging.jar from classpath in order to avoid potential conflicts
2026-08-11T09:27:27.106+08:00 INFO  com.zaxxer.hikari.HikariDataSource request_id= idempotency_key= order_id= user_id= sku_id= payment_tx= - HikariPool-2 - Starting...
2026-08-11T09:27:27.119+08:00 INFO  com.zaxxer.hikari.pool.HikariPool request_id= idempotency_key= order_id= user_id= sku_id= payment_tx= - HikariPool-2 - Added connection com.mysql.cj.jdbc.ConnectionImpl@148fc881
2026-08-11T09:27:27.119+08:00 INFO  com.zaxxer.hikari.HikariDataSource request_id= idempotency_key= order_id= user_id= sku_id= payment_tx= - HikariPool-2 - Start completed.
2026-08-11T09:27:27.125+08:00 INFO  org.flywaydb.core.FlywayExecutor request_id= idempotency_key= order_id= user_id= sku_id= payment_tx= - Database: jdbc:mysql://localhost:64906/flashflow (MySQL 8.4)
2026-08-11T09:27:27.131+08:00 WARN  o.f.c.i.database.base.Database request_id= idempotency_key= order_id= user_id= sku_id= payment_tx= - Flyway upgrade recommended: MySQL 8.4 is newer than this version of Flyway and support has not been tested. The latest supported version of MySQL is 8.1.
2026-08-11T09:27:27.140+08:00 INFO  o.f.core.internal.command.DbValidate request_id= idempotency_key= order_id= user_id= sku_id= payment_tx= - Successfully validated 4 migrations (execution time 00:00.007s)
2026-08-11T09:27:27.145+08:00 INFO  o.f.core.internal.command.DbMigrate request_id= idempotency_key= order_id= user_id= sku_id= payment_tx= - Current version of schema `flashflow`: 4
2026-08-11T09:27:27.145+08:00 INFO  o.f.core.internal.command.DbMigrate request_id= idempotency_key= order_id= user_id= sku_id= payment_tx= - Schema `flashflow` is up to date. No migration necessary.
2026-08-11T09:27:27.312+08:00 INFO  o.s.b.a.e.web.EndpointLinksResolver request_id= idempotency_key= order_id= user_id= sku_id= payment_tx= - Exposing 2 endpoints beneath base path '/actuator'
2026-08-11T09:27:27.318+08:00 INFO  o.s.b.w.e.tomcat.TomcatWebServer request_id= idempotency_key= order_id= user_id= sku_id= payment_tx= - Tomcat started on port 50650 (http) with context path '/'
2026-08-11T09:27:27.321+08:00 INFO  d.f.V4OutboxProducerAckLossIntegrationTest request_id= idempotency_key= order_id= user_id= sku_id= payment_tx= - Started V4OutboxProducerAckLossIntegrationTest in 0.5 seconds (process running for 57.62)
2026-08-11T09:27:29.372+08:00 INFO  o.a.c.c.C.[Tomcat].[localhost].[/] request_id= idempotency_key= order_id= user_id= sku_id= payment_tx= - Initializing Spring DispatcherServlet 'dispatcherServlet'
2026-08-11T09:27:29.372+08:00 INFO  o.s.web.servlet.DispatcherServlet request_id= idempotency_key= order_id= user_id= sku_id= payment_tx= - Initializing Servlet 'dispatcherServlet'
2026-08-11T09:27:29.373+08:00 INFO  o.s.web.servlet.DispatcherServlet request_id= idempotency_key= order_id= user_id= sku_id= payment_tx= - Completed initialization in 1 ms
2026-08-11T09:27:29.383+08:00 INFO  d.f.m.o.OutboxAsyncOrderApplicationService request_id=8a35111c-6f39-4e13-8f64-31443afff967 idempotency_key=key-v4-ack-loss-901bb9a7 order_id= user_id=user-v4-ack-loss-901bb9a7 sku_id=sku-v4-ack-loss-901bb9a7 payment_tx= - Durable Outbox acceptance command_id=29a0be4aa14e4d2eff8500221484edd6ba011a29f577e7b778164a8ff23c2b19 status=ACCEPTED
2026-08-11T09:27:29.472+08:00 WARN  d.f.m.outbox.OutboxDispatcher request_id= idempotency_key= order_id= user_id= sku_id= payment_tx= - Outbox dispatch poll failed cause=INJECTEDMESSAGINGFAULT
2026-08-11T09:27:33.581+08:00 INFO  d.f.m.outbox.OutboxDispatcher request_id= idempotency_key= order_id= user_id= sku_id= payment_tx= - Outbox publication outbox_id=13de6dfc-9b8c-48a0-bc62-cf0e71cb6690 command_id=29a0be4aa14e4d2eff8500221484edd6ba011a29f577e7b778164a8ff23c2b19 outcome=ACKNOWLEDGED
2026-08-11T09:27:33.616+08:00 INFO  o.s.b.w.e.tomcat.GracefulShutdown request_id= idempotency_key= order_id= user_id= sku_id= payment_tx= - Commencing graceful shutdown. Waiting for active requests to complete
2026-08-11T09:27:35.622+08:00 INFO  o.s.b.w.e.tomcat.GracefulShutdown request_id= idempotency_key= order_id= user_id= sku_id= payment_tx= - Graceful shutdown complete
2026-08-11T09:27:35.622+08:00 ERROR org.apache.tomcat.util.net.Acceptor request_id= idempotency_key= order_id= user_id= sku_id= payment_tx= - Socket accept failed
java.nio.channels.AsynchronousCloseException: null
	at java.base/java.nio.channels.spi.AbstractInterruptibleChannel.end(AbstractInterruptibleChannel.java:218) ~[na:na]
	at java.base/sun.nio.ch.ServerSocketChannelImpl.end(ServerSocketChannelImpl.java:372) ~[na:na]
	at java.base/sun.nio.ch.ServerSocketChannelImpl.accept(ServerSocketChannelImpl.java:397) ~[na:na]
	at org.apache.tomcat.util.net.NioEndpoint.serverSocketAccept(NioEndpoint.java:537) ~[tomcat-embed-core-10.1.44.jar:10.1.44]
	at org.apache.tomcat.util.net.NioEndpoint.serverSocketAccept(NioEndpoint.java:72) ~[tomcat-embed-core-10.1.44.jar:10.1.44]
	at org.apache.tomcat.util.net.Acceptor.run(Acceptor.java:127) ~[tomcat-embed-core-10.1.44.jar:10.1.44]
	at java.base/java.lang.Thread.run(Thread.java:1516) ~[na:na]
2026-08-11T09:27:35.697+08:00 INFO  com.zaxxer.hikari.HikariDataSource request_id= idempotency_key= order_id= user_id= sku_id= payment_tx= - HikariPool-2 - Shutdown initiated...
2026-08-11T09:27:35.699+08:00 INFO  com.zaxxer.hikari.HikariDataSource request_id= idempotency_key= order_id= user_id= sku_id= payment_tx= - HikariPool-2 - Shutdown completed.
[INFO] Tests run: 1, Failures: 0, Errors: 0, Skipped: 0, Time elapsed: 8.887 s -- in dev.flashflow.V4OutboxProducerAckLossIntegrationTest
[INFO] Running dev.flashflow.V4OutboxRocketMqEndToEndIntegrationTest
2026-08-11T09:27:35.703+08:00 INFO  o.s.t.c.s.AnnotationConfigContextLoaderUtils request_id= idempotency_key= order_id= user_id= sku_id= payment_tx= - Could not detect default configuration classes for test class [dev.flashflow.V4OutboxRocketMqEndToEndIntegrationTest]: V4OutboxRocketMqEndToEndIntegrationTest does not declare any static, non-private, non-final, nested classes annotated with @Configuration.
2026-08-11T09:27:35.704+08:00 INFO  o.s.b.t.c.SpringBootTestContextBootstrapper request_id= idempotency_key= order_id= user_id= sku_id= payment_tx= - Found @SpringBootConfiguration dev.flashflow.FlashFlowApplication for test class dev.flashflow.V4OutboxRocketMqEndToEndIntegrationTest

  .   ____          _            __ _ _
 /\\ / ___'_ __ _ _(_)_ __  __ _ \ \ \ \
( ( )\___ | '_ | '_| | '_ \/ _` | \ \ \ \
 \\/  ___)| |_)| | | | | || (_| |  ) ) ) )
  '  |____| .__|_| |_|_| |_\__, | / / / /
 =========|_|==============|___/=/_/_/_/

 :: Spring Boot ::                (v3.5.5)

2026-08-11T09:27:35.721+08:00 INFO  d.f.V4OutboxRocketMqEndToEndIntegrationTest request_id= idempotency_key= order_id= user_id= sku_id= payment_tx= - Starting V4OutboxRocketMqEndToEndIntegrationTest using Java 26.0.2 with PID 38714 (started by yuzheng in /Users/yuzheng/Computeracy/Zhenkun26-GitHub/FlashFlow)
2026-08-11T09:27:35.721+08:00 INFO  d.f.V4OutboxRocketMqEndToEndIntegrationTest request_id= idempotency_key= order_id= user_id= sku_id= payment_tx= - The following 1 profile is active: "test"
2026-08-11T09:27:35.820+08:00 INFO  o.s.d.r.c.RepositoryConfigurationDelegate request_id= idempotency_key= order_id= user_id= sku_id= payment_tx= - Multiple Spring Data modules found, entering strict repository configuration mode
2026-08-11T09:27:35.820+08:00 INFO  o.s.d.r.c.RepositoryConfigurationDelegate request_id= idempotency_key= order_id= user_id= sku_id= payment_tx= - Bootstrapping Spring Data Redis repositories in DEFAULT mode.
2026-08-11T09:27:35.824+08:00 INFO  o.s.d.r.c.RepositoryConfigurationDelegate request_id= idempotency_key= order_id= user_id= sku_id= payment_tx= - Finished Spring Data repository scanning in 4 ms. Found 0 Redis repository interfaces.
2026-08-11T09:27:35.842+08:00 INFO  o.s.b.w.e.tomcat.TomcatWebServer request_id= idempotency_key= order_id= user_id= sku_id= payment_tx= - Tomcat initialized with port 0 (http)
2026-08-11T09:27:35.843+08:00 INFO  o.a.catalina.core.StandardService request_id= idempotency_key= order_id= user_id= sku_id= payment_tx= - Starting service [Tomcat]
2026-08-11T09:27:35.843+08:00 INFO  o.a.catalina.core.StandardEngine request_id= idempotency_key= order_id= user_id= sku_id= payment_tx= - Starting Servlet engine: [Apache Tomcat/10.1.44]
2026-08-11T09:27:35.848+08:00 INFO  o.a.c.c.C.[Tomcat].[localhost].[/] request_id= idempotency_key= order_id= user_id= sku_id= payment_tx= - Initializing Spring embedded WebApplicationContext
2026-08-11T09:27:35.848+08:00 INFO  o.s.b.w.s.c.ServletWebServerApplicationContext request_id= idempotency_key= order_id= user_id= sku_id= payment_tx= - Root WebApplicationContext: initialization completed in 127 ms
Standard Commons Logging discovery in action with spring-jcl: please remove commons-logging.jar from classpath in order to avoid potential conflicts
2026-08-11T09:27:35.885+08:00 INFO  com.zaxxer.hikari.HikariDataSource request_id= idempotency_key= order_id= user_id= sku_id= payment_tx= - HikariPool-3 - Starting...
2026-08-11T09:27:35.895+08:00 INFO  com.zaxxer.hikari.pool.HikariPool request_id= idempotency_key= order_id= user_id= sku_id= payment_tx= - HikariPool-3 - Added connection com.mysql.cj.jdbc.ConnectionImpl@3e547264
2026-08-11T09:27:35.895+08:00 INFO  com.zaxxer.hikari.HikariDataSource request_id= idempotency_key= order_id= user_id= sku_id= payment_tx= - HikariPool-3 - Start completed.
2026-08-11T09:27:35.897+08:00 INFO  org.flywaydb.core.FlywayExecutor request_id= idempotency_key= order_id= user_id= sku_id= payment_tx= - Database: jdbc:mysql://localhost:64906/flashflow (MySQL 8.4)
2026-08-11T09:27:35.902+08:00 WARN  o.f.c.i.database.base.Database request_id= idempotency_key= order_id= user_id= sku_id= payment_tx= - Flyway upgrade recommended: MySQL 8.4 is newer than this version of Flyway and support has not been tested. The latest supported version of MySQL is 8.1.
2026-08-11T09:27:35.910+08:00 INFO  o.f.core.internal.command.DbValidate request_id= idempotency_key= order_id= user_id= sku_id= payment_tx= - Successfully validated 4 migrations (execution time 00:00.006s)
2026-08-11T09:27:35.915+08:00 INFO  o.f.core.internal.command.DbMigrate request_id= idempotency_key= order_id= user_id= sku_id= payment_tx= - Current version of schema `flashflow`: 4
2026-08-11T09:27:35.916+08:00 INFO  o.f.core.internal.command.DbMigrate request_id= idempotency_key= order_id= user_id= sku_id= payment_tx= - Schema `flashflow` is up to date. No migration necessary.
2026-08-11T09:27:36.026+08:00 INFO  o.s.b.a.e.web.EndpointLinksResolver request_id= idempotency_key= order_id= user_id= sku_id= payment_tx= - Exposing 2 endpoints beneath base path '/actuator'
2026-08-11T09:27:36.031+08:00 INFO  o.s.b.w.e.tomcat.TomcatWebServer request_id= idempotency_key= order_id= user_id= sku_id= payment_tx= - Tomcat started on port 50701 (http) with context path '/'
2026-08-11T09:27:36.033+08:00 INFO  d.f.V4OutboxRocketMqEndToEndIntegrationTest request_id= idempotency_key= order_id= user_id= sku_id= payment_tx= - Started V4OutboxRocketMqEndToEndIntegrationTest in 0.327 seconds (process running for 66.333)
2026-08-11T09:27:38.064+08:00 INFO  o.a.c.c.C.[Tomcat].[localhost].[/] request_id= idempotency_key= order_id= user_id= sku_id= payment_tx= - Initializing Spring DispatcherServlet 'dispatcherServlet'
2026-08-11T09:27:38.064+08:00 INFO  o.s.web.servlet.DispatcherServlet request_id= idempotency_key= order_id= user_id= sku_id= payment_tx= - Initializing Servlet 'dispatcherServlet'
2026-08-11T09:27:38.064+08:00 INFO  o.s.web.servlet.DispatcherServlet request_id= idempotency_key= order_id= user_id= sku_id= payment_tx= - Completed initialization in 0 ms
2026-08-11T09:27:38.073+08:00 INFO  d.f.m.o.OutboxAsyncOrderApplicationService request_id=3815685c-6506-4dc0-bfae-48037ba55f35 idempotency_key=key-v4-76a1d199 order_id= user_id=user-v4-76a1d199 sku_id=sku-v4-76a1d199 payment_tx= - Durable Outbox acceptance command_id=ec9fd369e0a59bd68c9fafe197beed226f1205765dc36e7b3a2efcb4d0a69b22 status=ACCEPTED
2026-08-11T09:27:38.194+08:00 INFO  d.f.m.outbox.OutboxDispatcher request_id= idempotency_key= order_id= user_id= sku_id= payment_tx= - Outbox publication outbox_id=ee07764c-f318-4329-934c-eecafdf73477 command_id=ec9fd369e0a59bd68c9fafe197beed226f1205765dc36e7b3a2efcb4d0a69b22 outcome=ACKNOWLEDGED
2026-08-11T09:27:50.802+08:00 INFO  d.f.m.o.OutboxAsyncOrderApplicationService request_id=e3a99a48-5a94-4d95-8a09-b2b2b26629a2 idempotency_key=key-v4-outage-76a1d199 order_id= user_id=user-v4-outage-76a1d199 sku_id=sku-v4-outage-76a1d199 payment_tx= - Durable Outbox acceptance command_id=1133582e951d173ae712a4dcec3fe40e40cdb259262ab720859fa11198f945aa status=ACCEPTED
2026-08-11T09:27:50.875+08:00 INFO  d.f.m.outbox.OutboxDispatcher request_id= idempotency_key= order_id= user_id= sku_id= payment_tx= - Outbox publication deferred outbox_id=e43e78e4-e848-40c8-8b57-21e5b98b2193 command_id=1133582e951d173ae712a4dcec3fe40e40cdb259262ab720859fa11198f945aa outcome=RETRYABLE cause=MQCLIENTEXCEPTION
2026-08-11T09:27:50.992+08:00 INFO  d.f.m.outbox.OutboxDispatcher request_id= idempotency_key= order_id= user_id= sku_id= payment_tx= - Outbox publication deferred outbox_id=e43e78e4-e848-40c8-8b57-21e5b98b2193 command_id=1133582e951d173ae712a4dcec3fe40e40cdb259262ab720859fa11198f945aa outcome=RETRYABLE cause=MQCLIENTEXCEPTION
2026-08-11T09:27:51.222+08:00 INFO  d.f.m.outbox.OutboxDispatcher request_id= idempotency_key= order_id= user_id= sku_id= payment_tx= - Outbox publication deferred outbox_id=e43e78e4-e848-40c8-8b57-21e5b98b2193 command_id=1133582e951d173ae712a4dcec3fe40e40cdb259262ab720859fa11198f945aa outcome=RETRYABLE cause=MQCLIENTEXCEPTION
2026-08-11T09:27:51.664+08:00 INFO  d.f.m.outbox.OutboxDispatcher request_id= idempotency_key= order_id= user_id= sku_id= payment_tx= - Outbox publication deferred outbox_id=e43e78e4-e848-40c8-8b57-21e5b98b2193 command_id=1133582e951d173ae712a4dcec3fe40e40cdb259262ab720859fa11198f945aa outcome=RETRYABLE cause=MQCLIENTEXCEPTION
2026-08-11T09:27:52.549+08:00 INFO  d.f.m.outbox.OutboxDispatcher request_id= idempotency_key= order_id= user_id= sku_id= payment_tx= - Outbox publication outbox_id=e43e78e4-e848-40c8-8b57-21e5b98b2193 command_id=1133582e951d173ae712a4dcec3fe40e40cdb259262ab720859fa11198f945aa outcome=ACKNOWLEDGED
2026-08-11T09:27:54.563+08:00 INFO  o.s.b.w.e.tomcat.GracefulShutdown request_id= idempotency_key= order_id= user_id= sku_id= payment_tx= - Commencing graceful shutdown. Waiting for active requests to complete
2026-08-11T09:27:56.569+08:00 INFO  o.s.b.w.e.tomcat.GracefulShutdown request_id= idempotency_key= order_id= user_id= sku_id= payment_tx= - Graceful shutdown complete
2026-08-11T09:27:56.569+08:00 ERROR org.apache.tomcat.util.net.Acceptor request_id= idempotency_key= order_id= user_id= sku_id= payment_tx= - Socket accept failed
java.nio.channels.AsynchronousCloseException: null
	at java.base/java.nio.channels.spi.AbstractInterruptibleChannel.end(AbstractInterruptibleChannel.java:218) ~[na:na]
	at java.base/sun.nio.ch.ServerSocketChannelImpl.end(ServerSocketChannelImpl.java:372) ~[na:na]
	at java.base/sun.nio.ch.ServerSocketChannelImpl.accept(ServerSocketChannelImpl.java:397) ~[na:na]
	at org.apache.tomcat.util.net.NioEndpoint.serverSocketAccept(NioEndpoint.java:537) ~[tomcat-embed-core-10.1.44.jar:10.1.44]
	at org.apache.tomcat.util.net.NioEndpoint.serverSocketAccept(NioEndpoint.java:72) ~[tomcat-embed-core-10.1.44.jar:10.1.44]
	at org.apache.tomcat.util.net.Acceptor.run(Acceptor.java:127) ~[tomcat-embed-core-10.1.44.jar:10.1.44]
	at java.base/java.lang.Thread.run(Thread.java:1516) ~[na:na]
2026-08-11T09:27:56.618+08:00 INFO  com.zaxxer.hikari.HikariDataSource request_id= idempotency_key= order_id= user_id= sku_id= payment_tx= - HikariPool-3 - Shutdown initiated...
2026-08-11T09:27:56.619+08:00 INFO  com.zaxxer.hikari.HikariDataSource request_id= idempotency_key= order_id= user_id= sku_id= payment_tx= - HikariPool-3 - Shutdown completed.
[INFO] Tests run: 2, Failures: 0, Errors: 0, Skipped: 0, Time elapsed: 20.92 s -- in dev.flashflow.V4OutboxRocketMqEndToEndIntegrationTest
[INFO] Running dev.flashflow.V4OutboxConcurrentRedeliveryIntegrationTest
2026-08-11T09:27:56.624+08:00 INFO  o.s.t.c.s.AnnotationConfigContextLoaderUtils request_id= idempotency_key= order_id= user_id= sku_id= payment_tx= - Could not detect default configuration classes for test class [dev.flashflow.V4OutboxConcurrentRedeliveryIntegrationTest]: V4OutboxConcurrentRedeliveryIntegrationTest does not declare any static, non-private, non-final, nested classes annotated with @Configuration.
2026-08-11T09:27:56.626+08:00 INFO  o.s.b.t.c.SpringBootTestContextBootstrapper request_id= idempotency_key= order_id= user_id= sku_id= payment_tx= - Found @SpringBootConfiguration dev.flashflow.FlashFlowApplication for test class dev.flashflow.V4OutboxConcurrentRedeliveryIntegrationTest

  .   ____          _            __ _ _
 /\\ / ___'_ __ _ _(_)_ __  __ _ \ \ \ \
( ( )\___ | '_ | '_| | '_ \/ _` | \ \ \ \
 \\/  ___)| |_)| | | | | || (_| |  ) ) ) )
  '  |____| .__|_| |_|_| |_\__, | / / / /
 =========|_|==============|___/=/_/_/_/

 :: Spring Boot ::                (v3.5.5)

2026-08-11T09:27:56.638+08:00 INFO  d.f.V4OutboxConcurrentRedeliveryIntegrationTest request_id= idempotency_key= order_id= user_id= sku_id= payment_tx= - Starting V4OutboxConcurrentRedeliveryIntegrationTest using Java 26.0.2 with PID 38714 (started by yuzheng in /Users/yuzheng/Computeracy/Zhenkun26-GitHub/FlashFlow)
2026-08-11T09:27:56.639+08:00 INFO  d.f.V4OutboxConcurrentRedeliveryIntegrationTest request_id= idempotency_key= order_id= user_id= sku_id= payment_tx= - The following 1 profile is active: "test"
2026-08-11T09:27:56.731+08:00 INFO  o.s.d.r.c.RepositoryConfigurationDelegate request_id= idempotency_key= order_id= user_id= sku_id= payment_tx= - Multiple Spring Data modules found, entering strict repository configuration mode
2026-08-11T09:27:56.731+08:00 INFO  o.s.d.r.c.RepositoryConfigurationDelegate request_id= idempotency_key= order_id= user_id= sku_id= payment_tx= - Bootstrapping Spring Data Redis repositories in DEFAULT mode.
2026-08-11T09:27:56.736+08:00 INFO  o.s.d.r.c.RepositoryConfigurationDelegate request_id= idempotency_key= order_id= user_id= sku_id= payment_tx= - Finished Spring Data repository scanning in 4 ms. Found 0 Redis repository interfaces.
2026-08-11T09:27:56.753+08:00 INFO  o.s.b.w.e.tomcat.TomcatWebServer request_id= idempotency_key= order_id= user_id= sku_id= payment_tx= - Tomcat initialized with port 0 (http)
2026-08-11T09:27:56.753+08:00 INFO  o.a.catalina.core.StandardService request_id= idempotency_key= order_id= user_id= sku_id= payment_tx= - Starting service [Tomcat]
2026-08-11T09:27:56.753+08:00 INFO  o.a.catalina.core.StandardEngine request_id= idempotency_key= order_id= user_id= sku_id= payment_tx= - Starting Servlet engine: [Apache Tomcat/10.1.44]
2026-08-11T09:27:56.759+08:00 INFO  o.a.c.c.C.[Tomcat].[localhost].[/] request_id= idempotency_key= order_id= user_id= sku_id= payment_tx= - Initializing Spring embedded WebApplicationContext
2026-08-11T09:27:56.759+08:00 INFO  o.s.b.w.s.c.ServletWebServerApplicationContext request_id= idempotency_key= order_id= user_id= sku_id= payment_tx= - Root WebApplicationContext: initialization completed in 120 ms
Standard Commons Logging discovery in action with spring-jcl: please remove commons-logging.jar from classpath in order to avoid potential conflicts
2026-08-11T09:27:56.789+08:00 INFO  com.zaxxer.hikari.HikariDataSource request_id= idempotency_key= order_id= user_id= sku_id= payment_tx= - HikariPool-4 - Starting...
2026-08-11T09:27:56.798+08:00 INFO  com.zaxxer.hikari.pool.HikariPool request_id= idempotency_key= order_id= user_id= sku_id= payment_tx= - HikariPool-4 - Added connection com.mysql.cj.jdbc.ConnectionImpl@1849c0af
2026-08-11T09:27:56.798+08:00 INFO  com.zaxxer.hikari.HikariDataSource request_id= idempotency_key= order_id= user_id= sku_id= payment_tx= - HikariPool-4 - Start completed.
2026-08-11T09:27:56.801+08:00 INFO  org.flywaydb.core.FlywayExecutor request_id= idempotency_key= order_id= user_id= sku_id= payment_tx= - Database: jdbc:mysql://localhost:64906/flashflow (MySQL 8.4)
2026-08-11T09:27:56.804+08:00 WARN  o.f.c.i.database.base.Database request_id= idempotency_key= order_id= user_id= sku_id= payment_tx= - Flyway upgrade recommended: MySQL 8.4 is newer than this version of Flyway and support has not been tested. The latest supported version of MySQL is 8.1.
2026-08-11T09:27:56.811+08:00 INFO  o.f.core.internal.command.DbValidate request_id= idempotency_key= order_id= user_id= sku_id= payment_tx= - Successfully validated 4 migrations (execution time 00:00.006s)
2026-08-11T09:27:56.817+08:00 INFO  o.f.core.internal.command.DbMigrate request_id= idempotency_key= order_id= user_id= sku_id= payment_tx= - Current version of schema `flashflow`: 4
2026-08-11T09:27:56.818+08:00 INFO  o.f.core.internal.command.DbMigrate request_id= idempotency_key= order_id= user_id= sku_id= payment_tx= - Schema `flashflow` is up to date. No migration necessary.
2026-08-11T09:27:56.926+08:00 INFO  o.s.b.a.e.web.EndpointLinksResolver request_id= idempotency_key= order_id= user_id= sku_id= payment_tx= - Exposing 2 endpoints beneath base path '/actuator'
2026-08-11T09:27:56.931+08:00 INFO  o.s.b.w.e.tomcat.TomcatWebServer request_id= idempotency_key= order_id= user_id= sku_id= payment_tx= - Tomcat started on port 51308 (http) with context path '/'
2026-08-11T09:27:56.934+08:00 INFO  d.f.V4OutboxConcurrentRedeliveryIntegrationTest request_id= idempotency_key= order_id= user_id= sku_id= payment_tx= - Started V4OutboxConcurrentRedeliveryIntegrationTest in 0.307 seconds (process running for 87.235)
2026-08-11T09:27:58.969+08:00 INFO  o.a.c.c.C.[Tomcat].[localhost].[/] request_id= idempotency_key= order_id= user_id= sku_id= payment_tx= - Initializing Spring DispatcherServlet 'dispatcherServlet'
2026-08-11T09:27:58.969+08:00 INFO  o.s.web.servlet.DispatcherServlet request_id= idempotency_key= order_id= user_id= sku_id= payment_tx= - Initializing Servlet 'dispatcherServlet'
2026-08-11T09:27:58.970+08:00 INFO  o.s.web.servlet.DispatcherServlet request_id= idempotency_key= order_id= user_id= sku_id= payment_tx= - Completed initialization in 1 ms
2026-08-11T09:27:58.983+08:00 INFO  d.f.m.o.OutboxAsyncOrderApplicationService request_id=16674b52-1fbf-4baf-bde2-e6e38567a701 idempotency_key=key-220b418f-0 order_id= user_id=user-220b418f-0 sku_id=sku-v4-concurrent-220b418f payment_tx= - Durable Outbox acceptance command_id=9b7e5b5e6a35324d3640b43cc8d38e3ef4406223944d1fe52914f4f00fc9c848 status=ACCEPTED
2026-08-11T09:27:58.991+08:00 INFO  d.f.m.o.OutboxAsyncOrderApplicationService request_id=28a03925-c0d7-4e4d-aeed-8707832d1ee4 idempotency_key=key-220b418f-1 order_id= user_id=user-220b418f-1 sku_id=sku-v4-concurrent-220b418f payment_tx= - Durable Outbox acceptance command_id=4aa630ce3a9dcf4ebe8610fb67bdfc885def63204c6855d6c616708e281c9a45 status=ACCEPTED
2026-08-11T09:27:58.997+08:00 INFO  d.f.m.o.OutboxAsyncOrderApplicationService request_id=eeac65a9-64b5-47df-b52f-1b502bff3d67 idempotency_key=key-220b418f-2 order_id= user_id=user-220b418f-2 sku_id=sku-v4-concurrent-220b418f payment_tx= - Durable Outbox acceptance command_id=f39ef6bd040288b695f4b6936b72e4fe5080efbc335bb8002b5ea09be64f9ad6 status=ACCEPTED
2026-08-11T09:27:59.003+08:00 INFO  d.f.m.o.OutboxAsyncOrderApplicationService request_id=3cdfd083-ee25-427d-a848-720567190f64 idempotency_key=key-220b418f-3 order_id= user_id=user-220b418f-3 sku_id=sku-v4-concurrent-220b418f payment_tx= - Durable Outbox acceptance command_id=4d7bf8237a633710ccb9613713a3591c0cf151441262fc6d8013827ab0c2ee05 status=ACCEPTED
2026-08-11T09:27:59.010+08:00 INFO  d.f.m.o.OutboxAsyncOrderApplicationService request_id=2218b76b-8e93-4620-bef6-885e1998ee6c idempotency_key=key-220b418f-4 order_id= user_id=user-220b418f-4 sku_id=sku-v4-concurrent-220b418f payment_tx= - Durable Outbox acceptance command_id=6b0133293f3cee38f5d6ab4cc0f88a2e27ecbe107432564196c316aa99a2799f status=ACCEPTED
2026-08-11T09:27:59.015+08:00 INFO  d.f.m.o.OutboxAsyncOrderApplicationService request_id=9149525d-21d1-45ba-833b-5a3bf2b44f56 idempotency_key=key-220b418f-5 order_id= user_id=user-220b418f-5 sku_id=sku-v4-concurrent-220b418f payment_tx= - Durable Outbox acceptance command_id=a81b2c37e59349f3923e6219867d62afc97e2b9c00eac65386eaf83a844a9de5 status=ACCEPTED
2026-08-11T09:27:59.021+08:00 INFO  d.f.m.o.OutboxAsyncOrderApplicationService request_id=16fa659a-3c46-45e8-beb4-7824fe6fb537 idempotency_key=key-220b418f-6 order_id= user_id=user-220b418f-6 sku_id=sku-v4-concurrent-220b418f payment_tx= - Durable Outbox acceptance command_id=5fb99da45d535ff1dab8dd9f104fa547d3ea9e26f209e0cd51b129091dda3854 status=ACCEPTED
2026-08-11T09:27:59.027+08:00 INFO  d.f.m.o.OutboxAsyncOrderApplicationService request_id=f28a110e-0403-48d7-b7b0-622872a41e8e idempotency_key=key-220b418f-7 order_id= user_id=user-220b418f-7 sku_id=sku-v4-concurrent-220b418f payment_tx= - Durable Outbox acceptance command_id=3f9ddeb7222b9fb8cdab16c9e179b5eb30548d30e351a89c8254184dd341ea81 status=ACCEPTED
2026-08-11T09:27:59.045+08:00 INFO  d.f.m.outbox.OutboxDispatcher request_id= idempotency_key= order_id= user_id= sku_id= payment_tx= - Outbox publication deferred outbox_id=dff80fa8-73d9-4361-b8da-ba4540959596 command_id=f39ef6bd040288b695f4b6936b72e4fe5080efbc335bb8002b5ea09be64f9ad6 outcome=RETRYABLE cause=MQCLIENTEXCEPTION
2026-08-11T09:27:59.046+08:00 INFO  d.f.m.outbox.OutboxDispatcher request_id= idempotency_key= order_id= user_id= sku_id= payment_tx= - Outbox publication deferred outbox_id=96e8e1f8-e3e9-4ac6-8241-f6b63eaee8eb command_id=9b7e5b5e6a35324d3640b43cc8d38e3ef4406223944d1fe52914f4f00fc9c848 outcome=RETRYABLE cause=MQCLIENTEXCEPTION
2026-08-11T09:27:59.047+08:00 INFO  d.f.m.outbox.OutboxDispatcher request_id= idempotency_key= order_id= user_id= sku_id= payment_tx= - Outbox publication deferred outbox_id=de88c3f2-98bc-4350-9aed-8634a1cb38e0 command_id=3f9ddeb7222b9fb8cdab16c9e179b5eb30548d30e351a89c8254184dd341ea81 outcome=RETRYABLE cause=MQCLIENTEXCEPTION
2026-08-11T09:27:59.048+08:00 INFO  d.f.m.outbox.OutboxDispatcher request_id= idempotency_key= order_id= user_id= sku_id= payment_tx= - Outbox publication deferred outbox_id=8300cfa1-fb89-4a5a-b690-3e37bcebc033 command_id=6b0133293f3cee38f5d6ab4cc0f88a2e27ecbe107432564196c316aa99a2799f outcome=RETRYABLE cause=MQCLIENTEXCEPTION
2026-08-11T09:27:59.049+08:00 INFO  d.f.m.outbox.OutboxDispatcher request_id= idempotency_key= order_id= user_id= sku_id= payment_tx= - Outbox publication deferred outbox_id=5ab28e6e-7ab2-4930-9137-c3a1cb6ddb4e command_id=4d7bf8237a633710ccb9613713a3591c0cf151441262fc6d8013827ab0c2ee05 outcome=RETRYABLE cause=MQCLIENTEXCEPTION
2026-08-11T09:27:59.050+08:00 INFO  d.f.m.outbox.OutboxDispatcher request_id= idempotency_key= order_id= user_id= sku_id= payment_tx= - Outbox publication deferred outbox_id=496bee9d-8881-46e3-ac09-7eaa865387ff command_id=4aa630ce3a9dcf4ebe8610fb67bdfc885def63204c6855d6c616708e281c9a45 outcome=RETRYABLE cause=MQCLIENTEXCEPTION
2026-08-11T09:27:59.051+08:00 INFO  d.f.m.outbox.OutboxDispatcher request_id= idempotency_key= order_id= user_id= sku_id= payment_tx= - Outbox publication deferred outbox_id=cbc5dd6f-135f-47cc-a85e-9cbd87b2fe78 command_id=a81b2c37e59349f3923e6219867d62afc97e2b9c00eac65386eaf83a844a9de5 outcome=RETRYABLE cause=MQCLIENTEXCEPTION
2026-08-11T09:28:01.953+08:00 INFO  d.f.m.outbox.OutboxDispatcher request_id= idempotency_key= order_id= user_id= sku_id= payment_tx= - Outbox publication deferred outbox_id=d50c70c1-6d27-4c58-ad00-d2cd6c6f11d8 command_id=5fb99da45d535ff1dab8dd9f104fa547d3ea9e26f209e0cd51b129091dda3854 outcome=RETRYABLE cause=MQCLIENTEXCEPTION
2026-08-11T09:28:01.957+08:00 INFO  d.f.m.outbox.OutboxDispatcher request_id= idempotency_key= order_id= user_id= sku_id= payment_tx= - Outbox publication deferred outbox_id=dff80fa8-73d9-4361-b8da-ba4540959596 command_id=f39ef6bd040288b695f4b6936b72e4fe5080efbc335bb8002b5ea09be64f9ad6 outcome=RETRYABLE cause=MQCLIENTEXCEPTION
2026-08-11T09:28:07.007+08:00 INFO  d.f.m.outbox.OutboxDispatcher request_id= idempotency_key= order_id= user_id= sku_id= payment_tx= - Outbox publication outbox_id=96e8e1f8-e3e9-4ac6-8241-f6b63eaee8eb command_id=9b7e5b5e6a35324d3640b43cc8d38e3ef4406223944d1fe52914f4f00fc9c848 outcome=ACKNOWLEDGED
2026-08-11T09:28:07.015+08:00 INFO  d.f.m.outbox.OutboxDispatcher request_id= idempotency_key= order_id= user_id= sku_id= payment_tx= - Outbox publication outbox_id=de88c3f2-98bc-4350-9aed-8634a1cb38e0 command_id=3f9ddeb7222b9fb8cdab16c9e179b5eb30548d30e351a89c8254184dd341ea81 outcome=ACKNOWLEDGED
2026-08-11T09:28:12.055+08:00 INFO  d.f.m.outbox.OutboxDispatcher request_id= idempotency_key= order_id= user_id= sku_id= payment_tx= - Outbox publication outbox_id=8300cfa1-fb89-4a5a-b690-3e37bcebc033 command_id=6b0133293f3cee38f5d6ab4cc0f88a2e27ecbe107432564196c316aa99a2799f outcome=ACKNOWLEDGED
2026-08-11T09:28:12.059+08:00 INFO  d.f.m.outbox.OutboxDispatcher request_id= idempotency_key= order_id= user_id= sku_id= payment_tx= - Outbox publication outbox_id=5ab28e6e-7ab2-4930-9137-c3a1cb6ddb4e command_id=4d7bf8237a633710ccb9613713a3591c0cf151441262fc6d8013827ab0c2ee05 outcome=ACKNOWLEDGED
2026-08-11T09:28:17.079+08:00 INFO  d.f.m.outbox.OutboxDispatcher request_id= idempotency_key= order_id= user_id= sku_id= payment_tx= - Outbox publication outbox_id=496bee9d-8881-46e3-ac09-7eaa865387ff command_id=4aa630ce3a9dcf4ebe8610fb67bdfc885def63204c6855d6c616708e281c9a45 outcome=ACKNOWLEDGED
2026-08-11T09:28:17.087+08:00 INFO  d.f.m.outbox.OutboxDispatcher request_id= idempotency_key= order_id= user_id= sku_id= payment_tx= - Outbox publication outbox_id=cbc5dd6f-135f-47cc-a85e-9cbd87b2fe78 command_id=a81b2c37e59349f3923e6219867d62afc97e2b9c00eac65386eaf83a844a9de5 outcome=ACKNOWLEDGED
2026-08-11T09:28:22.109+08:00 INFO  d.f.m.outbox.OutboxDispatcher request_id= idempotency_key= order_id= user_id= sku_id= payment_tx= - Outbox publication outbox_id=d50c70c1-6d27-4c58-ad00-d2cd6c6f11d8 command_id=5fb99da45d535ff1dab8dd9f104fa547d3ea9e26f209e0cd51b129091dda3854 outcome=ACKNOWLEDGED
2026-08-11T09:28:22.115+08:00 INFO  d.f.m.outbox.OutboxDispatcher request_id= idempotency_key= order_id= user_id= sku_id= payment_tx= - Outbox publication outbox_id=dff80fa8-73d9-4361-b8da-ba4540959596 command_id=f39ef6bd040288b695f4b6936b72e4fe5080efbc335bb8002b5ea09be64f9ad6 outcome=ACKNOWLEDGED
2026-08-11T09:28:29.166+08:00 INFO  o.s.b.w.e.tomcat.GracefulShutdown request_id= idempotency_key= order_id= user_id= sku_id= payment_tx= - Commencing graceful shutdown. Waiting for active requests to complete
2026-08-11T09:28:31.172+08:00 INFO  o.s.b.w.e.tomcat.GracefulShutdown request_id= idempotency_key= order_id= user_id= sku_id= payment_tx= - Graceful shutdown complete
2026-08-11T09:28:31.172+08:00 ERROR org.apache.tomcat.util.net.Acceptor request_id= idempotency_key= order_id= user_id= sku_id= payment_tx= - Socket accept failed
java.nio.channels.AsynchronousCloseException: null
	at java.base/java.nio.channels.spi.AbstractInterruptibleChannel.end(AbstractInterruptibleChannel.java:218) ~[na:na]
	at java.base/sun.nio.ch.ServerSocketChannelImpl.end(ServerSocketChannelImpl.java:372) ~[na:na]
	at java.base/sun.nio.ch.ServerSocketChannelImpl.accept(ServerSocketChannelImpl.java:397) ~[na:na]
	at org.apache.tomcat.util.net.NioEndpoint.serverSocketAccept(NioEndpoint.java:537) ~[tomcat-embed-core-10.1.44.jar:10.1.44]
	at org.apache.tomcat.util.net.NioEndpoint.serverSocketAccept(NioEndpoint.java:72) ~[tomcat-embed-core-10.1.44.jar:10.1.44]
	at org.apache.tomcat.util.net.Acceptor.run(Acceptor.java:127) ~[tomcat-embed-core-10.1.44.jar:10.1.44]
	at java.base/java.lang.Thread.run(Thread.java:1516) ~[na:na]
2026-08-11T09:28:31.237+08:00 INFO  com.zaxxer.hikari.HikariDataSource request_id= idempotency_key= order_id= user_id= sku_id= payment_tx= - HikariPool-4 - Shutdown initiated...
2026-08-11T09:28:31.239+08:00 INFO  com.zaxxer.hikari.HikariDataSource request_id= idempotency_key= order_id= user_id= sku_id= payment_tx= - HikariPool-4 - Shutdown completed.
[ERROR] Tests run: 1, Failures: 1, Errors: 0, Skipped: 0, Time elapsed: 34.62 s <<< FAILURE! -- in dev.flashflow.V4OutboxConcurrentRedeliveryIntegrationTest
[ERROR] dev.flashflow.V4OutboxConcurrentRedeliveryIntegrationTest.concurrentDispatchersAndConsumerRedeliveryPreserveAllInvariants -- Time elapsed: 32.22 s <<< FAILURE!
java.lang.AssertionError: condition did not pass within PT30S
	at dev.flashflow.V4OutboxConcurrentRedeliveryIntegrationTest.await(V4OutboxConcurrentRedeliveryIntegrationTest.java:140)
	at dev.flashflow.V4OutboxConcurrentRedeliveryIntegrationTest.concurrentDispatchersAndConsumerRedeliveryPreserveAllInvariants(V4OutboxConcurrentRedeliveryIntegrationTest.java:98)
	at java.base/java.lang.reflect.Method.invoke(Method.java:565)
	at java.base/java.util.ArrayList.forEach(ArrayList.java:1612)
	at java.base/java.util.ArrayList.forEach(ArrayList.java:1612)

[INFO] 
[INFO] Results:
[INFO] 
[ERROR] Failures: 
[ERROR]   V4OutboxConcurrentRedeliveryIntegrationTest.concurrentDispatchersAndConsumerRedeliveryPreserveAllInvariants:98->await:140 condition did not pass within PT30S
[INFO] 
[ERROR] Tests run: 5, Failures: 1, Errors: 0, Skipped: 0
[INFO] 
[INFO] ------------------------------------------------------------------------
[INFO] BUILD FAILURE
[INFO] ------------------------------------------------------------------------
[INFO] Total time:  02:03 min
[INFO] Finished at: 2026-08-11T09:28:31+08:00
[INFO] ------------------------------------------------------------------------
[ERROR] Failed to execute goal org.apache.maven.plugins:maven-surefire-plugin:3.5.3:test (default-test) on project flashflow: There are test failures.
[ERROR] 
[ERROR] See /Users/yuzheng/Computeracy/Zhenkun26-GitHub/FlashFlow/target/surefire-reports for the individual test results.
[ERROR] See dump files (if any exist) [date].dump, [date]-jvmRun[N].dump and [date].dumpstream.
[ERROR] -> [Help 1]
[ERROR] 
[ERROR] To see the full stack trace of the errors, re-run Maven with the -e switch.
[ERROR] Re-run Maven using the -X switch to enable full debug logging.
[ERROR] 
[ERROR] For more information about the errors and possible solutions, please read the following articles:
[ERROR] [Help 1] http://cwiki.apache.org/confluence/display/MAVEN/MojoFailureException
