[INFO] Scanning for projects...
[INFO] 
[INFO] ----------------------< dev.flashflow:flashflow >-----------------------
[INFO] Building FlashFlow 0.1.0-SNAPSHOT
[INFO]   from pom.xml
[INFO] --------------------------------[ jar ]---------------------------------
[WARNING] 1 problem was encountered while building the effective model for org.javassist:javassist:jar:3.21.0-GA during dependency collection step for project (use -X to see details)
[INFO] 
[INFO] --- resources:3.3.1:resources (default-resources) @ flashflow ---
[INFO] Copying 5 resources from src/main/resources to target/classes
[INFO] Copying 11 resources from src/main/resources to target/classes
[INFO] 
[INFO] --- compiler:3.14.0:compile (default-compile) @ flashflow ---
[INFO] Nothing to compile - all classes are up to date.
[INFO] 
[INFO] --- resources:3.3.1:testResources (default-testResources) @ flashflow ---
[INFO] skip non existing resourceDirectory /Users/yuzheng/Computeracy/Zhenkun26-GitHub/FlashFlow/src/test/resources
[INFO] 
[INFO] --- compiler:3.14.0:testCompile (default-testCompile) @ flashflow ---
[INFO] Recompiling the module because of changed source code.
[INFO] Compiling 54 source files with javac [debug parameters release 21] to target/test-classes
[WARNING] /Users/yuzheng/Computeracy/Zhenkun26-GitHub/FlashFlow/src/test/java/dev/flashflow/ExpirationAdmissionFailureIntegrationTest.java:[26,6] org.springframework.boot.test.mock.mockito 中的 org.springframework.boot.test.mock.mockito.MockBean 已过时, 且标记为待删除
[WARNING] /Users/yuzheng/Computeracy/Zhenkun26-GitHub/FlashFlow/src/test/java/dev/flashflow/ExpirationRollbackIntegrationTest.java:[21,6] org.springframework.boot.test.mock.mockito 中的 org.springframework.boot.test.mock.mockito.MockBean 已过时, 且标记为待删除
[INFO] /Users/yuzheng/Computeracy/Zhenkun26-GitHub/FlashFlow/src/test/java/dev/flashflow/admission/RedisLuaAdmissionFailureTest.java: /Users/yuzheng/Computeracy/Zhenkun26-GitHub/FlashFlow/src/test/java/dev/flashflow/admission/RedisLuaAdmissionFailureTest.java使用了未经检查或不安全的操作。
[INFO] /Users/yuzheng/Computeracy/Zhenkun26-GitHub/FlashFlow/src/test/java/dev/flashflow/admission/RedisLuaAdmissionFailureTest.java: 有关详细信息, 请使用 -Xlint:unchecked 重新编译。
[INFO] 
[INFO] --- surefire:3.5.3:test (default-test) @ flashflow ---
[INFO] Using auto detected provider org.apache.maven.surefire.junitplatform.JUnitPlatformProvider
[INFO] 
[INFO] -------------------------------------------------------
[INFO]  T E S T S
[INFO] -------------------------------------------------------
[INFO] Running dev.flashflow.MessagingBoundaryTest
[INFO] Tests run: 2, Failures: 0, Errors: 0, Skipped: 0, Time elapsed: 0.069 s -- in dev.flashflow.MessagingBoundaryTest
[INFO] Running dev.flashflow.V4OutboxBacklogDrainIntegrationTest
Standard Commons Logging discovery in action with spring-jcl: please remove commons-logging.jar from classpath in order to avoid potential conflicts
10:32:13.181 [main] INFO org.springframework.test.context.support.AnnotationConfigContextLoaderUtils -- Could not detect default configuration classes for test class [dev.flashflow.V4OutboxBacklogDrainIntegrationTest]: V4OutboxBacklogDrainIntegrationTest does not declare any static, non-private, non-final, nested classes annotated with @Configuration.
10:32:13.236 [main] INFO org.springframework.boot.test.context.SpringBootTestContextBootstrapper -- Found @SpringBootConfiguration dev.flashflow.FlashFlowApplication for test class dev.flashflow.V4OutboxBacklogDrainIntegrationTest
10:32:13.286 [main] INFO org.testcontainers.images.PullPolicy -- Image pull policy will be performed by: DefaultPullPolicy()
10:32:13.287 [main] INFO org.testcontainers.utility.ImageNameSubstitutor -- Image name substitution will be performed by: DefaultImageNameSubstitutor (composite of 'ConfigurationFileImageNameSubstitutor' and 'PrefixingImageNameSubstitutor')
10:32:13.294 [main] INFO org.testcontainers.DockerClientFactory -- Testcontainers version: 1.21.3
10:32:13.378 [main] INFO org.testcontainers.dockerclient.DockerClientProviderStrategy -- Loaded org.testcontainers.dockerclient.UnixSocketClientProviderStrategy from ~/.testcontainers.properties, will try it first
10:32:13.484 [main] INFO org.testcontainers.dockerclient.DockerClientProviderStrategy -- Found Docker environment with local Unix socket (unix:///var/run/docker.sock)
10:32:13.484 [main] INFO org.testcontainers.DockerClientFactory -- Docker host IP address is localhost
10:32:13.496 [main] INFO org.testcontainers.DockerClientFactory -- Connected to docker: 
  Server Version: 29.4.1
  API Version: 1.54
  Operating System: Docker Desktop
  Total Memory: 7936 MB
  Labels: 
    com.docker.desktop.address=unix:///Users/yuzheng/Library/Containers/com.docker.docker/Data/docker-cli.sock
10:32:13.585 [main] INFO tc.testcontainers/ryuk:0.12.0 -- Creating container for image: testcontainers/ryuk:0.12.0
10:32:13.605 [main] INFO org.testcontainers.utility.RegistryAuthLocator -- Credential helper/store (docker-credential-osxkeychain) does not have credentials for https://index.docker.io/v1/
10:32:13.657 [main] INFO tc.testcontainers/ryuk:0.12.0 -- Container testcontainers/ryuk:0.12.0 is starting: 720b679bf315bd6bf5d01a850e25e11dadcf00fc2ae20049cdab8adbcd5a9dfc
10:32:13.822 [main] INFO tc.testcontainers/ryuk:0.12.0 -- Container testcontainers/ryuk:0.12.0 started in PT0.237581S
10:32:13.825 [main] INFO org.testcontainers.utility.RyukResourceReaper -- Ryuk started - will monitor and terminate Testcontainers containers on JVM exit
10:32:13.825 [main] INFO org.testcontainers.DockerClientFactory -- Checking the system...
10:32:13.825 [main] INFO org.testcontainers.DockerClientFactory -- ✔︎ Docker server version should be at least 1.6.0
10:32:13.827 [main] INFO tc.mysql:8.4.6 -- Creating container for image: mysql:8.4.6
10:32:13.871 [main] INFO tc.mysql:8.4.6 -- Container mysql:8.4.6 is starting: 60b9f85113b4d4ff0cf704818b9cf99c08c4069f55f2c93d66e8542f0d1826df
10:32:14.004 [main] INFO tc.mysql:8.4.6 -- Waiting for database connection to become available at jdbc:mysql://localhost:51657/flashflow using query 'SELECT 1'
10:32:18.979 [main] INFO tc.mysql:8.4.6 -- Container mysql:8.4.6 started in PT5.151938S
10:32:18.979 [main] INFO tc.mysql:8.4.6 -- Container is started (JDBC URL: jdbc:mysql://localhost:51657/flashflow)
10:32:18.980 [main] INFO tc.redis:7.4.2-alpine -- Creating container for image: redis:7.4.2-alpine
10:32:19.008 [main] INFO tc.redis:7.4.2-alpine -- Container redis:7.4.2-alpine is starting: 268e095199ce3075cb13fc00c9ed45f6c41a4803614cc9735a1062fada459aff
10:32:19.232 [main] INFO tc.redis:7.4.2-alpine -- Container redis:7.4.2-alpine started in PT0.252545S

  .   ____          _            __ _ _
 /\\ / ___'_ __ _ _(_)_ __  __ _ \ \ \ \
( ( )\___ | '_ | '_| | '_ \/ _` | \ \ \ \
 \\/  ___)| |_)| | | | | || (_| |  ) ) ) )
  '  |____| .__|_| |_|_| |_\__, | / / / /
 =========|_|==============|___/=/_/_/_/

 :: Spring Boot ::                (v3.5.5)

2026-08-11T10:32:19.396+08:00 INFO  d.f.V4OutboxBacklogDrainIntegrationTest request_id= idempotency_key= order_id= user_id= sku_id= payment_tx= - Starting V4OutboxBacklogDrainIntegrationTest using Java 26.0.2 with PID 65566 (started by yuzheng in /Users/yuzheng/Computeracy/Zhenkun26-GitHub/FlashFlow)
2026-08-11T10:32:19.396+08:00 INFO  d.f.V4OutboxBacklogDrainIntegrationTest request_id= idempotency_key= order_id= user_id= sku_id= payment_tx= - The following 1 profile is active: "test"
2026-08-11T10:32:19.830+08:00 INFO  o.s.d.r.c.RepositoryConfigurationDelegate request_id= idempotency_key= order_id= user_id= sku_id= payment_tx= - Multiple Spring Data modules found, entering strict repository configuration mode
2026-08-11T10:32:19.831+08:00 INFO  o.s.d.r.c.RepositoryConfigurationDelegate request_id= idempotency_key= order_id= user_id= sku_id= payment_tx= - Bootstrapping Spring Data Redis repositories in DEFAULT mode.
2026-08-11T10:32:19.848+08:00 INFO  o.s.d.r.c.RepositoryConfigurationDelegate request_id= idempotency_key= order_id= user_id= sku_id= payment_tx= - Finished Spring Data repository scanning in 11 ms. Found 0 Redis repository interfaces.
2026-08-11T10:32:20.155+08:00 INFO  o.s.b.w.e.tomcat.TomcatWebServer request_id= idempotency_key= order_id= user_id= sku_id= payment_tx= - Tomcat initialized with port 0 (http)
2026-08-11T10:32:20.164+08:00 INFO  o.a.catalina.core.StandardService request_id= idempotency_key= order_id= user_id= sku_id= payment_tx= - Starting service [Tomcat]
2026-08-11T10:32:20.164+08:00 INFO  o.a.catalina.core.StandardEngine request_id= idempotency_key= order_id= user_id= sku_id= payment_tx= - Starting Servlet engine: [Apache Tomcat/10.1.44]
2026-08-11T10:32:20.184+08:00 INFO  o.a.c.c.C.[Tomcat].[localhost].[/] request_id= idempotency_key= order_id= user_id= sku_id= payment_tx= - Initializing Spring embedded WebApplicationContext
2026-08-11T10:32:20.185+08:00 INFO  o.s.b.w.s.c.ServletWebServerApplicationContext request_id= idempotency_key= order_id= user_id= sku_id= payment_tx= - Root WebApplicationContext: initialization completed in 776 ms
Standard Commons Logging discovery in action with spring-jcl: please remove commons-logging.jar from classpath in order to avoid potential conflicts
WARNING: A terminally deprecated method in sun.misc.Unsafe has been called
WARNING: sun.misc.Unsafe::allocateMemory has been called by io.netty.util.internal.PlatformDependent0$2 (file:/Users/yuzheng/.m2/repository/io/netty/netty-common/4.1.124.Final/netty-common-4.1.124.Final.jar)
WARNING: Please consider reporting this to the maintainers of class io.netty.util.internal.PlatformDependent0$2
WARNING: sun.misc.Unsafe::allocateMemory will be removed in a future release
WARNING: A restricted method in java.lang.System has been called
WARNING: java.lang.System::loadLibrary has been called by io.netty.util.internal.NativeLibraryUtil in an unnamed module (file:/Users/yuzheng/.m2/repository/io/netty/netty-common/4.1.124.Final/netty-common-4.1.124.Final.jar)
WARNING: Use --enable-native-access=ALL-UNNAMED to avoid a warning for callers in this module
WARNING: Restricted methods will be blocked in a future release unless native access is enabled

2026-08-11T10:32:21.341+08:00 INFO  com.zaxxer.hikari.HikariDataSource request_id= idempotency_key= order_id= user_id= sku_id= payment_tx= - HikariPool-1 - Starting...
2026-08-11T10:32:21.441+08:00 INFO  com.zaxxer.hikari.pool.HikariPool request_id= idempotency_key= order_id= user_id= sku_id= payment_tx= - HikariPool-1 - Added connection com.mysql.cj.jdbc.ConnectionImpl@62c02089
2026-08-11T10:32:21.442+08:00 INFO  com.zaxxer.hikari.HikariDataSource request_id= idempotency_key= order_id= user_id= sku_id= payment_tx= - HikariPool-1 - Start completed.
2026-08-11T10:32:21.462+08:00 INFO  org.flywaydb.core.FlywayExecutor request_id= idempotency_key= order_id= user_id= sku_id= payment_tx= - Database: jdbc:mysql://localhost:51657/flashflow (MySQL 8.4)
2026-08-11T10:32:21.483+08:00 WARN  o.f.c.i.database.base.Database request_id= idempotency_key= order_id= user_id= sku_id= payment_tx= - Flyway upgrade recommended: MySQL 8.4 is newer than this version of Flyway and support has not been tested. The latest supported version of MySQL is 8.1.
2026-08-11T10:32:21.499+08:00 INFO  o.f.c.i.s.JdbcTableSchemaHistory request_id= idempotency_key= order_id= user_id= sku_id= payment_tx= - Schema history table `flashflow`.`flyway_schema_history` does not exist yet
2026-08-11T10:32:21.501+08:00 INFO  o.f.core.internal.command.DbValidate request_id= idempotency_key= order_id= user_id= sku_id= payment_tx= - Successfully validated 4 migrations (execution time 00:00.012s)
2026-08-11T10:32:21.526+08:00 INFO  o.f.c.i.s.JdbcTableSchemaHistory request_id= idempotency_key= order_id= user_id= sku_id= payment_tx= - Creating Schema History table `flashflow`.`flyway_schema_history` ...
2026-08-11T10:32:21.565+08:00 INFO  o.f.core.internal.command.DbMigrate request_id= idempotency_key= order_id= user_id= sku_id= payment_tx= - Current version of schema `flashflow`: << Empty Schema >>
2026-08-11T10:32:21.575+08:00 INFO  o.f.core.internal.command.DbMigrate request_id= idempotency_key= order_id= user_id= sku_id= payment_tx= - Migrating schema `flashflow` to version "1 - create flashflow v1 schema"
2026-08-11T10:32:21.689+08:00 INFO  o.f.core.internal.command.DbMigrate request_id= idempotency_key= order_id= user_id= sku_id= payment_tx= - Migrating schema `flashflow` to version "2 - create order command ledger"
2026-08-11T10:32:21.711+08:00 INFO  o.f.core.internal.command.DbMigrate request_id= idempotency_key= order_id= user_id= sku_id= payment_tx= - Migrating schema `flashflow` to version "3 - extend order command transport evidence"
2026-08-11T10:32:21.739+08:00 INFO  o.f.core.internal.command.DbMigrate request_id= idempotency_key= order_id= user_id= sku_id= payment_tx= - Migrating schema `flashflow` to version "4 - create order command outbox"
2026-08-11T10:32:21.759+08:00 INFO  o.f.core.internal.command.DbMigrate request_id= idempotency_key= order_id= user_id= sku_id= payment_tx= - Successfully applied 4 migrations to schema `flashflow`, now at version v4 (execution time 00:00.145s)
2026-08-11T10:32:22.391+08:00 INFO  o.s.b.a.e.web.EndpointLinksResolver request_id= idempotency_key= order_id= user_id= sku_id= payment_tx= - Exposing 2 endpoints beneath base path '/actuator'
2026-08-11T10:32:22.463+08:00 INFO  o.s.b.w.e.tomcat.TomcatWebServer request_id= idempotency_key= order_id= user_id= sku_id= payment_tx= - Tomcat started on port 51733 (http) with context path '/'
2026-08-11T10:32:22.473+08:00 INFO  d.f.V4OutboxBacklogDrainIntegrationTest request_id= idempotency_key= order_id= user_id= sku_id= payment_tx= - Started V4OutboxBacklogDrainIntegrationTest in 3.221 seconds (process running for 9.718)
OpenJDK 64-Bit Server VM warning: Sharing is only supported for boot loader classes because bootstrap classpath has been appended
2026-08-11T10:32:35.210+08:00 INFO  o.a.c.c.C.[Tomcat].[localhost].[/] request_id= idempotency_key= order_id= user_id= sku_id= payment_tx= - Initializing Spring DispatcherServlet 'dispatcherServlet'
2026-08-11T10:32:35.210+08:00 INFO  o.s.web.servlet.DispatcherServlet request_id= idempotency_key= order_id= user_id= sku_id= payment_tx= - Initializing Servlet 'dispatcherServlet'
2026-08-11T10:32:35.211+08:00 INFO  o.s.web.servlet.DispatcherServlet request_id= idempotency_key= order_id= user_id= sku_id= payment_tx= - Completed initialization in 1 ms
2026-08-11T10:32:35.245+08:00 INFO  d.f.m.o.OutboxAsyncOrderApplicationService request_id=d21bac90-44f5-4a9f-a1a0-354fa7d32df7 idempotency_key=key-15e4f05a-0 order_id= user_id=user-15e4f05a-0 sku_id=sku-v4-backlog-15e4f05a payment_tx= - Durable Outbox acceptance command_id=d357b2df56fa9e602c559aa313cc1ecc4e51acdbd9ecc57416cd4160b666dac4 status=ACCEPTED
2026-08-11T10:32:35.271+08:00 INFO  d.f.m.o.OutboxAsyncOrderApplicationService request_id=0b46f8d7-5cfa-4e0c-b695-dd5eebf6d4ba idempotency_key=key-15e4f05a-1 order_id= user_id=user-15e4f05a-1 sku_id=sku-v4-backlog-15e4f05a payment_tx= - Durable Outbox acceptance command_id=81a33124af4ddd79e01a418783a5e753cdd582559d3b2dd829af1d537cc0b3eb status=ACCEPTED
2026-08-11T10:32:35.282+08:00 INFO  d.f.m.o.OutboxAsyncOrderApplicationService request_id=accba996-01aa-4f65-a79c-b607d07990ba idempotency_key=key-15e4f05a-2 order_id= user_id=user-15e4f05a-2 sku_id=sku-v4-backlog-15e4f05a payment_tx= - Durable Outbox acceptance command_id=982936956bb711f8b6a097b3a0631ab0650351019c3ba8b894466169afd72d31 status=ACCEPTED
2026-08-11T10:32:35.295+08:00 INFO  d.f.m.o.OutboxAsyncOrderApplicationService request_id=97335045-a256-480f-97b6-9ae3b01d8fe6 idempotency_key=key-15e4f05a-3 order_id= user_id=user-15e4f05a-3 sku_id=sku-v4-backlog-15e4f05a payment_tx= - Durable Outbox acceptance command_id=2c972f6ab7e87018cae4d55e702ccdf8da59d79d1a02e7ac683ac52fdc738018 status=ACCEPTED
2026-08-11T10:32:35.309+08:00 INFO  d.f.m.o.OutboxAsyncOrderApplicationService request_id=b791d7ad-3276-4cef-bf02-4ad1e03d64da idempotency_key=key-15e4f05a-4 order_id= user_id=user-15e4f05a-4 sku_id=sku-v4-backlog-15e4f05a payment_tx= - Durable Outbox acceptance command_id=fefd44628486b759a5a5411287497c7bbad237d65b31da14adaecbe2d821054c status=ACCEPTED
2026-08-11T10:32:35.323+08:00 INFO  d.f.m.o.OutboxAsyncOrderApplicationService request_id=d4c79d87-7cdf-465b-98e4-3dab0d9ef451 idempotency_key=key-15e4f05a-5 order_id= user_id=user-15e4f05a-5 sku_id=sku-v4-backlog-15e4f05a payment_tx= - Durable Outbox acceptance command_id=de8a5f5aa8d8cbae0873ddfb5cb5fe74c971cd19b0c0932fb7a620374b108985 status=ACCEPTED
2026-08-11T10:32:35.336+08:00 INFO  d.f.m.o.OutboxAsyncOrderApplicationService request_id=5c5de481-db9f-4736-8c2d-16c6e90d3ec7 idempotency_key=key-15e4f05a-6 order_id= user_id=user-15e4f05a-6 sku_id=sku-v4-backlog-15e4f05a payment_tx= - Durable Outbox acceptance command_id=0cd17d5da5f1a9d56a5238b0f41742af65dd9465829811ab48facb1cde56b0fd status=ACCEPTED
2026-08-11T10:32:35.358+08:00 INFO  d.f.m.o.OutboxAsyncOrderApplicationService request_id=6aec771a-809c-4003-a5d1-c05196b20442 idempotency_key=key-15e4f05a-7 order_id= user_id=user-15e4f05a-7 sku_id=sku-v4-backlog-15e4f05a payment_tx= - Durable Outbox acceptance command_id=e5641880c12f35492b11af9ae18c054f5bde2a9dcb41afdb995e911b11558eda status=ACCEPTED
2026-08-11T10:32:35.362+08:00 INFO  d.f.m.outbox.OutboxDispatcher request_id= idempotency_key= order_id= user_id= sku_id= payment_tx= - Outbox publication deferred outbox_id=bc53dc74-494e-4f3c-a46e-2e1db56bddc9 command_id=d357b2df56fa9e602c559aa313cc1ecc4e51acdbd9ecc57416cd4160b666dac4 outcome=RETRYABLE cause=MQCLIENTEXCEPTION
2026-08-11T10:32:35.371+08:00 INFO  d.f.m.outbox.OutboxDispatcher request_id= idempotency_key= order_id= user_id= sku_id= payment_tx= - Outbox publication deferred outbox_id=17ff07a6-88a0-4b18-a14e-9ea8338cd505 command_id=81a33124af4ddd79e01a418783a5e753cdd582559d3b2dd829af1d537cc0b3eb outcome=RETRYABLE cause=MQCLIENTEXCEPTION
2026-08-11T10:32:35.376+08:00 INFO  d.f.m.outbox.OutboxDispatcher request_id= idempotency_key= order_id= user_id= sku_id= payment_tx= - Outbox publication deferred outbox_id=cccc6669-0bc3-406c-9f72-e1708c782aa7 command_id=982936956bb711f8b6a097b3a0631ab0650351019c3ba8b894466169afd72d31 outcome=RETRYABLE cause=MQCLIENTEXCEPTION
2026-08-11T10:32:35.377+08:00 INFO  d.f.m.o.OutboxAsyncOrderApplicationService request_id=398c53df-bd38-4771-b4de-8fe9fa29a0bb idempotency_key=key-15e4f05a-8 order_id= user_id=user-15e4f05a-8 sku_id=sku-v4-backlog-15e4f05a payment_tx= - Durable Outbox acceptance command_id=8b3cacc6029646b866c34831badabb2d639570dc4941049c6ad4dda982703d3e status=ACCEPTED
2026-08-11T10:32:35.386+08:00 INFO  d.f.m.outbox.OutboxDispatcher request_id= idempotency_key= order_id= user_id= sku_id= payment_tx= - Outbox publication deferred outbox_id=61ed7f01-c91d-4d86-8b84-3ef297058884 command_id=2c972f6ab7e87018cae4d55e702ccdf8da59d79d1a02e7ac683ac52fdc738018 outcome=RETRYABLE cause=MQCLIENTEXCEPTION
2026-08-11T10:32:35.397+08:00 INFO  d.f.m.o.OutboxAsyncOrderApplicationService request_id=61dbdadc-b2ce-44f5-8fce-c6614b71f4c6 idempotency_key=key-15e4f05a-9 order_id= user_id=user-15e4f05a-9 sku_id=sku-v4-backlog-15e4f05a payment_tx= - Durable Outbox acceptance command_id=a86e84b597d3b9b5a974ee773eb9f557199f5885ccce367ee95512904031911b status=ACCEPTED
2026-08-11T10:32:35.406+08:00 INFO  d.f.m.o.OutboxAsyncOrderApplicationService request_id=7fe5f150-aaac-4910-8e08-1efcb7c78b09 idempotency_key=key-15e4f05a-10 order_id= user_id=user-15e4f05a-10 sku_id=sku-v4-backlog-15e4f05a payment_tx= - Durable Outbox acceptance command_id=ff930f8190ec31a25e89e4ae45706fbf1425fcdda5ed186e717fd82ab66c67e3 status=ACCEPTED
2026-08-11T10:32:35.413+08:00 INFO  d.f.m.o.OutboxAsyncOrderApplicationService request_id=1f1a802c-4eae-4651-82dc-727d20e01946 idempotency_key=key-15e4f05a-11 order_id= user_id=user-15e4f05a-11 sku_id=sku-v4-backlog-15e4f05a payment_tx= - Durable Outbox acceptance command_id=33eabff5691238e487dabf53f506ec971e4b78aaa08cbb7cd7cbd8b314853381 status=ACCEPTED
2026-08-11T10:32:35.507+08:00 INFO  d.f.m.outbox.OutboxDispatcher request_id= idempotency_key= order_id= user_id= sku_id= payment_tx= - Outbox publication deferred outbox_id=f5aea52b-be01-4c2d-827e-e63b1265eb3c command_id=fefd44628486b759a5a5411287497c7bbad237d65b31da14adaecbe2d821054c outcome=RETRYABLE cause=MQCLIENTEXCEPTION
2026-08-11T10:32:35.513+08:00 INFO  d.f.m.outbox.OutboxDispatcher request_id= idempotency_key= order_id= user_id= sku_id= payment_tx= - Outbox publication deferred outbox_id=87de8c9f-1183-4c4d-adad-89ae913ceaa9 command_id=de8a5f5aa8d8cbae0873ddfb5cb5fe74c971cd19b0c0932fb7a620374b108985 outcome=RETRYABLE cause=MQCLIENTEXCEPTION
2026-08-11T10:32:35.517+08:00 INFO  d.f.m.outbox.OutboxDispatcher request_id= idempotency_key= order_id= user_id= sku_id= payment_tx= - Outbox publication deferred outbox_id=2e541354-7fa8-412b-9b28-8fd513bcd5bb command_id=0cd17d5da5f1a9d56a5238b0f41742af65dd9465829811ab48facb1cde56b0fd outcome=RETRYABLE cause=MQCLIENTEXCEPTION
2026-08-11T10:32:35.523+08:00 INFO  d.f.m.outbox.OutboxDispatcher request_id= idempotency_key= order_id= user_id= sku_id= payment_tx= - Outbox publication deferred outbox_id=54c021bb-916c-4000-bc71-099010475819 command_id=e5641880c12f35492b11af9ae18c054f5bde2a9dcb41afdb995e911b11558eda outcome=RETRYABLE cause=MQCLIENTEXCEPTION
2026-08-11T10:32:35.640+08:00 INFO  d.f.m.outbox.OutboxDispatcher request_id= idempotency_key= order_id= user_id= sku_id= payment_tx= - Outbox publication deferred outbox_id=5304f73d-ffd7-4734-ae1a-79c517e66328 command_id=8b3cacc6029646b866c34831badabb2d639570dc4941049c6ad4dda982703d3e outcome=RETRYABLE cause=MQCLIENTEXCEPTION
2026-08-11T10:32:35.644+08:00 INFO  d.f.m.outbox.OutboxDispatcher request_id= idempotency_key= order_id= user_id= sku_id= payment_tx= - Outbox publication deferred outbox_id=d8eaf339-eab1-448b-beb9-34598342ff20 command_id=a86e84b597d3b9b5a974ee773eb9f557199f5885ccce367ee95512904031911b outcome=RETRYABLE cause=MQCLIENTEXCEPTION
2026-08-11T10:32:35.647+08:00 INFO  d.f.m.outbox.OutboxDispatcher request_id= idempotency_key= order_id= user_id= sku_id= payment_tx= - Outbox publication deferred outbox_id=3edc7d5c-123d-430e-8c17-970e42c18c27 command_id=ff930f8190ec31a25e89e4ae45706fbf1425fcdda5ed186e717fd82ab66c67e3 outcome=RETRYABLE cause=MQCLIENTEXCEPTION
2026-08-11T10:32:35.651+08:00 INFO  d.f.m.outbox.OutboxDispatcher request_id= idempotency_key= order_id= user_id= sku_id= payment_tx= - Outbox publication deferred outbox_id=46be413b-88b2-4efc-9c48-e4213ccbcf02 command_id=33eabff5691238e487dabf53f506ec971e4b78aaa08cbb7cd7cbd8b314853381 outcome=RETRYABLE cause=MQCLIENTEXCEPTION
2026-08-11T10:32:35.767+08:00 INFO  d.f.m.outbox.OutboxDispatcher request_id= idempotency_key= order_id= user_id= sku_id= payment_tx= - Outbox publication deferred outbox_id=bc53dc74-494e-4f3c-a46e-2e1db56bddc9 command_id=d357b2df56fa9e602c559aa313cc1ecc4e51acdbd9ecc57416cd4160b666dac4 outcome=RETRYABLE cause=MQCLIENTEXCEPTION
2026-08-11T10:32:35.772+08:00 INFO  d.f.m.outbox.OutboxDispatcher request_id= idempotency_key= order_id= user_id= sku_id= payment_tx= - Outbox publication deferred outbox_id=17ff07a6-88a0-4b18-a14e-9ea8338cd505 command_id=81a33124af4ddd79e01a418783a5e753cdd582559d3b2dd829af1d537cc0b3eb outcome=RETRYABLE cause=MQCLIENTEXCEPTION
2026-08-11T10:32:35.776+08:00 INFO  d.f.m.outbox.OutboxDispatcher request_id= idempotency_key= order_id= user_id= sku_id= payment_tx= - Outbox publication deferred outbox_id=cccc6669-0bc3-406c-9f72-e1708c782aa7 command_id=982936956bb711f8b6a097b3a0631ab0650351019c3ba8b894466169afd72d31 outcome=RETRYABLE cause=MQCLIENTEXCEPTION
2026-08-11T10:32:35.781+08:00 INFO  d.f.m.outbox.OutboxDispatcher request_id= idempotency_key= order_id= user_id= sku_id= payment_tx= - Outbox publication deferred outbox_id=61ed7f01-c91d-4d86-8b84-3ef297058884 command_id=2c972f6ab7e87018cae4d55e702ccdf8da59d79d1a02e7ac683ac52fdc738018 outcome=RETRYABLE cause=MQCLIENTEXCEPTION
2026-08-11T10:32:35.902+08:00 INFO  d.f.m.outbox.OutboxDispatcher request_id= idempotency_key= order_id= user_id= sku_id= payment_tx= - Outbox publication deferred outbox_id=f5aea52b-be01-4c2d-827e-e63b1265eb3c command_id=fefd44628486b759a5a5411287497c7bbad237d65b31da14adaecbe2d821054c outcome=RETRYABLE cause=MQCLIENTEXCEPTION
2026-08-11T10:32:35.910+08:00 INFO  d.f.m.outbox.OutboxDispatcher request_id= idempotency_key= order_id= user_id= sku_id= payment_tx= - Outbox publication deferred outbox_id=87de8c9f-1183-4c4d-adad-89ae913ceaa9 command_id=de8a5f5aa8d8cbae0873ddfb5cb5fe74c971cd19b0c0932fb7a620374b108985 outcome=RETRYABLE cause=MQCLIENTEXCEPTION
2026-08-11T10:32:35.914+08:00 INFO  d.f.m.outbox.OutboxDispatcher request_id= idempotency_key= order_id= user_id= sku_id= payment_tx= - Outbox publication deferred outbox_id=2e541354-7fa8-412b-9b28-8fd513bcd5bb command_id=0cd17d5da5f1a9d56a5238b0f41742af65dd9465829811ab48facb1cde56b0fd outcome=RETRYABLE cause=MQCLIENTEXCEPTION
2026-08-11T10:32:35.920+08:00 INFO  d.f.m.outbox.OutboxDispatcher request_id= idempotency_key= order_id= user_id= sku_id= payment_tx= - Outbox publication deferred outbox_id=54c021bb-916c-4000-bc71-099010475819 command_id=e5641880c12f35492b11af9ae18c054f5bde2a9dcb41afdb995e911b11558eda outcome=RETRYABLE cause=MQCLIENTEXCEPTION
2026-08-11T10:32:36.050+08:00 INFO  d.f.m.outbox.OutboxDispatcher request_id= idempotency_key= order_id= user_id= sku_id= payment_tx= - Outbox publication deferred outbox_id=5304f73d-ffd7-4734-ae1a-79c517e66328 command_id=8b3cacc6029646b866c34831badabb2d639570dc4941049c6ad4dda982703d3e outcome=RETRYABLE cause=MQCLIENTEXCEPTION
2026-08-11T10:32:36.057+08:00 INFO  d.f.m.outbox.OutboxDispatcher request_id= idempotency_key= order_id= user_id= sku_id= payment_tx= - Outbox publication deferred outbox_id=d8eaf339-eab1-448b-beb9-34598342ff20 command_id=a86e84b597d3b9b5a974ee773eb9f557199f5885ccce367ee95512904031911b outcome=RETRYABLE cause=MQCLIENTEXCEPTION
2026-08-11T10:32:36.064+08:00 INFO  d.f.m.outbox.OutboxDispatcher request_id= idempotency_key= order_id= user_id= sku_id= payment_tx= - Outbox publication deferred outbox_id=3edc7d5c-123d-430e-8c17-970e42c18c27 command_id=ff930f8190ec31a25e89e4ae45706fbf1425fcdda5ed186e717fd82ab66c67e3 outcome=RETRYABLE cause=MQCLIENTEXCEPTION
2026-08-11T10:32:36.071+08:00 INFO  d.f.m.outbox.OutboxDispatcher request_id= idempotency_key= order_id= user_id= sku_id= payment_tx= - Outbox publication deferred outbox_id=46be413b-88b2-4efc-9c48-e4213ccbcf02 command_id=33eabff5691238e487dabf53f506ec971e4b78aaa08cbb7cd7cbd8b314853381 outcome=RETRYABLE cause=MQCLIENTEXCEPTION
2026-08-11T10:32:36.203+08:00 INFO  d.f.m.outbox.OutboxDispatcher request_id= idempotency_key= order_id= user_id= sku_id= payment_tx= - Outbox publication deferred outbox_id=bc53dc74-494e-4f3c-a46e-2e1db56bddc9 command_id=d357b2df56fa9e602c559aa313cc1ecc4e51acdbd9ecc57416cd4160b666dac4 outcome=RETRYABLE cause=MQCLIENTEXCEPTION
2026-08-11T10:32:36.209+08:00 INFO  d.f.m.outbox.OutboxDispatcher request_id= idempotency_key= order_id= user_id= sku_id= payment_tx= - Outbox publication deferred outbox_id=17ff07a6-88a0-4b18-a14e-9ea8338cd505 command_id=81a33124af4ddd79e01a418783a5e753cdd582559d3b2dd829af1d537cc0b3eb outcome=RETRYABLE cause=MQCLIENTEXCEPTION
2026-08-11T10:32:36.215+08:00 INFO  d.f.m.outbox.OutboxDispatcher request_id= idempotency_key= order_id= user_id= sku_id= payment_tx= - Outbox publication deferred outbox_id=cccc6669-0bc3-406c-9f72-e1708c782aa7 command_id=982936956bb711f8b6a097b3a0631ab0650351019c3ba8b894466169afd72d31 outcome=RETRYABLE cause=MQCLIENTEXCEPTION
2026-08-11T10:32:36.220+08:00 INFO  d.f.m.outbox.OutboxDispatcher request_id= idempotency_key= order_id= user_id= sku_id= payment_tx= - Outbox publication deferred outbox_id=61ed7f01-c91d-4d86-8b84-3ef297058884 command_id=2c972f6ab7e87018cae4d55e702ccdf8da59d79d1a02e7ac683ac52fdc738018 outcome=RETRYABLE cause=MQCLIENTEXCEPTION
2026-08-11T10:32:36.344+08:00 INFO  d.f.m.outbox.OutboxDispatcher request_id= idempotency_key= order_id= user_id= sku_id= payment_tx= - Outbox publication deferred outbox_id=f5aea52b-be01-4c2d-827e-e63b1265eb3c command_id=fefd44628486b759a5a5411287497c7bbad237d65b31da14adaecbe2d821054c outcome=RETRYABLE cause=MQCLIENTEXCEPTION
2026-08-11T10:32:36.350+08:00 INFO  d.f.m.outbox.OutboxDispatcher request_id= idempotency_key= order_id= user_id= sku_id= payment_tx= - Outbox publication deferred outbox_id=87de8c9f-1183-4c4d-adad-89ae913ceaa9 command_id=de8a5f5aa8d8cbae0873ddfb5cb5fe74c971cd19b0c0932fb7a620374b108985 outcome=RETRYABLE cause=MQCLIENTEXCEPTION
2026-08-11T10:32:36.357+08:00 INFO  d.f.m.outbox.OutboxDispatcher request_id= idempotency_key= order_id= user_id= sku_id= payment_tx= - Outbox publication deferred outbox_id=2e541354-7fa8-412b-9b28-8fd513bcd5bb command_id=0cd17d5da5f1a9d56a5238b0f41742af65dd9465829811ab48facb1cde56b0fd outcome=RETRYABLE cause=MQCLIENTEXCEPTION
2026-08-11T10:32:36.362+08:00 INFO  d.f.m.outbox.OutboxDispatcher request_id= idempotency_key= order_id= user_id= sku_id= payment_tx= - Outbox publication deferred outbox_id=54c021bb-916c-4000-bc71-099010475819 command_id=e5641880c12f35492b11af9ae18c054f5bde2a9dcb41afdb995e911b11558eda outcome=RETRYABLE cause=MQCLIENTEXCEPTION
2026-08-11T10:32:36.570+08:00 INFO  d.f.m.outbox.OutboxDispatcher request_id= idempotency_key= order_id= user_id= sku_id= payment_tx= - Outbox publication deferred outbox_id=5304f73d-ffd7-4734-ae1a-79c517e66328 command_id=8b3cacc6029646b866c34831badabb2d639570dc4941049c6ad4dda982703d3e outcome=RETRYABLE cause=MQCLIENTEXCEPTION
2026-08-11T10:32:36.576+08:00 INFO  d.f.m.outbox.OutboxDispatcher request_id= idempotency_key= order_id= user_id= sku_id= payment_tx= - Outbox publication deferred outbox_id=d8eaf339-eab1-448b-beb9-34598342ff20 command_id=a86e84b597d3b9b5a974ee773eb9f557199f5885ccce367ee95512904031911b outcome=RETRYABLE cause=MQCLIENTEXCEPTION
2026-08-11T10:32:36.581+08:00 INFO  d.f.m.outbox.OutboxDispatcher request_id= idempotency_key= order_id= user_id= sku_id= payment_tx= - Outbox publication deferred outbox_id=3edc7d5c-123d-430e-8c17-970e42c18c27 command_id=ff930f8190ec31a25e89e4ae45706fbf1425fcdda5ed186e717fd82ab66c67e3 outcome=RETRYABLE cause=MQCLIENTEXCEPTION
2026-08-11T10:32:36.589+08:00 INFO  d.f.m.outbox.OutboxDispatcher request_id= idempotency_key= order_id= user_id= sku_id= payment_tx= - Outbox publication deferred outbox_id=46be413b-88b2-4efc-9c48-e4213ccbcf02 command_id=33eabff5691238e487dabf53f506ec971e4b78aaa08cbb7cd7cbd8b314853381 outcome=RETRYABLE cause=MQCLIENTEXCEPTION
2026-08-11T10:32:36.718+08:00 INFO  d.f.m.outbox.OutboxDispatcher request_id= idempotency_key= order_id= user_id= sku_id= payment_tx= - Outbox publication deferred outbox_id=bc53dc74-494e-4f3c-a46e-2e1db56bddc9 command_id=d357b2df56fa9e602c559aa313cc1ecc4e51acdbd9ecc57416cd4160b666dac4 outcome=RETRYABLE cause=MQCLIENTEXCEPTION
2026-08-11T10:32:36.721+08:00 INFO  d.f.m.outbox.OutboxDispatcher request_id= idempotency_key= order_id= user_id= sku_id= payment_tx= - Outbox publication deferred outbox_id=17ff07a6-88a0-4b18-a14e-9ea8338cd505 command_id=81a33124af4ddd79e01a418783a5e753cdd582559d3b2dd829af1d537cc0b3eb outcome=RETRYABLE cause=MQCLIENTEXCEPTION
2026-08-11T10:32:36.726+08:00 INFO  d.f.m.outbox.OutboxDispatcher request_id= idempotency_key= order_id= user_id= sku_id= payment_tx= - Outbox publication deferred outbox_id=cccc6669-0bc3-406c-9f72-e1708c782aa7 command_id=982936956bb711f8b6a097b3a0631ab0650351019c3ba8b894466169afd72d31 outcome=RETRYABLE cause=MQCLIENTEXCEPTION
2026-08-11T10:32:36.731+08:00 INFO  d.f.m.outbox.OutboxDispatcher request_id= idempotency_key= order_id= user_id= sku_id= payment_tx= - Outbox publication deferred outbox_id=61ed7f01-c91d-4d86-8b84-3ef297058884 command_id=2c972f6ab7e87018cae4d55e702ccdf8da59d79d1a02e7ac683ac52fdc738018 outcome=RETRYABLE cause=MQCLIENTEXCEPTION
2026-08-11T10:32:36.859+08:00 INFO  d.f.m.outbox.OutboxDispatcher request_id= idempotency_key= order_id= user_id= sku_id= payment_tx= - Outbox publication deferred outbox_id=f5aea52b-be01-4c2d-827e-e63b1265eb3c command_id=fefd44628486b759a5a5411287497c7bbad237d65b31da14adaecbe2d821054c outcome=RETRYABLE cause=MQCLIENTEXCEPTION
2026-08-11T10:32:36.864+08:00 INFO  d.f.m.outbox.OutboxDispatcher request_id= idempotency_key= order_id= user_id= sku_id= payment_tx= - Outbox publication deferred outbox_id=87de8c9f-1183-4c4d-adad-89ae913ceaa9 command_id=de8a5f5aa8d8cbae0873ddfb5cb5fe74c971cd19b0c0932fb7a620374b108985 outcome=RETRYABLE cause=MQCLIENTEXCEPTION
2026-08-11T10:32:36.870+08:00 INFO  d.f.m.outbox.OutboxDispatcher request_id= idempotency_key= order_id= user_id= sku_id= payment_tx= - Outbox publication deferred outbox_id=2e541354-7fa8-412b-9b28-8fd513bcd5bb command_id=0cd17d5da5f1a9d56a5238b0f41742af65dd9465829811ab48facb1cde56b0fd outcome=RETRYABLE cause=MQCLIENTEXCEPTION
2026-08-11T10:32:36.876+08:00 INFO  d.f.m.outbox.OutboxDispatcher request_id= idempotency_key= order_id= user_id= sku_id= payment_tx= - Outbox publication deferred outbox_id=54c021bb-916c-4000-bc71-099010475819 command_id=e5641880c12f35492b11af9ae18c054f5bde2a9dcb41afdb995e911b11558eda outcome=RETRYABLE cause=MQCLIENTEXCEPTION
2026-08-11T10:32:36.995+08:00 INFO  d.f.m.outbox.OutboxDispatcher request_id= idempotency_key= order_id= user_id= sku_id= payment_tx= - Outbox publication deferred outbox_id=5304f73d-ffd7-4734-ae1a-79c517e66328 command_id=8b3cacc6029646b866c34831badabb2d639570dc4941049c6ad4dda982703d3e outcome=RETRYABLE cause=MQCLIENTEXCEPTION
2026-08-11T10:32:37.003+08:00 INFO  d.f.m.outbox.OutboxDispatcher request_id= idempotency_key= order_id= user_id= sku_id= payment_tx= - Outbox publication deferred outbox_id=d8eaf339-eab1-448b-beb9-34598342ff20 command_id=a86e84b597d3b9b5a974ee773eb9f557199f5885ccce367ee95512904031911b outcome=RETRYABLE cause=MQCLIENTEXCEPTION
2026-08-11T10:32:37.012+08:00 INFO  d.f.m.outbox.OutboxDispatcher request_id= idempotency_key= order_id= user_id= sku_id= payment_tx= - Outbox publication deferred outbox_id=3edc7d5c-123d-430e-8c17-970e42c18c27 command_id=ff930f8190ec31a25e89e4ae45706fbf1425fcdda5ed186e717fd82ab66c67e3 outcome=RETRYABLE cause=MQCLIENTEXCEPTION
2026-08-11T10:32:37.247+08:00 INFO  d.f.m.outbox.OutboxDispatcher request_id= idempotency_key= order_id= user_id= sku_id= payment_tx= - Outbox publication deferred outbox_id=46be413b-88b2-4efc-9c48-e4213ccbcf02 command_id=33eabff5691238e487dabf53f506ec971e4b78aaa08cbb7cd7cbd8b314853381 outcome=RETRYABLE cause=MQCLIENTEXCEPTION
2026-08-11T10:32:37.578+08:00 INFO  d.f.m.outbox.OutboxDispatcher request_id= idempotency_key= order_id= user_id= sku_id= payment_tx= - Outbox publication deferred outbox_id=bc53dc74-494e-4f3c-a46e-2e1db56bddc9 command_id=d357b2df56fa9e602c559aa313cc1ecc4e51acdbd9ecc57416cd4160b666dac4 outcome=RETRYABLE cause=MQCLIENTEXCEPTION
2026-08-11T10:32:37.583+08:00 INFO  d.f.m.outbox.OutboxDispatcher request_id= idempotency_key= order_id= user_id= sku_id= payment_tx= - Outbox publication deferred outbox_id=17ff07a6-88a0-4b18-a14e-9ea8338cd505 command_id=81a33124af4ddd79e01a418783a5e753cdd582559d3b2dd829af1d537cc0b3eb outcome=RETRYABLE cause=MQCLIENTEXCEPTION
2026-08-11T10:32:37.587+08:00 INFO  d.f.m.outbox.OutboxDispatcher request_id= idempotency_key= order_id= user_id= sku_id= payment_tx= - Outbox publication deferred outbox_id=cccc6669-0bc3-406c-9f72-e1708c782aa7 command_id=982936956bb711f8b6a097b3a0631ab0650351019c3ba8b894466169afd72d31 outcome=RETRYABLE cause=MQCLIENTEXCEPTION
2026-08-11T10:32:37.591+08:00 INFO  d.f.m.outbox.OutboxDispatcher request_id= idempotency_key= order_id= user_id= sku_id= payment_tx= - Outbox publication deferred outbox_id=61ed7f01-c91d-4d86-8b84-3ef297058884 command_id=2c972f6ab7e87018cae4d55e702ccdf8da59d79d1a02e7ac683ac52fdc738018 outcome=RETRYABLE cause=MQCLIENTEXCEPTION
2026-08-11T10:32:37.714+08:00 INFO  d.f.m.outbox.OutboxDispatcher request_id= idempotency_key= order_id= user_id= sku_id= payment_tx= - Outbox publication deferred outbox_id=f5aea52b-be01-4c2d-827e-e63b1265eb3c command_id=fefd44628486b759a5a5411287497c7bbad237d65b31da14adaecbe2d821054c outcome=RETRYABLE cause=MQCLIENTEXCEPTION
2026-08-11T10:32:37.715+08:00 INFO  d.f.m.outbox.OutboxDispatcher request_id= idempotency_key= order_id= user_id= sku_id= payment_tx= - Outbox publication deferred outbox_id=87de8c9f-1183-4c4d-adad-89ae913ceaa9 command_id=de8a5f5aa8d8cbae0873ddfb5cb5fe74c971cd19b0c0932fb7a620374b108985 outcome=RETRYABLE cause=MQCLIENTEXCEPTION
2026-08-11T10:32:37.717+08:00 INFO  d.f.m.outbox.OutboxDispatcher request_id= idempotency_key= order_id= user_id= sku_id= payment_tx= - Outbox publication deferred outbox_id=2e541354-7fa8-412b-9b28-8fd513bcd5bb command_id=0cd17d5da5f1a9d56a5238b0f41742af65dd9465829811ab48facb1cde56b0fd outcome=RETRYABLE cause=MQCLIENTEXCEPTION
2026-08-11T10:32:37.720+08:00 INFO  d.f.m.outbox.OutboxDispatcher request_id= idempotency_key= order_id= user_id= sku_id= payment_tx= - Outbox publication deferred outbox_id=54c021bb-916c-4000-bc71-099010475819 command_id=e5641880c12f35492b11af9ae18c054f5bde2a9dcb41afdb995e911b11558eda outcome=RETRYABLE cause=MQCLIENTEXCEPTION
2026-08-11T10:32:37.833+08:00 INFO  d.f.m.outbox.OutboxDispatcher request_id= idempotency_key= order_id= user_id= sku_id= payment_tx= - Outbox publication deferred outbox_id=5304f73d-ffd7-4734-ae1a-79c517e66328 command_id=8b3cacc6029646b866c34831badabb2d639570dc4941049c6ad4dda982703d3e outcome=RETRYABLE cause=MQCLIENTEXCEPTION
2026-08-11T10:32:37.835+08:00 INFO  d.f.m.outbox.OutboxDispatcher request_id= idempotency_key= order_id= user_id= sku_id= payment_tx= - Outbox publication deferred outbox_id=d8eaf339-eab1-448b-beb9-34598342ff20 command_id=a86e84b597d3b9b5a974ee773eb9f557199f5885ccce367ee95512904031911b outcome=RETRYABLE cause=MQCLIENTEXCEPTION
2026-08-11T10:32:37.837+08:00 INFO  d.f.m.outbox.OutboxDispatcher request_id= idempotency_key= order_id= user_id= sku_id= payment_tx= - Outbox publication deferred outbox_id=3edc7d5c-123d-430e-8c17-970e42c18c27 command_id=ff930f8190ec31a25e89e4ae45706fbf1425fcdda5ed186e717fd82ab66c67e3 outcome=RETRYABLE cause=MQCLIENTEXCEPTION
2026-08-11T10:32:38.054+08:00 INFO  d.f.m.outbox.OutboxDispatcher request_id= idempotency_key= order_id= user_id= sku_id= payment_tx= - Outbox publication deferred outbox_id=46be413b-88b2-4efc-9c48-e4213ccbcf02 command_id=33eabff5691238e487dabf53f506ec971e4b78aaa08cbb7cd7cbd8b314853381 outcome=RETRYABLE cause=MQCLIENTEXCEPTION
2026-08-11T10:32:38.592+08:00 INFO  d.f.m.outbox.OutboxDispatcher request_id= idempotency_key= order_id= user_id= sku_id= payment_tx= - Outbox publication deferred outbox_id=bc53dc74-494e-4f3c-a46e-2e1db56bddc9 command_id=d357b2df56fa9e602c559aa313cc1ecc4e51acdbd9ecc57416cd4160b666dac4 outcome=RETRYABLE cause=MQCLIENTEXCEPTION
2026-08-11T10:32:38.594+08:00 INFO  d.f.m.outbox.OutboxDispatcher request_id= idempotency_key= order_id= user_id= sku_id= payment_tx= - Outbox publication deferred outbox_id=17ff07a6-88a0-4b18-a14e-9ea8338cd505 command_id=81a33124af4ddd79e01a418783a5e753cdd582559d3b2dd829af1d537cc0b3eb outcome=RETRYABLE cause=MQCLIENTEXCEPTION
2026-08-11T10:32:38.716+08:00 INFO  d.f.m.outbox.OutboxDispatcher request_id= idempotency_key= order_id= user_id= sku_id= payment_tx= - Outbox publication deferred outbox_id=cccc6669-0bc3-406c-9f72-e1708c782aa7 command_id=982936956bb711f8b6a097b3a0631ab0650351019c3ba8b894466169afd72d31 outcome=RETRYABLE cause=MQCLIENTEXCEPTION
2026-08-11T10:32:38.724+08:00 INFO  d.f.m.outbox.OutboxDispatcher request_id= idempotency_key= order_id= user_id= sku_id= payment_tx= - Outbox publication deferred outbox_id=61ed7f01-c91d-4d86-8b84-3ef297058884 command_id=2c972f6ab7e87018cae4d55e702ccdf8da59d79d1a02e7ac683ac52fdc738018 outcome=RETRYABLE cause=MQCLIENTEXCEPTION
2026-08-11T10:32:38.842+08:00 INFO  d.f.m.outbox.OutboxDispatcher request_id= idempotency_key= order_id= user_id= sku_id= payment_tx= - Outbox publication deferred outbox_id=f5aea52b-be01-4c2d-827e-e63b1265eb3c command_id=fefd44628486b759a5a5411287497c7bbad237d65b31da14adaecbe2d821054c outcome=RETRYABLE cause=MQCLIENTEXCEPTION
2026-08-11T10:32:38.844+08:00 INFO  d.f.m.outbox.OutboxDispatcher request_id= idempotency_key= order_id= user_id= sku_id= payment_tx= - Outbox publication deferred outbox_id=87de8c9f-1183-4c4d-adad-89ae913ceaa9 command_id=de8a5f5aa8d8cbae0873ddfb5cb5fe74c971cd19b0c0932fb7a620374b108985 outcome=RETRYABLE cause=MQCLIENTEXCEPTION
2026-08-11T10:32:38.847+08:00 INFO  d.f.m.outbox.OutboxDispatcher request_id= idempotency_key= order_id= user_id= sku_id= payment_tx= - Outbox publication deferred outbox_id=2e541354-7fa8-412b-9b28-8fd513bcd5bb command_id=0cd17d5da5f1a9d56a5238b0f41742af65dd9465829811ab48facb1cde56b0fd outcome=RETRYABLE cause=MQCLIENTEXCEPTION
2026-08-11T10:32:38.849+08:00 INFO  d.f.m.outbox.OutboxDispatcher request_id= idempotency_key= order_id= user_id= sku_id= payment_tx= - Outbox publication deferred outbox_id=54c021bb-916c-4000-bc71-099010475819 command_id=e5641880c12f35492b11af9ae18c054f5bde2a9dcb41afdb995e911b11558eda outcome=RETRYABLE cause=MQCLIENTEXCEPTION
2026-08-11T10:32:38.963+08:00 INFO  d.f.m.outbox.OutboxDispatcher request_id= idempotency_key= order_id= user_id= sku_id= payment_tx= - Outbox publication deferred outbox_id=5304f73d-ffd7-4734-ae1a-79c517e66328 command_id=8b3cacc6029646b866c34831badabb2d639570dc4941049c6ad4dda982703d3e outcome=RETRYABLE cause=MQCLIENTEXCEPTION
2026-08-11T10:32:38.965+08:00 INFO  d.f.m.outbox.OutboxDispatcher request_id= idempotency_key= order_id= user_id= sku_id= payment_tx= - Outbox publication deferred outbox_id=d8eaf339-eab1-448b-beb9-34598342ff20 command_id=a86e84b597d3b9b5a974ee773eb9f557199f5885ccce367ee95512904031911b outcome=RETRYABLE cause=MQCLIENTEXCEPTION
2026-08-11T10:32:38.968+08:00 INFO  d.f.m.outbox.OutboxDispatcher request_id= idempotency_key= order_id= user_id= sku_id= payment_tx= - Outbox publication deferred outbox_id=3edc7d5c-123d-430e-8c17-970e42c18c27 command_id=ff930f8190ec31a25e89e4ae45706fbf1425fcdda5ed186e717fd82ab66c67e3 outcome=RETRYABLE cause=MQCLIENTEXCEPTION
2026-08-11T10:32:39.085+08:00 INFO  d.f.m.outbox.OutboxDispatcher request_id= idempotency_key= order_id= user_id= sku_id= payment_tx= - Outbox publication deferred outbox_id=46be413b-88b2-4efc-9c48-e4213ccbcf02 command_id=33eabff5691238e487dabf53f506ec971e4b78aaa08cbb7cd7cbd8b314853381 outcome=RETRYABLE cause=MQCLIENTEXCEPTION
2026-08-11T10:32:39.622+08:00 INFO  d.f.m.outbox.OutboxDispatcher request_id= idempotency_key= order_id= user_id= sku_id= payment_tx= - Outbox publication deferred outbox_id=bc53dc74-494e-4f3c-a46e-2e1db56bddc9 command_id=d357b2df56fa9e602c559aa313cc1ecc4e51acdbd9ecc57416cd4160b666dac4 outcome=RETRYABLE cause=MQCLIENTEXCEPTION
2026-08-11T10:32:39.625+08:00 INFO  d.f.m.outbox.OutboxDispatcher request_id= idempotency_key= order_id= user_id= sku_id= payment_tx= - Outbox publication deferred outbox_id=17ff07a6-88a0-4b18-a14e-9ea8338cd505 command_id=81a33124af4ddd79e01a418783a5e753cdd582559d3b2dd829af1d537cc0b3eb outcome=RETRYABLE cause=MQCLIENTEXCEPTION
2026-08-11T10:32:39.737+08:00 INFO  d.f.m.outbox.OutboxDispatcher request_id= idempotency_key= order_id= user_id= sku_id= payment_tx= - Outbox publication deferred outbox_id=cccc6669-0bc3-406c-9f72-e1708c782aa7 command_id=982936956bb711f8b6a097b3a0631ab0650351019c3ba8b894466169afd72d31 outcome=RETRYABLE cause=MQCLIENTEXCEPTION
2026-08-11T10:32:39.739+08:00 INFO  d.f.m.outbox.OutboxDispatcher request_id= idempotency_key= order_id= user_id= sku_id= payment_tx= - Outbox publication deferred outbox_id=61ed7f01-c91d-4d86-8b84-3ef297058884 command_id=2c972f6ab7e87018cae4d55e702ccdf8da59d79d1a02e7ac683ac52fdc738018 outcome=RETRYABLE cause=MQCLIENTEXCEPTION
2026-08-11T10:32:39.856+08:00 INFO  d.f.m.outbox.OutboxDispatcher request_id= idempotency_key= order_id= user_id= sku_id= payment_tx= - Outbox publication deferred outbox_id=f5aea52b-be01-4c2d-827e-e63b1265eb3c command_id=fefd44628486b759a5a5411287497c7bbad237d65b31da14adaecbe2d821054c outcome=RETRYABLE cause=MQCLIENTEXCEPTION
2026-08-11T10:32:39.859+08:00 INFO  d.f.m.outbox.OutboxDispatcher request_id= idempotency_key= order_id= user_id= sku_id= payment_tx= - Outbox publication deferred outbox_id=87de8c9f-1183-4c4d-adad-89ae913ceaa9 command_id=de8a5f5aa8d8cbae0873ddfb5cb5fe74c971cd19b0c0932fb7a620374b108985 outcome=RETRYABLE cause=MQCLIENTEXCEPTION
2026-08-11T10:32:39.861+08:00 INFO  d.f.m.outbox.OutboxDispatcher request_id= idempotency_key= order_id= user_id= sku_id= payment_tx= - Outbox publication deferred outbox_id=2e541354-7fa8-412b-9b28-8fd513bcd5bb command_id=0cd17d5da5f1a9d56a5238b0f41742af65dd9465829811ab48facb1cde56b0fd outcome=RETRYABLE cause=MQCLIENTEXCEPTION
2026-08-11T10:32:39.982+08:00 INFO  d.f.m.outbox.OutboxDispatcher request_id= idempotency_key= order_id= user_id= sku_id= payment_tx= - Outbox publication deferred outbox_id=54c021bb-916c-4000-bc71-099010475819 command_id=e5641880c12f35492b11af9ae18c054f5bde2a9dcb41afdb995e911b11558eda outcome=RETRYABLE cause=MQCLIENTEXCEPTION
2026-08-11T10:32:39.986+08:00 INFO  d.f.m.outbox.OutboxDispatcher request_id= idempotency_key= order_id= user_id= sku_id= payment_tx= - Outbox publication deferred outbox_id=5304f73d-ffd7-4734-ae1a-79c517e66328 command_id=8b3cacc6029646b866c34831badabb2d639570dc4941049c6ad4dda982703d3e outcome=RETRYABLE cause=MQCLIENTEXCEPTION
2026-08-11T10:32:39.992+08:00 INFO  d.f.m.outbox.OutboxDispatcher request_id= idempotency_key= order_id= user_id= sku_id= payment_tx= - Outbox publication deferred outbox_id=d8eaf339-eab1-448b-beb9-34598342ff20 command_id=a86e84b597d3b9b5a974ee773eb9f557199f5885ccce367ee95512904031911b outcome=RETRYABLE cause=MQCLIENTEXCEPTION
2026-08-11T10:32:39.996+08:00 INFO  d.f.m.outbox.OutboxDispatcher request_id= idempotency_key= order_id= user_id= sku_id= payment_tx= - Outbox publication deferred outbox_id=3edc7d5c-123d-430e-8c17-970e42c18c27 command_id=ff930f8190ec31a25e89e4ae45706fbf1425fcdda5ed186e717fd82ab66c67e3 outcome=RETRYABLE cause=MQCLIENTEXCEPTION
2026-08-11T10:32:40.112+08:00 INFO  d.f.m.outbox.OutboxDispatcher request_id= idempotency_key= order_id= user_id= sku_id= payment_tx= - Outbox publication deferred outbox_id=46be413b-88b2-4efc-9c48-e4213ccbcf02 command_id=33eabff5691238e487dabf53f506ec971e4b78aaa08cbb7cd7cbd8b314853381 outcome=RETRYABLE cause=MQCLIENTEXCEPTION
2026-08-11T10:32:40.651+08:00 INFO  d.f.m.outbox.OutboxDispatcher request_id= idempotency_key= order_id= user_id= sku_id= payment_tx= - Outbox publication deferred outbox_id=bc53dc74-494e-4f3c-a46e-2e1db56bddc9 command_id=d357b2df56fa9e602c559aa313cc1ecc4e51acdbd9ecc57416cd4160b666dac4 outcome=RETRYABLE cause=MQCLIENTEXCEPTION
2026-08-11T10:32:40.653+08:00 INFO  d.f.m.outbox.OutboxDispatcher request_id= idempotency_key= order_id= user_id= sku_id= payment_tx= - Outbox publication deferred outbox_id=17ff07a6-88a0-4b18-a14e-9ea8338cd505 command_id=81a33124af4ddd79e01a418783a5e753cdd582559d3b2dd829af1d537cc0b3eb outcome=RETRYABLE cause=MQCLIENTEXCEPTION
2026-08-11T10:32:40.766+08:00 INFO  d.f.m.outbox.OutboxDispatcher request_id= idempotency_key= order_id= user_id= sku_id= payment_tx= - Outbox publication deferred outbox_id=cccc6669-0bc3-406c-9f72-e1708c782aa7 command_id=982936956bb711f8b6a097b3a0631ab0650351019c3ba8b894466169afd72d31 outcome=RETRYABLE cause=MQCLIENTEXCEPTION
2026-08-11T10:32:40.769+08:00 INFO  d.f.m.outbox.OutboxDispatcher request_id= idempotency_key= order_id= user_id= sku_id= payment_tx= - Outbox publication deferred outbox_id=61ed7f01-c91d-4d86-8b84-3ef297058884 command_id=2c972f6ab7e87018cae4d55e702ccdf8da59d79d1a02e7ac683ac52fdc738018 outcome=RETRYABLE cause=MQCLIENTEXCEPTION
2026-08-11T10:32:40.880+08:00 INFO  d.f.m.outbox.OutboxDispatcher request_id= idempotency_key= order_id= user_id= sku_id= payment_tx= - Outbox publication deferred outbox_id=f5aea52b-be01-4c2d-827e-e63b1265eb3c command_id=fefd44628486b759a5a5411287497c7bbad237d65b31da14adaecbe2d821054c outcome=RETRYABLE cause=MQCLIENTEXCEPTION
2026-08-11T10:32:40.883+08:00 INFO  d.f.m.outbox.OutboxDispatcher request_id= idempotency_key= order_id= user_id= sku_id= payment_tx= - Outbox publication deferred outbox_id=87de8c9f-1183-4c4d-adad-89ae913ceaa9 command_id=de8a5f5aa8d8cbae0873ddfb5cb5fe74c971cd19b0c0932fb7a620374b108985 outcome=RETRYABLE cause=MQCLIENTEXCEPTION
2026-08-11T10:32:40.885+08:00 INFO  d.f.m.outbox.OutboxDispatcher request_id= idempotency_key= order_id= user_id= sku_id= payment_tx= - Outbox publication deferred outbox_id=2e541354-7fa8-412b-9b28-8fd513bcd5bb command_id=0cd17d5da5f1a9d56a5238b0f41742af65dd9465829811ab48facb1cde56b0fd outcome=RETRYABLE cause=MQCLIENTEXCEPTION
2026-08-11T10:32:41.000+08:00 INFO  d.f.m.outbox.OutboxDispatcher request_id= idempotency_key= order_id= user_id= sku_id= payment_tx= - Outbox publication deferred outbox_id=54c021bb-916c-4000-bc71-099010475819 command_id=e5641880c12f35492b11af9ae18c054f5bde2a9dcb41afdb995e911b11558eda outcome=RETRYABLE cause=MQCLIENTEXCEPTION
2026-08-11T10:32:41.004+08:00 INFO  d.f.m.outbox.OutboxDispatcher request_id= idempotency_key= order_id= user_id= sku_id= payment_tx= - Outbox publication deferred outbox_id=5304f73d-ffd7-4734-ae1a-79c517e66328 command_id=8b3cacc6029646b866c34831badabb2d639570dc4941049c6ad4dda982703d3e outcome=RETRYABLE cause=MQCLIENTEXCEPTION
2026-08-11T10:32:41.006+08:00 INFO  d.f.m.outbox.OutboxDispatcher request_id= idempotency_key= order_id= user_id= sku_id= payment_tx= - Outbox publication deferred outbox_id=d8eaf339-eab1-448b-beb9-34598342ff20 command_id=a86e84b597d3b9b5a974ee773eb9f557199f5885ccce367ee95512904031911b outcome=RETRYABLE cause=MQCLIENTEXCEPTION
2026-08-11T10:32:41.118+08:00 INFO  d.f.m.outbox.OutboxDispatcher request_id= idempotency_key= order_id= user_id= sku_id= payment_tx= - Outbox publication deferred outbox_id=3edc7d5c-123d-430e-8c17-970e42c18c27 command_id=ff930f8190ec31a25e89e4ae45706fbf1425fcdda5ed186e717fd82ab66c67e3 outcome=RETRYABLE cause=MQCLIENTEXCEPTION
2026-08-11T10:32:41.121+08:00 INFO  d.f.m.outbox.OutboxDispatcher request_id= idempotency_key= order_id= user_id= sku_id= payment_tx= - Outbox publication deferred outbox_id=46be413b-88b2-4efc-9c48-e4213ccbcf02 command_id=33eabff5691238e487dabf53f506ec971e4b78aaa08cbb7cd7cbd8b314853381 outcome=RETRYABLE cause=MQCLIENTEXCEPTION
2026-08-11T10:32:41.755+08:00 INFO  d.f.m.outbox.OutboxDispatcher request_id= idempotency_key= order_id= user_id= sku_id= payment_tx= - Outbox publication deferred outbox_id=bc53dc74-494e-4f3c-a46e-2e1db56bddc9 command_id=d357b2df56fa9e602c559aa313cc1ecc4e51acdbd9ecc57416cd4160b666dac4 outcome=RETRYABLE cause=MQCLIENTEXCEPTION
2026-08-11T10:32:41.758+08:00 INFO  d.f.m.outbox.OutboxDispatcher request_id= idempotency_key= order_id= user_id= sku_id= payment_tx= - Outbox publication deferred outbox_id=17ff07a6-88a0-4b18-a14e-9ea8338cd505 command_id=81a33124af4ddd79e01a418783a5e753cdd582559d3b2dd829af1d537cc0b3eb outcome=RETRYABLE cause=MQCLIENTEXCEPTION
2026-08-11T10:32:41.871+08:00 INFO  d.f.m.outbox.OutboxDispatcher request_id= idempotency_key= order_id= user_id= sku_id= payment_tx= - Outbox publication deferred outbox_id=cccc6669-0bc3-406c-9f72-e1708c782aa7 command_id=982936956bb711f8b6a097b3a0631ab0650351019c3ba8b894466169afd72d31 outcome=RETRYABLE cause=MQCLIENTEXCEPTION
2026-08-11T10:32:41.874+08:00 INFO  d.f.m.outbox.OutboxDispatcher request_id= idempotency_key= order_id= user_id= sku_id= payment_tx= - Outbox publication deferred outbox_id=61ed7f01-c91d-4d86-8b84-3ef297058884 command_id=2c972f6ab7e87018cae4d55e702ccdf8da59d79d1a02e7ac683ac52fdc738018 outcome=RETRYABLE cause=MQCLIENTEXCEPTION
2026-08-11T10:32:41.987+08:00 INFO  d.f.m.outbox.OutboxDispatcher request_id= idempotency_key= order_id= user_id= sku_id= payment_tx= - Outbox publication deferred outbox_id=f5aea52b-be01-4c2d-827e-e63b1265eb3c command_id=fefd44628486b759a5a5411287497c7bbad237d65b31da14adaecbe2d821054c outcome=RETRYABLE cause=MQCLIENTEXCEPTION
2026-08-11T10:32:41.990+08:00 INFO  d.f.m.outbox.OutboxDispatcher request_id= idempotency_key= order_id= user_id= sku_id= payment_tx= - Outbox publication deferred outbox_id=87de8c9f-1183-4c4d-adad-89ae913ceaa9 command_id=de8a5f5aa8d8cbae0873ddfb5cb5fe74c971cd19b0c0932fb7a620374b108985 outcome=RETRYABLE cause=MQCLIENTEXCEPTION
2026-08-11T10:32:41.992+08:00 INFO  d.f.m.outbox.OutboxDispatcher request_id= idempotency_key= order_id= user_id= sku_id= payment_tx= - Outbox publication deferred outbox_id=2e541354-7fa8-412b-9b28-8fd513bcd5bb command_id=0cd17d5da5f1a9d56a5238b0f41742af65dd9465829811ab48facb1cde56b0fd outcome=RETRYABLE cause=MQCLIENTEXCEPTION
2026-08-11T10:32:42.105+08:00 INFO  d.f.m.outbox.OutboxDispatcher request_id= idempotency_key= order_id= user_id= sku_id= payment_tx= - Outbox publication deferred outbox_id=54c021bb-916c-4000-bc71-099010475819 command_id=e5641880c12f35492b11af9ae18c054f5bde2a9dcb41afdb995e911b11558eda outcome=RETRYABLE cause=MQCLIENTEXCEPTION
2026-08-11T10:32:42.108+08:00 INFO  d.f.m.outbox.OutboxDispatcher request_id= idempotency_key= order_id= user_id= sku_id= payment_tx= - Outbox publication deferred outbox_id=5304f73d-ffd7-4734-ae1a-79c517e66328 command_id=8b3cacc6029646b866c34831badabb2d639570dc4941049c6ad4dda982703d3e outcome=RETRYABLE cause=MQCLIENTEXCEPTION
2026-08-11T10:32:42.110+08:00 INFO  d.f.m.outbox.OutboxDispatcher request_id= idempotency_key= order_id= user_id= sku_id= payment_tx= - Outbox publication deferred outbox_id=d8eaf339-eab1-448b-beb9-34598342ff20 command_id=a86e84b597d3b9b5a974ee773eb9f557199f5885ccce367ee95512904031911b outcome=RETRYABLE cause=MQCLIENTEXCEPTION
2026-08-11T10:32:42.221+08:00 INFO  d.f.m.outbox.OutboxDispatcher request_id= idempotency_key= order_id= user_id= sku_id= payment_tx= - Outbox publication deferred outbox_id=3edc7d5c-123d-430e-8c17-970e42c18c27 command_id=ff930f8190ec31a25e89e4ae45706fbf1425fcdda5ed186e717fd82ab66c67e3 outcome=RETRYABLE cause=MQCLIENTEXCEPTION
2026-08-11T10:32:42.223+08:00 INFO  d.f.m.outbox.OutboxDispatcher request_id= idempotency_key= order_id= user_id= sku_id= payment_tx= - Outbox publication deferred outbox_id=46be413b-88b2-4efc-9c48-e4213ccbcf02 command_id=33eabff5691238e487dabf53f506ec971e4b78aaa08cbb7cd7cbd8b314853381 outcome=RETRYABLE cause=MQCLIENTEXCEPTION
2026-08-11T10:32:42.866+08:00 INFO  d.f.m.outbox.OutboxDispatcher request_id= idempotency_key= order_id= user_id= sku_id= payment_tx= - Outbox publication deferred outbox_id=bc53dc74-494e-4f3c-a46e-2e1db56bddc9 command_id=d357b2df56fa9e602c559aa313cc1ecc4e51acdbd9ecc57416cd4160b666dac4 outcome=RETRYABLE cause=MQCLIENTEXCEPTION
2026-08-11T10:32:42.869+08:00 INFO  d.f.m.outbox.OutboxDispatcher request_id= idempotency_key= order_id= user_id= sku_id= payment_tx= - Outbox publication deferred outbox_id=17ff07a6-88a0-4b18-a14e-9ea8338cd505 command_id=81a33124af4ddd79e01a418783a5e753cdd582559d3b2dd829af1d537cc0b3eb outcome=RETRYABLE cause=MQCLIENTEXCEPTION
2026-08-11T10:32:42.982+08:00 INFO  d.f.m.outbox.OutboxDispatcher request_id= idempotency_key= order_id= user_id= sku_id= payment_tx= - Outbox publication deferred outbox_id=cccc6669-0bc3-406c-9f72-e1708c782aa7 command_id=982936956bb711f8b6a097b3a0631ab0650351019c3ba8b894466169afd72d31 outcome=RETRYABLE cause=MQCLIENTEXCEPTION
2026-08-11T10:32:42.984+08:00 INFO  d.f.m.outbox.OutboxDispatcher request_id= idempotency_key= order_id= user_id= sku_id= payment_tx= - Outbox publication deferred outbox_id=61ed7f01-c91d-4d86-8b84-3ef297058884 command_id=2c972f6ab7e87018cae4d55e702ccdf8da59d79d1a02e7ac683ac52fdc738018 outcome=RETRYABLE cause=MQCLIENTEXCEPTION
2026-08-11T10:32:43.098+08:00 INFO  d.f.m.outbox.OutboxDispatcher request_id= idempotency_key= order_id= user_id= sku_id= payment_tx= - Outbox publication deferred outbox_id=f5aea52b-be01-4c2d-827e-e63b1265eb3c command_id=fefd44628486b759a5a5411287497c7bbad237d65b31da14adaecbe2d821054c outcome=RETRYABLE cause=MQCLIENTEXCEPTION
2026-08-11T10:32:43.101+08:00 INFO  d.f.m.outbox.OutboxDispatcher request_id= idempotency_key= order_id= user_id= sku_id= payment_tx= - Outbox publication deferred outbox_id=87de8c9f-1183-4c4d-adad-89ae913ceaa9 command_id=de8a5f5aa8d8cbae0873ddfb5cb5fe74c971cd19b0c0932fb7a620374b108985 outcome=RETRYABLE cause=MQCLIENTEXCEPTION
2026-08-11T10:32:43.104+08:00 INFO  d.f.m.outbox.OutboxDispatcher request_id= idempotency_key= order_id= user_id= sku_id= payment_tx= - Outbox publication deferred outbox_id=2e541354-7fa8-412b-9b28-8fd513bcd5bb command_id=0cd17d5da5f1a9d56a5238b0f41742af65dd9465829811ab48facb1cde56b0fd outcome=RETRYABLE cause=MQCLIENTEXCEPTION
2026-08-11T10:32:43.215+08:00 INFO  d.f.m.outbox.OutboxDispatcher request_id= idempotency_key= order_id= user_id= sku_id= payment_tx= - Outbox publication deferred outbox_id=54c021bb-916c-4000-bc71-099010475819 command_id=e5641880c12f35492b11af9ae18c054f5bde2a9dcb41afdb995e911b11558eda outcome=RETRYABLE cause=MQCLIENTEXCEPTION
2026-08-11T10:32:43.217+08:00 INFO  d.f.m.outbox.OutboxDispatcher request_id= idempotency_key= order_id= user_id= sku_id= payment_tx= - Outbox publication deferred outbox_id=5304f73d-ffd7-4734-ae1a-79c517e66328 command_id=8b3cacc6029646b866c34831badabb2d639570dc4941049c6ad4dda982703d3e outcome=RETRYABLE cause=MQCLIENTEXCEPTION
2026-08-11T10:32:43.219+08:00 INFO  d.f.m.outbox.OutboxDispatcher request_id= idempotency_key= order_id= user_id= sku_id= payment_tx= - Outbox publication deferred outbox_id=d8eaf339-eab1-448b-beb9-34598342ff20 command_id=a86e84b597d3b9b5a974ee773eb9f557199f5885ccce367ee95512904031911b outcome=RETRYABLE cause=MQCLIENTEXCEPTION
2026-08-11T10:32:43.331+08:00 INFO  d.f.m.outbox.OutboxDispatcher request_id= idempotency_key= order_id= user_id= sku_id= payment_tx= - Outbox publication deferred outbox_id=3edc7d5c-123d-430e-8c17-970e42c18c27 command_id=ff930f8190ec31a25e89e4ae45706fbf1425fcdda5ed186e717fd82ab66c67e3 outcome=RETRYABLE cause=MQCLIENTEXCEPTION
2026-08-11T10:32:43.333+08:00 INFO  d.f.m.outbox.OutboxDispatcher request_id= idempotency_key= order_id= user_id= sku_id= payment_tx= - Outbox publication deferred outbox_id=46be413b-88b2-4efc-9c48-e4213ccbcf02 command_id=33eabff5691238e487dabf53f506ec971e4b78aaa08cbb7cd7cbd8b314853381 outcome=RETRYABLE cause=MQCLIENTEXCEPTION
2026-08-11T10:32:43.873+08:00 INFO  d.f.m.outbox.OutboxDispatcher request_id= idempotency_key= order_id= user_id= sku_id= payment_tx= - Outbox publication deferred outbox_id=bc53dc74-494e-4f3c-a46e-2e1db56bddc9 command_id=d357b2df56fa9e602c559aa313cc1ecc4e51acdbd9ecc57416cd4160b666dac4 outcome=RETRYABLE cause=MQCLIENTEXCEPTION
2026-08-11T10:32:43.988+08:00 INFO  d.f.m.outbox.OutboxDispatcher request_id= idempotency_key= order_id= user_id= sku_id= payment_tx= - Outbox publication deferred outbox_id=17ff07a6-88a0-4b18-a14e-9ea8338cd505 command_id=81a33124af4ddd79e01a418783a5e753cdd582559d3b2dd829af1d537cc0b3eb outcome=RETRYABLE cause=MQCLIENTEXCEPTION
2026-08-11T10:32:43.991+08:00 INFO  d.f.m.outbox.OutboxDispatcher request_id= idempotency_key= order_id= user_id= sku_id= payment_tx= - Outbox publication deferred outbox_id=cccc6669-0bc3-406c-9f72-e1708c782aa7 command_id=982936956bb711f8b6a097b3a0631ab0650351019c3ba8b894466169afd72d31 outcome=RETRYABLE cause=MQCLIENTEXCEPTION
2026-08-11T10:32:44.103+08:00 INFO  d.f.m.outbox.OutboxDispatcher request_id= idempotency_key= order_id= user_id= sku_id= payment_tx= - Outbox publication deferred outbox_id=61ed7f01-c91d-4d86-8b84-3ef297058884 command_id=2c972f6ab7e87018cae4d55e702ccdf8da59d79d1a02e7ac683ac52fdc738018 outcome=RETRYABLE cause=MQCLIENTEXCEPTION
2026-08-11T10:32:44.106+08:00 INFO  d.f.m.outbox.OutboxDispatcher request_id= idempotency_key= order_id= user_id= sku_id= payment_tx= - Outbox publication deferred outbox_id=f5aea52b-be01-4c2d-827e-e63b1265eb3c command_id=fefd44628486b759a5a5411287497c7bbad237d65b31da14adaecbe2d821054c outcome=RETRYABLE cause=MQCLIENTEXCEPTION
2026-08-11T10:32:44.220+08:00 INFO  d.f.m.outbox.OutboxDispatcher request_id= idempotency_key= order_id= user_id= sku_id= payment_tx= - Outbox publication deferred outbox_id=87de8c9f-1183-4c4d-adad-89ae913ceaa9 command_id=de8a5f5aa8d8cbae0873ddfb5cb5fe74c971cd19b0c0932fb7a620374b108985 outcome=RETRYABLE cause=MQCLIENTEXCEPTION
2026-08-11T10:32:44.223+08:00 INFO  d.f.m.outbox.OutboxDispatcher request_id= idempotency_key= order_id= user_id= sku_id= payment_tx= - Outbox publication deferred outbox_id=2e541354-7fa8-412b-9b28-8fd513bcd5bb command_id=0cd17d5da5f1a9d56a5238b0f41742af65dd9465829811ab48facb1cde56b0fd outcome=RETRYABLE cause=MQCLIENTEXCEPTION
2026-08-11T10:32:44.338+08:00 INFO  d.f.m.outbox.OutboxDispatcher request_id= idempotency_key= order_id= user_id= sku_id= payment_tx= - Outbox publication deferred outbox_id=54c021bb-916c-4000-bc71-099010475819 command_id=e5641880c12f35492b11af9ae18c054f5bde2a9dcb41afdb995e911b11558eda outcome=RETRYABLE cause=MQCLIENTEXCEPTION
2026-08-11T10:32:44.340+08:00 INFO  d.f.m.outbox.OutboxDispatcher request_id= idempotency_key= order_id= user_id= sku_id= payment_tx= - Outbox publication deferred outbox_id=5304f73d-ffd7-4734-ae1a-79c517e66328 command_id=8b3cacc6029646b866c34831badabb2d639570dc4941049c6ad4dda982703d3e outcome=RETRYABLE cause=MQCLIENTEXCEPTION
2026-08-11T10:32:44.343+08:00 INFO  d.f.m.outbox.OutboxDispatcher request_id= idempotency_key= order_id= user_id= sku_id= payment_tx= - Outbox publication deferred outbox_id=d8eaf339-eab1-448b-beb9-34598342ff20 command_id=a86e84b597d3b9b5a974ee773eb9f557199f5885ccce367ee95512904031911b outcome=RETRYABLE cause=MQCLIENTEXCEPTION
2026-08-11T10:32:44.454+08:00 INFO  d.f.m.outbox.OutboxDispatcher request_id= idempotency_key= order_id= user_id= sku_id= payment_tx= - Outbox publication deferred outbox_id=3edc7d5c-123d-430e-8c17-970e42c18c27 command_id=ff930f8190ec31a25e89e4ae45706fbf1425fcdda5ed186e717fd82ab66c67e3 outcome=RETRYABLE cause=MQCLIENTEXCEPTION
2026-08-11T10:32:44.455+08:00 INFO  d.f.m.outbox.OutboxDispatcher request_id= idempotency_key= order_id= user_id= sku_id= payment_tx= - Outbox publication deferred outbox_id=46be413b-88b2-4efc-9c48-e4213ccbcf02 command_id=33eabff5691238e487dabf53f506ec971e4b78aaa08cbb7cd7cbd8b314853381 outcome=RETRYABLE cause=MQCLIENTEXCEPTION
2026-08-11T10:32:44.885+08:00 INFO  d.f.m.outbox.OutboxDispatcher request_id= idempotency_key= order_id= user_id= sku_id= payment_tx= - Outbox publication deferred outbox_id=bc53dc74-494e-4f3c-a46e-2e1db56bddc9 command_id=d357b2df56fa9e602c559aa313cc1ecc4e51acdbd9ecc57416cd4160b666dac4 outcome=RETRYABLE cause=MQCLIENTEXCEPTION
2026-08-11T10:32:45.000+08:00 INFO  d.f.m.outbox.OutboxDispatcher request_id= idempotency_key= order_id= user_id= sku_id= payment_tx= - Outbox publication deferred outbox_id=17ff07a6-88a0-4b18-a14e-9ea8338cd505 command_id=81a33124af4ddd79e01a418783a5e753cdd582559d3b2dd829af1d537cc0b3eb outcome=RETRYABLE cause=MQCLIENTEXCEPTION
2026-08-11T10:32:45.002+08:00 INFO  d.f.m.outbox.OutboxDispatcher request_id= idempotency_key= order_id= user_id= sku_id= payment_tx= - Outbox publication deferred outbox_id=cccc6669-0bc3-406c-9f72-e1708c782aa7 command_id=982936956bb711f8b6a097b3a0631ab0650351019c3ba8b894466169afd72d31 outcome=RETRYABLE cause=MQCLIENTEXCEPTION
2026-08-11T10:32:45.116+08:00 INFO  d.f.m.outbox.OutboxDispatcher request_id= idempotency_key= order_id= user_id= sku_id= payment_tx= - Outbox publication deferred outbox_id=61ed7f01-c91d-4d86-8b84-3ef297058884 command_id=2c972f6ab7e87018cae4d55e702ccdf8da59d79d1a02e7ac683ac52fdc738018 outcome=RETRYABLE cause=MQCLIENTEXCEPTION
2026-08-11T10:32:45.118+08:00 INFO  d.f.m.outbox.OutboxDispatcher request_id= idempotency_key= order_id= user_id= sku_id= payment_tx= - Outbox publication deferred outbox_id=f5aea52b-be01-4c2d-827e-e63b1265eb3c command_id=fefd44628486b759a5a5411287497c7bbad237d65b31da14adaecbe2d821054c outcome=RETRYABLE cause=MQCLIENTEXCEPTION
2026-08-11T10:32:45.230+08:00 INFO  d.f.m.outbox.OutboxDispatcher request_id= idempotency_key= order_id= user_id= sku_id= payment_tx= - Outbox publication deferred outbox_id=87de8c9f-1183-4c4d-adad-89ae913ceaa9 command_id=de8a5f5aa8d8cbae0873ddfb5cb5fe74c971cd19b0c0932fb7a620374b108985 outcome=RETRYABLE cause=MQCLIENTEXCEPTION
2026-08-11T10:32:45.233+08:00 INFO  d.f.m.outbox.OutboxDispatcher request_id= idempotency_key= order_id= user_id= sku_id= payment_tx= - Outbox publication deferred outbox_id=2e541354-7fa8-412b-9b28-8fd513bcd5bb command_id=0cd17d5da5f1a9d56a5238b0f41742af65dd9465829811ab48facb1cde56b0fd outcome=RETRYABLE cause=MQCLIENTEXCEPTION
2026-08-11T10:32:45.345+08:00 INFO  d.f.m.outbox.OutboxDispatcher request_id= idempotency_key= order_id= user_id= sku_id= payment_tx= - Outbox publication deferred outbox_id=54c021bb-916c-4000-bc71-099010475819 command_id=e5641880c12f35492b11af9ae18c054f5bde2a9dcb41afdb995e911b11558eda outcome=RETRYABLE cause=MQCLIENTEXCEPTION
2026-08-11T10:32:45.458+08:00 INFO  d.f.m.outbox.OutboxDispatcher request_id= idempotency_key= order_id= user_id= sku_id= payment_tx= - Outbox publication deferred outbox_id=5304f73d-ffd7-4734-ae1a-79c517e66328 command_id=8b3cacc6029646b866c34831badabb2d639570dc4941049c6ad4dda982703d3e outcome=RETRYABLE cause=MQCLIENTEXCEPTION
2026-08-11T10:32:45.460+08:00 INFO  d.f.m.outbox.OutboxDispatcher request_id= idempotency_key= order_id= user_id= sku_id= payment_tx= - Outbox publication deferred outbox_id=d8eaf339-eab1-448b-beb9-34598342ff20 command_id=a86e84b597d3b9b5a974ee773eb9f557199f5885ccce367ee95512904031911b outcome=RETRYABLE cause=MQCLIENTEXCEPTION
2026-08-11T10:32:45.570+08:00 INFO  d.f.m.outbox.OutboxDispatcher request_id= idempotency_key= order_id= user_id= sku_id= payment_tx= - Outbox publication deferred outbox_id=3edc7d5c-123d-430e-8c17-970e42c18c27 command_id=ff930f8190ec31a25e89e4ae45706fbf1425fcdda5ed186e717fd82ab66c67e3 outcome=RETRYABLE cause=MQCLIENTEXCEPTION
2026-08-11T10:32:45.573+08:00 INFO  d.f.m.outbox.OutboxDispatcher request_id= idempotency_key= order_id= user_id= sku_id= payment_tx= - Outbox publication deferred outbox_id=46be413b-88b2-4efc-9c48-e4213ccbcf02 command_id=33eabff5691238e487dabf53f506ec971e4b78aaa08cbb7cd7cbd8b314853381 outcome=RETRYABLE cause=MQCLIENTEXCEPTION
2026-08-11T10:32:45.893+08:00 INFO  d.f.m.outbox.OutboxDispatcher request_id= idempotency_key= order_id= user_id= sku_id= payment_tx= - Outbox publication deferred outbox_id=bc53dc74-494e-4f3c-a46e-2e1db56bddc9 command_id=d357b2df56fa9e602c559aa313cc1ecc4e51acdbd9ecc57416cd4160b666dac4 outcome=RETRYABLE cause=MQCLIENTEXCEPTION
2026-08-11T10:32:46.105+08:00 INFO  d.f.m.outbox.OutboxDispatcher request_id= idempotency_key= order_id= user_id= sku_id= payment_tx= - Outbox publication deferred outbox_id=17ff07a6-88a0-4b18-a14e-9ea8338cd505 command_id=81a33124af4ddd79e01a418783a5e753cdd582559d3b2dd829af1d537cc0b3eb outcome=RETRYABLE cause=MQCLIENTEXCEPTION
2026-08-11T10:32:46.107+08:00 INFO  d.f.m.outbox.OutboxDispatcher request_id= idempotency_key= order_id= user_id= sku_id= payment_tx= - Outbox publication deferred outbox_id=cccc6669-0bc3-406c-9f72-e1708c782aa7 command_id=982936956bb711f8b6a097b3a0631ab0650351019c3ba8b894466169afd72d31 outcome=RETRYABLE cause=MQCLIENTEXCEPTION
2026-08-11T10:32:46.219+08:00 INFO  d.f.m.outbox.OutboxDispatcher request_id= idempotency_key= order_id= user_id= sku_id= payment_tx= - Outbox publication deferred outbox_id=61ed7f01-c91d-4d86-8b84-3ef297058884 command_id=2c972f6ab7e87018cae4d55e702ccdf8da59d79d1a02e7ac683ac52fdc738018 outcome=RETRYABLE cause=MQCLIENTEXCEPTION
2026-08-11T10:32:46.223+08:00 INFO  d.f.m.outbox.OutboxDispatcher request_id= idempotency_key= order_id= user_id= sku_id= payment_tx= - Outbox publication deferred outbox_id=f5aea52b-be01-4c2d-827e-e63b1265eb3c command_id=fefd44628486b759a5a5411287497c7bbad237d65b31da14adaecbe2d821054c outcome=RETRYABLE cause=MQCLIENTEXCEPTION
2026-08-11T10:32:46.336+08:00 INFO  d.f.m.outbox.OutboxDispatcher request_id= idempotency_key= order_id= user_id= sku_id= payment_tx= - Outbox publication deferred outbox_id=87de8c9f-1183-4c4d-adad-89ae913ceaa9 command_id=de8a5f5aa8d8cbae0873ddfb5cb5fe74c971cd19b0c0932fb7a620374b108985 outcome=RETRYABLE cause=MQCLIENTEXCEPTION
2026-08-11T10:32:46.338+08:00 INFO  d.f.m.outbox.OutboxDispatcher request_id= idempotency_key= order_id= user_id= sku_id= payment_tx= - Outbox publication deferred outbox_id=2e541354-7fa8-412b-9b28-8fd513bcd5bb command_id=0cd17d5da5f1a9d56a5238b0f41742af65dd9465829811ab48facb1cde56b0fd outcome=RETRYABLE cause=MQCLIENTEXCEPTION
2026-08-11T10:32:46.448+08:00 INFO  d.f.m.outbox.OutboxDispatcher request_id= idempotency_key= order_id= user_id= sku_id= payment_tx= - Outbox publication deferred outbox_id=54c021bb-916c-4000-bc71-099010475819 command_id=e5641880c12f35492b11af9ae18c054f5bde2a9dcb41afdb995e911b11558eda outcome=RETRYABLE cause=MQCLIENTEXCEPTION
2026-08-11T10:32:46.561+08:00 INFO  d.f.m.outbox.OutboxDispatcher request_id= idempotency_key= order_id= user_id= sku_id= payment_tx= - Outbox publication deferred outbox_id=5304f73d-ffd7-4734-ae1a-79c517e66328 command_id=8b3cacc6029646b866c34831badabb2d639570dc4941049c6ad4dda982703d3e outcome=RETRYABLE cause=MQCLIENTEXCEPTION
2026-08-11T10:32:46.564+08:00 INFO  d.f.m.outbox.OutboxDispatcher request_id= idempotency_key= order_id= user_id= sku_id= payment_tx= - Outbox publication deferred outbox_id=d8eaf339-eab1-448b-beb9-34598342ff20 command_id=a86e84b597d3b9b5a974ee773eb9f557199f5885ccce367ee95512904031911b outcome=RETRYABLE cause=MQCLIENTEXCEPTION
2026-08-11T10:32:46.677+08:00 INFO  d.f.m.outbox.OutboxDispatcher request_id= idempotency_key= order_id= user_id= sku_id= payment_tx= - Outbox publication deferred outbox_id=3edc7d5c-123d-430e-8c17-970e42c18c27 command_id=ff930f8190ec31a25e89e4ae45706fbf1425fcdda5ed186e717fd82ab66c67e3 outcome=RETRYABLE cause=MQCLIENTEXCEPTION
2026-08-11T10:32:46.679+08:00 INFO  d.f.m.outbox.OutboxDispatcher request_id= idempotency_key= order_id= user_id= sku_id= payment_tx= - Outbox publication deferred outbox_id=46be413b-88b2-4efc-9c48-e4213ccbcf02 command_id=33eabff5691238e487dabf53f506ec971e4b78aaa08cbb7cd7cbd8b314853381 outcome=RETRYABLE cause=MQCLIENTEXCEPTION
2026-08-11T10:32:47.006+08:00 INFO  d.f.m.outbox.OutboxDispatcher request_id= idempotency_key= order_id= user_id= sku_id= payment_tx= - Outbox publication deferred outbox_id=bc53dc74-494e-4f3c-a46e-2e1db56bddc9 command_id=d357b2df56fa9e602c559aa313cc1ecc4e51acdbd9ecc57416cd4160b666dac4 outcome=RETRYABLE cause=MQCLIENTEXCEPTION
2026-08-11T10:32:47.120+08:00 INFO  d.f.m.outbox.OutboxDispatcher request_id= idempotency_key= order_id= user_id= sku_id= payment_tx= - Outbox publication deferred outbox_id=17ff07a6-88a0-4b18-a14e-9ea8338cd505 command_id=81a33124af4ddd79e01a418783a5e753cdd582559d3b2dd829af1d537cc0b3eb outcome=RETRYABLE cause=MQCLIENTEXCEPTION
2026-08-11T10:32:47.123+08:00 INFO  d.f.m.outbox.OutboxDispatcher request_id= idempotency_key= order_id= user_id= sku_id= payment_tx= - Outbox publication deferred outbox_id=cccc6669-0bc3-406c-9f72-e1708c782aa7 command_id=982936956bb711f8b6a097b3a0631ab0650351019c3ba8b894466169afd72d31 outcome=RETRYABLE cause=MQCLIENTEXCEPTION
2026-08-11T10:32:47.237+08:00 INFO  d.f.m.outbox.OutboxDispatcher request_id= idempotency_key= order_id= user_id= sku_id= payment_tx= - Outbox publication deferred outbox_id=61ed7f01-c91d-4d86-8b84-3ef297058884 command_id=2c972f6ab7e87018cae4d55e702ccdf8da59d79d1a02e7ac683ac52fdc738018 outcome=RETRYABLE cause=MQCLIENTEXCEPTION
2026-08-11T10:32:47.240+08:00 INFO  d.f.m.outbox.OutboxDispatcher request_id= idempotency_key= order_id= user_id= sku_id= payment_tx= - Outbox publication deferred outbox_id=f5aea52b-be01-4c2d-827e-e63b1265eb3c command_id=fefd44628486b759a5a5411287497c7bbad237d65b31da14adaecbe2d821054c outcome=RETRYABLE cause=MQCLIENTEXCEPTION
2026-08-11T10:32:47.355+08:00 INFO  d.f.m.outbox.OutboxDispatcher request_id= idempotency_key= order_id= user_id= sku_id= payment_tx= - Outbox publication deferred outbox_id=87de8c9f-1183-4c4d-adad-89ae913ceaa9 command_id=de8a5f5aa8d8cbae0873ddfb5cb5fe74c971cd19b0c0932fb7a620374b108985 outcome=RETRYABLE cause=MQCLIENTEXCEPTION
2026-08-11T10:32:47.358+08:00 INFO  d.f.m.outbox.OutboxDispatcher request_id= idempotency_key= order_id= user_id= sku_id= payment_tx= - Outbox publication deferred outbox_id=2e541354-7fa8-412b-9b28-8fd513bcd5bb command_id=0cd17d5da5f1a9d56a5238b0f41742af65dd9465829811ab48facb1cde56b0fd outcome=RETRYABLE cause=MQCLIENTEXCEPTION
2026-08-11T10:32:47.475+08:00 INFO  d.f.m.outbox.OutboxDispatcher request_id= idempotency_key= order_id= user_id= sku_id= payment_tx= - Outbox publication deferred outbox_id=54c021bb-916c-4000-bc71-099010475819 command_id=e5641880c12f35492b11af9ae18c054f5bde2a9dcb41afdb995e911b11558eda outcome=RETRYABLE cause=MQCLIENTEXCEPTION
2026-08-11T10:32:47.598+08:00 INFO  d.f.m.outbox.OutboxDispatcher request_id= idempotency_key= order_id= user_id= sku_id= payment_tx= - Outbox publication deferred outbox_id=5304f73d-ffd7-4734-ae1a-79c517e66328 command_id=8b3cacc6029646b866c34831badabb2d639570dc4941049c6ad4dda982703d3e outcome=RETRYABLE cause=MQCLIENTEXCEPTION
2026-08-11T10:32:47.600+08:00 INFO  d.f.m.outbox.OutboxDispatcher request_id= idempotency_key= order_id= user_id= sku_id= payment_tx= - Outbox publication deferred outbox_id=d8eaf339-eab1-448b-beb9-34598342ff20 command_id=a86e84b597d3b9b5a974ee773eb9f557199f5885ccce367ee95512904031911b outcome=RETRYABLE cause=MQCLIENTEXCEPTION
2026-08-11T10:32:47.748+08:00 INFO  d.f.m.outbox.OutboxDispatcher request_id= idempotency_key= order_id= user_id= sku_id= payment_tx= - Outbox publication outbox_id=3edc7d5c-123d-430e-8c17-970e42c18c27 command_id=ff930f8190ec31a25e89e4ae45706fbf1425fcdda5ed186e717fd82ab66c67e3 outcome=ACKNOWLEDGED
2026-08-11T10:32:47.755+08:00 INFO  d.f.m.outbox.OutboxDispatcher request_id= idempotency_key= order_id= user_id= sku_id= payment_tx= - Outbox publication outbox_id=46be413b-88b2-4efc-9c48-e4213ccbcf02 command_id=33eabff5691238e487dabf53f506ec971e4b78aaa08cbb7cd7cbd8b314853381 outcome=ACKNOWLEDGED
2026-08-11T10:32:48.094+08:00 INFO  d.f.m.outbox.OutboxDispatcher request_id= idempotency_key= order_id= user_id= sku_id= payment_tx= - Outbox publication outbox_id=bc53dc74-494e-4f3c-a46e-2e1db56bddc9 command_id=d357b2df56fa9e602c559aa313cc1ecc4e51acdbd9ecc57416cd4160b666dac4 outcome=ACKNOWLEDGED
2026-08-11T10:32:48.226+08:00 INFO  d.f.m.outbox.OutboxDispatcher request_id= idempotency_key= order_id= user_id= sku_id= payment_tx= - Outbox publication outbox_id=17ff07a6-88a0-4b18-a14e-9ea8338cd505 command_id=81a33124af4ddd79e01a418783a5e753cdd582559d3b2dd829af1d537cc0b3eb outcome=ACKNOWLEDGED
2026-08-11T10:32:48.233+08:00 INFO  d.f.m.outbox.OutboxDispatcher request_id= idempotency_key= order_id= user_id= sku_id= payment_tx= - Outbox publication outbox_id=cccc6669-0bc3-406c-9f72-e1708c782aa7 command_id=982936956bb711f8b6a097b3a0631ab0650351019c3ba8b894466169afd72d31 outcome=ACKNOWLEDGED
2026-08-11T10:32:48.348+08:00 INFO  d.f.m.outbox.OutboxDispatcher request_id= idempotency_key= order_id= user_id= sku_id= payment_tx= - Outbox publication outbox_id=61ed7f01-c91d-4d86-8b84-3ef297058884 command_id=2c972f6ab7e87018cae4d55e702ccdf8da59d79d1a02e7ac683ac52fdc738018 outcome=ACKNOWLEDGED
2026-08-11T10:32:48.356+08:00 INFO  d.f.m.outbox.OutboxDispatcher request_id= idempotency_key= order_id= user_id= sku_id= payment_tx= - Outbox publication outbox_id=f5aea52b-be01-4c2d-827e-e63b1265eb3c command_id=fefd44628486b759a5a5411287497c7bbad237d65b31da14adaecbe2d821054c outcome=ACKNOWLEDGED
2026-08-11T10:32:48.476+08:00 INFO  d.f.m.outbox.OutboxDispatcher request_id= idempotency_key= order_id= user_id= sku_id= payment_tx= - Outbox publication outbox_id=87de8c9f-1183-4c4d-adad-89ae913ceaa9 command_id=de8a5f5aa8d8cbae0873ddfb5cb5fe74c971cd19b0c0932fb7a620374b108985 outcome=ACKNOWLEDGED
2026-08-11T10:32:48.480+08:00 INFO  d.f.m.outbox.OutboxDispatcher request_id= idempotency_key= order_id= user_id= sku_id= payment_tx= - Outbox publication outbox_id=2e541354-7fa8-412b-9b28-8fd513bcd5bb command_id=0cd17d5da5f1a9d56a5238b0f41742af65dd9465829811ab48facb1cde56b0fd outcome=ACKNOWLEDGED
2026-08-11T10:32:48.598+08:00 INFO  d.f.m.outbox.OutboxDispatcher request_id= idempotency_key= order_id= user_id= sku_id= payment_tx= - Outbox publication outbox_id=54c021bb-916c-4000-bc71-099010475819 command_id=e5641880c12f35492b11af9ae18c054f5bde2a9dcb41afdb995e911b11558eda outcome=ACKNOWLEDGED
2026-08-11T10:32:48.724+08:00 INFO  d.f.m.outbox.OutboxDispatcher request_id= idempotency_key= order_id= user_id= sku_id= payment_tx= - Outbox publication outbox_id=5304f73d-ffd7-4734-ae1a-79c517e66328 command_id=8b3cacc6029646b866c34831badabb2d639570dc4941049c6ad4dda982703d3e outcome=ACKNOWLEDGED
2026-08-11T10:32:48.730+08:00 INFO  d.f.m.outbox.OutboxDispatcher request_id= idempotency_key= order_id= user_id= sku_id= payment_tx= - Outbox publication outbox_id=d8eaf339-eab1-448b-beb9-34598342ff20 command_id=a86e84b597d3b9b5a974ee773eb9f557199f5885ccce367ee95512904031911b outcome=ACKNOWLEDGED
2026-08-11T10:33:08.149+08:00 INFO  o.s.b.w.e.tomcat.GracefulShutdown request_id= idempotency_key= order_id= user_id= sku_id= payment_tx= - Commencing graceful shutdown. Waiting for active requests to complete
2026-08-11T10:33:10.155+08:00 INFO  o.s.b.w.e.tomcat.GracefulShutdown request_id= idempotency_key= order_id= user_id= sku_id= payment_tx= - Graceful shutdown complete
2026-08-11T10:33:10.155+08:00 ERROR org.apache.tomcat.util.net.Acceptor request_id= idempotency_key= order_id= user_id= sku_id= payment_tx= - Socket accept failed
java.nio.channels.AsynchronousCloseException: null
	at java.base/java.nio.channels.spi.AbstractInterruptibleChannel.end(AbstractInterruptibleChannel.java:218)
	at java.base/sun.nio.ch.ServerSocketChannelImpl.end(ServerSocketChannelImpl.java:372)
	at java.base/sun.nio.ch.ServerSocketChannelImpl.accept(ServerSocketChannelImpl.java:397)
	at org.apache.tomcat.util.net.NioEndpoint.serverSocketAccept(NioEndpoint.java:537)
	at org.apache.tomcat.util.net.NioEndpoint.serverSocketAccept(NioEndpoint.java:72)
	at org.apache.tomcat.util.net.Acceptor.run(Acceptor.java:127)
	at java.base/java.lang.Thread.run(Thread.java:1516)
2026-08-11T10:33:10.244+08:00 INFO  com.zaxxer.hikari.HikariDataSource request_id= idempotency_key= order_id= user_id= sku_id= payment_tx= - HikariPool-1 - Shutdown initiated...
2026-08-11T10:33:10.248+08:00 INFO  com.zaxxer.hikari.HikariDataSource request_id= idempotency_key= order_id= user_id= sku_id= payment_tx= - HikariPool-1 - Shutdown completed.
[INFO] Tests run: 1, Failures: 0, Errors: 0, Skipped: 0, Time elapsed: 57.14 s -- in dev.flashflow.V4OutboxBacklogDrainIntegrationTest
[INFO] Running dev.flashflow.ExperimentManifestValidatorTest
[INFO] Tests run: 4, Failures: 0, Errors: 0, Skipped: 0, Time elapsed: 0.022 s -- in dev.flashflow.ExperimentManifestValidatorTest
[INFO] Running dev.flashflow.V4OutboxProducerAckLossIntegrationTest
2026-08-11T10:33:10.288+08:00 INFO  o.s.t.c.s.AnnotationConfigContextLoaderUtils request_id= idempotency_key= order_id= user_id= sku_id= payment_tx= - Could not detect default configuration classes for test class [dev.flashflow.V4OutboxProducerAckLossIntegrationTest]: V4OutboxProducerAckLossIntegrationTest does not declare any static, non-private, non-final, nested classes annotated with @Configuration.
2026-08-11T10:33:10.290+08:00 INFO  o.s.b.t.c.SpringBootTestContextBootstrapper request_id= idempotency_key= order_id= user_id= sku_id= payment_tx= - Found @SpringBootConfiguration dev.flashflow.FlashFlowApplication for test class dev.flashflow.V4OutboxProducerAckLossIntegrationTest

  .   ____          _            __ _ _
 /\\ / ___'_ __ _ _(_)_ __  __ _ \ \ \ \
( ( )\___ | '_ | '_| | '_ \/ _` | \ \ \ \
 \\/  ___)| |_)| | | | | || (_| |  ) ) ) )
  '  |____| .__|_| |_|_| |_\__, | / / / /
 =========|_|==============|___/=/_/_/_/

 :: Spring Boot ::                (v3.5.5)

2026-08-11T10:33:10.312+08:00 INFO  d.f.V4OutboxProducerAckLossIntegrationTest request_id= idempotency_key= order_id= user_id= sku_id= payment_tx= - Starting V4OutboxProducerAckLossIntegrationTest using Java 26.0.2 with PID 65566 (started by yuzheng in /Users/yuzheng/Computeracy/Zhenkun26-GitHub/FlashFlow)
2026-08-11T10:33:10.312+08:00 INFO  d.f.V4OutboxProducerAckLossIntegrationTest request_id= idempotency_key= order_id= user_id= sku_id= payment_tx= - The following 1 profile is active: "test"
2026-08-11T10:33:10.465+08:00 INFO  o.s.d.r.c.RepositoryConfigurationDelegate request_id= idempotency_key= order_id= user_id= sku_id= payment_tx= - Multiple Spring Data modules found, entering strict repository configuration mode
2026-08-11T10:33:10.465+08:00 INFO  o.s.d.r.c.RepositoryConfigurationDelegate request_id= idempotency_key= order_id= user_id= sku_id= payment_tx= - Bootstrapping Spring Data Redis repositories in DEFAULT mode.
2026-08-11T10:33:10.470+08:00 INFO  o.s.d.r.c.RepositoryConfigurationDelegate request_id= idempotency_key= order_id= user_id= sku_id= payment_tx= - Finished Spring Data repository scanning in 4 ms. Found 0 Redis repository interfaces.
2026-08-11T10:33:10.495+08:00 INFO  o.s.b.w.e.tomcat.TomcatWebServer request_id= idempotency_key= order_id= user_id= sku_id= payment_tx= - Tomcat initialized with port 0 (http)
2026-08-11T10:33:10.495+08:00 INFO  o.a.catalina.core.StandardService request_id= idempotency_key= order_id= user_id= sku_id= payment_tx= - Starting service [Tomcat]
2026-08-11T10:33:10.495+08:00 INFO  o.a.catalina.core.StandardEngine request_id= idempotency_key= order_id= user_id= sku_id= payment_tx= - Starting Servlet engine: [Apache Tomcat/10.1.44]
2026-08-11T10:33:10.503+08:00 INFO  o.a.c.c.C.[Tomcat].[localhost].[/] request_id= idempotency_key= order_id= user_id= sku_id= payment_tx= - Initializing Spring embedded WebApplicationContext
2026-08-11T10:33:10.503+08:00 INFO  o.s.b.w.s.c.ServletWebServerApplicationContext request_id= idempotency_key= order_id= user_id= sku_id= payment_tx= - Root WebApplicationContext: initialization completed in 190 ms
Standard Commons Logging discovery in action with spring-jcl: please remove commons-logging.jar from classpath in order to avoid potential conflicts
2026-08-11T10:33:10.538+08:00 INFO  com.zaxxer.hikari.HikariDataSource request_id= idempotency_key= order_id= user_id= sku_id= payment_tx= - HikariPool-2 - Starting...
2026-08-11T10:33:10.551+08:00 INFO  com.zaxxer.hikari.pool.HikariPool request_id= idempotency_key= order_id= user_id= sku_id= payment_tx= - HikariPool-2 - Added connection com.mysql.cj.jdbc.ConnectionImpl@fbcba93
2026-08-11T10:33:10.551+08:00 INFO  com.zaxxer.hikari.HikariDataSource request_id= idempotency_key= order_id= user_id= sku_id= payment_tx= - HikariPool-2 - Start completed.
2026-08-11T10:33:10.555+08:00 INFO  org.flywaydb.core.FlywayExecutor request_id= idempotency_key= order_id= user_id= sku_id= payment_tx= - Database: jdbc:mysql://localhost:51657/flashflow (MySQL 8.4)
2026-08-11T10:33:10.560+08:00 WARN  o.f.c.i.database.base.Database request_id= idempotency_key= order_id= user_id= sku_id= payment_tx= - Flyway upgrade recommended: MySQL 8.4 is newer than this version of Flyway and support has not been tested. The latest supported version of MySQL is 8.1.
2026-08-11T10:33:10.569+08:00 INFO  o.f.core.internal.command.DbValidate request_id= idempotency_key= order_id= user_id= sku_id= payment_tx= - Successfully validated 4 migrations (execution time 00:00.007s)
2026-08-11T10:33:10.576+08:00 INFO  o.f.core.internal.command.DbMigrate request_id= idempotency_key= order_id= user_id= sku_id= payment_tx= - Current version of schema `flashflow`: 4
2026-08-11T10:33:10.576+08:00 INFO  o.f.core.internal.command.DbMigrate request_id= idempotency_key= order_id= user_id= sku_id= payment_tx= - Schema `flashflow` is up to date. No migration necessary.
2026-08-11T10:33:10.751+08:00 INFO  o.s.b.a.e.web.EndpointLinksResolver request_id= idempotency_key= order_id= user_id= sku_id= payment_tx= - Exposing 2 endpoints beneath base path '/actuator'
2026-08-11T10:33:10.757+08:00 INFO  o.s.b.w.e.tomcat.TomcatWebServer request_id= idempotency_key= order_id= user_id= sku_id= payment_tx= - Tomcat started on port 53708 (http) with context path '/'
2026-08-11T10:33:10.760+08:00 INFO  d.f.V4OutboxProducerAckLossIntegrationTest request_id= idempotency_key= order_id= user_id= sku_id= payment_tx= - Started V4OutboxProducerAckLossIntegrationTest in 0.467 seconds (process running for 58.004)
2026-08-11T10:33:12.854+08:00 INFO  o.a.c.c.C.[Tomcat].[localhost].[/] request_id= idempotency_key= order_id= user_id= sku_id= payment_tx= - Initializing Spring DispatcherServlet 'dispatcherServlet'
2026-08-11T10:33:12.854+08:00 INFO  o.s.web.servlet.DispatcherServlet request_id= idempotency_key= order_id= user_id= sku_id= payment_tx= - Initializing Servlet 'dispatcherServlet'
2026-08-11T10:33:12.855+08:00 INFO  o.s.web.servlet.DispatcherServlet request_id= idempotency_key= order_id= user_id= sku_id= payment_tx= - Completed initialization in 1 ms
2026-08-11T10:33:12.878+08:00 INFO  d.f.m.o.OutboxAsyncOrderApplicationService request_id=8ccbc8c5-f8bd-4f56-beb0-de06fdab0923 idempotency_key=key-v4-ack-loss-8286c00e order_id= user_id=user-v4-ack-loss-8286c00e sku_id=sku-v4-ack-loss-8286c00e payment_tx= - Durable Outbox acceptance command_id=f290be3bdf559f7f1a74f401f98102f9db17f58cafdb821784d18fdba40806ed status=ACCEPTED
2026-08-11T10:33:12.982+08:00 WARN  d.f.m.outbox.OutboxDispatcher request_id= idempotency_key= order_id= user_id= sku_id= payment_tx= - Outbox dispatch poll failed cause=INJECTEDMESSAGINGFAULT
2026-08-11T10:33:16.987+08:00 INFO  d.f.m.outbox.OutboxDispatcher request_id= idempotency_key= order_id= user_id= sku_id= payment_tx= - Outbox publication outbox_id=459cf415-f04b-4213-b321-6a0a9cc32a0a command_id=f290be3bdf559f7f1a74f401f98102f9db17f58cafdb821784d18fdba40806ed outcome=ACKNOWLEDGED
2026-08-11T10:33:17.042+08:00 INFO  o.s.b.w.e.tomcat.GracefulShutdown request_id= idempotency_key= order_id= user_id= sku_id= payment_tx= - Commencing graceful shutdown. Waiting for active requests to complete
2026-08-11T10:33:19.049+08:00 INFO  o.s.b.w.e.tomcat.GracefulShutdown request_id= idempotency_key= order_id= user_id= sku_id= payment_tx= - Graceful shutdown complete
2026-08-11T10:33:19.049+08:00 ERROR org.apache.tomcat.util.net.Acceptor request_id= idempotency_key= order_id= user_id= sku_id= payment_tx= - Socket accept failed
java.nio.channels.AsynchronousCloseException: null
	at java.base/java.nio.channels.spi.AbstractInterruptibleChannel.end(AbstractInterruptibleChannel.java:218) ~[na:na]
	at java.base/sun.nio.ch.ServerSocketChannelImpl.end(ServerSocketChannelImpl.java:372) ~[na:na]
	at java.base/sun.nio.ch.ServerSocketChannelImpl.accept(ServerSocketChannelImpl.java:397) ~[na:na]
	at org.apache.tomcat.util.net.NioEndpoint.serverSocketAccept(NioEndpoint.java:537) ~[tomcat-embed-core-10.1.44.jar:10.1.44]
	at org.apache.tomcat.util.net.NioEndpoint.serverSocketAccept(NioEndpoint.java:72) ~[tomcat-embed-core-10.1.44.jar:10.1.44]
	at org.apache.tomcat.util.net.Acceptor.run(Acceptor.java:127) ~[tomcat-embed-core-10.1.44.jar:10.1.44]
	at java.base/java.lang.Thread.run(Thread.java:1516) ~[na:na]
2026-08-11T10:33:19.092+08:00 INFO  com.zaxxer.hikari.HikariDataSource request_id= idempotency_key= order_id= user_id= sku_id= payment_tx= - HikariPool-2 - Shutdown initiated...
2026-08-11T10:33:19.094+08:00 INFO  com.zaxxer.hikari.HikariDataSource request_id= idempotency_key= order_id= user_id= sku_id= payment_tx= - HikariPool-2 - Shutdown completed.
[INFO] Tests run: 1, Failures: 0, Errors: 0, Skipped: 0, Time elapsed: 8.811 s -- in dev.flashflow.V4OutboxProducerAckLossIntegrationTest
[INFO] Running dev.flashflow.ExpirationRollbackIntegrationTest
2026-08-11T10:33:19.104+08:00 INFO  o.s.t.c.s.AnnotationConfigContextLoaderUtils request_id= idempotency_key= order_id= user_id= sku_id= payment_tx= - Could not detect default configuration classes for test class [dev.flashflow.ExpirationRollbackIntegrationTest]: ExpirationRollbackIntegrationTest does not declare any static, non-private, non-final, nested classes annotated with @Configuration.
2026-08-11T10:33:19.106+08:00 INFO  o.s.b.t.c.SpringBootTestContextBootstrapper request_id= idempotency_key= order_id= user_id= sku_id= payment_tx= - Found @SpringBootConfiguration dev.flashflow.FlashFlowApplication for test class dev.flashflow.ExpirationRollbackIntegrationTest

  .   ____          _            __ _ _
 /\\ / ___'_ __ _ _(_)_ __  __ _ \ \ \ \
( ( )\___ | '_ | '_| | '_ \/ _` | \ \ \ \
 \\/  ___)| |_)| | | | | || (_| |  ) ) ) )
  '  |____| .__|_| |_|_| |_\__, | / / / /
 =========|_|==============|___/=/_/_/_/

 :: Spring Boot ::                (v3.5.5)

2026-08-11T10:33:19.126+08:00 INFO  d.f.ExpirationRollbackIntegrationTest request_id= idempotency_key= order_id= user_id= sku_id= payment_tx= - Starting ExpirationRollbackIntegrationTest using Java 26.0.2 with PID 65566 (started by yuzheng in /Users/yuzheng/Computeracy/Zhenkun26-GitHub/FlashFlow)
2026-08-11T10:33:19.126+08:00 INFO  d.f.ExpirationRollbackIntegrationTest request_id= idempotency_key= order_id= user_id= sku_id= payment_tx= - The following 1 profile is active: "test"
2026-08-11T10:33:19.240+08:00 INFO  o.s.d.r.c.RepositoryConfigurationDelegate request_id= idempotency_key= order_id= user_id= sku_id= payment_tx= - Multiple Spring Data modules found, entering strict repository configuration mode
2026-08-11T10:33:19.240+08:00 INFO  o.s.d.r.c.RepositoryConfigurationDelegate request_id= idempotency_key= order_id= user_id= sku_id= payment_tx= - Bootstrapping Spring Data Redis repositories in DEFAULT mode.
2026-08-11T10:33:19.245+08:00 INFO  o.s.d.r.c.RepositoryConfigurationDelegate request_id= idempotency_key= order_id= user_id= sku_id= payment_tx= - Finished Spring Data repository scanning in 4 ms. Found 0 Redis repository interfaces.
2026-08-11T10:33:19.358+08:00 INFO  com.zaxxer.hikari.HikariDataSource request_id= idempotency_key= order_id= user_id= sku_id= payment_tx= - HikariPool-3 - Starting...
2026-08-11T10:33:19.364+08:00 INFO  com.zaxxer.hikari.pool.HikariPool request_id= idempotency_key= order_id= user_id= sku_id= payment_tx= - HikariPool-3 - Added connection com.mysql.cj.jdbc.ConnectionImpl@565995a1
2026-08-11T10:33:19.364+08:00 INFO  com.zaxxer.hikari.HikariDataSource request_id= idempotency_key= order_id= user_id= sku_id= payment_tx= - HikariPool-3 - Start completed.
2026-08-11T10:33:19.366+08:00 INFO  org.flywaydb.core.FlywayExecutor request_id= idempotency_key= order_id= user_id= sku_id= payment_tx= - Database: jdbc:mysql://localhost:51657/flashflow (MySQL 8.4)
2026-08-11T10:33:19.369+08:00 WARN  o.f.c.i.database.base.Database request_id= idempotency_key= order_id= user_id= sku_id= payment_tx= - Flyway upgrade recommended: MySQL 8.4 is newer than this version of Flyway and support has not been tested. The latest supported version of MySQL is 8.1.
2026-08-11T10:33:19.374+08:00 INFO  o.f.core.internal.command.DbValidate request_id= idempotency_key= order_id= user_id= sku_id= payment_tx= - Successfully validated 4 migrations (execution time 00:00.004s)
2026-08-11T10:33:19.378+08:00 INFO  o.f.core.internal.command.DbMigrate request_id= idempotency_key= order_id= user_id= sku_id= payment_tx= - Current version of schema `flashflow`: 4
2026-08-11T10:33:19.378+08:00 INFO  o.f.core.internal.command.DbMigrate request_id= idempotency_key= order_id= user_id= sku_id= payment_tx= - Schema `flashflow` is up to date. No migration necessary.
2026-08-11T10:33:19.456+08:00 INFO  o.s.b.a.e.web.EndpointLinksResolver request_id= idempotency_key= order_id= user_id= sku_id= payment_tx= - Exposing 2 endpoints beneath base path '/actuator'
2026-08-11T10:33:19.461+08:00 INFO  d.f.ExpirationRollbackIntegrationTest request_id= idempotency_key= order_id= user_id= sku_id= payment_tx= - Started ExpirationRollbackIntegrationTest in 0.347 seconds (process running for 66.706)
[INFO] Tests run: 1, Failures: 0, Errors: 0, Skipped: 0, Time elapsed: 0.408 s -- in dev.flashflow.ExpirationRollbackIntegrationTest
[INFO] Running dev.flashflow.MigrationConstraintTest
2026-08-11T10:33:19.511+08:00 INFO  o.s.t.c.s.AnnotationConfigContextLoaderUtils request_id= idempotency_key= order_id= user_id= sku_id= payment_tx= - Could not detect default configuration classes for test class [dev.flashflow.MigrationConstraintTest]: MigrationConstraintTest does not declare any static, non-private, non-final, nested classes annotated with @Configuration.
2026-08-11T10:33:19.512+08:00 INFO  o.s.b.t.c.SpringBootTestContextBootstrapper request_id= idempotency_key= order_id= user_id= sku_id= payment_tx= - Found @SpringBootConfiguration dev.flashflow.FlashFlowApplication for test class dev.flashflow.MigrationConstraintTest

  .   ____          _            __ _ _
 /\\ / ___'_ __ _ _(_)_ __  __ _ \ \ \ \
( ( )\___ | '_ | '_| | '_ \/ _` | \ \ \ \
 \\/  ___)| |_)| | | | | || (_| |  ) ) ) )
  '  |____| .__|_| |_|_| |_\__, | / / / /
 =========|_|==============|___/=/_/_/_/

 :: Spring Boot ::                (v3.5.5)

2026-08-11T10:33:19.522+08:00 INFO  d.flashflow.MigrationConstraintTest request_id= idempotency_key= order_id= user_id= sku_id= payment_tx= - Starting MigrationConstraintTest using Java 26.0.2 with PID 65566 (started by yuzheng in /Users/yuzheng/Computeracy/Zhenkun26-GitHub/FlashFlow)
2026-08-11T10:33:19.522+08:00 INFO  d.flashflow.MigrationConstraintTest request_id= idempotency_key= order_id= user_id= sku_id= payment_tx= - The following 1 profile is active: "test"
2026-08-11T10:33:19.585+08:00 INFO  o.s.d.r.c.RepositoryConfigurationDelegate request_id= idempotency_key= order_id= user_id= sku_id= payment_tx= - Multiple Spring Data modules found, entering strict repository configuration mode
2026-08-11T10:33:19.585+08:00 INFO  o.s.d.r.c.RepositoryConfigurationDelegate request_id= idempotency_key= order_id= user_id= sku_id= payment_tx= - Bootstrapping Spring Data Redis repositories in DEFAULT mode.
2026-08-11T10:33:19.589+08:00 INFO  o.s.d.r.c.RepositoryConfigurationDelegate request_id= idempotency_key= order_id= user_id= sku_id= payment_tx= - Finished Spring Data repository scanning in 3 ms. Found 0 Redis repository interfaces.
2026-08-11T10:33:19.619+08:00 INFO  com.zaxxer.hikari.HikariDataSource request_id= idempotency_key= order_id= user_id= sku_id= payment_tx= - HikariPool-4 - Starting...
2026-08-11T10:33:19.627+08:00 INFO  com.zaxxer.hikari.pool.HikariPool request_id= idempotency_key= order_id= user_id= sku_id= payment_tx= - HikariPool-4 - Added connection com.mysql.cj.jdbc.ConnectionImpl@6d9c656d
2026-08-11T10:33:19.627+08:00 INFO  com.zaxxer.hikari.HikariDataSource request_id= idempotency_key= order_id= user_id= sku_id= payment_tx= - HikariPool-4 - Start completed.
2026-08-11T10:33:19.629+08:00 INFO  org.flywaydb.core.FlywayExecutor request_id= idempotency_key= order_id= user_id= sku_id= payment_tx= - Database: jdbc:mysql://localhost:51657/flashflow (MySQL 8.4)
2026-08-11T10:33:19.631+08:00 WARN  o.f.c.i.database.base.Database request_id= idempotency_key= order_id= user_id= sku_id= payment_tx= - Flyway upgrade recommended: MySQL 8.4 is newer than this version of Flyway and support has not been tested. The latest supported version of MySQL is 8.1.
2026-08-11T10:33:19.634+08:00 INFO  o.f.core.internal.command.DbValidate request_id= idempotency_key= order_id= user_id= sku_id= payment_tx= - Successfully validated 4 migrations (execution time 00:00.002s)
2026-08-11T10:33:19.637+08:00 INFO  o.f.core.internal.command.DbMigrate request_id= idempotency_key= order_id= user_id= sku_id= payment_tx= - Current version of schema `flashflow`: 4
2026-08-11T10:33:19.637+08:00 INFO  o.f.core.internal.command.DbMigrate request_id= idempotency_key= order_id= user_id= sku_id= payment_tx= - Schema `flashflow` is up to date. No migration necessary.
2026-08-11T10:33:19.699+08:00 INFO  o.s.b.a.e.web.EndpointLinksResolver request_id= idempotency_key= order_id= user_id= sku_id= payment_tx= - Exposing 2 endpoints beneath base path '/actuator'
2026-08-11T10:33:19.704+08:00 INFO  d.flashflow.MigrationConstraintTest request_id= idempotency_key= order_id= user_id= sku_id= payment_tx= - Started MigrationConstraintTest in 0.191 seconds (process running for 66.949)
[INFO] Tests run: 2, Failures: 0, Errors: 0, Skipped: 0, Time elapsed: 0.226 s -- in dev.flashflow.MigrationConstraintTest
[INFO] Running dev.flashflow.DomainStateTest
[INFO] Tests run: 3, Failures: 0, Errors: 0, Skipped: 0, Time elapsed: 0.001 s -- in dev.flashflow.DomainStateTest
[INFO] Running dev.flashflow.PaymentAndExpirationIntegrationTest
2026-08-11T10:33:19.739+08:00 INFO  o.s.t.c.s.AnnotationConfigContextLoaderUtils request_id= idempotency_key= order_id= user_id= sku_id= payment_tx= - Could not detect default configuration classes for test class [dev.flashflow.PaymentAndExpirationIntegrationTest]: PaymentAndExpirationIntegrationTest does not declare any static, non-private, non-final, nested classes annotated with @Configuration.
2026-08-11T10:33:19.740+08:00 INFO  o.s.b.t.c.SpringBootTestContextBootstrapper request_id= idempotency_key= order_id= user_id= sku_id= payment_tx= - Found @SpringBootConfiguration dev.flashflow.FlashFlowApplication for test class dev.flashflow.PaymentAndExpirationIntegrationTest
[INFO] Tests run: 3, Failures: 0, Errors: 0, Skipped: 0, Time elapsed: 0.084 s -- in dev.flashflow.PaymentAndExpirationIntegrationTest
[INFO] Running dev.flashflow.ExpirationAdmissionFailureIntegrationTest
2026-08-11T10:33:19.824+08:00 INFO  o.s.t.c.s.AnnotationConfigContextLoaderUtils request_id= idempotency_key= order_id= user_id= sku_id= payment_tx= - Could not detect default configuration classes for test class [dev.flashflow.ExpirationAdmissionFailureIntegrationTest]: ExpirationAdmissionFailureIntegrationTest does not declare any static, non-private, non-final, nested classes annotated with @Configuration.
2026-08-11T10:33:19.824+08:00 INFO  o.s.b.t.c.SpringBootTestContextBootstrapper request_id= idempotency_key= order_id= user_id= sku_id= payment_tx= - Found @SpringBootConfiguration dev.flashflow.FlashFlowApplication for test class dev.flashflow.ExpirationAdmissionFailureIntegrationTest

  .   ____          _            __ _ _
 /\\ / ___'_ __ _ _(_)_ __  __ _ \ \ \ \
( ( )\___ | '_ | '_| | '_ \/ _` | \ \ \ \
 \\/  ___)| |_)| | | | | || (_| |  ) ) ) )
  '  |____| .__|_| |_|_| |_\__, | / / / /
 =========|_|==============|___/=/_/_/_/

 :: Spring Boot ::                (v3.5.5)

2026-08-11T10:33:19.831+08:00 INFO  d.f.ExpirationAdmissionFailureIntegrationTest request_id= idempotency_key= order_id= user_id= sku_id= payment_tx= - Starting ExpirationAdmissionFailureIntegrationTest using Java 26.0.2 with PID 65566 (started by yuzheng in /Users/yuzheng/Computeracy/Zhenkun26-GitHub/FlashFlow)
2026-08-11T10:33:19.831+08:00 INFO  d.f.ExpirationAdmissionFailureIntegrationTest request_id= idempotency_key= order_id= user_id= sku_id= payment_tx= - The following 1 profile is active: "test"
2026-08-11T10:33:19.897+08:00 INFO  o.s.d.r.c.RepositoryConfigurationDelegate request_id= idempotency_key= order_id= user_id= sku_id= payment_tx= - Multiple Spring Data modules found, entering strict repository configuration mode
2026-08-11T10:33:19.897+08:00 INFO  o.s.d.r.c.RepositoryConfigurationDelegate request_id= idempotency_key= order_id= user_id= sku_id= payment_tx= - Bootstrapping Spring Data Redis repositories in DEFAULT mode.
2026-08-11T10:33:19.903+08:00 INFO  o.s.d.r.c.RepositoryConfigurationDelegate request_id= idempotency_key= order_id= user_id= sku_id= payment_tx= - Finished Spring Data repository scanning in 5 ms. Found 0 Redis repository interfaces.
2026-08-11T10:33:20.083+08:00 INFO  com.zaxxer.hikari.HikariDataSource request_id= idempotency_key= order_id= user_id= sku_id= payment_tx= - HikariPool-5 - Starting...
2026-08-11T10:33:20.097+08:00 INFO  com.zaxxer.hikari.pool.HikariPool request_id= idempotency_key= order_id= user_id= sku_id= payment_tx= - HikariPool-5 - Added connection com.mysql.cj.jdbc.ConnectionImpl@21d40c7c
2026-08-11T10:33:20.097+08:00 INFO  com.zaxxer.hikari.HikariDataSource request_id= idempotency_key= order_id= user_id= sku_id= payment_tx= - HikariPool-5 - Start completed.
2026-08-11T10:33:20.101+08:00 INFO  org.flywaydb.core.FlywayExecutor request_id= idempotency_key= order_id= user_id= sku_id= payment_tx= - Database: jdbc:mysql://localhost:51657/flashflow (MySQL 8.4)
2026-08-11T10:33:20.109+08:00 WARN  o.f.c.i.database.base.Database request_id= idempotency_key= order_id= user_id= sku_id= payment_tx= - Flyway upgrade recommended: MySQL 8.4 is newer than this version of Flyway and support has not been tested. The latest supported version of MySQL is 8.1.
2026-08-11T10:33:20.117+08:00 INFO  o.f.core.internal.command.DbValidate request_id= idempotency_key= order_id= user_id= sku_id= payment_tx= - Successfully validated 4 migrations (execution time 00:00.006s)
2026-08-11T10:33:20.128+08:00 INFO  o.f.core.internal.command.DbMigrate request_id= idempotency_key= order_id= user_id= sku_id= payment_tx= - Current version of schema `flashflow`: 4
2026-08-11T10:33:20.129+08:00 INFO  o.f.core.internal.command.DbMigrate request_id= idempotency_key= order_id= user_id= sku_id= payment_tx= - Schema `flashflow` is up to date. No migration necessary.
2026-08-11T10:33:20.296+08:00 INFO  o.s.b.a.e.web.EndpointLinksResolver request_id= idempotency_key= order_id= user_id= sku_id= payment_tx= - Exposing 2 endpoints beneath base path '/actuator'
2026-08-11T10:33:20.307+08:00 INFO  d.f.ExpirationAdmissionFailureIntegrationTest request_id= idempotency_key= order_id= user_id= sku_id= payment_tx= - Started ExpirationAdmissionFailureIntegrationTest in 0.482 seconds (process running for 67.552)
[INFO] Tests run: 1, Failures: 0, Errors: 0, Skipped: 0, Time elapsed: 0.554 s -- in dev.flashflow.ExpirationAdmissionFailureIntegrationTest
[INFO] Running dev.flashflow.DelayedExpirationIntegrationTest
2026-08-11T10:33:20.379+08:00 INFO  o.s.t.c.s.AnnotationConfigContextLoaderUtils request_id= idempotency_key= order_id= user_id= sku_id= payment_tx= - Could not detect default configuration classes for test class [dev.flashflow.DelayedExpirationIntegrationTest]: DelayedExpirationIntegrationTest does not declare any static, non-private, non-final, nested classes annotated with @Configuration.
2026-08-11T10:33:20.379+08:00 INFO  o.s.b.t.c.SpringBootTestContextBootstrapper request_id= idempotency_key= order_id= user_id= sku_id= payment_tx= - Found @SpringBootConfiguration dev.flashflow.FlashFlowApplication for test class dev.flashflow.DelayedExpirationIntegrationTest
[INFO] Tests run: 2, Failures: 0, Errors: 0, Skipped: 0, Time elapsed: 0.164 s -- in dev.flashflow.DelayedExpirationIntegrationTest
[INFO] Running dev.flashflow.ForeignKeyLockUpgradeIntegrationTest
2026-08-11T10:33:20.545+08:00 INFO  o.s.t.c.s.AnnotationConfigContextLoaderUtils request_id= idempotency_key= order_id= user_id= sku_id= payment_tx= - Could not detect default configuration classes for test class [dev.flashflow.ForeignKeyLockUpgradeIntegrationTest]: ForeignKeyLockUpgradeIntegrationTest does not declare any static, non-private, non-final, nested classes annotated with @Configuration.
2026-08-11T10:33:20.546+08:00 INFO  o.s.b.t.c.SpringBootTestContextBootstrapper request_id= idempotency_key= order_id= user_id= sku_id= payment_tx= - Found @SpringBootConfiguration dev.flashflow.FlashFlowApplication for test class dev.flashflow.ForeignKeyLockUpgradeIntegrationTest
[INFO] Tests run: 2, Failures: 0, Errors: 0, Skipped: 0, Time elapsed: 0.160 s -- in dev.flashflow.ForeignKeyLockUpgradeIntegrationTest
[INFO] Running dev.flashflow.MessagingReadinessReporterTest
[INFO] Tests run: 3, Failures: 0, Errors: 0, Skipped: 0, Time elapsed: 0.018 s -- in dev.flashflow.MessagingReadinessReporterTest
[INFO] Running dev.flashflow.ExperimentReporterTest
[INFO] Tests run: 1, Failures: 0, Errors: 0, Skipped: 0, Time elapsed: 0.001 s -- in dev.flashflow.ExperimentReporterTest
[INFO] Running dev.flashflow.admission.AdmissionReconciliationFailureTest
[INFO] Tests run: 1, Failures: 0, Errors: 0, Skipped: 0, Time elapsed: 0.014 s -- in dev.flashflow.admission.AdmissionReconciliationFailureTest
[INFO] Running dev.flashflow.admission.RedisLuaAdmissionFailureTest
[INFO] Tests run: 1, Failures: 0, Errors: 0, Skipped: 0, Time elapsed: 0.174 s -- in dev.flashflow.admission.RedisLuaAdmissionFailureTest
[INFO] Running dev.flashflow.ConcurrentIdempotencyIntegrationTest
2026-08-11T10:33:20.913+08:00 INFO  o.s.t.c.s.AnnotationConfigContextLoaderUtils request_id= idempotency_key= order_id= user_id= sku_id= payment_tx= - Could not detect default configuration classes for test class [dev.flashflow.ConcurrentIdempotencyIntegrationTest]: ConcurrentIdempotencyIntegrationTest does not declare any static, non-private, non-final, nested classes annotated with @Configuration.
2026-08-11T10:33:20.914+08:00 INFO  o.s.b.t.c.SpringBootTestContextBootstrapper request_id= idempotency_key= order_id= user_id= sku_id= payment_tx= - Found @SpringBootConfiguration dev.flashflow.FlashFlowApplication for test class dev.flashflow.ConcurrentIdempotencyIntegrationTest
[INFO] Tests run: 2, Failures: 0, Errors: 0, Skipped: 0, Time elapsed: 0.151 s -- in dev.flashflow.ConcurrentIdempotencyIntegrationTest
[INFO] Running dev.flashflow.OutboxAcceptanceIntegrationTest
2026-08-11T10:33:21.073+08:00 INFO  o.s.t.c.s.AnnotationConfigContextLoaderUtils request_id= idempotency_key= order_id= user_id= sku_id= payment_tx= - Could not detect default configuration classes for test class [dev.flashflow.OutboxAcceptanceIntegrationTest]: OutboxAcceptanceIntegrationTest does not declare any static, non-private, non-final, nested classes annotated with @Configuration.
2026-08-11T10:33:21.080+08:00 INFO  o.s.b.t.c.SpringBootTestContextBootstrapper request_id= idempotency_key= order_id= user_id= sku_id= payment_tx= - Found @SpringBootConfiguration dev.flashflow.FlashFlowApplication for test class dev.flashflow.OutboxAcceptanceIntegrationTest

  .   ____          _            __ _ _
 /\\ / ___'_ __ _ _(_)_ __  __ _ \ \ \ \
( ( )\___ | '_ | '_| | '_ \/ _` | \ \ \ \
 \\/  ___)| |_)| | | | | || (_| |  ) ) ) )
  '  |____| .__|_| |_|_| |_\__, | / / / /
 =========|_|==============|___/=/_/_/_/

 :: Spring Boot ::                (v3.5.5)

2026-08-11T10:33:21.097+08:00 INFO  d.f.OutboxAcceptanceIntegrationTest request_id= idempotency_key= order_id= user_id= sku_id= payment_tx= - Starting OutboxAcceptanceIntegrationTest using Java 26.0.2 with PID 65566 (started by yuzheng in /Users/yuzheng/Computeracy/Zhenkun26-GitHub/FlashFlow)
2026-08-11T10:33:21.097+08:00 INFO  d.f.OutboxAcceptanceIntegrationTest request_id= idempotency_key= order_id= user_id= sku_id= payment_tx= - The following 1 profile is active: "test"
2026-08-11T10:33:21.278+08:00 INFO  o.s.d.r.c.RepositoryConfigurationDelegate request_id= idempotency_key= order_id= user_id= sku_id= payment_tx= - Multiple Spring Data modules found, entering strict repository configuration mode
2026-08-11T10:33:21.278+08:00 INFO  o.s.d.r.c.RepositoryConfigurationDelegate request_id= idempotency_key= order_id= user_id= sku_id= payment_tx= - Bootstrapping Spring Data Redis repositories in DEFAULT mode.
2026-08-11T10:33:21.283+08:00 INFO  o.s.d.r.c.RepositoryConfigurationDelegate request_id= idempotency_key= order_id= user_id= sku_id= payment_tx= - Finished Spring Data repository scanning in 5 ms. Found 0 Redis repository interfaces.
2026-08-11T10:33:21.374+08:00 INFO  com.zaxxer.hikari.HikariDataSource request_id= idempotency_key= order_id= user_id= sku_id= payment_tx= - HikariPool-6 - Starting...
2026-08-11T10:33:21.383+08:00 INFO  com.zaxxer.hikari.pool.HikariPool request_id= idempotency_key= order_id= user_id= sku_id= payment_tx= - HikariPool-6 - Added connection com.mysql.cj.jdbc.ConnectionImpl@3c49b588
2026-08-11T10:33:21.383+08:00 INFO  com.zaxxer.hikari.HikariDataSource request_id= idempotency_key= order_id= user_id= sku_id= payment_tx= - HikariPool-6 - Start completed.
2026-08-11T10:33:21.385+08:00 INFO  org.flywaydb.core.FlywayExecutor request_id= idempotency_key= order_id= user_id= sku_id= payment_tx= - Database: jdbc:mysql://localhost:51657/flashflow (MySQL 8.4)
2026-08-11T10:33:21.389+08:00 WARN  o.f.c.i.database.base.Database request_id= idempotency_key= order_id= user_id= sku_id= payment_tx= - Flyway upgrade recommended: MySQL 8.4 is newer than this version of Flyway and support has not been tested. The latest supported version of MySQL is 8.1.
2026-08-11T10:33:21.394+08:00 INFO  o.f.core.internal.command.DbValidate request_id= idempotency_key= order_id= user_id= sku_id= payment_tx= - Successfully validated 4 migrations (execution time 00:00.004s)
2026-08-11T10:33:21.399+08:00 INFO  o.f.core.internal.command.DbMigrate request_id= idempotency_key= order_id= user_id= sku_id= payment_tx= - Current version of schema `flashflow`: 4
2026-08-11T10:33:21.400+08:00 INFO  o.f.core.internal.command.DbMigrate request_id= idempotency_key= order_id= user_id= sku_id= payment_tx= - Schema `flashflow` is up to date. No migration necessary.
2026-08-11T10:33:21.481+08:00 INFO  o.s.b.a.e.web.EndpointLinksResolver request_id= idempotency_key= order_id= user_id= sku_id= payment_tx= - Exposing 2 endpoints beneath base path '/actuator'
2026-08-11T10:33:21.487+08:00 INFO  d.f.OutboxAcceptanceIntegrationTest request_id= idempotency_key= order_id= user_id= sku_id= payment_tx= - Started OutboxAcceptanceIntegrationTest in 0.405 seconds (process running for 68.732)
[INFO] Tests run: 2, Failures: 0, Errors: 0, Skipped: 0, Time elapsed: 0.474 s -- in dev.flashflow.OutboxAcceptanceIntegrationTest
[INFO] Running dev.flashflow.RedisLuaAdmissionIntegrationTest
2026-08-11T10:33:21.548+08:00 INFO  o.s.t.c.s.AnnotationConfigContextLoaderUtils request_id= idempotency_key= order_id= user_id= sku_id= payment_tx= - Could not detect default configuration classes for test class [dev.flashflow.RedisLuaAdmissionIntegrationTest]: RedisLuaAdmissionIntegrationTest does not declare any static, non-private, non-final, nested classes annotated with @Configuration.
2026-08-11T10:33:21.549+08:00 INFO  o.s.b.t.c.SpringBootTestContextBootstrapper request_id= idempotency_key= order_id= user_id= sku_id= payment_tx= - Found @SpringBootConfiguration dev.flashflow.FlashFlowApplication for test class dev.flashflow.RedisLuaAdmissionIntegrationTest

  .   ____          _            __ _ _
 /\\ / ___'_ __ _ _(_)_ __  __ _ \ \ \ \
( ( )\___ | '_ | '_| | '_ \/ _` | \ \ \ \
 \\/  ___)| |_)| | | | | || (_| |  ) ) ) )
  '  |____| .__|_| |_|_| |_\__, | / / / /
 =========|_|==============|___/=/_/_/_/

 :: Spring Boot ::                (v3.5.5)

2026-08-11T10:33:21.557+08:00 INFO  d.f.RedisLuaAdmissionIntegrationTest request_id= idempotency_key= order_id= user_id= sku_id= payment_tx= - Starting RedisLuaAdmissionIntegrationTest using Java 26.0.2 with PID 65566 (started by yuzheng in /Users/yuzheng/Computeracy/Zhenkun26-GitHub/FlashFlow)
2026-08-11T10:33:21.557+08:00 INFO  d.f.RedisLuaAdmissionIntegrationTest request_id= idempotency_key= order_id= user_id= sku_id= payment_tx= - The following 1 profile is active: "test"
2026-08-11T10:33:21.623+08:00 INFO  o.s.d.r.c.RepositoryConfigurationDelegate request_id= idempotency_key= order_id= user_id= sku_id= payment_tx= - Multiple Spring Data modules found, entering strict repository configuration mode
2026-08-11T10:33:21.623+08:00 INFO  o.s.d.r.c.RepositoryConfigurationDelegate request_id= idempotency_key= order_id= user_id= sku_id= payment_tx= - Bootstrapping Spring Data Redis repositories in DEFAULT mode.
2026-08-11T10:33:21.628+08:00 INFO  o.s.d.r.c.RepositoryConfigurationDelegate request_id= idempotency_key= order_id= user_id= sku_id= payment_tx= - Finished Spring Data repository scanning in 4 ms. Found 0 Redis repository interfaces.
2026-08-11T10:33:21.657+08:00 INFO  com.zaxxer.hikari.HikariDataSource request_id= idempotency_key= order_id= user_id= sku_id= payment_tx= - HikariPool-7 - Starting...
2026-08-11T10:33:21.665+08:00 INFO  com.zaxxer.hikari.pool.HikariPool request_id= idempotency_key= order_id= user_id= sku_id= payment_tx= - HikariPool-7 - Added connection com.mysql.cj.jdbc.ConnectionImpl@c9c03ea
2026-08-11T10:33:21.665+08:00 INFO  com.zaxxer.hikari.HikariDataSource request_id= idempotency_key= order_id= user_id= sku_id= payment_tx= - HikariPool-7 - Start completed.
2026-08-11T10:33:21.668+08:00 INFO  org.flywaydb.core.FlywayExecutor request_id= idempotency_key= order_id= user_id= sku_id= payment_tx= - Database: jdbc:mysql://localhost:51657/flashflow (MySQL 8.4)
2026-08-11T10:33:21.671+08:00 WARN  o.f.c.i.database.base.Database request_id= idempotency_key= order_id= user_id= sku_id= payment_tx= - Flyway upgrade recommended: MySQL 8.4 is newer than this version of Flyway and support has not been tested. The latest supported version of MySQL is 8.1.
2026-08-11T10:33:21.677+08:00 INFO  o.f.core.internal.command.DbValidate request_id= idempotency_key= order_id= user_id= sku_id= payment_tx= - Successfully validated 4 migrations (execution time 00:00.005s)
2026-08-11T10:33:21.682+08:00 INFO  o.f.core.internal.command.DbMigrate request_id= idempotency_key= order_id= user_id= sku_id= payment_tx= - Current version of schema `flashflow`: 4
2026-08-11T10:33:21.683+08:00 INFO  o.f.core.internal.command.DbMigrate request_id= idempotency_key= order_id= user_id= sku_id= payment_tx= - Schema `flashflow` is up to date. No migration necessary.
2026-08-11T10:33:21.746+08:00 INFO  o.s.b.a.e.web.EndpointLinksResolver request_id= idempotency_key= order_id= user_id= sku_id= payment_tx= - Exposing 2 endpoints beneath base path '/actuator'
2026-08-11T10:33:21.752+08:00 INFO  d.f.RedisLuaAdmissionIntegrationTest request_id= idempotency_key= order_id= user_id= sku_id= payment_tx= - Started RedisLuaAdmissionIntegrationTest in 0.202 seconds (process running for 68.997)
[INFO] Tests run: 6, Failures: 0, Errors: 0, Skipped: 0, Time elapsed: 0.280 s -- in dev.flashflow.RedisLuaAdmissionIntegrationTest
[INFO] Running dev.flashflow.AdmissionReconciliationIntegrationTest
2026-08-11T10:33:21.828+08:00 INFO  o.s.t.c.s.AnnotationConfigContextLoaderUtils request_id= idempotency_key= order_id= user_id= sku_id= payment_tx= - Could not detect default configuration classes for test class [dev.flashflow.AdmissionReconciliationIntegrationTest]: AdmissionReconciliationIntegrationTest does not declare any static, non-private, non-final, nested classes annotated with @Configuration.
2026-08-11T10:33:21.830+08:00 INFO  o.s.b.t.c.SpringBootTestContextBootstrapper request_id= idempotency_key= order_id= user_id= sku_id= payment_tx= - Found @SpringBootConfiguration dev.flashflow.FlashFlowApplication for test class dev.flashflow.AdmissionReconciliationIntegrationTest
[INFO] Tests run: 6, Failures: 0, Errors: 0, Skipped: 0, Time elapsed: 0.249 s -- in dev.flashflow.AdmissionReconciliationIntegrationTest
[INFO] Running dev.flashflow.OrderCommandConsumerIntegrationTest
2026-08-11T10:33:22.078+08:00 INFO  o.s.t.c.s.AnnotationConfigContextLoaderUtils request_id= idempotency_key= order_id= user_id= sku_id= payment_tx= - Could not detect default configuration classes for test class [dev.flashflow.OrderCommandConsumerIntegrationTest]: OrderCommandConsumerIntegrationTest does not declare any static, non-private, non-final, nested classes annotated with @Configuration.
2026-08-11T10:33:22.079+08:00 INFO  o.s.b.t.c.SpringBootTestContextBootstrapper request_id= idempotency_key= order_id= user_id= sku_id= payment_tx= - Found @SpringBootConfiguration dev.flashflow.FlashFlowApplication for test class dev.flashflow.OrderCommandConsumerIntegrationTest
[INFO] Tests run: 4, Failures: 0, Errors: 0, Skipped: 0, Time elapsed: 0.119 s -- in dev.flashflow.OrderCommandConsumerIntegrationTest
[INFO] Running dev.flashflow.CommandLedgerIntegrationTest
2026-08-11T10:33:22.198+08:00 INFO  o.s.t.c.s.AnnotationConfigContextLoaderUtils request_id= idempotency_key= order_id= user_id= sku_id= payment_tx= - Could not detect default configuration classes for test class [dev.flashflow.CommandLedgerIntegrationTest]: CommandLedgerIntegrationTest does not declare any static, non-private, non-final, nested classes annotated with @Configuration.
2026-08-11T10:33:22.198+08:00 INFO  o.s.b.t.c.SpringBootTestContextBootstrapper request_id= idempotency_key= order_id= user_id= sku_id= payment_tx= - Found @SpringBootConfiguration dev.flashflow.FlashFlowApplication for test class dev.flashflow.CommandLedgerIntegrationTest
[INFO] Tests run: 2, Failures: 0, Errors: 0, Skipped: 0, Time elapsed: 0.031 s -- in dev.flashflow.CommandLedgerIntegrationTest
[INFO] Running dev.flashflow.V3ControlledComparisonIntegrationTest
2026-08-11T10:33:22.229+08:00 INFO  o.s.t.c.s.AnnotationConfigContextLoaderUtils request_id= idempotency_key= order_id= user_id= sku_id= payment_tx= - Could not detect default configuration classes for test class [dev.flashflow.V3ControlledComparisonIntegrationTest]: V3ControlledComparisonIntegrationTest does not declare any static, non-private, non-final, nested classes annotated with @Configuration.
2026-08-11T10:33:22.230+08:00 INFO  o.s.b.t.c.SpringBootTestContextBootstrapper request_id= idempotency_key= order_id= user_id= sku_id= payment_tx= - Found @SpringBootConfiguration dev.flashflow.FlashFlowApplication for test class dev.flashflow.V3ControlledComparisonIntegrationTest

  .   ____          _            __ _ _
 /\\ / ___'_ __ _ _(_)_ __  __ _ \ \ \ \
( ( )\___ | '_ | '_| | '_ \/ _` | \ \ \ \
 \\/  ___)| |_)| | | | | || (_| |  ) ) ) )
  '  |____| .__|_| |_|_| |_\__, | / / / /
 =========|_|==============|___/=/_/_/_/

 :: Spring Boot ::                (v3.5.5)

2026-08-11T10:33:22.237+08:00 INFO  d.f.V3ControlledComparisonIntegrationTest request_id= idempotency_key= order_id= user_id= sku_id= payment_tx= - Starting V3ControlledComparisonIntegrationTest using Java 26.0.2 with PID 65566 (started by yuzheng in /Users/yuzheng/Computeracy/Zhenkun26-GitHub/FlashFlow)
2026-08-11T10:33:22.237+08:00 INFO  d.f.V3ControlledComparisonIntegrationTest request_id= idempotency_key= order_id= user_id= sku_id= payment_tx= - The following 1 profile is active: "test"
2026-08-11T10:33:22.296+08:00 INFO  o.s.d.r.c.RepositoryConfigurationDelegate request_id= idempotency_key= order_id= user_id= sku_id= payment_tx= - Multiple Spring Data modules found, entering strict repository configuration mode
2026-08-11T10:33:22.296+08:00 INFO  o.s.d.r.c.RepositoryConfigurationDelegate request_id= idempotency_key= order_id= user_id= sku_id= payment_tx= - Bootstrapping Spring Data Redis repositories in DEFAULT mode.
2026-08-11T10:33:22.300+08:00 INFO  o.s.d.r.c.RepositoryConfigurationDelegate request_id= idempotency_key= order_id= user_id= sku_id= payment_tx= - Finished Spring Data repository scanning in 3 ms. Found 0 Redis repository interfaces.
2026-08-11T10:33:22.325+08:00 INFO  o.s.b.w.e.tomcat.TomcatWebServer request_id= idempotency_key= order_id= user_id= sku_id= payment_tx= - Tomcat initialized with port 0 (http)
2026-08-11T10:33:22.325+08:00 INFO  o.a.catalina.core.StandardService request_id= idempotency_key= order_id= user_id= sku_id= payment_tx= - Starting service [Tomcat]
2026-08-11T10:33:22.325+08:00 INFO  o.a.catalina.core.StandardEngine request_id= idempotency_key= order_id= user_id= sku_id= payment_tx= - Starting Servlet engine: [Apache Tomcat/10.1.44]
2026-08-11T10:33:22.331+08:00 INFO  o.a.c.c.C.[Tomcat].[localhost].[/] request_id= idempotency_key= order_id= user_id= sku_id= payment_tx= - Initializing Spring embedded WebApplicationContext
2026-08-11T10:33:22.331+08:00 INFO  o.s.b.w.s.c.ServletWebServerApplicationContext request_id= idempotency_key= order_id= user_id= sku_id= payment_tx= - Root WebApplicationContext: initialization completed in 93 ms
Standard Commons Logging discovery in action with spring-jcl: please remove commons-logging.jar from classpath in order to avoid potential conflicts
2026-08-11T10:33:22.354+08:00 INFO  com.zaxxer.hikari.HikariDataSource request_id= idempotency_key= order_id= user_id= sku_id= payment_tx= - HikariPool-8 - Starting...
2026-08-11T10:33:22.360+08:00 INFO  com.zaxxer.hikari.pool.HikariPool request_id= idempotency_key= order_id= user_id= sku_id= payment_tx= - HikariPool-8 - Added connection com.mysql.cj.jdbc.ConnectionImpl@4457fec
2026-08-11T10:33:22.360+08:00 INFO  com.zaxxer.hikari.HikariDataSource request_id= idempotency_key= order_id= user_id= sku_id= payment_tx= - HikariPool-8 - Start completed.
2026-08-11T10:33:22.363+08:00 INFO  org.flywaydb.core.FlywayExecutor request_id= idempotency_key= order_id= user_id= sku_id= payment_tx= - Database: jdbc:mysql://localhost:51657/flashflow (MySQL 8.4)
2026-08-11T10:33:22.365+08:00 WARN  o.f.c.i.database.base.Database request_id= idempotency_key= order_id= user_id= sku_id= payment_tx= - Flyway upgrade recommended: MySQL 8.4 is newer than this version of Flyway and support has not been tested. The latest supported version of MySQL is 8.1.
2026-08-11T10:33:22.369+08:00 INFO  o.f.core.internal.command.DbValidate request_id= idempotency_key= order_id= user_id= sku_id= payment_tx= - Successfully validated 4 migrations (execution time 00:00.002s)
2026-08-11T10:33:22.372+08:00 INFO  o.f.core.internal.command.DbMigrate request_id= idempotency_key= order_id= user_id= sku_id= payment_tx= - Current version of schema `flashflow`: 4
2026-08-11T10:33:22.373+08:00 INFO  o.f.core.internal.command.DbMigrate request_id= idempotency_key= order_id= user_id= sku_id= payment_tx= - Schema `flashflow` is up to date. No migration necessary.
2026-08-11T10:33:22.484+08:00 INFO  o.s.b.a.e.web.EndpointLinksResolver request_id= idempotency_key= order_id= user_id= sku_id= payment_tx= - Exposing 2 endpoints beneath base path '/actuator'
2026-08-11T10:33:22.489+08:00 INFO  o.s.b.w.e.tomcat.TomcatWebServer request_id= idempotency_key= order_id= user_id= sku_id= payment_tx= - Tomcat started on port 53797 (http) with context path '/'
2026-08-11T10:33:22.491+08:00 INFO  d.f.V3ControlledComparisonIntegrationTest request_id= idempotency_key= order_id= user_id= sku_id= payment_tx= - Started V3ControlledComparisonIntegrationTest in 0.261 seconds (process running for 69.736)
2026-08-11T10:33:24.566+08:00 INFO  o.a.c.c.C.[Tomcat].[localhost].[/] request_id= idempotency_key= order_id= user_id= sku_id= payment_tx= - Initializing Spring DispatcherServlet 'dispatcherServlet'
2026-08-11T10:33:24.566+08:00 INFO  o.s.web.servlet.DispatcherServlet request_id= idempotency_key= order_id= user_id= sku_id= payment_tx= - Initializing Servlet 'dispatcherServlet'
2026-08-11T10:33:24.566+08:00 INFO  o.s.web.servlet.DispatcherServlet request_id= idempotency_key= order_id= user_id= sku_id= payment_tx= - Completed initialization in 0 ms
2026-08-11T10:34:24.701+08:00 INFO  o.s.b.w.e.tomcat.GracefulShutdown request_id= idempotency_key= order_id= user_id= sku_id= payment_tx= - Commencing graceful shutdown. Waiting for active requests to complete
2026-08-11T10:34:26.707+08:00 INFO  o.s.b.w.e.tomcat.GracefulShutdown request_id= idempotency_key= order_id= user_id= sku_id= payment_tx= - Graceful shutdown complete
2026-08-11T10:34:26.708+08:00 ERROR org.apache.tomcat.util.net.Acceptor request_id= idempotency_key= order_id= user_id= sku_id= payment_tx= - Socket accept failed
java.nio.channels.AsynchronousCloseException: null
	at java.base/java.nio.channels.spi.AbstractInterruptibleChannel.end(AbstractInterruptibleChannel.java:218) ~[na:na]
	at java.base/sun.nio.ch.ServerSocketChannelImpl.end(ServerSocketChannelImpl.java:372) ~[na:na]
	at java.base/sun.nio.ch.ServerSocketChannelImpl.accept(ServerSocketChannelImpl.java:397) ~[na:na]
	at org.apache.tomcat.util.net.NioEndpoint.serverSocketAccept(NioEndpoint.java:537) ~[tomcat-embed-core-10.1.44.jar:10.1.44]
	at org.apache.tomcat.util.net.NioEndpoint.serverSocketAccept(NioEndpoint.java:72) ~[tomcat-embed-core-10.1.44.jar:10.1.44]
	at org.apache.tomcat.util.net.Acceptor.run(Acceptor.java:127) ~[tomcat-embed-core-10.1.44.jar:10.1.44]
	at java.base/java.lang.Thread.run(Thread.java:1516) ~[na:na]
2026-08-11T10:34:28.490+08:00 INFO  com.zaxxer.hikari.HikariDataSource request_id= idempotency_key= order_id= user_id= sku_id= payment_tx= - HikariPool-8 - Shutdown initiated...
2026-08-11T10:34:28.496+08:00 INFO  com.zaxxer.hikari.HikariDataSource request_id= idempotency_key= order_id= user_id= sku_id= payment_tx= - HikariPool-8 - Shutdown completed.
[ERROR] Tests run: 1, Failures: 1, Errors: 0, Skipped: 0, Time elapsed: 66.27 s <<< FAILURE! -- in dev.flashflow.V3ControlledComparisonIntegrationTest
[ERROR] dev.flashflow.V3ControlledComparisonIntegrationTest.separatesSynchronousCompletionFromV3AcceptanceAndCompletion -- Time elapsed: 62.21 s <<< FAILURE!
java.lang.AssertionError: direct publication did not recover within PT1M
	at dev.flashflow.V3ControlledComparisonIntegrationTest.postUntilAccepted(V3ControlledComparisonIntegrationTest.java:123)
	at dev.flashflow.V3ControlledComparisonIntegrationTest.separatesSynchronousCompletionFromV3AcceptanceAndCompletion(V3ControlledComparisonIntegrationTest.java:74)
	at java.base/java.lang.reflect.Method.invoke(Method.java:565)
	at java.base/java.util.ArrayList.forEach(ArrayList.java:1612)
	at java.base/java.util.ArrayList.forEach(ArrayList.java:1612)

[INFO] Running dev.flashflow.shared.config.UnsafeStrategyGuardTest
[INFO] Tests run: 2, Failures: 0, Errors: 0, Skipped: 0, Time elapsed: 0.011 s -- in dev.flashflow.shared.config.UnsafeStrategyGuardTest
[INFO] Running dev.flashflow.shared.config.MessagingConfigurationGuardTest
[INFO] Tests run: 5, Failures: 0, Errors: 0, Skipped: 0, Time elapsed: 0.002 s -- in dev.flashflow.shared.config.MessagingConfigurationGuardTest
[INFO] Running dev.flashflow.shared.config.AdmissionConfigurationGuardTest
[INFO] Tests run: 2, Failures: 0, Errors: 0, Skipped: 0, Time elapsed: 0.002 s -- in dev.flashflow.shared.config.AdmissionConfigurationGuardTest
[INFO] Running dev.flashflow.AdmissionCrossStoreFailureIntegrationTest
2026-08-11T10:34:28.524+08:00 INFO  o.s.t.c.s.AnnotationConfigContextLoaderUtils request_id= idempotency_key= order_id= user_id= sku_id= payment_tx= - Could not detect default configuration classes for test class [dev.flashflow.AdmissionCrossStoreFailureIntegrationTest]: AdmissionCrossStoreFailureIntegrationTest does not declare any static, non-private, non-final, nested classes annotated with @Configuration.
2026-08-11T10:34:28.525+08:00 INFO  o.s.b.t.c.SpringBootTestContextBootstrapper request_id= idempotency_key= order_id= user_id= sku_id= payment_tx= - Found @SpringBootConfiguration dev.flashflow.FlashFlowApplication for test class dev.flashflow.AdmissionCrossStoreFailureIntegrationTest
[INFO] Tests run: 4, Failures: 0, Errors: 0, Skipped: 0, Time elapsed: 0.090 s -- in dev.flashflow.AdmissionCrossStoreFailureIntegrationTest
[INFO] Running dev.flashflow.LiveRocketMqRedeliveryIntegrationTest
2026-08-11T10:34:28.615+08:00 INFO  o.s.t.c.s.AnnotationConfigContextLoaderUtils request_id= idempotency_key= order_id= user_id= sku_id= payment_tx= - Could not detect default configuration classes for test class [dev.flashflow.LiveRocketMqRedeliveryIntegrationTest]: LiveRocketMqRedeliveryIntegrationTest does not declare any static, non-private, non-final, nested classes annotated with @Configuration.
2026-08-11T10:34:28.616+08:00 INFO  o.s.b.t.c.SpringBootTestContextBootstrapper request_id= idempotency_key= order_id= user_id= sku_id= payment_tx= - Found @SpringBootConfiguration dev.flashflow.FlashFlowApplication for test class dev.flashflow.LiveRocketMqRedeliveryIntegrationTest

  .   ____          _            __ _ _
 /\\ / ___'_ __ _ _(_)_ __  __ _ \ \ \ \
( ( )\___ | '_ | '_| | '_ \/ _` | \ \ \ \
 \\/  ___)| |_)| | | | | || (_| |  ) ) ) )
  '  |____| .__|_| |_|_| |_\__, | / / / /
 =========|_|==============|___/=/_/_/_/

 :: Spring Boot ::                (v3.5.5)

2026-08-11T10:34:28.630+08:00 INFO  d.f.LiveRocketMqRedeliveryIntegrationTest request_id= idempotency_key= order_id= user_id= sku_id= payment_tx= - Starting LiveRocketMqRedeliveryIntegrationTest using Java 26.0.2 with PID 65566 (started by yuzheng in /Users/yuzheng/Computeracy/Zhenkun26-GitHub/FlashFlow)
2026-08-11T10:34:28.631+08:00 INFO  d.f.LiveRocketMqRedeliveryIntegrationTest request_id= idempotency_key= order_id= user_id= sku_id= payment_tx= - The following 1 profile is active: "test"
2026-08-11T10:34:28.724+08:00 INFO  o.s.d.r.c.RepositoryConfigurationDelegate request_id= idempotency_key= order_id= user_id= sku_id= payment_tx= - Multiple Spring Data modules found, entering strict repository configuration mode
2026-08-11T10:34:28.724+08:00 INFO  o.s.d.r.c.RepositoryConfigurationDelegate request_id= idempotency_key= order_id= user_id= sku_id= payment_tx= - Bootstrapping Spring Data Redis repositories in DEFAULT mode.
2026-08-11T10:34:28.728+08:00 INFO  o.s.d.r.c.RepositoryConfigurationDelegate request_id= idempotency_key= order_id= user_id= sku_id= payment_tx= - Finished Spring Data repository scanning in 3 ms. Found 0 Redis repository interfaces.
2026-08-11T10:34:28.743+08:00 INFO  o.s.b.w.e.tomcat.TomcatWebServer request_id= idempotency_key= order_id= user_id= sku_id= payment_tx= - Tomcat initialized with port 0 (http)
2026-08-11T10:34:28.744+08:00 INFO  o.a.catalina.core.StandardService request_id= idempotency_key= order_id= user_id= sku_id= payment_tx= - Starting service [Tomcat]
2026-08-11T10:34:28.744+08:00 INFO  o.a.catalina.core.StandardEngine request_id= idempotency_key= order_id= user_id= sku_id= payment_tx= - Starting Servlet engine: [Apache Tomcat/10.1.44]
2026-08-11T10:34:28.750+08:00 INFO  o.a.c.c.C.[Tomcat].[localhost].[/] request_id= idempotency_key= order_id= user_id= sku_id= payment_tx= - Initializing Spring embedded WebApplicationContext
2026-08-11T10:34:28.750+08:00 INFO  o.s.b.w.s.c.ServletWebServerApplicationContext request_id= idempotency_key= order_id= user_id= sku_id= payment_tx= - Root WebApplicationContext: initialization completed in 119 ms
Standard Commons Logging discovery in action with spring-jcl: please remove commons-logging.jar from classpath in order to avoid potential conflicts
2026-08-11T10:34:28.775+08:00 INFO  com.zaxxer.hikari.HikariDataSource request_id= idempotency_key= order_id= user_id= sku_id= payment_tx= - HikariPool-9 - Starting...
2026-08-11T10:34:28.785+08:00 INFO  com.zaxxer.hikari.pool.HikariPool request_id= idempotency_key= order_id= user_id= sku_id= payment_tx= - HikariPool-9 - Added connection com.mysql.cj.jdbc.ConnectionImpl@33745bb7
2026-08-11T10:34:28.785+08:00 INFO  com.zaxxer.hikari.HikariDataSource request_id= idempotency_key= order_id= user_id= sku_id= payment_tx= - HikariPool-9 - Start completed.
2026-08-11T10:34:28.789+08:00 INFO  org.flywaydb.core.FlywayExecutor request_id= idempotency_key= order_id= user_id= sku_id= payment_tx= - Database: jdbc:mysql://localhost:51657/flashflow (MySQL 8.4)
2026-08-11T10:34:28.794+08:00 WARN  o.f.c.i.database.base.Database request_id= idempotency_key= order_id= user_id= sku_id= payment_tx= - Flyway upgrade recommended: MySQL 8.4 is newer than this version of Flyway and support has not been tested. The latest supported version of MySQL is 8.1.
2026-08-11T10:34:28.801+08:00 INFO  o.f.core.internal.command.DbValidate request_id= idempotency_key= order_id= user_id= sku_id= payment_tx= - Successfully validated 4 migrations (execution time 00:00.005s)
2026-08-11T10:34:28.804+08:00 INFO  o.f.core.internal.command.DbMigrate request_id= idempotency_key= order_id= user_id= sku_id= payment_tx= - Current version of schema `flashflow`: 4
2026-08-11T10:34:28.804+08:00 INFO  o.f.core.internal.command.DbMigrate request_id= idempotency_key= order_id= user_id= sku_id= payment_tx= - Schema `flashflow` is up to date. No migration necessary.
2026-08-11T10:34:28.899+08:00 INFO  o.s.b.a.e.web.EndpointLinksResolver request_id= idempotency_key= order_id= user_id= sku_id= payment_tx= - Exposing 2 endpoints beneath base path '/actuator'
2026-08-11T10:34:28.903+08:00 INFO  o.s.b.w.e.tomcat.TomcatWebServer request_id= idempotency_key= order_id= user_id= sku_id= payment_tx= - Tomcat started on port 54263 (http) with context path '/'
2026-08-11T10:34:28.905+08:00 INFO  d.f.LiveRocketMqRedeliveryIntegrationTest request_id= idempotency_key= order_id= user_id= sku_id= payment_tx= - Started LiveRocketMqRedeliveryIntegrationTest in 0.288 seconds (process running for 136.149)
2026-08-11T10:34:30.934+08:00 INFO  o.a.c.c.C.[Tomcat].[localhost].[/] request_id= idempotency_key= order_id= user_id= sku_id= payment_tx= - Initializing Spring DispatcherServlet 'dispatcherServlet'
2026-08-11T10:34:30.934+08:00 INFO  o.s.web.servlet.DispatcherServlet request_id= idempotency_key= order_id= user_id= sku_id= payment_tx= - Initializing Servlet 'dispatcherServlet'
2026-08-11T10:34:30.934+08:00 INFO  o.s.web.servlet.DispatcherServlet request_id= idempotency_key= order_id= user_id= sku_id= payment_tx= - Completed initialization in 0 ms
2026-08-11T10:34:30.957+08:00 INFO  d.f.m.AsyncOrderApplicationService request_id=98689a50-2b60-4b71-8e25-bb5fa325b02a idempotency_key=key-redelivery order_id= user_id=user-redelivery sku_id=sku-redelivery payment_tx= - Asynchronous publication command_id=c96a0af58397f512ce41cca417eee9eee47778bff09a3b87e8e8edb9c7e14fe6 outcome=BROKER_ACKNOWLEDGED status=ACCEPTED cause=SEND_OK
2026-08-11T10:34:31.173+08:00 INFO  o.s.b.w.e.tomcat.GracefulShutdown request_id= idempotency_key= order_id= user_id= sku_id= payment_tx= - Commencing graceful shutdown. Waiting for active requests to complete
2026-08-11T10:34:33.178+08:00 INFO  o.s.b.w.e.tomcat.GracefulShutdown request_id= idempotency_key= order_id= user_id= sku_id= payment_tx= - Graceful shutdown complete
2026-08-11T10:34:33.178+08:00 ERROR org.apache.tomcat.util.net.Acceptor request_id= idempotency_key= order_id= user_id= sku_id= payment_tx= - Socket accept failed
java.nio.channels.AsynchronousCloseException: null
	at java.base/java.nio.channels.spi.AbstractInterruptibleChannel.end(AbstractInterruptibleChannel.java:218) ~[na:na]
	at java.base/sun.nio.ch.ServerSocketChannelImpl.end(ServerSocketChannelImpl.java:372) ~[na:na]
	at java.base/sun.nio.ch.ServerSocketChannelImpl.accept(ServerSocketChannelImpl.java:397) ~[na:na]
	at org.apache.tomcat.util.net.NioEndpoint.serverSocketAccept(NioEndpoint.java:537) ~[tomcat-embed-core-10.1.44.jar:10.1.44]
	at org.apache.tomcat.util.net.NioEndpoint.serverSocketAccept(NioEndpoint.java:72) ~[tomcat-embed-core-10.1.44.jar:10.1.44]
	at org.apache.tomcat.util.net.Acceptor.run(Acceptor.java:127) ~[tomcat-embed-core-10.1.44.jar:10.1.44]
	at java.base/java.lang.Thread.run(Thread.java:1516) ~[na:na]
2026-08-11T10:34:33.243+08:00 INFO  com.zaxxer.hikari.HikariDataSource request_id= idempotency_key= order_id= user_id= sku_id= payment_tx= - HikariPool-9 - Shutdown initiated...
2026-08-11T10:34:33.247+08:00 INFO  com.zaxxer.hikari.HikariDataSource request_id= idempotency_key= order_id= user_id= sku_id= payment_tx= - HikariPool-9 - Shutdown completed.
[INFO] Tests run: 1, Failures: 0, Errors: 0, Skipped: 0, Time elapsed: 4.636 s -- in dev.flashflow.LiveRocketMqRedeliveryIntegrationTest
[INFO] Running dev.flashflow.V4OutboxRocketMqEndToEndIntegrationTest
2026-08-11T10:34:33.252+08:00 INFO  o.s.t.c.s.AnnotationConfigContextLoaderUtils request_id= idempotency_key= order_id= user_id= sku_id= payment_tx= - Could not detect default configuration classes for test class [dev.flashflow.V4OutboxRocketMqEndToEndIntegrationTest]: V4OutboxRocketMqEndToEndIntegrationTest does not declare any static, non-private, non-final, nested classes annotated with @Configuration.
2026-08-11T10:34:33.252+08:00 INFO  o.s.b.t.c.SpringBootTestContextBootstrapper request_id= idempotency_key= order_id= user_id= sku_id= payment_tx= - Found @SpringBootConfiguration dev.flashflow.FlashFlowApplication for test class dev.flashflow.V4OutboxRocketMqEndToEndIntegrationTest

  .   ____          _            __ _ _
 /\\ / ___'_ __ _ _(_)_ __  __ _ \ \ \ \
( ( )\___ | '_ | '_| | '_ \/ _` | \ \ \ \
 \\/  ___)| |_)| | | | | || (_| |  ) ) ) )
  '  |____| .__|_| |_|_| |_\__, | / / / /
 =========|_|==============|___/=/_/_/_/

 :: Spring Boot ::                (v3.5.5)

2026-08-11T10:34:33.264+08:00 INFO  d.f.V4OutboxRocketMqEndToEndIntegrationTest request_id= idempotency_key= order_id= user_id= sku_id= payment_tx= - Starting V4OutboxRocketMqEndToEndIntegrationTest using Java 26.0.2 with PID 65566 (started by yuzheng in /Users/yuzheng/Computeracy/Zhenkun26-GitHub/FlashFlow)
2026-08-11T10:34:33.264+08:00 INFO  d.f.V4OutboxRocketMqEndToEndIntegrationTest request_id= idempotency_key= order_id= user_id= sku_id= payment_tx= - The following 1 profile is active: "test"
2026-08-11T10:34:33.326+08:00 INFO  o.s.d.r.c.RepositoryConfigurationDelegate request_id= idempotency_key= order_id= user_id= sku_id= payment_tx= - Multiple Spring Data modules found, entering strict repository configuration mode
2026-08-11T10:34:33.326+08:00 INFO  o.s.d.r.c.RepositoryConfigurationDelegate request_id= idempotency_key= order_id= user_id= sku_id= payment_tx= - Bootstrapping Spring Data Redis repositories in DEFAULT mode.
2026-08-11T10:34:33.330+08:00 INFO  o.s.d.r.c.RepositoryConfigurationDelegate request_id= idempotency_key= order_id= user_id= sku_id= payment_tx= - Finished Spring Data repository scanning in 3 ms. Found 0 Redis repository interfaces.
2026-08-11T10:34:33.344+08:00 INFO  o.s.b.w.e.tomcat.TomcatWebServer request_id= idempotency_key= order_id= user_id= sku_id= payment_tx= - Tomcat initialized with port 0 (http)
2026-08-11T10:34:33.344+08:00 INFO  o.a.catalina.core.StandardService request_id= idempotency_key= order_id= user_id= sku_id= payment_tx= - Starting service [Tomcat]
2026-08-11T10:34:33.344+08:00 INFO  o.a.catalina.core.StandardEngine request_id= idempotency_key= order_id= user_id= sku_id= payment_tx= - Starting Servlet engine: [Apache Tomcat/10.1.44]
2026-08-11T10:34:33.350+08:00 INFO  o.a.c.c.C.[Tomcat].[localhost].[/] request_id= idempotency_key= order_id= user_id= sku_id= payment_tx= - Initializing Spring embedded WebApplicationContext
2026-08-11T10:34:33.350+08:00 INFO  o.s.b.w.s.c.ServletWebServerApplicationContext request_id= idempotency_key= order_id= user_id= sku_id= payment_tx= - Root WebApplicationContext: initialization completed in 85 ms
Standard Commons Logging discovery in action with spring-jcl: please remove commons-logging.jar from classpath in order to avoid potential conflicts
2026-08-11T10:34:33.377+08:00 INFO  com.zaxxer.hikari.HikariDataSource request_id= idempotency_key= order_id= user_id= sku_id= payment_tx= - HikariPool-10 - Starting...
2026-08-11T10:34:33.389+08:00 INFO  com.zaxxer.hikari.pool.HikariPool request_id= idempotency_key= order_id= user_id= sku_id= payment_tx= - HikariPool-10 - Added connection com.mysql.cj.jdbc.ConnectionImpl@700e897f
2026-08-11T10:34:33.389+08:00 INFO  com.zaxxer.hikari.HikariDataSource request_id= idempotency_key= order_id= user_id= sku_id= payment_tx= - HikariPool-10 - Start completed.
2026-08-11T10:34:33.393+08:00 INFO  org.flywaydb.core.FlywayExecutor request_id= idempotency_key= order_id= user_id= sku_id= payment_tx= - Database: jdbc:mysql://localhost:51657/flashflow (MySQL 8.4)
2026-08-11T10:34:33.397+08:00 WARN  o.f.c.i.database.base.Database request_id= idempotency_key= order_id= user_id= sku_id= payment_tx= - Flyway upgrade recommended: MySQL 8.4 is newer than this version of Flyway and support has not been tested. The latest supported version of MySQL is 8.1.
2026-08-11T10:34:33.403+08:00 INFO  o.f.core.internal.command.DbValidate request_id= idempotency_key= order_id= user_id= sku_id= payment_tx= - Successfully validated 4 migrations (execution time 00:00.004s)
2026-08-11T10:34:33.408+08:00 INFO  o.f.core.internal.command.DbMigrate request_id= idempotency_key= order_id= user_id= sku_id= payment_tx= - Current version of schema `flashflow`: 4
2026-08-11T10:34:33.408+08:00 INFO  o.f.core.internal.command.DbMigrate request_id= idempotency_key= order_id= user_id= sku_id= payment_tx= - Schema `flashflow` is up to date. No migration necessary.
2026-08-11T10:34:33.498+08:00 INFO  o.s.b.a.e.web.EndpointLinksResolver request_id= idempotency_key= order_id= user_id= sku_id= payment_tx= - Exposing 2 endpoints beneath base path '/actuator'
2026-08-11T10:34:33.503+08:00 INFO  o.s.b.w.e.tomcat.TomcatWebServer request_id= idempotency_key= order_id= user_id= sku_id= payment_tx= - Tomcat started on port 54308 (http) with context path '/'
2026-08-11T10:34:33.504+08:00 INFO  d.f.V4OutboxRocketMqEndToEndIntegrationTest request_id= idempotency_key= order_id= user_id= sku_id= payment_tx= - Started V4OutboxRocketMqEndToEndIntegrationTest in 0.25 seconds (process running for 140.749)
2026-08-11T10:34:35.546+08:00 INFO  o.a.c.c.C.[Tomcat].[localhost].[/] request_id= idempotency_key= order_id= user_id= sku_id= payment_tx= - Initializing Spring DispatcherServlet 'dispatcherServlet'
2026-08-11T10:34:35.546+08:00 INFO  o.s.web.servlet.DispatcherServlet request_id= idempotency_key= order_id= user_id= sku_id= payment_tx= - Initializing Servlet 'dispatcherServlet'
2026-08-11T10:34:35.547+08:00 INFO  o.s.web.servlet.DispatcherServlet request_id= idempotency_key= order_id= user_id= sku_id= payment_tx= - Completed initialization in 1 ms
2026-08-11T10:34:35.573+08:00 INFO  d.f.m.o.OutboxAsyncOrderApplicationService request_id=0704e3e9-4b52-4c7f-9a6b-ef851bb1243e idempotency_key=key-v4-32ad0f21 order_id= user_id=user-v4-32ad0f21 sku_id=sku-v4-32ad0f21 payment_tx= - Durable Outbox acceptance command_id=3fd3373f3a2368f9271a865e297171839d4e33b8389e8e18aebac876666014c7 status=ACCEPTED
2026-08-11T10:34:35.667+08:00 INFO  d.f.m.outbox.OutboxDispatcher request_id= idempotency_key= order_id= user_id= sku_id= payment_tx= - Outbox publication outbox_id=4749ad74-384d-49d9-ba66-96e0bd3b5225 command_id=3fd3373f3a2368f9271a865e297171839d4e33b8389e8e18aebac876666014c7 outcome=ACKNOWLEDGED
2026-08-11T10:34:48.217+08:00 INFO  d.f.m.o.OutboxAsyncOrderApplicationService request_id=6e53bbff-6b18-4d22-8d56-4938eaaf0193 idempotency_key=key-v4-outage-32ad0f21 order_id= user_id=user-v4-outage-32ad0f21 sku_id=sku-v4-outage-32ad0f21 payment_tx= - Durable Outbox acceptance command_id=f376b8550bd90d86008319d20f26b914a0cb316dc551682ec7dfc74380465394 status=ACCEPTED
2026-08-11T10:34:48.259+08:00 INFO  d.f.m.outbox.OutboxDispatcher request_id= idempotency_key= order_id= user_id= sku_id= payment_tx= - Outbox publication deferred outbox_id=f7ee0dc6-b66f-40cc-ab66-aac802692894 command_id=f376b8550bd90d86008319d20f26b914a0cb316dc551682ec7dfc74380465394 outcome=RETRYABLE cause=MQCLIENTEXCEPTION
2026-08-11T10:34:48.376+08:00 INFO  d.f.m.outbox.OutboxDispatcher request_id= idempotency_key= order_id= user_id= sku_id= payment_tx= - Outbox publication deferred outbox_id=f7ee0dc6-b66f-40cc-ab66-aac802692894 command_id=f376b8550bd90d86008319d20f26b914a0cb316dc551682ec7dfc74380465394 outcome=RETRYABLE cause=MQCLIENTEXCEPTION
2026-08-11T10:34:48.600+08:00 INFO  d.f.m.outbox.OutboxDispatcher request_id= idempotency_key= order_id= user_id= sku_id= payment_tx= - Outbox publication deferred outbox_id=f7ee0dc6-b66f-40cc-ab66-aac802692894 command_id=f376b8550bd90d86008319d20f26b914a0cb316dc551682ec7dfc74380465394 outcome=RETRYABLE cause=MQCLIENTEXCEPTION
2026-08-11T10:34:49.038+08:00 INFO  d.f.m.outbox.OutboxDispatcher request_id= idempotency_key= order_id= user_id= sku_id= payment_tx= - Outbox publication deferred outbox_id=f7ee0dc6-b66f-40cc-ab66-aac802692894 command_id=f376b8550bd90d86008319d20f26b914a0cb316dc551682ec7dfc74380465394 outcome=RETRYABLE cause=MQCLIENTEXCEPTION
2026-08-11T10:34:49.898+08:00 INFO  d.f.m.outbox.OutboxDispatcher request_id= idempotency_key= order_id= user_id= sku_id= payment_tx= - Outbox publication deferred outbox_id=f7ee0dc6-b66f-40cc-ab66-aac802692894 command_id=f376b8550bd90d86008319d20f26b914a0cb316dc551682ec7dfc74380465394 outcome=RETRYABLE cause=MQCLIENTEXCEPTION
2026-08-11T10:34:50.965+08:00 INFO  d.f.m.outbox.OutboxDispatcher request_id= idempotency_key= order_id= user_id= sku_id= payment_tx= - Outbox publication outbox_id=f7ee0dc6-b66f-40cc-ab66-aac802692894 command_id=f376b8550bd90d86008319d20f26b914a0cb316dc551682ec7dfc74380465394 outcome=ACKNOWLEDGED
2026-08-11T10:34:51.988+08:00 INFO  o.s.b.w.e.tomcat.GracefulShutdown request_id= idempotency_key= order_id= user_id= sku_id= payment_tx= - Commencing graceful shutdown. Waiting for active requests to complete
2026-08-11T10:34:53.994+08:00 INFO  o.s.b.w.e.tomcat.GracefulShutdown request_id= idempotency_key= order_id= user_id= sku_id= payment_tx= - Graceful shutdown complete
2026-08-11T10:34:53.994+08:00 ERROR org.apache.tomcat.util.net.Acceptor request_id= idempotency_key= order_id= user_id= sku_id= payment_tx= - Socket accept failed
java.nio.channels.AsynchronousCloseException: null
	at java.base/java.nio.channels.spi.AbstractInterruptibleChannel.end(AbstractInterruptibleChannel.java:218) ~[na:na]
	at java.base/sun.nio.ch.ServerSocketChannelImpl.end(ServerSocketChannelImpl.java:372) ~[na:na]
	at java.base/sun.nio.ch.ServerSocketChannelImpl.accept(ServerSocketChannelImpl.java:397) ~[na:na]
	at org.apache.tomcat.util.net.NioEndpoint.serverSocketAccept(NioEndpoint.java:537) ~[tomcat-embed-core-10.1.44.jar:10.1.44]
	at org.apache.tomcat.util.net.NioEndpoint.serverSocketAccept(NioEndpoint.java:72) ~[tomcat-embed-core-10.1.44.jar:10.1.44]
	at org.apache.tomcat.util.net.Acceptor.run(Acceptor.java:127) ~[tomcat-embed-core-10.1.44.jar:10.1.44]
	at java.base/java.lang.Thread.run(Thread.java:1516) ~[na:na]
2026-08-11T10:34:54.038+08:00 INFO  com.zaxxer.hikari.HikariDataSource request_id= idempotency_key= order_id= user_id= sku_id= payment_tx= - HikariPool-10 - Shutdown initiated...
2026-08-11T10:34:54.039+08:00 INFO  com.zaxxer.hikari.HikariDataSource request_id= idempotency_key= order_id= user_id= sku_id= payment_tx= - HikariPool-10 - Shutdown completed.
[INFO] Tests run: 2, Failures: 0, Errors: 0, Skipped: 0, Time elapsed: 20.79 s -- in dev.flashflow.V4OutboxRocketMqEndToEndIntegrationTest
[INFO] Running dev.flashflow.V4OutboxConcurrentRedeliveryIntegrationTest
2026-08-11T10:34:54.044+08:00 INFO  o.s.t.c.s.AnnotationConfigContextLoaderUtils request_id= idempotency_key= order_id= user_id= sku_id= payment_tx= - Could not detect default configuration classes for test class [dev.flashflow.V4OutboxConcurrentRedeliveryIntegrationTest]: V4OutboxConcurrentRedeliveryIntegrationTest does not declare any static, non-private, non-final, nested classes annotated with @Configuration.
2026-08-11T10:34:54.045+08:00 INFO  o.s.b.t.c.SpringBootTestContextBootstrapper request_id= idempotency_key= order_id= user_id= sku_id= payment_tx= - Found @SpringBootConfiguration dev.flashflow.FlashFlowApplication for test class dev.flashflow.V4OutboxConcurrentRedeliveryIntegrationTest

  .   ____          _            __ _ _
 /\\ / ___'_ __ _ _(_)_ __  __ _ \ \ \ \
( ( )\___ | '_ | '_| | '_ \/ _` | \ \ \ \
 \\/  ___)| |_)| | | | | || (_| |  ) ) ) )
  '  |____| .__|_| |_|_| |_\__, | / / / /
 =========|_|==============|___/=/_/_/_/

 :: Spring Boot ::                (v3.5.5)

2026-08-11T10:34:54.057+08:00 INFO  d.f.V4OutboxConcurrentRedeliveryIntegrationTest request_id= idempotency_key= order_id= user_id= sku_id= payment_tx= - Starting V4OutboxConcurrentRedeliveryIntegrationTest using Java 26.0.2 with PID 65566 (started by yuzheng in /Users/yuzheng/Computeracy/Zhenkun26-GitHub/FlashFlow)
2026-08-11T10:34:54.058+08:00 INFO  d.f.V4OutboxConcurrentRedeliveryIntegrationTest request_id= idempotency_key= order_id= user_id= sku_id= payment_tx= - The following 1 profile is active: "test"
2026-08-11T10:34:54.163+08:00 INFO  o.s.d.r.c.RepositoryConfigurationDelegate request_id= idempotency_key= order_id= user_id= sku_id= payment_tx= - Multiple Spring Data modules found, entering strict repository configuration mode
2026-08-11T10:34:54.163+08:00 INFO  o.s.d.r.c.RepositoryConfigurationDelegate request_id= idempotency_key= order_id= user_id= sku_id= payment_tx= - Bootstrapping Spring Data Redis repositories in DEFAULT mode.
2026-08-11T10:34:54.168+08:00 INFO  o.s.d.r.c.RepositoryConfigurationDelegate request_id= idempotency_key= order_id= user_id= sku_id= payment_tx= - Finished Spring Data repository scanning in 3 ms. Found 0 Redis repository interfaces.
2026-08-11T10:34:54.186+08:00 INFO  o.s.b.w.e.tomcat.TomcatWebServer request_id= idempotency_key= order_id= user_id= sku_id= payment_tx= - Tomcat initialized with port 0 (http)
2026-08-11T10:34:54.186+08:00 INFO  o.a.catalina.core.StandardService request_id= idempotency_key= order_id= user_id= sku_id= payment_tx= - Starting service [Tomcat]
2026-08-11T10:34:54.186+08:00 INFO  o.a.catalina.core.StandardEngine request_id= idempotency_key= order_id= user_id= sku_id= payment_tx= - Starting Servlet engine: [Apache Tomcat/10.1.44]
2026-08-11T10:34:54.194+08:00 INFO  o.a.c.c.C.[Tomcat].[localhost].[/] request_id= idempotency_key= order_id= user_id= sku_id= payment_tx= - Initializing Spring embedded WebApplicationContext
2026-08-11T10:34:54.194+08:00 INFO  o.s.b.w.s.c.ServletWebServerApplicationContext request_id= idempotency_key= order_id= user_id= sku_id= payment_tx= - Root WebApplicationContext: initialization completed in 136 ms
Standard Commons Logging discovery in action with spring-jcl: please remove commons-logging.jar from classpath in order to avoid potential conflicts
2026-08-11T10:34:54.224+08:00 INFO  com.zaxxer.hikari.HikariDataSource request_id= idempotency_key= order_id= user_id= sku_id= payment_tx= - HikariPool-11 - Starting...
2026-08-11T10:34:54.230+08:00 INFO  com.zaxxer.hikari.pool.HikariPool request_id= idempotency_key= order_id= user_id= sku_id= payment_tx= - HikariPool-11 - Added connection com.mysql.cj.jdbc.ConnectionImpl@573c34e3
2026-08-11T10:34:54.230+08:00 INFO  com.zaxxer.hikari.HikariDataSource request_id= idempotency_key= order_id= user_id= sku_id= payment_tx= - HikariPool-11 - Start completed.
2026-08-11T10:34:54.231+08:00 INFO  org.flywaydb.core.FlywayExecutor request_id= idempotency_key= order_id= user_id= sku_id= payment_tx= - Database: jdbc:mysql://localhost:51657/flashflow (MySQL 8.4)
2026-08-11T10:34:54.233+08:00 WARN  o.f.c.i.database.base.Database request_id= idempotency_key= order_id= user_id= sku_id= payment_tx= - Flyway upgrade recommended: MySQL 8.4 is newer than this version of Flyway and support has not been tested. The latest supported version of MySQL is 8.1.
2026-08-11T10:34:54.237+08:00 INFO  o.f.core.internal.command.DbValidate request_id= idempotency_key= order_id= user_id= sku_id= payment_tx= - Successfully validated 4 migrations (execution time 00:00.003s)
2026-08-11T10:34:54.239+08:00 INFO  o.f.core.internal.command.DbMigrate request_id= idempotency_key= order_id= user_id= sku_id= payment_tx= - Current version of schema `flashflow`: 4
2026-08-11T10:34:54.240+08:00 INFO  o.f.core.internal.command.DbMigrate request_id= idempotency_key= order_id= user_id= sku_id= payment_tx= - Schema `flashflow` is up to date. No migration necessary.
2026-08-11T10:34:54.317+08:00 INFO  o.s.b.a.e.web.EndpointLinksResolver request_id= idempotency_key= order_id= user_id= sku_id= payment_tx= - Exposing 2 endpoints beneath base path '/actuator'
2026-08-11T10:34:54.322+08:00 INFO  o.s.b.w.e.tomcat.TomcatWebServer request_id= idempotency_key= order_id= user_id= sku_id= payment_tx= - Tomcat started on port 54427 (http) with context path '/'
2026-08-11T10:34:54.327+08:00 INFO  d.f.V4OutboxConcurrentRedeliveryIntegrationTest request_id= idempotency_key= order_id= user_id= sku_id= payment_tx= - Started V4OutboxConcurrentRedeliveryIntegrationTest in 0.28 seconds (process running for 161.571)
2026-08-11T10:34:56.361+08:00 INFO  o.a.c.c.C.[Tomcat].[localhost].[/] request_id= idempotency_key= order_id= user_id= sku_id= payment_tx= - Initializing Spring DispatcherServlet 'dispatcherServlet'
2026-08-11T10:34:56.361+08:00 INFO  o.s.web.servlet.DispatcherServlet request_id= idempotency_key= order_id= user_id= sku_id= payment_tx= - Initializing Servlet 'dispatcherServlet'
2026-08-11T10:34:56.362+08:00 INFO  o.s.web.servlet.DispatcherServlet request_id= idempotency_key= order_id= user_id= sku_id= payment_tx= - Completed initialization in 1 ms
2026-08-11T10:34:56.374+08:00 INFO  d.f.m.o.OutboxAsyncOrderApplicationService request_id=fa13dc44-c6b0-4620-897c-0ae6b1f58823 idempotency_key=key-64796817-0 order_id= user_id=user-64796817-0 sku_id=sku-v4-concurrent-64796817 payment_tx= - Durable Outbox acceptance command_id=864bb02a574e210e2829716cbcf575dd3d363137b69f9915ed44c3e54d10fa6c status=ACCEPTED
2026-08-11T10:34:56.382+08:00 INFO  d.f.m.o.OutboxAsyncOrderApplicationService request_id=0a0ff598-6083-4910-9569-8487dfe2f5c3 idempotency_key=key-64796817-1 order_id= user_id=user-64796817-1 sku_id=sku-v4-concurrent-64796817 payment_tx= - Durable Outbox acceptance command_id=d394d5052477c60aeef6927edabeef518b98da35a1b6e0e98ad2e0282c57df31 status=ACCEPTED
2026-08-11T10:34:56.390+08:00 INFO  d.f.m.o.OutboxAsyncOrderApplicationService request_id=f729b15b-fa4f-4d98-aab9-12eb8ad379be idempotency_key=key-64796817-2 order_id= user_id=user-64796817-2 sku_id=sku-v4-concurrent-64796817 payment_tx= - Durable Outbox acceptance command_id=66f28cb4ca0ad432b0311759772385962e77eec495a6636714addecbc6602a4d status=ACCEPTED
2026-08-11T10:34:56.392+08:00 INFO  d.f.m.outbox.OutboxDispatcher request_id= idempotency_key= order_id= user_id= sku_id= payment_tx= - Outbox publication deferred outbox_id=80e00826-ee08-4cc4-886a-88f529ba41ab command_id=864bb02a574e210e2829716cbcf575dd3d363137b69f9915ed44c3e54d10fa6c outcome=RETRYABLE cause=MQCLIENTEXCEPTION
2026-08-11T10:34:56.395+08:00 INFO  d.f.m.outbox.OutboxDispatcher request_id= idempotency_key= order_id= user_id= sku_id= payment_tx= - Outbox publication deferred outbox_id=bae2323b-02f1-439c-a61d-f23870f91a8d command_id=d394d5052477c60aeef6927edabeef518b98da35a1b6e0e98ad2e0282c57df31 outcome=RETRYABLE cause=MQCLIENTEXCEPTION
2026-08-11T10:34:56.397+08:00 INFO  d.f.m.o.OutboxAsyncOrderApplicationService request_id=9b6ec4c7-45aa-4ea0-bfac-d17c5f499ebf idempotency_key=key-64796817-3 order_id= user_id=user-64796817-3 sku_id=sku-v4-concurrent-64796817 payment_tx= - Durable Outbox acceptance command_id=d79af92f145cac6b71edba3df0acd4d802aa06a95de002d59172e3e7764466e9 status=ACCEPTED
2026-08-11T10:34:56.402+08:00 INFO  d.f.m.o.OutboxAsyncOrderApplicationService request_id=5457bdb7-2018-4028-af51-a99b8abe15e4 idempotency_key=key-64796817-4 order_id= user_id=user-64796817-4 sku_id=sku-v4-concurrent-64796817 payment_tx= - Durable Outbox acceptance command_id=2da2039f2842b4b01b8e09937ede2618a3de0476106ae78b3afc3ebebe841072 status=ACCEPTED
2026-08-11T10:34:56.407+08:00 INFO  d.f.m.o.OutboxAsyncOrderApplicationService request_id=398dfa38-54c3-4126-ae1b-4970a54fe83a idempotency_key=key-64796817-5 order_id= user_id=user-64796817-5 sku_id=sku-v4-concurrent-64796817 payment_tx= - Durable Outbox acceptance command_id=dc593b7b834eb6002a02057d9c927ec0de9edb0422a4d0ba6a089cd59fa00c6f status=ACCEPTED
2026-08-11T10:34:56.411+08:00 INFO  d.f.m.o.OutboxAsyncOrderApplicationService request_id=7b217b43-d32d-4aa9-b629-24ff24290241 idempotency_key=key-64796817-6 order_id= user_id=user-64796817-6 sku_id=sku-v4-concurrent-64796817 payment_tx= - Durable Outbox acceptance command_id=a737504d340f766ae7d8b77bdd249b2b56477cb1583ea4e8e940ce1837eb2949 status=ACCEPTED
2026-08-11T10:34:56.416+08:00 INFO  d.f.m.o.OutboxAsyncOrderApplicationService request_id=894e23a0-9c00-41ff-9a2d-e71c3a442137 idempotency_key=key-64796817-7 order_id= user_id=user-64796817-7 sku_id=sku-v4-concurrent-64796817 payment_tx= - Durable Outbox acceptance command_id=629307d3b124c8984c216816a03d505ddeb884820af53e1a452e62478a307875 status=ACCEPTED
2026-08-11T10:34:56.424+08:00 INFO  d.f.m.outbox.OutboxDispatcher request_id= idempotency_key= order_id= user_id= sku_id= payment_tx= - Outbox publication deferred outbox_id=9786c199-534e-496d-b271-ee52b6a6d5f6 command_id=66f28cb4ca0ad432b0311759772385962e77eec495a6636714addecbc6602a4d outcome=RETRYABLE cause=MQCLIENTEXCEPTION
2026-08-11T10:34:56.426+08:00 INFO  d.f.m.outbox.OutboxDispatcher request_id= idempotency_key= order_id= user_id= sku_id= payment_tx= - Outbox publication deferred outbox_id=5abd5ed9-67e1-4f5b-a3da-5faecd2c4697 command_id=d79af92f145cac6b71edba3df0acd4d802aa06a95de002d59172e3e7764466e9 outcome=RETRYABLE cause=MQCLIENTEXCEPTION
2026-08-11T10:34:56.657+08:00 INFO  d.f.m.outbox.OutboxDispatcher request_id= idempotency_key= order_id= user_id= sku_id= payment_tx= - Outbox publication deferred outbox_id=a52fc985-3405-4dc5-86b6-41623f6e5f78 command_id=2da2039f2842b4b01b8e09937ede2618a3de0476106ae78b3afc3ebebe841072 outcome=RETRYABLE cause=MQCLIENTEXCEPTION
2026-08-11T10:34:56.660+08:00 INFO  d.f.m.outbox.OutboxDispatcher request_id= idempotency_key= order_id= user_id= sku_id= payment_tx= - Outbox publication deferred outbox_id=24237460-bbdf-4d43-baf1-9229d292064d command_id=dc593b7b834eb6002a02057d9c927ec0de9edb0422a4d0ba6a089cd59fa00c6f outcome=RETRYABLE cause=MQCLIENTEXCEPTION
2026-08-11T10:34:56.921+08:00 INFO  d.f.m.outbox.OutboxDispatcher request_id= idempotency_key= order_id= user_id= sku_id= payment_tx= - Outbox publication deferred outbox_id=88017a3b-17d6-4398-a419-f6c7489b2d05 command_id=a737504d340f766ae7d8b77bdd249b2b56477cb1583ea4e8e940ce1837eb2949 outcome=RETRYABLE cause=MQCLIENTEXCEPTION
2026-08-11T10:34:56.923+08:00 INFO  d.f.m.outbox.OutboxDispatcher request_id= idempotency_key= order_id= user_id= sku_id= payment_tx= - Outbox publication deferred outbox_id=ee84b56d-6273-418d-9063-d1b609efc2fa command_id=629307d3b124c8984c216816a03d505ddeb884820af53e1a452e62478a307875 outcome=RETRYABLE cause=MQCLIENTEXCEPTION
2026-08-11T10:34:57.185+08:00 INFO  d.f.m.outbox.OutboxDispatcher request_id= idempotency_key= order_id= user_id= sku_id= payment_tx= - Outbox publication deferred outbox_id=80e00826-ee08-4cc4-886a-88f529ba41ab command_id=864bb02a574e210e2829716cbcf575dd3d363137b69f9915ed44c3e54d10fa6c outcome=RETRYABLE cause=MQCLIENTEXCEPTION
2026-08-11T10:34:57.187+08:00 INFO  d.f.m.outbox.OutboxDispatcher request_id= idempotency_key= order_id= user_id= sku_id= payment_tx= - Outbox publication deferred outbox_id=bae2323b-02f1-439c-a61d-f23870f91a8d command_id=d394d5052477c60aeef6927edabeef518b98da35a1b6e0e98ad2e0282c57df31 outcome=RETRYABLE cause=MQCLIENTEXCEPTION
2026-08-11T10:34:57.450+08:00 INFO  d.f.m.outbox.OutboxDispatcher request_id= idempotency_key= order_id= user_id= sku_id= payment_tx= - Outbox publication deferred outbox_id=9786c199-534e-496d-b271-ee52b6a6d5f6 command_id=66f28cb4ca0ad432b0311759772385962e77eec495a6636714addecbc6602a4d outcome=RETRYABLE cause=MQCLIENTEXCEPTION
2026-08-11T10:34:57.453+08:00 INFO  d.f.m.outbox.OutboxDispatcher request_id= idempotency_key= order_id= user_id= sku_id= payment_tx= - Outbox publication deferred outbox_id=5abd5ed9-67e1-4f5b-a3da-5faecd2c4697 command_id=d79af92f145cac6b71edba3df0acd4d802aa06a95de002d59172e3e7764466e9 outcome=RETRYABLE cause=MQCLIENTEXCEPTION
2026-08-11T10:34:57.715+08:00 INFO  d.f.m.outbox.OutboxDispatcher request_id= idempotency_key= order_id= user_id= sku_id= payment_tx= - Outbox publication deferred outbox_id=a52fc985-3405-4dc5-86b6-41623f6e5f78 command_id=2da2039f2842b4b01b8e09937ede2618a3de0476106ae78b3afc3ebebe841072 outcome=RETRYABLE cause=MQCLIENTEXCEPTION
2026-08-11T10:34:57.718+08:00 INFO  d.f.m.outbox.OutboxDispatcher request_id= idempotency_key= order_id= user_id= sku_id= payment_tx= - Outbox publication deferred outbox_id=24237460-bbdf-4d43-baf1-9229d292064d command_id=dc593b7b834eb6002a02057d9c927ec0de9edb0422a4d0ba6a089cd59fa00c6f outcome=RETRYABLE cause=MQCLIENTEXCEPTION
2026-08-11T10:34:57.980+08:00 INFO  d.f.m.outbox.OutboxDispatcher request_id= idempotency_key= order_id= user_id= sku_id= payment_tx= - Outbox publication deferred outbox_id=88017a3b-17d6-4398-a419-f6c7489b2d05 command_id=a737504d340f766ae7d8b77bdd249b2b56477cb1583ea4e8e940ce1837eb2949 outcome=RETRYABLE cause=MQCLIENTEXCEPTION
2026-08-11T10:34:57.983+08:00 INFO  d.f.m.outbox.OutboxDispatcher request_id= idempotency_key= order_id= user_id= sku_id= payment_tx= - Outbox publication deferred outbox_id=ee84b56d-6273-418d-9063-d1b609efc2fa command_id=629307d3b124c8984c216816a03d505ddeb884820af53e1a452e62478a307875 outcome=RETRYABLE cause=MQCLIENTEXCEPTION
2026-08-11T10:34:58.243+08:00 INFO  d.f.m.outbox.OutboxDispatcher request_id= idempotency_key= order_id= user_id= sku_id= payment_tx= - Outbox publication deferred outbox_id=80e00826-ee08-4cc4-886a-88f529ba41ab command_id=864bb02a574e210e2829716cbcf575dd3d363137b69f9915ed44c3e54d10fa6c outcome=RETRYABLE cause=MQCLIENTEXCEPTION
2026-08-11T10:34:58.245+08:00 INFO  d.f.m.outbox.OutboxDispatcher request_id= idempotency_key= order_id= user_id= sku_id= payment_tx= - Outbox publication deferred outbox_id=bae2323b-02f1-439c-a61d-f23870f91a8d command_id=d394d5052477c60aeef6927edabeef518b98da35a1b6e0e98ad2e0282c57df31 outcome=RETRYABLE cause=MQCLIENTEXCEPTION
2026-08-11T10:34:58.504+08:00 INFO  d.f.m.outbox.OutboxDispatcher request_id= idempotency_key= order_id= user_id= sku_id= payment_tx= - Outbox publication deferred outbox_id=9786c199-534e-496d-b271-ee52b6a6d5f6 command_id=66f28cb4ca0ad432b0311759772385962e77eec495a6636714addecbc6602a4d outcome=RETRYABLE cause=MQCLIENTEXCEPTION
2026-08-11T10:34:58.506+08:00 INFO  d.f.m.outbox.OutboxDispatcher request_id= idempotency_key= order_id= user_id= sku_id= payment_tx= - Outbox publication deferred outbox_id=5abd5ed9-67e1-4f5b-a3da-5faecd2c4697 command_id=d79af92f145cac6b71edba3df0acd4d802aa06a95de002d59172e3e7764466e9 outcome=RETRYABLE cause=MQCLIENTEXCEPTION
2026-08-11T10:34:58.765+08:00 INFO  d.f.m.outbox.OutboxDispatcher request_id= idempotency_key= order_id= user_id= sku_id= payment_tx= - Outbox publication deferred outbox_id=a52fc985-3405-4dc5-86b6-41623f6e5f78 command_id=2da2039f2842b4b01b8e09937ede2618a3de0476106ae78b3afc3ebebe841072 outcome=RETRYABLE cause=MQCLIENTEXCEPTION
2026-08-11T10:34:58.767+08:00 INFO  d.f.m.outbox.OutboxDispatcher request_id= idempotency_key= order_id= user_id= sku_id= payment_tx= - Outbox publication deferred outbox_id=24237460-bbdf-4d43-baf1-9229d292064d command_id=dc593b7b834eb6002a02057d9c927ec0de9edb0422a4d0ba6a089cd59fa00c6f outcome=RETRYABLE cause=MQCLIENTEXCEPTION
2026-08-11T10:34:59.026+08:00 INFO  d.f.m.outbox.OutboxDispatcher request_id= idempotency_key= order_id= user_id= sku_id= payment_tx= - Outbox publication deferred outbox_id=88017a3b-17d6-4398-a419-f6c7489b2d05 command_id=a737504d340f766ae7d8b77bdd249b2b56477cb1583ea4e8e940ce1837eb2949 outcome=RETRYABLE cause=MQCLIENTEXCEPTION
2026-08-11T10:34:59.028+08:00 INFO  d.f.m.outbox.OutboxDispatcher request_id= idempotency_key= order_id= user_id= sku_id= payment_tx= - Outbox publication deferred outbox_id=ee84b56d-6273-418d-9063-d1b609efc2fa command_id=629307d3b124c8984c216816a03d505ddeb884820af53e1a452e62478a307875 outcome=RETRYABLE cause=MQCLIENTEXCEPTION
2026-08-11T10:34:59.290+08:00 INFO  d.f.m.outbox.OutboxDispatcher request_id= idempotency_key= order_id= user_id= sku_id= payment_tx= - Outbox publication deferred outbox_id=80e00826-ee08-4cc4-886a-88f529ba41ab command_id=864bb02a574e210e2829716cbcf575dd3d363137b69f9915ed44c3e54d10fa6c outcome=RETRYABLE cause=MQCLIENTEXCEPTION
2026-08-11T10:34:59.292+08:00 INFO  d.f.m.outbox.OutboxDispatcher request_id= idempotency_key= order_id= user_id= sku_id= payment_tx= - Outbox publication deferred outbox_id=bae2323b-02f1-439c-a61d-f23870f91a8d command_id=d394d5052477c60aeef6927edabeef518b98da35a1b6e0e98ad2e0282c57df31 outcome=RETRYABLE cause=MQCLIENTEXCEPTION
2026-08-11T10:34:59.555+08:00 INFO  d.f.m.outbox.OutboxDispatcher request_id= idempotency_key= order_id= user_id= sku_id= payment_tx= - Outbox publication deferred outbox_id=9786c199-534e-496d-b271-ee52b6a6d5f6 command_id=66f28cb4ca0ad432b0311759772385962e77eec495a6636714addecbc6602a4d outcome=RETRYABLE cause=MQCLIENTEXCEPTION
2026-08-11T10:34:59.559+08:00 INFO  d.f.m.outbox.OutboxDispatcher request_id= idempotency_key= order_id= user_id= sku_id= payment_tx= - Outbox publication deferred outbox_id=5abd5ed9-67e1-4f5b-a3da-5faecd2c4697 command_id=d79af92f145cac6b71edba3df0acd4d802aa06a95de002d59172e3e7764466e9 outcome=RETRYABLE cause=MQCLIENTEXCEPTION
2026-08-11T10:34:59.818+08:00 INFO  d.f.m.outbox.OutboxDispatcher request_id= idempotency_key= order_id= user_id= sku_id= payment_tx= - Outbox publication deferred outbox_id=a52fc985-3405-4dc5-86b6-41623f6e5f78 command_id=2da2039f2842b4b01b8e09937ede2618a3de0476106ae78b3afc3ebebe841072 outcome=RETRYABLE cause=MQCLIENTEXCEPTION
2026-08-11T10:34:59.821+08:00 INFO  d.f.m.outbox.OutboxDispatcher request_id= idempotency_key= order_id= user_id= sku_id= payment_tx= - Outbox publication deferred outbox_id=24237460-bbdf-4d43-baf1-9229d292064d command_id=dc593b7b834eb6002a02057d9c927ec0de9edb0422a4d0ba6a089cd59fa00c6f outcome=RETRYABLE cause=MQCLIENTEXCEPTION
2026-08-11T10:35:00.091+08:00 INFO  d.f.m.outbox.OutboxDispatcher request_id= idempotency_key= order_id= user_id= sku_id= payment_tx= - Outbox publication deferred outbox_id=88017a3b-17d6-4398-a419-f6c7489b2d05 command_id=a737504d340f766ae7d8b77bdd249b2b56477cb1583ea4e8e940ce1837eb2949 outcome=RETRYABLE cause=MQCLIENTEXCEPTION
2026-08-11T10:35:00.095+08:00 INFO  d.f.m.outbox.OutboxDispatcher request_id= idempotency_key= order_id= user_id= sku_id= payment_tx= - Outbox publication deferred outbox_id=ee84b56d-6273-418d-9063-d1b609efc2fa command_id=629307d3b124c8984c216816a03d505ddeb884820af53e1a452e62478a307875 outcome=RETRYABLE cause=MQCLIENTEXCEPTION
2026-08-11T10:35:00.368+08:00 INFO  d.f.m.outbox.OutboxDispatcher request_id= idempotency_key= order_id= user_id= sku_id= payment_tx= - Outbox publication outbox_id=80e00826-ee08-4cc4-886a-88f529ba41ab command_id=864bb02a574e210e2829716cbcf575dd3d363137b69f9915ed44c3e54d10fa6c outcome=ACKNOWLEDGED
2026-08-11T10:35:00.371+08:00 INFO  d.f.m.outbox.OutboxDispatcher request_id= idempotency_key= order_id= user_id= sku_id= payment_tx= - Outbox publication outbox_id=bae2323b-02f1-439c-a61d-f23870f91a8d command_id=d394d5052477c60aeef6927edabeef518b98da35a1b6e0e98ad2e0282c57df31 outcome=ACKNOWLEDGED
2026-08-11T10:35:00.648+08:00 INFO  d.f.m.outbox.OutboxDispatcher request_id= idempotency_key= order_id= user_id= sku_id= payment_tx= - Outbox publication outbox_id=9786c199-534e-496d-b271-ee52b6a6d5f6 command_id=66f28cb4ca0ad432b0311759772385962e77eec495a6636714addecbc6602a4d outcome=ACKNOWLEDGED
2026-08-11T10:35:00.658+08:00 INFO  d.f.m.outbox.OutboxDispatcher request_id= idempotency_key= order_id= user_id= sku_id= payment_tx= - Outbox publication outbox_id=5abd5ed9-67e1-4f5b-a3da-5faecd2c4697 command_id=d79af92f145cac6b71edba3df0acd4d802aa06a95de002d59172e3e7764466e9 outcome=ACKNOWLEDGED
2026-08-11T10:35:00.933+08:00 INFO  d.f.m.outbox.OutboxDispatcher request_id= idempotency_key= order_id= user_id= sku_id= payment_tx= - Outbox publication outbox_id=a52fc985-3405-4dc5-86b6-41623f6e5f78 command_id=2da2039f2842b4b01b8e09937ede2618a3de0476106ae78b3afc3ebebe841072 outcome=ACKNOWLEDGED
2026-08-11T10:35:00.939+08:00 INFO  d.f.m.outbox.OutboxDispatcher request_id= idempotency_key= order_id= user_id= sku_id= payment_tx= - Outbox publication outbox_id=24237460-bbdf-4d43-baf1-9229d292064d command_id=dc593b7b834eb6002a02057d9c927ec0de9edb0422a4d0ba6a089cd59fa00c6f outcome=ACKNOWLEDGED
2026-08-11T10:35:01.231+08:00 INFO  d.f.m.outbox.OutboxDispatcher request_id= idempotency_key= order_id= user_id= sku_id= payment_tx= - Outbox publication outbox_id=88017a3b-17d6-4398-a419-f6c7489b2d05 command_id=a737504d340f766ae7d8b77bdd249b2b56477cb1583ea4e8e940ce1837eb2949 outcome=ACKNOWLEDGED
2026-08-11T10:35:01.237+08:00 INFO  d.f.m.outbox.OutboxDispatcher request_id= idempotency_key= order_id= user_id= sku_id= payment_tx= - Outbox publication outbox_id=ee84b56d-6273-418d-9063-d1b609efc2fa command_id=629307d3b124c8984c216816a03d505ddeb884820af53e1a452e62478a307875 outcome=ACKNOWLEDGED
2026-08-11T10:35:36.233+08:00 INFO  o.s.b.w.e.tomcat.GracefulShutdown request_id= idempotency_key= order_id= user_id= sku_id= payment_tx= - Commencing graceful shutdown. Waiting for active requests to complete
2026-08-11T10:35:38.237+08:00 INFO  o.s.b.w.e.tomcat.GracefulShutdown request_id= idempotency_key= order_id= user_id= sku_id= payment_tx= - Graceful shutdown complete
2026-08-11T10:35:38.238+08:00 ERROR org.apache.tomcat.util.net.Acceptor request_id= idempotency_key= order_id= user_id= sku_id= payment_tx= - Socket accept failed
java.nio.channels.AsynchronousCloseException: null
	at java.base/java.nio.channels.spi.AbstractInterruptibleChannel.end(AbstractInterruptibleChannel.java:218) ~[na:na]
	at java.base/sun.nio.ch.ServerSocketChannelImpl.end(ServerSocketChannelImpl.java:372) ~[na:na]
	at java.base/sun.nio.ch.ServerSocketChannelImpl.accept(ServerSocketChannelImpl.java:397) ~[na:na]
	at org.apache.tomcat.util.net.NioEndpoint.serverSocketAccept(NioEndpoint.java:537) ~[tomcat-embed-core-10.1.44.jar:10.1.44]
	at org.apache.tomcat.util.net.NioEndpoint.serverSocketAccept(NioEndpoint.java:72) ~[tomcat-embed-core-10.1.44.jar:10.1.44]
	at org.apache.tomcat.util.net.Acceptor.run(Acceptor.java:127) ~[tomcat-embed-core-10.1.44.jar:10.1.44]
	at java.base/java.lang.Thread.run(Thread.java:1516) ~[na:na]
2026-08-11T10:35:38.298+08:00 INFO  com.zaxxer.hikari.HikariDataSource request_id= idempotency_key= order_id= user_id= sku_id= payment_tx= - HikariPool-11 - Shutdown initiated...
2026-08-11T10:35:38.301+08:00 INFO  com.zaxxer.hikari.HikariDataSource request_id= idempotency_key= order_id= user_id= sku_id= payment_tx= - HikariPool-11 - Shutdown completed.
[INFO] Tests run: 1, Failures: 0, Errors: 0, Skipped: 0, Time elapsed: 44.26 s -- in dev.flashflow.V4OutboxConcurrentRedeliveryIntegrationTest
[INFO] Running dev.flashflow.ExperimentEvidenceReporterTest
[INFO] Tests run: 5, Failures: 0, Errors: 0, Skipped: 0, Time elapsed: 0.030 s -- in dev.flashflow.ExperimentEvidenceReporterTest
[INFO] Running dev.flashflow.ordering.FlashFlowMetricsTest
[INFO] Tests run: 3, Failures: 0, Errors: 0, Skipped: 0, Time elapsed: 0.002 s -- in dev.flashflow.ordering.FlashFlowMetricsTest
[INFO] Running dev.flashflow.OrderIntegrationTest
2026-08-11T10:35:38.342+08:00 INFO  o.s.t.c.s.AnnotationConfigContextLoaderUtils request_id= idempotency_key= order_id= user_id= sku_id= payment_tx= - Could not detect default configuration classes for test class [dev.flashflow.OrderIntegrationTest]: OrderIntegrationTest does not declare any static, non-private, non-final, nested classes annotated with @Configuration.
2026-08-11T10:35:38.344+08:00 INFO  o.s.b.t.c.SpringBootTestContextBootstrapper request_id= idempotency_key= order_id= user_id= sku_id= payment_tx= - Found @SpringBootConfiguration dev.flashflow.FlashFlowApplication for test class dev.flashflow.OrderIntegrationTest
[INFO] Tests run: 2, Failures: 0, Errors: 0, Skipped: 0, Time elapsed: 0.058 s -- in dev.flashflow.OrderIntegrationTest
[INFO] Running dev.flashflow.StrategyInvariantIntegrationTest
2026-08-11T10:35:38.400+08:00 INFO  o.s.t.c.s.AnnotationConfigContextLoaderUtils request_id= idempotency_key= order_id= user_id= sku_id= payment_tx= - Could not detect default configuration classes for test class [dev.flashflow.StrategyInvariantIntegrationTest]: StrategyInvariantIntegrationTest does not declare any static, non-private, non-final, nested classes annotated with @Configuration.
2026-08-11T10:35:38.401+08:00 INFO  o.s.b.t.c.SpringBootTestContextBootstrapper request_id= idempotency_key= order_id= user_id= sku_id= payment_tx= - Found @SpringBootConfiguration dev.flashflow.FlashFlowApplication for test class dev.flashflow.StrategyInvariantIntegrationTest
[INFO] Tests run: 5, Failures: 0, Errors: 0, Skipped: 0, Time elapsed: 0.238 s -- in dev.flashflow.StrategyInvariantIntegrationTest
[INFO] Running dev.flashflow.RedisOrderingIntegrationTest
2026-08-11T10:35:38.637+08:00 INFO  o.s.t.c.s.AnnotationConfigContextLoaderUtils request_id= idempotency_key= order_id= user_id= sku_id= payment_tx= - Could not detect default configuration classes for test class [dev.flashflow.RedisOrderingIntegrationTest]: RedisOrderingIntegrationTest does not declare any static, non-private, non-final, nested classes annotated with @Configuration.
2026-08-11T10:35:38.638+08:00 INFO  o.s.b.t.c.SpringBootTestContextBootstrapper request_id= idempotency_key= order_id= user_id= sku_id= payment_tx= - Found @SpringBootConfiguration dev.flashflow.FlashFlowApplication for test class dev.flashflow.RedisOrderingIntegrationTest
[INFO] Tests run: 4, Failures: 0, Errors: 0, Skipped: 0, Time elapsed: 0.108 s -- in dev.flashflow.RedisOrderingIntegrationTest
[INFO] Running dev.flashflow.UnsafeInterleavingTest
[INFO] Tests run: 1, Failures: 0, Errors: 0, Skipped: 0, Time elapsed: 0.060 s -- in dev.flashflow.UnsafeInterleavingTest
[INFO] Running dev.flashflow.LiveRocketMqScannerRecoveryIntegrationTest
2026-08-11T10:35:38.806+08:00 INFO  o.s.t.c.s.AnnotationConfigContextLoaderUtils request_id= idempotency_key= order_id= user_id= sku_id= payment_tx= - Could not detect default configuration classes for test class [dev.flashflow.LiveRocketMqScannerRecoveryIntegrationTest]: LiveRocketMqScannerRecoveryIntegrationTest does not declare any static, non-private, non-final, nested classes annotated with @Configuration.
2026-08-11T10:35:38.806+08:00 INFO  o.s.b.t.c.SpringBootTestContextBootstrapper request_id= idempotency_key= order_id= user_id= sku_id= payment_tx= - Found @SpringBootConfiguration dev.flashflow.FlashFlowApplication for test class dev.flashflow.LiveRocketMqScannerRecoveryIntegrationTest

  .   ____          _            __ _ _
 /\\ / ___'_ __ _ _(_)_ __  __ _ \ \ \ \
( ( )\___ | '_ | '_| | '_ \/ _` | \ \ \ \
 \\/  ___)| |_)| | | | | || (_| |  ) ) ) )
  '  |____| .__|_| |_|_| |_\__, | / / / /
 =========|_|==============|___/=/_/_/_/

 :: Spring Boot ::                (v3.5.5)

2026-08-11T10:35:38.814+08:00 INFO  d.f.LiveRocketMqScannerRecoveryIntegrationTest request_id= idempotency_key= order_id= user_id= sku_id= payment_tx= - Starting LiveRocketMqScannerRecoveryIntegrationTest using Java 26.0.2 with PID 65566 (started by yuzheng in /Users/yuzheng/Computeracy/Zhenkun26-GitHub/FlashFlow)
2026-08-11T10:35:38.814+08:00 INFO  d.f.LiveRocketMqScannerRecoveryIntegrationTest request_id= idempotency_key= order_id= user_id= sku_id= payment_tx= - The following 1 profile is active: "test"
2026-08-11T10:35:38.918+08:00 INFO  o.s.d.r.c.RepositoryConfigurationDelegate request_id= idempotency_key= order_id= user_id= sku_id= payment_tx= - Multiple Spring Data modules found, entering strict repository configuration mode
2026-08-11T10:35:38.918+08:00 INFO  o.s.d.r.c.RepositoryConfigurationDelegate request_id= idempotency_key= order_id= user_id= sku_id= payment_tx= - Bootstrapping Spring Data Redis repositories in DEFAULT mode.
2026-08-11T10:35:38.924+08:00 INFO  o.s.d.r.c.RepositoryConfigurationDelegate request_id= idempotency_key= order_id= user_id= sku_id= payment_tx= - Finished Spring Data repository scanning in 5 ms. Found 0 Redis repository interfaces.
2026-08-11T10:35:38.953+08:00 INFO  o.s.b.w.e.tomcat.TomcatWebServer request_id= idempotency_key= order_id= user_id= sku_id= payment_tx= - Tomcat initialized with port 0 (http)
2026-08-11T10:35:38.953+08:00 INFO  o.a.catalina.core.StandardService request_id= idempotency_key= order_id= user_id= sku_id= payment_tx= - Starting service [Tomcat]
2026-08-11T10:35:38.953+08:00 INFO  o.a.catalina.core.StandardEngine request_id= idempotency_key= order_id= user_id= sku_id= payment_tx= - Starting Servlet engine: [Apache Tomcat/10.1.44]
2026-08-11T10:35:38.959+08:00 INFO  o.a.c.c.C.[Tomcat].[localhost].[/] request_id= idempotency_key= order_id= user_id= sku_id= payment_tx= - Initializing Spring embedded WebApplicationContext
2026-08-11T10:35:38.959+08:00 INFO  o.s.b.w.s.c.ServletWebServerApplicationContext request_id= idempotency_key= order_id= user_id= sku_id= payment_tx= - Root WebApplicationContext: initialization completed in 144 ms
Standard Commons Logging discovery in action with spring-jcl: please remove commons-logging.jar from classpath in order to avoid potential conflicts
2026-08-11T10:35:38.992+08:00 INFO  com.zaxxer.hikari.HikariDataSource request_id= idempotency_key= order_id= user_id= sku_id= payment_tx= - HikariPool-12 - Starting...
2026-08-11T10:35:39.003+08:00 INFO  com.zaxxer.hikari.pool.HikariPool request_id= idempotency_key= order_id= user_id= sku_id= payment_tx= - HikariPool-12 - Added connection com.mysql.cj.jdbc.ConnectionImpl@1bcc9771
2026-08-11T10:35:39.003+08:00 INFO  com.zaxxer.hikari.HikariDataSource request_id= idempotency_key= order_id= user_id= sku_id= payment_tx= - HikariPool-12 - Start completed.
2026-08-11T10:35:39.006+08:00 INFO  org.flywaydb.core.FlywayExecutor request_id= idempotency_key= order_id= user_id= sku_id= payment_tx= - Database: jdbc:mysql://localhost:51657/flashflow (MySQL 8.4)
2026-08-11T10:35:39.010+08:00 WARN  o.f.c.i.database.base.Database request_id= idempotency_key= order_id= user_id= sku_id= payment_tx= - Flyway upgrade recommended: MySQL 8.4 is newer than this version of Flyway and support has not been tested. The latest supported version of MySQL is 8.1.
2026-08-11T10:35:39.015+08:00 INFO  o.f.core.internal.command.DbValidate request_id= idempotency_key= order_id= user_id= sku_id= payment_tx= - Successfully validated 4 migrations (execution time 00:00.004s)
2026-08-11T10:35:39.018+08:00 INFO  o.f.core.internal.command.DbMigrate request_id= idempotency_key= order_id= user_id= sku_id= payment_tx= - Current version of schema `flashflow`: 4
2026-08-11T10:35:39.019+08:00 INFO  o.f.core.internal.command.DbMigrate request_id= idempotency_key= order_id= user_id= sku_id= payment_tx= - Schema `flashflow` is up to date. No migration necessary.
2026-08-11T10:35:39.115+08:00 INFO  o.s.b.a.e.web.EndpointLinksResolver request_id= idempotency_key= order_id= user_id= sku_id= payment_tx= - Exposing 2 endpoints beneath base path '/actuator'
2026-08-11T10:35:39.120+08:00 INFO  o.s.b.w.e.tomcat.TomcatWebServer request_id= idempotency_key= order_id= user_id= sku_id= payment_tx= - Tomcat started on port 54599 (http) with context path '/'
2026-08-11T10:35:39.124+08:00 INFO  d.f.LiveRocketMqScannerRecoveryIntegrationTest request_id= idempotency_key= order_id= user_id= sku_id= payment_tx= - Started LiveRocketMqScannerRecoveryIntegrationTest in 0.317 seconds (process running for 206.368)
2026-08-11T10:35:41.176+08:00 INFO  o.a.c.c.C.[Tomcat].[localhost].[/] request_id= idempotency_key= order_id= user_id= sku_id= payment_tx= - Initializing Spring DispatcherServlet 'dispatcherServlet'
2026-08-11T10:35:41.176+08:00 INFO  o.s.web.servlet.DispatcherServlet request_id= idempotency_key= order_id= user_id= sku_id= payment_tx= - Initializing Servlet 'dispatcherServlet'
2026-08-11T10:35:41.177+08:00 INFO  o.s.web.servlet.DispatcherServlet request_id= idempotency_key= order_id= user_id= sku_id= payment_tx= - Completed initialization in 1 ms
2026-08-11T10:35:41.201+08:00 INFO  d.f.m.AsyncOrderApplicationService request_id=0ba15c0b-9672-4b86-8b28-b03363696e2c idempotency_key=key-scanner order_id= user_id=user-scanner sku_id=sku-scanner payment_tx= - Asynchronous publication command_id=eee0647f195fc7bb6cf1d451c8d87694596e127a8cb53b317cb43388331adfa0 outcome=BROKER_ACKNOWLEDGED status=ACCEPTED cause=SEND_OK
2026-08-11T10:35:42.369+08:00 INFO  o.s.b.w.e.tomcat.GracefulShutdown request_id= idempotency_key= order_id= user_id= sku_id= payment_tx= - Commencing graceful shutdown. Waiting for active requests to complete
2026-08-11T10:35:44.374+08:00 INFO  o.s.b.w.e.tomcat.GracefulShutdown request_id= idempotency_key= order_id= user_id= sku_id= payment_tx= - Graceful shutdown complete
2026-08-11T10:35:44.374+08:00 ERROR org.apache.tomcat.util.net.Acceptor request_id= idempotency_key= order_id= user_id= sku_id= payment_tx= - Socket accept failed
java.nio.channels.AsynchronousCloseException: null
	at java.base/java.nio.channels.spi.AbstractInterruptibleChannel.end(AbstractInterruptibleChannel.java:218) ~[na:na]
	at java.base/sun.nio.ch.ServerSocketChannelImpl.end(ServerSocketChannelImpl.java:372) ~[na:na]
	at java.base/sun.nio.ch.ServerSocketChannelImpl.accept(ServerSocketChannelImpl.java:397) ~[na:na]
	at org.apache.tomcat.util.net.NioEndpoint.serverSocketAccept(NioEndpoint.java:537) ~[tomcat-embed-core-10.1.44.jar:10.1.44]
	at org.apache.tomcat.util.net.NioEndpoint.serverSocketAccept(NioEndpoint.java:72) ~[tomcat-embed-core-10.1.44.jar:10.1.44]
	at org.apache.tomcat.util.net.Acceptor.run(Acceptor.java:127) ~[tomcat-embed-core-10.1.44.jar:10.1.44]
	at java.base/java.lang.Thread.run(Thread.java:1516) ~[na:na]
2026-08-11T10:35:44.430+08:00 INFO  com.zaxxer.hikari.HikariDataSource request_id= idempotency_key= order_id= user_id= sku_id= payment_tx= - HikariPool-12 - Shutdown initiated...
2026-08-11T10:35:44.432+08:00 INFO  com.zaxxer.hikari.HikariDataSource request_id= idempotency_key= order_id= user_id= sku_id= payment_tx= - HikariPool-12 - Shutdown completed.
[INFO] Tests run: 1, Failures: 0, Errors: 0, Skipped: 0, Time elapsed: 5.629 s -- in dev.flashflow.LiveRocketMqScannerRecoveryIntegrationTest
[INFO] Running dev.flashflow.LiveRocketMqExpirationAckLossIntegrationTest
2026-08-11T10:35:44.436+08:00 INFO  o.s.t.c.s.AnnotationConfigContextLoaderUtils request_id= idempotency_key= order_id= user_id= sku_id= payment_tx= - Could not detect default configuration classes for test class [dev.flashflow.LiveRocketMqExpirationAckLossIntegrationTest]: LiveRocketMqExpirationAckLossIntegrationTest does not declare any static, non-private, non-final, nested classes annotated with @Configuration.
2026-08-11T10:35:44.437+08:00 INFO  o.s.b.t.c.SpringBootTestContextBootstrapper request_id= idempotency_key= order_id= user_id= sku_id= payment_tx= - Found @SpringBootConfiguration dev.flashflow.FlashFlowApplication for test class dev.flashflow.LiveRocketMqExpirationAckLossIntegrationTest

  .   ____          _            __ _ _
 /\\ / ___'_ __ _ _(_)_ __  __ _ \ \ \ \
( ( )\___ | '_ | '_| | '_ \/ _` | \ \ \ \
 \\/  ___)| |_)| | | | | || (_| |  ) ) ) )
  '  |____| .__|_| |_|_| |_\__, | / / / /
 =========|_|==============|___/=/_/_/_/

 :: Spring Boot ::                (v3.5.5)

2026-08-11T10:35:44.448+08:00 INFO  d.f.LiveRocketMqExpirationAckLossIntegrationTest request_id= idempotency_key= order_id= user_id= sku_id= payment_tx= - Starting LiveRocketMqExpirationAckLossIntegrationTest using Java 26.0.2 with PID 65566 (started by yuzheng in /Users/yuzheng/Computeracy/Zhenkun26-GitHub/FlashFlow)
2026-08-11T10:35:44.448+08:00 INFO  d.f.LiveRocketMqExpirationAckLossIntegrationTest request_id= idempotency_key= order_id= user_id= sku_id= payment_tx= - The following 1 profile is active: "test"
2026-08-11T10:35:44.503+08:00 INFO  o.s.d.r.c.RepositoryConfigurationDelegate request_id= idempotency_key= order_id= user_id= sku_id= payment_tx= - Multiple Spring Data modules found, entering strict repository configuration mode
2026-08-11T10:35:44.503+08:00 INFO  o.s.d.r.c.RepositoryConfigurationDelegate request_id= idempotency_key= order_id= user_id= sku_id= payment_tx= - Bootstrapping Spring Data Redis repositories in DEFAULT mode.
2026-08-11T10:35:44.507+08:00 INFO  o.s.d.r.c.RepositoryConfigurationDelegate request_id= idempotency_key= order_id= user_id= sku_id= payment_tx= - Finished Spring Data repository scanning in 3 ms. Found 0 Redis repository interfaces.
2026-08-11T10:35:44.521+08:00 INFO  o.s.b.w.e.tomcat.TomcatWebServer request_id= idempotency_key= order_id= user_id= sku_id= payment_tx= - Tomcat initialized with port 0 (http)
2026-08-11T10:35:44.522+08:00 INFO  o.a.catalina.core.StandardService request_id= idempotency_key= order_id= user_id= sku_id= payment_tx= - Starting service [Tomcat]
2026-08-11T10:35:44.522+08:00 INFO  o.a.catalina.core.StandardEngine request_id= idempotency_key= order_id= user_id= sku_id= payment_tx= - Starting Servlet engine: [Apache Tomcat/10.1.44]
2026-08-11T10:35:44.527+08:00 INFO  o.a.c.c.C.[Tomcat].[localhost].[/] request_id= idempotency_key= order_id= user_id= sku_id= payment_tx= - Initializing Spring embedded WebApplicationContext
2026-08-11T10:35:44.527+08:00 INFO  o.s.b.w.s.c.ServletWebServerApplicationContext request_id= idempotency_key= order_id= user_id= sku_id= payment_tx= - Root WebApplicationContext: initialization completed in 78 ms
Standard Commons Logging discovery in action with spring-jcl: please remove commons-logging.jar from classpath in order to avoid potential conflicts
2026-08-11T10:35:44.561+08:00 INFO  com.zaxxer.hikari.HikariDataSource request_id= idempotency_key= order_id= user_id= sku_id= payment_tx= - HikariPool-13 - Starting...
2026-08-11T10:35:44.572+08:00 INFO  com.zaxxer.hikari.pool.HikariPool request_id= idempotency_key= order_id= user_id= sku_id= payment_tx= - HikariPool-13 - Added connection com.mysql.cj.jdbc.ConnectionImpl@1753ce03
2026-08-11T10:35:44.572+08:00 INFO  com.zaxxer.hikari.HikariDataSource request_id= idempotency_key= order_id= user_id= sku_id= payment_tx= - HikariPool-13 - Start completed.
2026-08-11T10:35:44.576+08:00 INFO  org.flywaydb.core.FlywayExecutor request_id= idempotency_key= order_id= user_id= sku_id= payment_tx= - Database: jdbc:mysql://localhost:51657/flashflow (MySQL 8.4)
2026-08-11T10:35:44.580+08:00 WARN  o.f.c.i.database.base.Database request_id= idempotency_key= order_id= user_id= sku_id= payment_tx= - Flyway upgrade recommended: MySQL 8.4 is newer than this version of Flyway and support has not been tested. The latest supported version of MySQL is 8.1.
2026-08-11T10:35:44.590+08:00 INFO  o.f.core.internal.command.DbValidate request_id= idempotency_key= order_id= user_id= sku_id= payment_tx= - Successfully validated 4 migrations (execution time 00:00.006s)
2026-08-11T10:35:44.597+08:00 INFO  o.f.core.internal.command.DbMigrate request_id= idempotency_key= order_id= user_id= sku_id= payment_tx= - Current version of schema `flashflow`: 4
2026-08-11T10:35:44.598+08:00 INFO  o.f.core.internal.command.DbMigrate request_id= idempotency_key= order_id= user_id= sku_id= payment_tx= - Schema `flashflow` is up to date. No migration necessary.
2026-08-11T10:35:44.698+08:00 INFO  o.s.b.a.e.web.EndpointLinksResolver request_id= idempotency_key= order_id= user_id= sku_id= payment_tx= - Exposing 2 endpoints beneath base path '/actuator'
2026-08-11T10:35:44.705+08:00 INFO  o.s.b.w.e.tomcat.TomcatWebServer request_id= idempotency_key= order_id= user_id= sku_id= payment_tx= - Tomcat started on port 54646 (http) with context path '/'
2026-08-11T10:35:44.706+08:00 INFO  d.f.LiveRocketMqExpirationAckLossIntegrationTest request_id= idempotency_key= order_id= user_id= sku_id= payment_tx= - Started LiveRocketMqExpirationAckLossIntegrationTest in 0.268 seconds (process running for 211.951)
2026-08-11T10:35:46.742+08:00 INFO  o.a.c.c.C.[Tomcat].[localhost].[/] request_id= idempotency_key= order_id= user_id= sku_id= payment_tx= - Initializing Spring DispatcherServlet 'dispatcherServlet'
2026-08-11T10:35:46.742+08:00 INFO  o.s.web.servlet.DispatcherServlet request_id= idempotency_key= order_id= user_id= sku_id= payment_tx= - Initializing Servlet 'dispatcherServlet'
2026-08-11T10:35:46.743+08:00 INFO  o.s.web.servlet.DispatcherServlet request_id= idempotency_key= order_id= user_id= sku_id= payment_tx= - Completed initialization in 1 ms
2026-08-11T10:35:46.771+08:00 INFO  d.f.m.AsyncOrderApplicationService request_id=3d250929-6c1d-4360-8dd4-b4955d6ca7a8 idempotency_key=key-exp-ack order_id= user_id=user-exp-ack sku_id=sku-exp-ack payment_tx= - Asynchronous publication command_id=9f8bf1c211762fb870c1797adfecf90b73c3e585b6a6245da5b166a09acc6815 outcome=BROKER_ACKNOWLEDGED status=ACCEPTED cause=SEND_OK
2026-08-11T10:36:06.222+08:00 INFO  o.s.b.w.e.tomcat.GracefulShutdown request_id= idempotency_key= order_id= user_id= sku_id= payment_tx= - Commencing graceful shutdown. Waiting for active requests to complete
2026-08-11T10:36:08.228+08:00 INFO  o.s.b.w.e.tomcat.GracefulShutdown request_id= idempotency_key= order_id= user_id= sku_id= payment_tx= - Graceful shutdown complete
2026-08-11T10:36:08.228+08:00 ERROR org.apache.tomcat.util.net.Acceptor request_id= idempotency_key= order_id= user_id= sku_id= payment_tx= - Socket accept failed
java.nio.channels.AsynchronousCloseException: null
	at java.base/java.nio.channels.spi.AbstractInterruptibleChannel.end(AbstractInterruptibleChannel.java:218) ~[na:na]
	at java.base/sun.nio.ch.ServerSocketChannelImpl.end(ServerSocketChannelImpl.java:372) ~[na:na]
	at java.base/sun.nio.ch.ServerSocketChannelImpl.accept(ServerSocketChannelImpl.java:397) ~[na:na]
	at org.apache.tomcat.util.net.NioEndpoint.serverSocketAccept(NioEndpoint.java:537) ~[tomcat-embed-core-10.1.44.jar:10.1.44]
	at org.apache.tomcat.util.net.NioEndpoint.serverSocketAccept(NioEndpoint.java:72) ~[tomcat-embed-core-10.1.44.jar:10.1.44]
	at org.apache.tomcat.util.net.Acceptor.run(Acceptor.java:127) ~[tomcat-embed-core-10.1.44.jar:10.1.44]
	at java.base/java.lang.Thread.run(Thread.java:1516) ~[na:na]
2026-08-11T10:36:08.283+08:00 INFO  com.zaxxer.hikari.HikariDataSource request_id= idempotency_key= order_id= user_id= sku_id= payment_tx= - HikariPool-13 - Shutdown initiated...
2026-08-11T10:36:08.285+08:00 INFO  com.zaxxer.hikari.HikariDataSource request_id= idempotency_key= order_id= user_id= sku_id= payment_tx= - HikariPool-13 - Shutdown completed.
[INFO] Tests run: 1, Failures: 0, Errors: 0, Skipped: 0, Time elapsed: 23.85 s -- in dev.flashflow.LiveRocketMqExpirationAckLossIntegrationTest
[INFO] Running dev.flashflow.OrderingClaimRaceIntegrationTest
2026-08-11T10:36:08.290+08:00 INFO  o.s.t.c.s.AnnotationConfigContextLoaderUtils request_id= idempotency_key= order_id= user_id= sku_id= payment_tx= - Could not detect default configuration classes for test class [dev.flashflow.OrderingClaimRaceIntegrationTest]: OrderingClaimRaceIntegrationTest does not declare any static, non-private, non-final, nested classes annotated with @Configuration.
2026-08-11T10:36:08.291+08:00 INFO  o.s.b.t.c.SpringBootTestContextBootstrapper request_id= idempotency_key= order_id= user_id= sku_id= payment_tx= - Found @SpringBootConfiguration dev.flashflow.FlashFlowApplication for test class dev.flashflow.OrderingClaimRaceIntegrationTest
[INFO] Tests run: 3, Failures: 0, Errors: 0, Skipped: 0, Time elapsed: 0.075 s -- in dev.flashflow.OrderingClaimRaceIntegrationTest
[INFO] Running dev.flashflow.ApplicationSmokeTest
2026-08-11T10:36:08.365+08:00 INFO  o.s.t.c.s.AnnotationConfigContextLoaderUtils request_id= idempotency_key= order_id= user_id= sku_id= payment_tx= - Could not detect default configuration classes for test class [dev.flashflow.ApplicationSmokeTest]: ApplicationSmokeTest does not declare any static, non-private, non-final, nested classes annotated with @Configuration.
2026-08-11T10:36:08.366+08:00 INFO  o.s.b.t.c.SpringBootTestContextBootstrapper request_id= idempotency_key= order_id= user_id= sku_id= payment_tx= - Found @SpringBootConfiguration dev.flashflow.FlashFlowApplication for test class dev.flashflow.ApplicationSmokeTest
[INFO] Tests run: 1, Failures: 0, Errors: 0, Skipped: 0, Time elapsed: 0.013 s -- in dev.flashflow.ApplicationSmokeTest
[INFO] Running dev.flashflow.messaging.AsyncOrderApplicationServiceTest
2026-08-11T10:36:08.384+08:00 INFO  d.f.m.AsyncOrderApplicationService request_id= idempotency_key=key-2 order_id= user_id=user-2 sku_id=sku-1 payment_tx= - Asynchronous publication command_id=01f6edbdbcb069068af0743c4a6c1cdf608ddb350e20c922f2699fa0232ba5f4 outcome=DEFINITELY_NOT_PUBLISHED status=RETRYABLE cause=CONNECT_FAILED
2026-08-11T10:36:08.384+08:00 INFO  d.f.m.AsyncOrderApplicationService request_id= idempotency_key=key-3 order_id= user_id=user-3 sku_id=sku-1 payment_tx= - Asynchronous publication command_id=1cc3cdc8f3519b00083f110b3605cd4a5b770b7e5245fbd4722e3d69cc876121 outcome=AMBIGUOUS status=UNRESOLVED cause=REMOTING_TIMEOUT
2026-08-11T10:36:08.384+08:00 INFO  d.f.m.AsyncOrderApplicationService request_id= idempotency_key=key-3 order_id= user_id=user-3 sku_id=sku-1 payment_tx= - Asynchronous publication command_id=1cc3cdc8f3519b00083f110b3605cd4a5b770b7e5245fbd4722e3d69cc876121 outcome=AMBIGUOUS status=UNRESOLVED cause=REMOTING_TIMEOUT
2026-08-11T10:36:08.385+08:00 INFO  d.f.m.AsyncOrderApplicationService request_id= idempotency_key=key-1 order_id= user_id=user-1 sku_id=sku-1 payment_tx= - Asynchronous publication command_id=eb5faa2199474e8f5bc1a28fb0121e6030966fc10dd104d1a1406803200ea69a outcome=BROKER_ACKNOWLEDGED status=ACCEPTED cause=SEND_OK
[INFO] Tests run: 2, Failures: 0, Errors: 0, Skipped: 0, Time elapsed: 0.008 s -- in dev.flashflow.messaging.AsyncOrderApplicationServiceTest
[INFO] Running dev.flashflow.messaging.RocketMqListenerContractTest
[INFO] Tests run: 1, Failures: 0, Errors: 0, Skipped: 0, Time elapsed: 0.008 s -- in dev.flashflow.messaging.RocketMqListenerContractTest
[INFO] Running dev.flashflow.messaging.OutboxAsyncOrderApplicationServiceTest
2026-08-11T10:36:08.492+08:00 INFO  d.f.m.o.OutboxAsyncOrderApplicationService request_id= idempotency_key=key-1 order_id= user_id=user-1 sku_id=sku-1 payment_tx= - Durable Outbox acceptance command_id=a7e3407f561a93b1e814e8043a124494518c72dc766988244ddc280fe0b281c4 status=ACCEPTED
2026-08-11T10:36:08.498+08:00 WARN  d.f.m.o.OutboxAsyncOrderApplicationService request_id= idempotency_key=key-1 order_id= user_id=user-1 sku_id=sku-1 payment_tx= - Durable Outbox acceptance unresolved command_id=a7e3407f561a93b1e814e8043a124494518c72dc766988244ddc280fe0b281c4 cause=IllegalStateException
[INFO] Tests run: 2, Failures: 0, Errors: 0, Skipped: 0, Time elapsed: 0.105 s -- in dev.flashflow.messaging.OutboxAsyncOrderApplicationServiceTest
[INFO] Running dev.flashflow.messaging.OrderCommandContractTest
[INFO] Tests run: 2, Failures: 0, Errors: 0, Skipped: 0, Time elapsed: 0.003 s -- in dev.flashflow.messaging.OrderCommandContractTest
[INFO] Running dev.flashflow.messaging.SyntheticMessagingSpikeTest
[INFO] Tests run: 2, Failures: 0, Errors: 0, Skipped: 0, Time elapsed: 0.001 s -- in dev.flashflow.messaging.SyntheticMessagingSpikeTest
[INFO] Running dev.flashflow.messaging.DeterministicPublicationCoordinatorTest
[INFO] Tests run: 3, Failures: 0, Errors: 0, Skipped: 0, Time elapsed: 0.001 s -- in dev.flashflow.messaging.DeterministicPublicationCoordinatorTest
[INFO] Running dev.flashflow.messaging.InProcessOrderCommandConsumerTest
[INFO] Tests run: 2, Failures: 0, Errors: 0, Skipped: 0, Time elapsed: 0.001 s -- in dev.flashflow.messaging.InProcessOrderCommandConsumerTest
[INFO] Running dev.flashflow.messaging.OutboxDispatcherTest
2026-08-11T10:36:08.590+08:00 INFO  d.f.m.outbox.OutboxDispatcher request_id= idempotency_key=key-1 order_id= user_id=user-1 sku_id=sku-1 payment_tx= - Outbox publication deferred outbox_id=outbox command_id=aaaaaaaaaaaaaaaaaaaaaaaaaaaaaaaaaaaaaaaaaaaaaaaaaaaaaaaaaaaaaaaa outcome=RETRYABLE cause=REMOTING_TIMEOUT
2026-08-11T10:36:08.593+08:00 WARN  d.f.m.outbox.OutboxDispatcher request_id= idempotency_key=key-1 order_id= user_id=user-1 sku_id=sku-1 payment_tx= - Outbox publication exhausted outbox_id=outbox command_id=aaaaaaaaaaaaaaaaaaaaaaaaaaaaaaaaaaaaaaaaaaaaaaaaaaaaaaaaaaaaaaaa cause=CONNECT_FAILED
2026-08-11T10:36:08.594+08:00 INFO  d.f.m.outbox.OutboxDispatcher request_id= idempotency_key=key-1 order_id= user_id=user-1 sku_id=sku-1 payment_tx= - Outbox publication outbox_id=outbox command_id=aaaaaaaaaaaaaaaaaaaaaaaaaaaaaaaaaaaaaaaaaaaaaaaaaaaaaaaaaaaaaaaa outcome=ACKNOWLEDGED
[INFO] Tests run: 3, Failures: 0, Errors: 0, Skipped: 0, Time elapsed: 0.088 s -- in dev.flashflow.messaging.OutboxDispatcherTest
[INFO] Running dev.flashflow.OutboxPersistenceIntegrationTest
2026-08-11T10:36:08.595+08:00 INFO  o.s.t.c.s.AnnotationConfigContextLoaderUtils request_id= idempotency_key=key-1 order_id= user_id=user-1 sku_id=sku-1 payment_tx= - Could not detect default configuration classes for test class [dev.flashflow.OutboxPersistenceIntegrationTest]: OutboxPersistenceIntegrationTest does not declare any static, non-private, non-final, nested classes annotated with @Configuration.
2026-08-11T10:36:08.595+08:00 INFO  o.s.b.t.c.SpringBootTestContextBootstrapper request_id= idempotency_key=key-1 order_id= user_id=user-1 sku_id=sku-1 payment_tx= - Found @SpringBootConfiguration dev.flashflow.FlashFlowApplication for test class dev.flashflow.OutboxPersistenceIntegrationTest
[INFO] Tests run: 6, Failures: 0, Errors: 0, Skipped: 0, Time elapsed: 0.108 s -- in dev.flashflow.OutboxPersistenceIntegrationTest
[INFO] Running dev.flashflow.LiveRocketMqRetryExhaustionIntegrationTest
2026-08-11T10:36:08.704+08:00 INFO  o.s.t.c.s.AnnotationConfigContextLoaderUtils request_id= idempotency_key=key-1 order_id= user_id=user-1 sku_id=sku-1 payment_tx= - Could not detect default configuration classes for test class [dev.flashflow.LiveRocketMqRetryExhaustionIntegrationTest]: LiveRocketMqRetryExhaustionIntegrationTest does not declare any static, non-private, non-final, nested classes annotated with @Configuration.
2026-08-11T10:36:08.705+08:00 INFO  o.s.b.t.c.SpringBootTestContextBootstrapper request_id= idempotency_key=key-1 order_id= user_id=user-1 sku_id=sku-1 payment_tx= - Found @SpringBootConfiguration dev.flashflow.FlashFlowApplication for test class dev.flashflow.LiveRocketMqRetryExhaustionIntegrationTest

  .   ____          _            __ _ _
 /\\ / ___'_ __ _ _(_)_ __  __ _ \ \ \ \
( ( )\___ | '_ | '_| | '_ \/ _` | \ \ \ \
 \\/  ___)| |_)| | | | | || (_| |  ) ) ) )
  '  |____| .__|_| |_|_| |_\__, | / / / /
 =========|_|==============|___/=/_/_/_/

 :: Spring Boot ::                (v3.5.5)

2026-08-11T10:36:08.713+08:00 INFO  d.f.LiveRocketMqRetryExhaustionIntegrationTest request_id= idempotency_key=key-1 order_id= user_id=user-1 sku_id=sku-1 payment_tx= - Starting LiveRocketMqRetryExhaustionIntegrationTest using Java 26.0.2 with PID 65566 (started by yuzheng in /Users/yuzheng/Computeracy/Zhenkun26-GitHub/FlashFlow)
2026-08-11T10:36:08.714+08:00 INFO  d.f.LiveRocketMqRetryExhaustionIntegrationTest request_id= idempotency_key=key-1 order_id= user_id=user-1 sku_id=sku-1 payment_tx= - The following 1 profile is active: "test"
2026-08-11T10:36:08.798+08:00 INFO  o.s.d.r.c.RepositoryConfigurationDelegate request_id= idempotency_key=key-1 order_id= user_id=user-1 sku_id=sku-1 payment_tx= - Multiple Spring Data modules found, entering strict repository configuration mode
2026-08-11T10:36:08.798+08:00 INFO  o.s.d.r.c.RepositoryConfigurationDelegate request_id= idempotency_key=key-1 order_id= user_id=user-1 sku_id=sku-1 payment_tx= - Bootstrapping Spring Data Redis repositories in DEFAULT mode.
2026-08-11T10:36:08.802+08:00 INFO  o.s.d.r.c.RepositoryConfigurationDelegate request_id= idempotency_key=key-1 order_id= user_id=user-1 sku_id=sku-1 payment_tx= - Finished Spring Data repository scanning in 3 ms. Found 0 Redis repository interfaces.
2026-08-11T10:36:08.817+08:00 INFO  o.s.b.w.e.tomcat.TomcatWebServer request_id= idempotency_key=key-1 order_id= user_id=user-1 sku_id=sku-1 payment_tx= - Tomcat initialized with port 0 (http)
2026-08-11T10:36:08.817+08:00 INFO  o.a.catalina.core.StandardService request_id= idempotency_key=key-1 order_id= user_id=user-1 sku_id=sku-1 payment_tx= - Starting service [Tomcat]
2026-08-11T10:36:08.817+08:00 INFO  o.a.catalina.core.StandardEngine request_id= idempotency_key=key-1 order_id= user_id=user-1 sku_id=sku-1 payment_tx= - Starting Servlet engine: [Apache Tomcat/10.1.44]
2026-08-11T10:36:08.822+08:00 INFO  o.a.c.c.C.[Tomcat].[localhost].[/] request_id= idempotency_key=key-1 order_id= user_id=user-1 sku_id=sku-1 payment_tx= - Initializing Spring embedded WebApplicationContext
2026-08-11T10:36:08.822+08:00 INFO  o.s.b.w.s.c.ServletWebServerApplicationContext request_id= idempotency_key=key-1 order_id= user_id=user-1 sku_id=sku-1 payment_tx= - Root WebApplicationContext: initialization completed in 108 ms
Standard Commons Logging discovery in action with spring-jcl: please remove commons-logging.jar from classpath in order to avoid potential conflicts
2026-08-11T10:36:08.849+08:00 INFO  com.zaxxer.hikari.HikariDataSource request_id= idempotency_key=key-1 order_id= user_id=user-1 sku_id=sku-1 payment_tx= - HikariPool-14 - Starting...
2026-08-11T10:36:08.859+08:00 INFO  com.zaxxer.hikari.pool.HikariPool request_id= idempotency_key=key-1 order_id= user_id=user-1 sku_id=sku-1 payment_tx= - HikariPool-14 - Added connection com.mysql.cj.jdbc.ConnectionImpl@57520f84
2026-08-11T10:36:08.859+08:00 INFO  com.zaxxer.hikari.HikariDataSource request_id= idempotency_key=key-1 order_id= user_id=user-1 sku_id=sku-1 payment_tx= - HikariPool-14 - Start completed.
2026-08-11T10:36:08.863+08:00 INFO  org.flywaydb.core.FlywayExecutor request_id= idempotency_key=key-1 order_id= user_id=user-1 sku_id=sku-1 payment_tx= - Database: jdbc:mysql://localhost:51657/flashflow (MySQL 8.4)
2026-08-11T10:36:08.867+08:00 WARN  o.f.c.i.database.base.Database request_id= idempotency_key=key-1 order_id= user_id=user-1 sku_id=sku-1 payment_tx= - Flyway upgrade recommended: MySQL 8.4 is newer than this version of Flyway and support has not been tested. The latest supported version of MySQL is 8.1.
2026-08-11T10:36:08.872+08:00 INFO  o.f.core.internal.command.DbValidate request_id= idempotency_key=key-1 order_id= user_id=user-1 sku_id=sku-1 payment_tx= - Successfully validated 4 migrations (execution time 00:00.004s)
2026-08-11T10:36:08.875+08:00 INFO  o.f.core.internal.command.DbMigrate request_id= idempotency_key=key-1 order_id= user_id=user-1 sku_id=sku-1 payment_tx= - Current version of schema `flashflow`: 4
2026-08-11T10:36:08.876+08:00 INFO  o.f.core.internal.command.DbMigrate request_id= idempotency_key=key-1 order_id= user_id=user-1 sku_id=sku-1 payment_tx= - Schema `flashflow` is up to date. No migration necessary.
2026-08-11T10:36:09.017+08:00 INFO  o.s.b.a.e.web.EndpointLinksResolver request_id= idempotency_key=key-1 order_id= user_id=user-1 sku_id=sku-1 payment_tx= - Exposing 2 endpoints beneath base path '/actuator'
2026-08-11T10:36:09.022+08:00 INFO  o.s.b.w.e.tomcat.TomcatWebServer request_id= idempotency_key=key-1 order_id= user_id=user-1 sku_id=sku-1 payment_tx= - Tomcat started on port 54746 (http) with context path '/'
2026-08-11T10:36:09.024+08:00 INFO  d.f.LiveRocketMqRetryExhaustionIntegrationTest request_id= idempotency_key=key-1 order_id= user_id=user-1 sku_id=sku-1 payment_tx= - Started LiveRocketMqRetryExhaustionIntegrationTest in 0.318 seconds (process running for 236.269)
2026-08-11T10:36:11.048+08:00 INFO  o.a.c.c.C.[Tomcat].[localhost].[/] request_id= idempotency_key= order_id= user_id= sku_id= payment_tx= - Initializing Spring DispatcherServlet 'dispatcherServlet'
2026-08-11T10:36:11.048+08:00 INFO  o.s.web.servlet.DispatcherServlet request_id= idempotency_key= order_id= user_id= sku_id= payment_tx= - Initializing Servlet 'dispatcherServlet'
2026-08-11T10:36:11.049+08:00 INFO  o.s.web.servlet.DispatcherServlet request_id= idempotency_key= order_id= user_id= sku_id= payment_tx= - Completed initialization in 1 ms
2026-08-11T10:36:11.068+08:00 INFO  d.f.m.AsyncOrderApplicationService request_id=6b730055-2aab-4608-9e09-23ed41d0b8e1 idempotency_key=key-exhaustion order_id= user_id=user-exhaustion sku_id=sku-exhaustion payment_tx= - Asynchronous publication command_id=376c29b67fdb29614b85c23214fb61aff7f3c58a83fd98b5832fbff2e0e36777 outcome=BROKER_ACKNOWLEDGED status=ACCEPTED cause=SEND_OK
2026-08-11T10:36:30.643+08:00 INFO  d.f.m.AsyncOrderApplicationService request_id=00099f4d-5f19-4272-8c20-ef1f6c074a3c idempotency_key=key-exhaustion order_id= user_id=user-exhaustion sku_id=sku-exhaustion payment_tx= - Asynchronous publication command_id=376c29b67fdb29614b85c23214fb61aff7f3c58a83fd98b5832fbff2e0e36777 outcome=BROKER_ACKNOWLEDGED status=ACCEPTED cause=SEND_OK
2026-08-11T10:36:30.650+08:00 INFO  o.s.b.w.e.tomcat.GracefulShutdown request_id= idempotency_key=key-1 order_id= user_id=user-1 sku_id=sku-1 payment_tx= - Commencing graceful shutdown. Waiting for active requests to complete
2026-08-11T10:36:32.655+08:00 INFO  o.s.b.w.e.tomcat.GracefulShutdown request_id= idempotency_key= order_id= user_id= sku_id= payment_tx= - Graceful shutdown complete
2026-08-11T10:36:32.655+08:00 ERROR org.apache.tomcat.util.net.Acceptor request_id= idempotency_key= order_id= user_id= sku_id= payment_tx= - Socket accept failed
java.nio.channels.AsynchronousCloseException: null
	at java.base/java.nio.channels.spi.AbstractInterruptibleChannel.end(AbstractInterruptibleChannel.java:218) ~[na:na]
	at java.base/sun.nio.ch.ServerSocketChannelImpl.end(ServerSocketChannelImpl.java:372) ~[na:na]
	at java.base/sun.nio.ch.ServerSocketChannelImpl.accept(ServerSocketChannelImpl.java:397) ~[na:na]
	at org.apache.tomcat.util.net.NioEndpoint.serverSocketAccept(NioEndpoint.java:537) ~[tomcat-embed-core-10.1.44.jar:10.1.44]
	at org.apache.tomcat.util.net.NioEndpoint.serverSocketAccept(NioEndpoint.java:72) ~[tomcat-embed-core-10.1.44.jar:10.1.44]
	at org.apache.tomcat.util.net.Acceptor.run(Acceptor.java:127) ~[tomcat-embed-core-10.1.44.jar:10.1.44]
	at java.base/java.lang.Thread.run(Thread.java:1516) ~[na:na]
2026-08-11T10:36:32.974+08:00 INFO  com.zaxxer.hikari.HikariDataSource request_id= idempotency_key=key-1 order_id= user_id=user-1 sku_id=sku-1 payment_tx= - HikariPool-14 - Shutdown initiated...
2026-08-11T10:36:32.977+08:00 INFO  com.zaxxer.hikari.HikariDataSource request_id= idempotency_key=key-1 order_id= user_id=user-1 sku_id=sku-1 payment_tx= - HikariPool-14 - Shutdown completed.
[INFO] Tests run: 1, Failures: 0, Errors: 0, Skipped: 0, Time elapsed: 24.28 s -- in dev.flashflow.LiveRocketMqRetryExhaustionIntegrationTest
[INFO] Running dev.flashflow.LiveRocketMqEndToEndIntegrationTest
2026-08-11T10:36:32.987+08:00 INFO  o.s.t.c.s.AnnotationConfigContextLoaderUtils request_id= idempotency_key=key-1 order_id= user_id=user-1 sku_id=sku-1 payment_tx= - Could not detect default configuration classes for test class [dev.flashflow.LiveRocketMqEndToEndIntegrationTest]: LiveRocketMqEndToEndIntegrationTest does not declare any static, non-private, non-final, nested classes annotated with @Configuration.
2026-08-11T10:36:32.989+08:00 INFO  o.s.b.t.c.SpringBootTestContextBootstrapper request_id= idempotency_key=key-1 order_id= user_id=user-1 sku_id=sku-1 payment_tx= - Found @SpringBootConfiguration dev.flashflow.FlashFlowApplication for test class dev.flashflow.LiveRocketMqEndToEndIntegrationTest

  .   ____          _            __ _ _
 /\\ / ___'_ __ _ _(_)_ __  __ _ \ \ \ \
( ( )\___ | '_ | '_| | '_ \/ _` | \ \ \ \
 \\/  ___)| |_)| | | | | || (_| |  ) ) ) )
  '  |____| .__|_| |_|_| |_\__, | / / / /
 =========|_|==============|___/=/_/_/_/

 :: Spring Boot ::                (v3.5.5)

2026-08-11T10:36:33.003+08:00 INFO  d.f.LiveRocketMqEndToEndIntegrationTest request_id= idempotency_key=key-1 order_id= user_id=user-1 sku_id=sku-1 payment_tx= - Starting LiveRocketMqEndToEndIntegrationTest using Java 26.0.2 with PID 65566 (started by yuzheng in /Users/yuzheng/Computeracy/Zhenkun26-GitHub/FlashFlow)
2026-08-11T10:36:33.003+08:00 INFO  d.f.LiveRocketMqEndToEndIntegrationTest request_id= idempotency_key=key-1 order_id= user_id=user-1 sku_id=sku-1 payment_tx= - The following 1 profile is active: "test"
2026-08-11T10:36:33.091+08:00 INFO  o.s.d.r.c.RepositoryConfigurationDelegate request_id= idempotency_key=key-1 order_id= user_id=user-1 sku_id=sku-1 payment_tx= - Multiple Spring Data modules found, entering strict repository configuration mode
2026-08-11T10:36:33.091+08:00 INFO  o.s.d.r.c.RepositoryConfigurationDelegate request_id= idempotency_key=key-1 order_id= user_id=user-1 sku_id=sku-1 payment_tx= - Bootstrapping Spring Data Redis repositories in DEFAULT mode.
2026-08-11T10:36:33.096+08:00 INFO  o.s.d.r.c.RepositoryConfigurationDelegate request_id= idempotency_key=key-1 order_id= user_id=user-1 sku_id=sku-1 payment_tx= - Finished Spring Data repository scanning in 3 ms. Found 0 Redis repository interfaces.
2026-08-11T10:36:33.112+08:00 INFO  o.s.b.w.e.tomcat.TomcatWebServer request_id= idempotency_key=key-1 order_id= user_id=user-1 sku_id=sku-1 payment_tx= - Tomcat initialized with port 0 (http)
2026-08-11T10:36:33.112+08:00 INFO  o.a.catalina.core.StandardService request_id= idempotency_key=key-1 order_id= user_id=user-1 sku_id=sku-1 payment_tx= - Starting service [Tomcat]
2026-08-11T10:36:33.112+08:00 INFO  o.a.catalina.core.StandardEngine request_id= idempotency_key=key-1 order_id= user_id=user-1 sku_id=sku-1 payment_tx= - Starting Servlet engine: [Apache Tomcat/10.1.44]
2026-08-11T10:36:33.118+08:00 INFO  o.a.c.c.C.[Tomcat].[localhost].[/] request_id= idempotency_key=key-1 order_id= user_id=user-1 sku_id=sku-1 payment_tx= - Initializing Spring embedded WebApplicationContext
2026-08-11T10:36:33.118+08:00 INFO  o.s.b.w.s.c.ServletWebServerApplicationContext request_id= idempotency_key=key-1 order_id= user_id=user-1 sku_id=sku-1 payment_tx= - Root WebApplicationContext: initialization completed in 114 ms
Standard Commons Logging discovery in action with spring-jcl: please remove commons-logging.jar from classpath in order to avoid potential conflicts
2026-08-11T10:36:33.142+08:00 INFO  com.zaxxer.hikari.HikariDataSource request_id= idempotency_key=key-1 order_id= user_id=user-1 sku_id=sku-1 payment_tx= - HikariPool-15 - Starting...
2026-08-11T10:36:33.156+08:00 INFO  com.zaxxer.hikari.pool.HikariPool request_id= idempotency_key=key-1 order_id= user_id=user-1 sku_id=sku-1 payment_tx= - HikariPool-15 - Added connection com.mysql.cj.jdbc.ConnectionImpl@40166009
2026-08-11T10:36:33.157+08:00 INFO  com.zaxxer.hikari.HikariDataSource request_id= idempotency_key=key-1 order_id= user_id=user-1 sku_id=sku-1 payment_tx= - HikariPool-15 - Start completed.
2026-08-11T10:36:33.162+08:00 INFO  org.flywaydb.core.FlywayExecutor request_id= idempotency_key=key-1 order_id= user_id=user-1 sku_id=sku-1 payment_tx= - Database: jdbc:mysql://localhost:51657/flashflow (MySQL 8.4)
2026-08-11T10:36:33.166+08:00 WARN  o.f.c.i.database.base.Database request_id= idempotency_key=key-1 order_id= user_id=user-1 sku_id=sku-1 payment_tx= - Flyway upgrade recommended: MySQL 8.4 is newer than this version of Flyway and support has not been tested. The latest supported version of MySQL is 8.1.
2026-08-11T10:36:33.171+08:00 INFO  o.f.core.internal.command.DbValidate request_id= idempotency_key=key-1 order_id= user_id=user-1 sku_id=sku-1 payment_tx= - Successfully validated 4 migrations (execution time 00:00.003s)
2026-08-11T10:36:33.174+08:00 INFO  o.f.core.internal.command.DbMigrate request_id= idempotency_key=key-1 order_id= user_id=user-1 sku_id=sku-1 payment_tx= - Current version of schema `flashflow`: 4
2026-08-11T10:36:33.174+08:00 INFO  o.f.core.internal.command.DbMigrate request_id= idempotency_key=key-1 order_id= user_id=user-1 sku_id=sku-1 payment_tx= - Schema `flashflow` is up to date. No migration necessary.
2026-08-11T10:36:33.264+08:00 INFO  o.s.b.a.e.web.EndpointLinksResolver request_id= idempotency_key=key-1 order_id= user_id=user-1 sku_id=sku-1 payment_tx= - Exposing 2 endpoints beneath base path '/actuator'
2026-08-11T10:36:33.270+08:00 INFO  o.s.b.w.e.tomcat.TomcatWebServer request_id= idempotency_key=key-1 order_id= user_id=user-1 sku_id=sku-1 payment_tx= - Tomcat started on port 54828 (http) with context path '/'
2026-08-11T10:36:33.272+08:00 INFO  d.f.LiveRocketMqEndToEndIntegrationTest request_id= idempotency_key=key-1 order_id= user_id=user-1 sku_id=sku-1 payment_tx= - Started LiveRocketMqEndToEndIntegrationTest in 0.28 seconds (process running for 260.516)
2026-08-11T10:36:35.299+08:00 INFO  o.a.c.c.C.[Tomcat].[localhost].[/] request_id= idempotency_key= order_id= user_id= sku_id= payment_tx= - Initializing Spring DispatcherServlet 'dispatcherServlet'
2026-08-11T10:36:35.299+08:00 INFO  o.s.web.servlet.DispatcherServlet request_id= idempotency_key= order_id= user_id= sku_id= payment_tx= - Initializing Servlet 'dispatcherServlet'
2026-08-11T10:36:35.300+08:00 INFO  o.s.web.servlet.DispatcherServlet request_id= idempotency_key= order_id= user_id= sku_id= payment_tx= - Completed initialization in 1 ms
2026-08-11T10:36:35.326+08:00 INFO  d.f.m.AsyncOrderApplicationService request_id=7215bee8-98dc-493c-8b5b-97ea9b4f63c8 idempotency_key=key-live order_id= user_id=user-live sku_id=sku-live payment_tx= - Asynchronous publication command_id=e2b2c6feda34496e10ea7b5ef6bac451b4866cb9855d6437ce0a2391eb523024 outcome=BROKER_ACKNOWLEDGED status=ACCEPTED cause=SEND_OK
2026-08-11T10:36:40.695+08:00 INFO  d.f.m.AsyncOrderApplicationService request_id=dcacdfb3-1e7c-405f-80b2-64593a315dbe idempotency_key=key-contract order_id= user_id=user-contract sku_id=sku-contract-a payment_tx= - Asynchronous publication command_id=1d32e54b7bda4a365a35f17783a2bfbf36e9b66768e6a459d06acbb43229669e outcome=BROKER_ACKNOWLEDGED status=ACCEPTED cause=SEND_OK
2026-08-11T10:37:00.959+08:00 INFO  d.f.m.AsyncOrderApplicationService request_id=995a3d44-c821-4096-ab6e-ea3876c5d827 idempotency_key=key-restart-51a6bed8 order_id= user_id=user-restart-51a6bed8 sku_id=sku-restart-51a6bed8 payment_tx= - Asynchronous publication command_id=72f08b775d824586d8a5c5b40630853b10e236d518687e5ba11f8c95df2a83df outcome=DEFINITELY_NOT_PUBLISHED status=RETRYABLE cause=MQCLIENTEXCEPTION
2026-08-11T10:37:01.081+08:00 INFO  d.f.m.AsyncOrderApplicationService request_id=5a12dac1-a87f-4e82-8b32-3545094dab5a idempotency_key=key-restart-51a6bed8 order_id= user_id=user-restart-51a6bed8 sku_id=sku-restart-51a6bed8 payment_tx= - Asynchronous publication command_id=72f08b775d824586d8a5c5b40630853b10e236d518687e5ba11f8c95df2a83df outcome=DEFINITELY_NOT_PUBLISHED status=RETRYABLE cause=MQCLIENTEXCEPTION
2026-08-11T10:37:01.200+08:00 INFO  d.f.m.AsyncOrderApplicationService request_id=deb823db-acf0-40f9-b7d5-79015c7031ee idempotency_key=key-restart-51a6bed8 order_id= user_id=user-restart-51a6bed8 sku_id=sku-restart-51a6bed8 payment_tx= - Asynchronous publication command_id=72f08b775d824586d8a5c5b40630853b10e236d518687e5ba11f8c95df2a83df outcome=DEFINITELY_NOT_PUBLISHED status=RETRYABLE cause=MQCLIENTEXCEPTION
2026-08-11T10:37:01.315+08:00 INFO  d.f.m.AsyncOrderApplicationService request_id=17422167-c436-4090-89f2-aabbb46d6820 idempotency_key=key-restart-51a6bed8 order_id= user_id=user-restart-51a6bed8 sku_id=sku-restart-51a6bed8 payment_tx= - Asynchronous publication command_id=72f08b775d824586d8a5c5b40630853b10e236d518687e5ba11f8c95df2a83df outcome=DEFINITELY_NOT_PUBLISHED status=RETRYABLE cause=MQCLIENTEXCEPTION
2026-08-11T10:37:01.429+08:00 INFO  d.f.m.AsyncOrderApplicationService request_id=f92a1ebf-aa88-4a97-ab5d-4707f060e8a1 idempotency_key=key-restart-51a6bed8 order_id= user_id=user-restart-51a6bed8 sku_id=sku-restart-51a6bed8 payment_tx= - Asynchronous publication command_id=72f08b775d824586d8a5c5b40630853b10e236d518687e5ba11f8c95df2a83df outcome=DEFINITELY_NOT_PUBLISHED status=RETRYABLE cause=MQCLIENTEXCEPTION
2026-08-11T10:37:01.540+08:00 INFO  d.f.m.AsyncOrderApplicationService request_id=61a1c8b3-3766-4a1e-b85f-212d8815afea idempotency_key=key-restart-51a6bed8 order_id= user_id=user-restart-51a6bed8 sku_id=sku-restart-51a6bed8 payment_tx= - Asynchronous publication command_id=72f08b775d824586d8a5c5b40630853b10e236d518687e5ba11f8c95df2a83df outcome=DEFINITELY_NOT_PUBLISHED status=RETRYABLE cause=MQCLIENTEXCEPTION
2026-08-11T10:37:01.660+08:00 INFO  d.f.m.AsyncOrderApplicationService request_id=acff89bf-37cc-4b93-a5de-9f760cd791a5 idempotency_key=key-restart-51a6bed8 order_id= user_id=user-restart-51a6bed8 sku_id=sku-restart-51a6bed8 payment_tx= - Asynchronous publication command_id=72f08b775d824586d8a5c5b40630853b10e236d518687e5ba11f8c95df2a83df outcome=DEFINITELY_NOT_PUBLISHED status=RETRYABLE cause=MQCLIENTEXCEPTION
2026-08-11T10:37:01.774+08:00 INFO  d.f.m.AsyncOrderApplicationService request_id=7d6ea341-6831-47a7-b47a-0942626aa2e8 idempotency_key=key-restart-51a6bed8 order_id= user_id=user-restart-51a6bed8 sku_id=sku-restart-51a6bed8 payment_tx= - Asynchronous publication command_id=72f08b775d824586d8a5c5b40630853b10e236d518687e5ba11f8c95df2a83df outcome=DEFINITELY_NOT_PUBLISHED status=RETRYABLE cause=MQCLIENTEXCEPTION
2026-08-11T10:37:01.889+08:00 INFO  d.f.m.AsyncOrderApplicationService request_id=6f7f871f-3c37-4e82-8365-b9fc75efcbbf idempotency_key=key-restart-51a6bed8 order_id= user_id=user-restart-51a6bed8 sku_id=sku-restart-51a6bed8 payment_tx= - Asynchronous publication command_id=72f08b775d824586d8a5c5b40630853b10e236d518687e5ba11f8c95df2a83df outcome=DEFINITELY_NOT_PUBLISHED status=RETRYABLE cause=MQCLIENTEXCEPTION
2026-08-11T10:37:02.006+08:00 INFO  d.f.m.AsyncOrderApplicationService request_id=be3d85e6-216a-452d-ab37-0d39339a6c1d idempotency_key=key-restart-51a6bed8 order_id= user_id=user-restart-51a6bed8 sku_id=sku-restart-51a6bed8 payment_tx= - Asynchronous publication command_id=72f08b775d824586d8a5c5b40630853b10e236d518687e5ba11f8c95df2a83df outcome=DEFINITELY_NOT_PUBLISHED status=RETRYABLE cause=MQCLIENTEXCEPTION
2026-08-11T10:37:02.127+08:00 INFO  d.f.m.AsyncOrderApplicationService request_id=af6a1604-ffb4-4c1f-92eb-61f7536707cc idempotency_key=key-restart-51a6bed8 order_id= user_id=user-restart-51a6bed8 sku_id=sku-restart-51a6bed8 payment_tx= - Asynchronous publication command_id=72f08b775d824586d8a5c5b40630853b10e236d518687e5ba11f8c95df2a83df outcome=DEFINITELY_NOT_PUBLISHED status=RETRYABLE cause=MQCLIENTEXCEPTION
2026-08-11T10:37:02.241+08:00 INFO  d.f.m.AsyncOrderApplicationService request_id=ed3bfb20-b006-43a6-bd59-dd168f9b11f3 idempotency_key=key-restart-51a6bed8 order_id= user_id=user-restart-51a6bed8 sku_id=sku-restart-51a6bed8 payment_tx= - Asynchronous publication command_id=72f08b775d824586d8a5c5b40630853b10e236d518687e5ba11f8c95df2a83df outcome=DEFINITELY_NOT_PUBLISHED status=RETRYABLE cause=MQCLIENTEXCEPTION
2026-08-11T10:37:02.364+08:00 INFO  d.f.m.AsyncOrderApplicationService request_id=3252402b-d094-4782-9f1c-ea87cbd91e6f idempotency_key=key-restart-51a6bed8 order_id= user_id=user-restart-51a6bed8 sku_id=sku-restart-51a6bed8 payment_tx= - Asynchronous publication command_id=72f08b775d824586d8a5c5b40630853b10e236d518687e5ba11f8c95df2a83df outcome=DEFINITELY_NOT_PUBLISHED status=RETRYABLE cause=MQCLIENTEXCEPTION
2026-08-11T10:37:02.479+08:00 INFO  d.f.m.AsyncOrderApplicationService request_id=28d18e70-2795-4cb2-85e2-3ae2c87cb63a idempotency_key=key-restart-51a6bed8 order_id= user_id=user-restart-51a6bed8 sku_id=sku-restart-51a6bed8 payment_tx= - Asynchronous publication command_id=72f08b775d824586d8a5c5b40630853b10e236d518687e5ba11f8c95df2a83df outcome=DEFINITELY_NOT_PUBLISHED status=RETRYABLE cause=MQCLIENTEXCEPTION
2026-08-11T10:37:02.598+08:00 INFO  d.f.m.AsyncOrderApplicationService request_id=92e7c59a-196b-469e-88c3-8f2428d0dab8 idempotency_key=key-restart-51a6bed8 order_id= user_id=user-restart-51a6bed8 sku_id=sku-restart-51a6bed8 payment_tx= - Asynchronous publication command_id=72f08b775d824586d8a5c5b40630853b10e236d518687e5ba11f8c95df2a83df outcome=DEFINITELY_NOT_PUBLISHED status=RETRYABLE cause=MQCLIENTEXCEPTION
2026-08-11T10:37:02.717+08:00 INFO  d.f.m.AsyncOrderApplicationService request_id=4fbe5501-7120-4c79-a294-9ddefa92ee58 idempotency_key=key-restart-51a6bed8 order_id= user_id=user-restart-51a6bed8 sku_id=sku-restart-51a6bed8 payment_tx= - Asynchronous publication command_id=72f08b775d824586d8a5c5b40630853b10e236d518687e5ba11f8c95df2a83df outcome=DEFINITELY_NOT_PUBLISHED status=RETRYABLE cause=MQCLIENTEXCEPTION
2026-08-11T10:37:02.837+08:00 INFO  d.f.m.AsyncOrderApplicationService request_id=2a7aca39-a21a-410e-9703-9788670d4481 idempotency_key=key-restart-51a6bed8 order_id= user_id=user-restart-51a6bed8 sku_id=sku-restart-51a6bed8 payment_tx= - Asynchronous publication command_id=72f08b775d824586d8a5c5b40630853b10e236d518687e5ba11f8c95df2a83df outcome=DEFINITELY_NOT_PUBLISHED status=RETRYABLE cause=MQCLIENTEXCEPTION
2026-08-11T10:37:02.973+08:00 INFO  d.f.m.AsyncOrderApplicationService request_id=1c41f23a-2054-48a8-9030-6dd5e103b5b6 idempotency_key=key-restart-51a6bed8 order_id= user_id=user-restart-51a6bed8 sku_id=sku-restart-51a6bed8 payment_tx= - Asynchronous publication command_id=72f08b775d824586d8a5c5b40630853b10e236d518687e5ba11f8c95df2a83df outcome=BROKER_ACKNOWLEDGED status=ACCEPTED cause=SEND_OK
2026-08-11T10:37:03.607+08:00 INFO  o.s.b.w.e.tomcat.GracefulShutdown request_id= idempotency_key=key-1 order_id= user_id=user-1 sku_id=sku-1 payment_tx= - Commencing graceful shutdown. Waiting for active requests to complete
2026-08-11T10:37:05.611+08:00 INFO  o.s.b.w.e.tomcat.GracefulShutdown request_id= idempotency_key= order_id= user_id= sku_id= payment_tx= - Graceful shutdown complete
2026-08-11T10:37:05.611+08:00 ERROR org.apache.tomcat.util.net.Acceptor request_id= idempotency_key= order_id= user_id= sku_id= payment_tx= - Socket accept failed
java.nio.channels.AsynchronousCloseException: null
	at java.base/java.nio.channels.spi.AbstractInterruptibleChannel.end(AbstractInterruptibleChannel.java:218) ~[na:na]
	at java.base/sun.nio.ch.ServerSocketChannelImpl.end(ServerSocketChannelImpl.java:372) ~[na:na]
	at java.base/sun.nio.ch.ServerSocketChannelImpl.accept(ServerSocketChannelImpl.java:397) ~[na:na]
	at org.apache.tomcat.util.net.NioEndpoint.serverSocketAccept(NioEndpoint.java:537) ~[tomcat-embed-core-10.1.44.jar:10.1.44]
	at org.apache.tomcat.util.net.NioEndpoint.serverSocketAccept(NioEndpoint.java:72) ~[tomcat-embed-core-10.1.44.jar:10.1.44]
	at org.apache.tomcat.util.net.Acceptor.run(Acceptor.java:127) ~[tomcat-embed-core-10.1.44.jar:10.1.44]
	at java.base/java.lang.Thread.run(Thread.java:1516) ~[na:na]
2026-08-11T10:37:05.654+08:00 INFO  com.zaxxer.hikari.HikariDataSource request_id= idempotency_key=key-1 order_id= user_id=user-1 sku_id=sku-1 payment_tx= - HikariPool-15 - Shutdown initiated...
2026-08-11T10:37:05.655+08:00 INFO  com.zaxxer.hikari.HikariDataSource request_id= idempotency_key=key-1 order_id= user_id=user-1 sku_id=sku-1 payment_tx= - HikariPool-15 - Shutdown completed.
[INFO] Tests run: 5, Failures: 0, Errors: 0, Skipped: 0, Time elapsed: 32.67 s -- in dev.flashflow.LiveRocketMqEndToEndIntegrationTest
[INFO] 
[INFO] Results:
[INFO] 
[ERROR] Failures: 
[ERROR]   V3ControlledComparisonIntegrationTest.separatesSynchronousCompletionFromV3AcceptanceAndCompletion:74->postUntilAccepted:123 direct publication did not recover within PT1M
[INFO] 
[ERROR] Tests run: 123, Failures: 1, Errors: 0, Skipped: 0
[INFO] 
[INFO] ------------------------------------------------------------------------
[INFO] BUILD FAILURE
[INFO] ------------------------------------------------------------------------
[INFO] Total time:  04:55 min
[INFO] Finished at: 2026-08-11T10:37:06+08:00
[INFO] ------------------------------------------------------------------------
[ERROR] Failed to execute goal org.apache.maven.plugins:maven-surefire-plugin:3.5.3:test (default-test) on project flashflow: There are test failures.
[ERROR] 
[ERROR] See /Users/yuzheng/Computeracy/Zhenkun26-GitHub/FlashFlow/target/surefire-reports for the individual test results.
[ERROR] See dump files (if any exist) [date].dump, [date]-jvmRun[N].dump and [date].dumpstream.
[ERROR] -> [Help 1]
[ERROR] 
[ERROR] To see the full stack trace of the errors, re-run Maven with the -e switch.
[ERROR] Re-run Maven using the -X switch to enable full debug logging.
[ERROR] 
[ERROR] For more information about the errors and possible solutions, please read the following articles:
[ERROR] [Help 1] http://cwiki.apache.org/confluence/display/MAVEN/MojoFailureException
