[INFO] Scanning for projects...
[INFO] 
[INFO] ----------------------< dev.flashflow:flashflow >-----------------------
[INFO] Building FlashFlow 0.1.0-SNAPSHOT
[INFO]   from pom.xml
[INFO] --------------------------------[ jar ]---------------------------------
[WARNING] 1 problem was encountered while building the effective model for org.javassist:javassist:jar:3.21.0-GA during dependency collection step for project (use -X to see details)
[INFO] 
[INFO] --- resources:3.3.1:resources (default-resources) @ flashflow ---
[INFO] Copying 5 resources from src/main/resources to target/classes
[INFO] Copying 11 resources from src/main/resources to target/classes
[INFO] 
[INFO] --- compiler:3.14.0:compile (default-compile) @ flashflow ---
[INFO] Nothing to compile - all classes are up to date.
[INFO] 
[INFO] --- resources:3.3.1:testResources (default-testResources) @ flashflow ---
[INFO] skip non existing resourceDirectory /Users/yuzheng/Computeracy/Zhenkun26-GitHub/FlashFlow/src/test/resources
[INFO] 
[INFO] --- compiler:3.14.0:testCompile (default-testCompile) @ flashflow ---
[INFO] Recompiling the module because of changed source code.
[INFO] Compiling 54 source files with javac [debug parameters release 21] to target/test-classes
[WARNING] /Users/yuzheng/Computeracy/Zhenkun26-GitHub/FlashFlow/src/test/java/dev/flashflow/ExpirationAdmissionFailureIntegrationTest.java:[26,6] org.springframework.boot.test.mock.mockito 中的 org.springframework.boot.test.mock.mockito.MockBean 已过时, 且标记为待删除
[WARNING] /Users/yuzheng/Computeracy/Zhenkun26-GitHub/FlashFlow/src/test/java/dev/flashflow/ExpirationRollbackIntegrationTest.java:[21,6] org.springframework.boot.test.mock.mockito 中的 org.springframework.boot.test.mock.mockito.MockBean 已过时, 且标记为待删除
[INFO] /Users/yuzheng/Computeracy/Zhenkun26-GitHub/FlashFlow/src/test/java/dev/flashflow/admission/RedisLuaAdmissionFailureTest.java: /Users/yuzheng/Computeracy/Zhenkun26-GitHub/FlashFlow/src/test/java/dev/flashflow/admission/RedisLuaAdmissionFailureTest.java使用了未经检查或不安全的操作。
[INFO] /Users/yuzheng/Computeracy/Zhenkun26-GitHub/FlashFlow/src/test/java/dev/flashflow/admission/RedisLuaAdmissionFailureTest.java: 有关详细信息, 请使用 -Xlint:unchecked 重新编译。
[INFO] 
[INFO] --- surefire:3.5.3:test (default-test) @ flashflow ---
[INFO] Using auto detected provider org.apache.maven.surefire.junitplatform.JUnitPlatformProvider
[INFO] 
[INFO] -------------------------------------------------------
[INFO]  T E S T S
[INFO] -------------------------------------------------------
[INFO] Running dev.flashflow.V4OutboxBacklogDrainIntegrationTest
Standard Commons Logging discovery in action with spring-jcl: please remove commons-logging.jar from classpath in order to avoid potential conflicts
10:29:52.571 [main] INFO org.springframework.test.context.support.AnnotationConfigContextLoaderUtils -- Could not detect default configuration classes for test class [dev.flashflow.V4OutboxBacklogDrainIntegrationTest]: V4OutboxBacklogDrainIntegrationTest does not declare any static, non-private, non-final, nested classes annotated with @Configuration.
10:29:52.629 [main] INFO org.springframework.boot.test.context.SpringBootTestContextBootstrapper -- Found @SpringBootConfiguration dev.flashflow.FlashFlowApplication for test class dev.flashflow.V4OutboxBacklogDrainIntegrationTest
10:29:52.670 [main] INFO org.testcontainers.images.PullPolicy -- Image pull policy will be performed by: DefaultPullPolicy()
10:29:52.671 [main] INFO org.testcontainers.utility.ImageNameSubstitutor -- Image name substitution will be performed by: DefaultImageNameSubstitutor (composite of 'ConfigurationFileImageNameSubstitutor' and 'PrefixingImageNameSubstitutor')
10:29:52.678 [main] INFO org.testcontainers.DockerClientFactory -- Testcontainers version: 1.21.3
10:29:52.759 [main] INFO org.testcontainers.dockerclient.DockerClientProviderStrategy -- Loaded org.testcontainers.dockerclient.UnixSocketClientProviderStrategy from ~/.testcontainers.properties, will try it first
10:29:52.853 [main] INFO org.testcontainers.dockerclient.DockerClientProviderStrategy -- Found Docker environment with local Unix socket (unix:///var/run/docker.sock)
10:29:52.854 [main] INFO org.testcontainers.DockerClientFactory -- Docker host IP address is localhost
10:29:52.866 [main] INFO org.testcontainers.DockerClientFactory -- Connected to docker: 
  Server Version: 29.4.1
  API Version: 1.54
  Operating System: Docker Desktop
  Total Memory: 7936 MB
  Labels: 
    com.docker.desktop.address=unix:///Users/yuzheng/Library/Containers/com.docker.docker/Data/docker-cli.sock
10:29:52.957 [main] INFO tc.testcontainers/ryuk:0.12.0 -- Creating container for image: testcontainers/ryuk:0.12.0
10:29:52.974 [main] INFO org.testcontainers.utility.RegistryAuthLocator -- Credential helper/store (docker-credential-osxkeychain) does not have credentials for https://index.docker.io/v1/
10:29:53.030 [main] INFO tc.testcontainers/ryuk:0.12.0 -- Container testcontainers/ryuk:0.12.0 is starting: e2961e3a2c32213d9f2d77185a426cd5ab46d8e757e2e257c2b0012c953dd5ba
10:29:53.162 [main] INFO tc.testcontainers/ryuk:0.12.0 -- Container testcontainers/ryuk:0.12.0 started in PT0.205154S
10:29:53.165 [main] INFO org.testcontainers.utility.RyukResourceReaper -- Ryuk started - will monitor and terminate Testcontainers containers on JVM exit
10:29:53.165 [main] INFO org.testcontainers.DockerClientFactory -- Checking the system...
10:29:53.165 [main] INFO org.testcontainers.DockerClientFactory -- ✔︎ Docker server version should be at least 1.6.0
10:29:53.166 [main] INFO tc.mysql:8.4.6 -- Creating container for image: mysql:8.4.6
10:29:53.207 [main] INFO tc.mysql:8.4.6 -- Container mysql:8.4.6 is starting: 5635bc231f0e68dd522dbec6e26032691bb307a4e8fa3d87793e3869a09aa7aa
10:29:53.389 [main] INFO tc.mysql:8.4.6 -- Waiting for database connection to become available at jdbc:mysql://localhost:64676/flashflow using query 'SELECT 1'
10:29:58.012 [main] INFO tc.mysql:8.4.6 -- Container mysql:8.4.6 started in PT4.84615S
10:29:58.012 [main] INFO tc.mysql:8.4.6 -- Container is started (JDBC URL: jdbc:mysql://localhost:64676/flashflow)
10:29:58.013 [main] INFO tc.redis:7.4.2-alpine -- Creating container for image: redis:7.4.2-alpine
10:29:58.043 [main] INFO tc.redis:7.4.2-alpine -- Container redis:7.4.2-alpine is starting: e4cfe23b35ada4bc5d1907288aa988d702cfbbd2b4738eaa80a6db8813d12e43
10:29:58.204 [main] INFO tc.redis:7.4.2-alpine -- Container redis:7.4.2-alpine started in PT0.191535S

  .   ____          _            __ _ _
 /\\ / ___'_ __ _ _(_)_ __  __ _ \ \ \ \
( ( )\___ | '_ | '_| | '_ \/ _` | \ \ \ \
 \\/  ___)| |_)| | | | | || (_| |  ) ) ) )
  '  |____| .__|_| |_|_| |_\__, | / / / /
 =========|_|==============|___/=/_/_/_/

 :: Spring Boot ::                (v3.5.5)

2026-08-11T10:29:58.352+08:00 INFO  d.f.V4OutboxBacklogDrainIntegrationTest request_id= idempotency_key= order_id= user_id= sku_id= payment_tx= - Starting V4OutboxBacklogDrainIntegrationTest using Java 26.0.2 with PID 64225 (started by yuzheng in /Users/yuzheng/Computeracy/Zhenkun26-GitHub/FlashFlow)
2026-08-11T10:29:58.352+08:00 INFO  d.f.V4OutboxBacklogDrainIntegrationTest request_id= idempotency_key= order_id= user_id= sku_id= payment_tx= - The following 1 profile is active: "test"
2026-08-11T10:29:58.757+08:00 INFO  o.s.d.r.c.RepositoryConfigurationDelegate request_id= idempotency_key= order_id= user_id= sku_id= payment_tx= - Multiple Spring Data modules found, entering strict repository configuration mode
2026-08-11T10:29:58.758+08:00 INFO  o.s.d.r.c.RepositoryConfigurationDelegate request_id= idempotency_key= order_id= user_id= sku_id= payment_tx= - Bootstrapping Spring Data Redis repositories in DEFAULT mode.
2026-08-11T10:29:58.784+08:00 INFO  o.s.d.r.c.RepositoryConfigurationDelegate request_id= idempotency_key= order_id= user_id= sku_id= payment_tx= - Finished Spring Data repository scanning in 16 ms. Found 0 Redis repository interfaces.
2026-08-11T10:29:59.071+08:00 INFO  o.s.b.w.e.tomcat.TomcatWebServer request_id= idempotency_key= order_id= user_id= sku_id= payment_tx= - Tomcat initialized with port 0 (http)
2026-08-11T10:29:59.078+08:00 INFO  o.a.catalina.core.StandardService request_id= idempotency_key= order_id= user_id= sku_id= payment_tx= - Starting service [Tomcat]
2026-08-11T10:29:59.078+08:00 INFO  o.a.catalina.core.StandardEngine request_id= idempotency_key= order_id= user_id= sku_id= payment_tx= - Starting Servlet engine: [Apache Tomcat/10.1.44]
2026-08-11T10:29:59.097+08:00 INFO  o.a.c.c.C.[Tomcat].[localhost].[/] request_id= idempotency_key= order_id= user_id= sku_id= payment_tx= - Initializing Spring embedded WebApplicationContext
2026-08-11T10:29:59.098+08:00 INFO  o.s.b.w.s.c.ServletWebServerApplicationContext request_id= idempotency_key= order_id= user_id= sku_id= payment_tx= - Root WebApplicationContext: initialization completed in 738 ms
Standard Commons Logging discovery in action with spring-jcl: please remove commons-logging.jar from classpath in order to avoid potential conflicts
WARNING: A terminally deprecated method in sun.misc.Unsafe has been called
WARNING: sun.misc.Unsafe::allocateMemory has been called by io.netty.util.internal.PlatformDependent0$2 (file:/Users/yuzheng/.m2/repository/io/netty/netty-common/4.1.124.Final/netty-common-4.1.124.Final.jar)
WARNING: Please consider reporting this to the maintainers of class io.netty.util.internal.PlatformDependent0$2
WARNING: sun.misc.Unsafe::allocateMemory will be removed in a future release
WARNING: A restricted method in java.lang.System has been called
WARNING: java.lang.System::loadLibrary has been called by io.netty.util.internal.NativeLibraryUtil in an unnamed module (file:/Users/yuzheng/.m2/repository/io/netty/netty-common/4.1.124.Final/netty-common-4.1.124.Final.jar)
WARNING: Use --enable-native-access=ALL-UNNAMED to avoid a warning for callers in this module
WARNING: Restricted methods will be blocked in a future release unless native access is enabled

2026-08-11T10:29:59.685+08:00 INFO  com.zaxxer.hikari.HikariDataSource request_id= idempotency_key= order_id= user_id= sku_id= payment_tx= - HikariPool-1 - Starting...
2026-08-11T10:29:59.786+08:00 INFO  com.zaxxer.hikari.pool.HikariPool request_id= idempotency_key= order_id= user_id= sku_id= payment_tx= - HikariPool-1 - Added connection com.mysql.cj.jdbc.ConnectionImpl@430dbcb0
2026-08-11T10:29:59.787+08:00 INFO  com.zaxxer.hikari.HikariDataSource request_id= idempotency_key= order_id= user_id= sku_id= payment_tx= - HikariPool-1 - Start completed.
2026-08-11T10:29:59.804+08:00 INFO  org.flywaydb.core.FlywayExecutor request_id= idempotency_key= order_id= user_id= sku_id= payment_tx= - Database: jdbc:mysql://localhost:64676/flashflow (MySQL 8.4)
2026-08-11T10:29:59.820+08:00 WARN  o.f.c.i.database.base.Database request_id= idempotency_key= order_id= user_id= sku_id= payment_tx= - Flyway upgrade recommended: MySQL 8.4 is newer than this version of Flyway and support has not been tested. The latest supported version of MySQL is 8.1.
2026-08-11T10:29:59.833+08:00 INFO  o.f.c.i.s.JdbcTableSchemaHistory request_id= idempotency_key= order_id= user_id= sku_id= payment_tx= - Schema history table `flashflow`.`flyway_schema_history` does not exist yet
2026-08-11T10:29:59.835+08:00 INFO  o.f.core.internal.command.DbValidate request_id= idempotency_key= order_id= user_id= sku_id= payment_tx= - Successfully validated 4 migrations (execution time 00:00.010s)
2026-08-11T10:29:59.846+08:00 INFO  o.f.c.i.s.JdbcTableSchemaHistory request_id= idempotency_key= order_id= user_id= sku_id= payment_tx= - Creating Schema History table `flashflow`.`flyway_schema_history` ...
2026-08-11T10:29:59.874+08:00 INFO  o.f.core.internal.command.DbMigrate request_id= idempotency_key= order_id= user_id= sku_id= payment_tx= - Current version of schema `flashflow`: << Empty Schema >>
2026-08-11T10:29:59.883+08:00 INFO  o.f.core.internal.command.DbMigrate request_id= idempotency_key= order_id= user_id= sku_id= payment_tx= - Migrating schema `flashflow` to version "1 - create flashflow v1 schema"
2026-08-11T10:30:00.042+08:00 INFO  o.f.core.internal.command.DbMigrate request_id= idempotency_key= order_id= user_id= sku_id= payment_tx= - Migrating schema `flashflow` to version "2 - create order command ledger"
2026-08-11T10:30:00.062+08:00 INFO  o.f.core.internal.command.DbMigrate request_id= idempotency_key= order_id= user_id= sku_id= payment_tx= - Migrating schema `flashflow` to version "3 - extend order command transport evidence"
2026-08-11T10:30:00.091+08:00 INFO  o.f.core.internal.command.DbMigrate request_id= idempotency_key= order_id= user_id= sku_id= payment_tx= - Migrating schema `flashflow` to version "4 - create order command outbox"
2026-08-11T10:30:00.111+08:00 INFO  o.f.core.internal.command.DbMigrate request_id= idempotency_key= order_id= user_id= sku_id= payment_tx= - Successfully applied 4 migrations to schema `flashflow`, now at version v4 (execution time 00:00.189s)
2026-08-11T10:30:00.802+08:00 INFO  o.s.b.a.e.web.EndpointLinksResolver request_id= idempotency_key= order_id= user_id= sku_id= payment_tx= - Exposing 2 endpoints beneath base path '/actuator'
2026-08-11T10:30:00.877+08:00 INFO  o.s.b.w.e.tomcat.TomcatWebServer request_id= idempotency_key= order_id= user_id= sku_id= payment_tx= - Tomcat started on port 64748 (http) with context path '/'
2026-08-11T10:30:00.887+08:00 INFO  d.f.V4OutboxBacklogDrainIntegrationTest request_id= idempotency_key= order_id= user_id= sku_id= payment_tx= - Started V4OutboxBacklogDrainIntegrationTest in 2.67 seconds (process running for 8.599)
OpenJDK 64-Bit Server VM warning: Sharing is only supported for boot loader classes because bootstrap classpath has been appended
2026-08-11T10:30:13.762+08:00 INFO  o.a.c.c.C.[Tomcat].[localhost].[/] request_id= idempotency_key= order_id= user_id= sku_id= payment_tx= - Initializing Spring DispatcherServlet 'dispatcherServlet'
2026-08-11T10:30:13.762+08:00 INFO  o.s.web.servlet.DispatcherServlet request_id= idempotency_key= order_id= user_id= sku_id= payment_tx= - Initializing Servlet 'dispatcherServlet'
2026-08-11T10:30:13.763+08:00 INFO  o.s.web.servlet.DispatcherServlet request_id= idempotency_key= order_id= user_id= sku_id= payment_tx= - Completed initialization in 1 ms
2026-08-11T10:30:13.804+08:00 INFO  d.f.m.o.OutboxAsyncOrderApplicationService request_id=5130ba7a-1d3e-467a-a186-ff1f022a3072 idempotency_key=key-85a40522-0 order_id= user_id=user-85a40522-0 sku_id=sku-v4-backlog-85a40522 payment_tx= - Durable Outbox acceptance command_id=61dc2b9c3b1b1205acb75941818797c3ba44baceca504e125fba130ef9a42f8a status=ACCEPTED
2026-08-11T10:30:13.832+08:00 INFO  d.f.m.o.OutboxAsyncOrderApplicationService request_id=829f92c4-5d28-4603-abd3-562ed1ff6c1b idempotency_key=key-85a40522-1 order_id= user_id=user-85a40522-1 sku_id=sku-v4-backlog-85a40522 payment_tx= - Durable Outbox acceptance command_id=f313f0b7745ce1d9fa54d8fb07529865d240bba200dca0528db1f795c55dda3e status=ACCEPTED
2026-08-11T10:30:13.841+08:00 INFO  d.f.m.o.OutboxAsyncOrderApplicationService request_id=2f868385-ea5e-4958-8118-a151ba0c8141 idempotency_key=key-85a40522-2 order_id= user_id=user-85a40522-2 sku_id=sku-v4-backlog-85a40522 payment_tx= - Durable Outbox acceptance command_id=3d68585d533f60572e139f9abfb90536d61e6cb8f0f0d6b01c900fc0925e6067 status=ACCEPTED
2026-08-11T10:30:13.849+08:00 INFO  d.f.m.o.OutboxAsyncOrderApplicationService request_id=d7232aa6-3c96-4116-bf6a-ae83ff28398c idempotency_key=key-85a40522-3 order_id= user_id=user-85a40522-3 sku_id=sku-v4-backlog-85a40522 payment_tx= - Durable Outbox acceptance command_id=624a70e7755d51110128ff78ba4865e61ba72fa3d33d33a3ad9b750f80d5a821 status=ACCEPTED
2026-08-11T10:30:13.861+08:00 INFO  d.f.m.o.OutboxAsyncOrderApplicationService request_id=945806f0-2dcf-4bee-b57b-769087d45928 idempotency_key=key-85a40522-4 order_id= user_id=user-85a40522-4 sku_id=sku-v4-backlog-85a40522 payment_tx= - Durable Outbox acceptance command_id=85ec1d6b55a89eb0790d25f1163e617f0fd6fc36fdb9feceea7954a87143b3f8 status=ACCEPTED
2026-08-11T10:30:13.877+08:00 INFO  d.f.m.o.OutboxAsyncOrderApplicationService request_id=e3e35fd3-aefa-495c-8e7e-a32425ffdf63 idempotency_key=key-85a40522-5 order_id= user_id=user-85a40522-5 sku_id=sku-v4-backlog-85a40522 payment_tx= - Durable Outbox acceptance command_id=f6c060ba76a111667f06ec0dfcceaa6a76ebdcd0dce07d90c1afdef9151151e6 status=ACCEPTED
2026-08-11T10:30:13.890+08:00 INFO  d.f.m.o.OutboxAsyncOrderApplicationService request_id=c7de8505-7296-4917-8e5a-8ffdfff45b0a idempotency_key=key-85a40522-6 order_id= user_id=user-85a40522-6 sku_id=sku-v4-backlog-85a40522 payment_tx= - Durable Outbox acceptance command_id=e088e050b5fdb24d1c0ebd6935629672e4ef2bdae5f20fb9e8c7c53f6978e7bf status=ACCEPTED
2026-08-11T10:30:13.916+08:00 INFO  d.f.m.o.OutboxAsyncOrderApplicationService request_id=53b49910-ee02-41ac-aa08-47c383dfdb12 idempotency_key=key-85a40522-7 order_id= user_id=user-85a40522-7 sku_id=sku-v4-backlog-85a40522 payment_tx= - Durable Outbox acceptance command_id=27ec8d3ab1943f0439f8ac4ebb1702ec3ef9d80929ca2827b2e1ef466995f85f status=ACCEPTED
2026-08-11T10:30:13.920+08:00 INFO  d.f.m.outbox.OutboxDispatcher request_id= idempotency_key= order_id= user_id= sku_id= payment_tx= - Outbox publication deferred outbox_id=367da5fc-28d0-4328-8c06-481a8b8ea3f6 command_id=61dc2b9c3b1b1205acb75941818797c3ba44baceca504e125fba130ef9a42f8a outcome=RETRYABLE cause=MQCLIENTEXCEPTION
2026-08-11T10:30:13.925+08:00 INFO  d.f.m.outbox.OutboxDispatcher request_id= idempotency_key= order_id= user_id= sku_id= payment_tx= - Outbox publication deferred outbox_id=46d10342-9ce0-42a8-a869-ef004b131ff0 command_id=f313f0b7745ce1d9fa54d8fb07529865d240bba200dca0528db1f795c55dda3e outcome=RETRYABLE cause=MQCLIENTEXCEPTION
2026-08-11T10:30:13.929+08:00 INFO  d.f.m.o.OutboxAsyncOrderApplicationService request_id=0b8bc995-8d50-4708-a263-25b75d5e12d1 idempotency_key=key-85a40522-8 order_id= user_id=user-85a40522-8 sku_id=sku-v4-backlog-85a40522 payment_tx= - Durable Outbox acceptance command_id=a9f00f1b0680a728f999d20e000409506e27732d2559bdebfd7bd1f452e05a9c status=ACCEPTED
2026-08-11T10:30:13.930+08:00 INFO  d.f.m.outbox.OutboxDispatcher request_id= idempotency_key= order_id= user_id= sku_id= payment_tx= - Outbox publication deferred outbox_id=523070bd-627b-45e1-8418-765a4aa76d13 command_id=3d68585d533f60572e139f9abfb90536d61e6cb8f0f0d6b01c900fc0925e6067 outcome=RETRYABLE cause=MQCLIENTEXCEPTION
2026-08-11T10:30:13.934+08:00 INFO  d.f.m.outbox.OutboxDispatcher request_id= idempotency_key= order_id= user_id= sku_id= payment_tx= - Outbox publication deferred outbox_id=65a14fb9-46bf-4915-b503-65d7d6937d8a command_id=624a70e7755d51110128ff78ba4865e61ba72fa3d33d33a3ad9b750f80d5a821 outcome=RETRYABLE cause=MQCLIENTEXCEPTION
2026-08-11T10:30:13.939+08:00 INFO  d.f.m.o.OutboxAsyncOrderApplicationService request_id=5e737649-fb90-4e5a-b962-d3b50b5d17d0 idempotency_key=key-85a40522-9 order_id= user_id=user-85a40522-9 sku_id=sku-v4-backlog-85a40522 payment_tx= - Durable Outbox acceptance command_id=158e550fd2516a1b31687a799853072c673b5e709badac00ab670aed3178d7e6 status=ACCEPTED
2026-08-11T10:30:13.948+08:00 INFO  d.f.m.o.OutboxAsyncOrderApplicationService request_id=4d8c8aaf-663b-4b37-b72a-588888e68ef4 idempotency_key=key-85a40522-10 order_id= user_id=user-85a40522-10 sku_id=sku-v4-backlog-85a40522 payment_tx= - Durable Outbox acceptance command_id=0e9288d4fdf3eb2620d5254aefa92c3859e8addb67ef1094601f0caf08c1eb22 status=ACCEPTED
2026-08-11T10:30:13.954+08:00 INFO  d.f.m.o.OutboxAsyncOrderApplicationService request_id=baa5ec7a-7aba-493f-bc65-2cf4e919705b idempotency_key=key-85a40522-11 order_id= user_id=user-85a40522-11 sku_id=sku-v4-backlog-85a40522 payment_tx= - Durable Outbox acceptance command_id=dc85d7cb8bb6e80e83ebe256a1eabf732b7e14931c443751e85c979853a4b692 status=ACCEPTED
2026-08-11T10:30:14.058+08:00 INFO  d.f.m.outbox.OutboxDispatcher request_id= idempotency_key= order_id= user_id= sku_id= payment_tx= - Outbox publication deferred outbox_id=30a0d5f8-baa1-4549-a868-be47e4626153 command_id=85ec1d6b55a89eb0790d25f1163e617f0fd6fc36fdb9feceea7954a87143b3f8 outcome=RETRYABLE cause=MQCLIENTEXCEPTION
2026-08-11T10:30:14.063+08:00 INFO  d.f.m.outbox.OutboxDispatcher request_id= idempotency_key= order_id= user_id= sku_id= payment_tx= - Outbox publication deferred outbox_id=a1203a45-999c-425d-866b-6c01fb5a4711 command_id=f6c060ba76a111667f06ec0dfcceaa6a76ebdcd0dce07d90c1afdef9151151e6 outcome=RETRYABLE cause=MQCLIENTEXCEPTION
2026-08-11T10:30:14.067+08:00 INFO  d.f.m.outbox.OutboxDispatcher request_id= idempotency_key= order_id= user_id= sku_id= payment_tx= - Outbox publication deferred outbox_id=2536cc05-f8c9-4b19-ae71-f87e5bca18d1 command_id=e088e050b5fdb24d1c0ebd6935629672e4ef2bdae5f20fb9e8c7c53f6978e7bf outcome=RETRYABLE cause=MQCLIENTEXCEPTION
2026-08-11T10:30:14.071+08:00 INFO  d.f.m.outbox.OutboxDispatcher request_id= idempotency_key= order_id= user_id= sku_id= payment_tx= - Outbox publication deferred outbox_id=686f498f-2a8d-492d-87a3-f77955efbfb2 command_id=27ec8d3ab1943f0439f8ac4ebb1702ec3ef9d80929ca2827b2e1ef466995f85f outcome=RETRYABLE cause=MQCLIENTEXCEPTION
2026-08-11T10:30:14.187+08:00 INFO  d.f.m.outbox.OutboxDispatcher request_id= idempotency_key= order_id= user_id= sku_id= payment_tx= - Outbox publication deferred outbox_id=f8a4a72d-9a54-49a5-b288-dc385ed4ecf7 command_id=a9f00f1b0680a728f999d20e000409506e27732d2559bdebfd7bd1f452e05a9c outcome=RETRYABLE cause=MQCLIENTEXCEPTION
2026-08-11T10:30:14.190+08:00 INFO  d.f.m.outbox.OutboxDispatcher request_id= idempotency_key= order_id= user_id= sku_id= payment_tx= - Outbox publication deferred outbox_id=a5043db7-9e83-4f3c-93a4-28f26759deba command_id=158e550fd2516a1b31687a799853072c673b5e709badac00ab670aed3178d7e6 outcome=RETRYABLE cause=MQCLIENTEXCEPTION
2026-08-11T10:30:14.192+08:00 INFO  d.f.m.outbox.OutboxDispatcher request_id= idempotency_key= order_id= user_id= sku_id= payment_tx= - Outbox publication deferred outbox_id=da705505-d347-40e3-a424-2b8bff3a5c15 command_id=0e9288d4fdf3eb2620d5254aefa92c3859e8addb67ef1094601f0caf08c1eb22 outcome=RETRYABLE cause=MQCLIENTEXCEPTION
2026-08-11T10:30:14.195+08:00 INFO  d.f.m.outbox.OutboxDispatcher request_id= idempotency_key= order_id= user_id= sku_id= payment_tx= - Outbox publication deferred outbox_id=f37acae2-59ae-4018-b699-5665da99fd08 command_id=dc85d7cb8bb6e80e83ebe256a1eabf732b7e14931c443751e85c979853a4b692 outcome=RETRYABLE cause=MQCLIENTEXCEPTION
2026-08-11T10:30:14.306+08:00 INFO  d.f.m.outbox.OutboxDispatcher request_id= idempotency_key= order_id= user_id= sku_id= payment_tx= - Outbox publication deferred outbox_id=367da5fc-28d0-4328-8c06-481a8b8ea3f6 command_id=61dc2b9c3b1b1205acb75941818797c3ba44baceca504e125fba130ef9a42f8a outcome=RETRYABLE cause=MQCLIENTEXCEPTION
2026-08-11T10:30:14.309+08:00 INFO  d.f.m.outbox.OutboxDispatcher request_id= idempotency_key= order_id= user_id= sku_id= payment_tx= - Outbox publication deferred outbox_id=46d10342-9ce0-42a8-a869-ef004b131ff0 command_id=f313f0b7745ce1d9fa54d8fb07529865d240bba200dca0528db1f795c55dda3e outcome=RETRYABLE cause=MQCLIENTEXCEPTION
2026-08-11T10:30:14.311+08:00 INFO  d.f.m.outbox.OutboxDispatcher request_id= idempotency_key= order_id= user_id= sku_id= payment_tx= - Outbox publication deferred outbox_id=523070bd-627b-45e1-8418-765a4aa76d13 command_id=3d68585d533f60572e139f9abfb90536d61e6cb8f0f0d6b01c900fc0925e6067 outcome=RETRYABLE cause=MQCLIENTEXCEPTION
2026-08-11T10:30:14.313+08:00 INFO  d.f.m.outbox.OutboxDispatcher request_id= idempotency_key= order_id= user_id= sku_id= payment_tx= - Outbox publication deferred outbox_id=65a14fb9-46bf-4915-b503-65d7d6937d8a command_id=624a70e7755d51110128ff78ba4865e61ba72fa3d33d33a3ad9b750f80d5a821 outcome=RETRYABLE cause=MQCLIENTEXCEPTION
2026-08-11T10:30:14.439+08:00 INFO  d.f.m.outbox.OutboxDispatcher request_id= idempotency_key= order_id= user_id= sku_id= payment_tx= - Outbox publication deferred outbox_id=30a0d5f8-baa1-4549-a868-be47e4626153 command_id=85ec1d6b55a89eb0790d25f1163e617f0fd6fc36fdb9feceea7954a87143b3f8 outcome=RETRYABLE cause=MQCLIENTEXCEPTION
2026-08-11T10:30:14.445+08:00 INFO  d.f.m.outbox.OutboxDispatcher request_id= idempotency_key= order_id= user_id= sku_id= payment_tx= - Outbox publication deferred outbox_id=a1203a45-999c-425d-866b-6c01fb5a4711 command_id=f6c060ba76a111667f06ec0dfcceaa6a76ebdcd0dce07d90c1afdef9151151e6 outcome=RETRYABLE cause=MQCLIENTEXCEPTION
2026-08-11T10:30:14.451+08:00 INFO  d.f.m.outbox.OutboxDispatcher request_id= idempotency_key= order_id= user_id= sku_id= payment_tx= - Outbox publication deferred outbox_id=2536cc05-f8c9-4b19-ae71-f87e5bca18d1 command_id=e088e050b5fdb24d1c0ebd6935629672e4ef2bdae5f20fb9e8c7c53f6978e7bf outcome=RETRYABLE cause=MQCLIENTEXCEPTION
2026-08-11T10:30:14.458+08:00 INFO  d.f.m.outbox.OutboxDispatcher request_id= idempotency_key= order_id= user_id= sku_id= payment_tx= - Outbox publication deferred outbox_id=686f498f-2a8d-492d-87a3-f77955efbfb2 command_id=27ec8d3ab1943f0439f8ac4ebb1702ec3ef9d80929ca2827b2e1ef466995f85f outcome=RETRYABLE cause=MQCLIENTEXCEPTION
2026-08-11T10:30:14.578+08:00 INFO  d.f.m.outbox.OutboxDispatcher request_id= idempotency_key= order_id= user_id= sku_id= payment_tx= - Outbox publication deferred outbox_id=f8a4a72d-9a54-49a5-b288-dc385ed4ecf7 command_id=a9f00f1b0680a728f999d20e000409506e27732d2559bdebfd7bd1f452e05a9c outcome=RETRYABLE cause=MQCLIENTEXCEPTION
2026-08-11T10:30:14.584+08:00 INFO  d.f.m.outbox.OutboxDispatcher request_id= idempotency_key= order_id= user_id= sku_id= payment_tx= - Outbox publication deferred outbox_id=a5043db7-9e83-4f3c-93a4-28f26759deba command_id=158e550fd2516a1b31687a799853072c673b5e709badac00ab670aed3178d7e6 outcome=RETRYABLE cause=MQCLIENTEXCEPTION
2026-08-11T10:30:14.589+08:00 INFO  d.f.m.outbox.OutboxDispatcher request_id= idempotency_key= order_id= user_id= sku_id= payment_tx= - Outbox publication deferred outbox_id=da705505-d347-40e3-a424-2b8bff3a5c15 command_id=0e9288d4fdf3eb2620d5254aefa92c3859e8addb67ef1094601f0caf08c1eb22 outcome=RETRYABLE cause=MQCLIENTEXCEPTION
2026-08-11T10:30:14.596+08:00 INFO  d.f.m.outbox.OutboxDispatcher request_id= idempotency_key= order_id= user_id= sku_id= payment_tx= - Outbox publication deferred outbox_id=f37acae2-59ae-4018-b699-5665da99fd08 command_id=dc85d7cb8bb6e80e83ebe256a1eabf732b7e14931c443751e85c979853a4b692 outcome=RETRYABLE cause=MQCLIENTEXCEPTION
2026-08-11T10:30:14.725+08:00 INFO  d.f.m.outbox.OutboxDispatcher request_id= idempotency_key= order_id= user_id= sku_id= payment_tx= - Outbox publication deferred outbox_id=367da5fc-28d0-4328-8c06-481a8b8ea3f6 command_id=61dc2b9c3b1b1205acb75941818797c3ba44baceca504e125fba130ef9a42f8a outcome=RETRYABLE cause=MQCLIENTEXCEPTION
2026-08-11T10:30:14.734+08:00 INFO  d.f.m.outbox.OutboxDispatcher request_id= idempotency_key= order_id= user_id= sku_id= payment_tx= - Outbox publication deferred outbox_id=46d10342-9ce0-42a8-a869-ef004b131ff0 command_id=f313f0b7745ce1d9fa54d8fb07529865d240bba200dca0528db1f795c55dda3e outcome=RETRYABLE cause=MQCLIENTEXCEPTION
2026-08-11T10:30:14.740+08:00 INFO  d.f.m.outbox.OutboxDispatcher request_id= idempotency_key= order_id= user_id= sku_id= payment_tx= - Outbox publication deferred outbox_id=523070bd-627b-45e1-8418-765a4aa76d13 command_id=3d68585d533f60572e139f9abfb90536d61e6cb8f0f0d6b01c900fc0925e6067 outcome=RETRYABLE cause=MQCLIENTEXCEPTION
2026-08-11T10:30:14.746+08:00 INFO  d.f.m.outbox.OutboxDispatcher request_id= idempotency_key= order_id= user_id= sku_id= payment_tx= - Outbox publication deferred outbox_id=65a14fb9-46bf-4915-b503-65d7d6937d8a command_id=624a70e7755d51110128ff78ba4865e61ba72fa3d33d33a3ad9b750f80d5a821 outcome=RETRYABLE cause=MQCLIENTEXCEPTION
2026-08-11T10:30:14.872+08:00 INFO  d.f.m.outbox.OutboxDispatcher request_id= idempotency_key= order_id= user_id= sku_id= payment_tx= - Outbox publication deferred outbox_id=30a0d5f8-baa1-4549-a868-be47e4626153 command_id=85ec1d6b55a89eb0790d25f1163e617f0fd6fc36fdb9feceea7954a87143b3f8 outcome=RETRYABLE cause=MQCLIENTEXCEPTION
2026-08-11T10:30:14.879+08:00 INFO  d.f.m.outbox.OutboxDispatcher request_id= idempotency_key= order_id= user_id= sku_id= payment_tx= - Outbox publication deferred outbox_id=a1203a45-999c-425d-866b-6c01fb5a4711 command_id=f6c060ba76a111667f06ec0dfcceaa6a76ebdcd0dce07d90c1afdef9151151e6 outcome=RETRYABLE cause=MQCLIENTEXCEPTION
2026-08-11T10:30:14.885+08:00 INFO  d.f.m.outbox.OutboxDispatcher request_id= idempotency_key= order_id= user_id= sku_id= payment_tx= - Outbox publication deferred outbox_id=2536cc05-f8c9-4b19-ae71-f87e5bca18d1 command_id=e088e050b5fdb24d1c0ebd6935629672e4ef2bdae5f20fb9e8c7c53f6978e7bf outcome=RETRYABLE cause=MQCLIENTEXCEPTION
2026-08-11T10:30:14.899+08:00 INFO  d.f.m.outbox.OutboxDispatcher request_id= idempotency_key= order_id= user_id= sku_id= payment_tx= - Outbox publication deferred outbox_id=686f498f-2a8d-492d-87a3-f77955efbfb2 command_id=27ec8d3ab1943f0439f8ac4ebb1702ec3ef9d80929ca2827b2e1ef466995f85f outcome=RETRYABLE cause=MQCLIENTEXCEPTION
2026-08-11T10:30:15.020+08:00 INFO  d.f.m.outbox.OutboxDispatcher request_id= idempotency_key= order_id= user_id= sku_id= payment_tx= - Outbox publication deferred outbox_id=f8a4a72d-9a54-49a5-b288-dc385ed4ecf7 command_id=a9f00f1b0680a728f999d20e000409506e27732d2559bdebfd7bd1f452e05a9c outcome=RETRYABLE cause=MQCLIENTEXCEPTION
2026-08-11T10:30:15.024+08:00 INFO  d.f.m.outbox.OutboxDispatcher request_id= idempotency_key= order_id= user_id= sku_id= payment_tx= - Outbox publication deferred outbox_id=a5043db7-9e83-4f3c-93a4-28f26759deba command_id=158e550fd2516a1b31687a799853072c673b5e709badac00ab670aed3178d7e6 outcome=RETRYABLE cause=MQCLIENTEXCEPTION
2026-08-11T10:30:15.028+08:00 INFO  d.f.m.outbox.OutboxDispatcher request_id= idempotency_key= order_id= user_id= sku_id= payment_tx= - Outbox publication deferred outbox_id=da705505-d347-40e3-a424-2b8bff3a5c15 command_id=0e9288d4fdf3eb2620d5254aefa92c3859e8addb67ef1094601f0caf08c1eb22 outcome=RETRYABLE cause=MQCLIENTEXCEPTION
2026-08-11T10:30:15.032+08:00 INFO  d.f.m.outbox.OutboxDispatcher request_id= idempotency_key= order_id= user_id= sku_id= payment_tx= - Outbox publication deferred outbox_id=f37acae2-59ae-4018-b699-5665da99fd08 command_id=dc85d7cb8bb6e80e83ebe256a1eabf732b7e14931c443751e85c979853a4b692 outcome=RETRYABLE cause=MQCLIENTEXCEPTION
2026-08-11T10:30:15.158+08:00 INFO  d.f.m.outbox.OutboxDispatcher request_id= idempotency_key= order_id= user_id= sku_id= payment_tx= - Outbox publication deferred outbox_id=367da5fc-28d0-4328-8c06-481a8b8ea3f6 command_id=61dc2b9c3b1b1205acb75941818797c3ba44baceca504e125fba130ef9a42f8a outcome=RETRYABLE cause=MQCLIENTEXCEPTION
2026-08-11T10:30:15.165+08:00 INFO  d.f.m.outbox.OutboxDispatcher request_id= idempotency_key= order_id= user_id= sku_id= payment_tx= - Outbox publication deferred outbox_id=46d10342-9ce0-42a8-a869-ef004b131ff0 command_id=f313f0b7745ce1d9fa54d8fb07529865d240bba200dca0528db1f795c55dda3e outcome=RETRYABLE cause=MQCLIENTEXCEPTION
2026-08-11T10:30:15.172+08:00 INFO  d.f.m.outbox.OutboxDispatcher request_id= idempotency_key= order_id= user_id= sku_id= payment_tx= - Outbox publication deferred outbox_id=523070bd-627b-45e1-8418-765a4aa76d13 command_id=3d68585d533f60572e139f9abfb90536d61e6cb8f0f0d6b01c900fc0925e6067 outcome=RETRYABLE cause=MQCLIENTEXCEPTION
2026-08-11T10:30:15.288+08:00 INFO  d.f.m.outbox.OutboxDispatcher request_id= idempotency_key= order_id= user_id= sku_id= payment_tx= - Outbox publication deferred outbox_id=65a14fb9-46bf-4915-b503-65d7d6937d8a command_id=624a70e7755d51110128ff78ba4865e61ba72fa3d33d33a3ad9b750f80d5a821 outcome=RETRYABLE cause=MQCLIENTEXCEPTION
2026-08-11T10:30:15.293+08:00 INFO  d.f.m.outbox.OutboxDispatcher request_id= idempotency_key= order_id= user_id= sku_id= payment_tx= - Outbox publication deferred outbox_id=30a0d5f8-baa1-4549-a868-be47e4626153 command_id=85ec1d6b55a89eb0790d25f1163e617f0fd6fc36fdb9feceea7954a87143b3f8 outcome=RETRYABLE cause=MQCLIENTEXCEPTION
2026-08-11T10:30:15.299+08:00 INFO  d.f.m.outbox.OutboxDispatcher request_id= idempotency_key= order_id= user_id= sku_id= payment_tx= - Outbox publication deferred outbox_id=a1203a45-999c-425d-866b-6c01fb5a4711 command_id=f6c060ba76a111667f06ec0dfcceaa6a76ebdcd0dce07d90c1afdef9151151e6 outcome=RETRYABLE cause=MQCLIENTEXCEPTION
2026-08-11T10:30:15.423+08:00 INFO  d.f.m.outbox.OutboxDispatcher request_id= idempotency_key= order_id= user_id= sku_id= payment_tx= - Outbox publication deferred outbox_id=2536cc05-f8c9-4b19-ae71-f87e5bca18d1 command_id=e088e050b5fdb24d1c0ebd6935629672e4ef2bdae5f20fb9e8c7c53f6978e7bf outcome=RETRYABLE cause=MQCLIENTEXCEPTION
2026-08-11T10:30:15.428+08:00 INFO  d.f.m.outbox.OutboxDispatcher request_id= idempotency_key= order_id= user_id= sku_id= payment_tx= - Outbox publication deferred outbox_id=686f498f-2a8d-492d-87a3-f77955efbfb2 command_id=27ec8d3ab1943f0439f8ac4ebb1702ec3ef9d80929ca2827b2e1ef466995f85f outcome=RETRYABLE cause=MQCLIENTEXCEPTION
2026-08-11T10:30:15.552+08:00 INFO  d.f.m.outbox.OutboxDispatcher request_id= idempotency_key= order_id= user_id= sku_id= payment_tx= - Outbox publication deferred outbox_id=f8a4a72d-9a54-49a5-b288-dc385ed4ecf7 command_id=a9f00f1b0680a728f999d20e000409506e27732d2559bdebfd7bd1f452e05a9c outcome=RETRYABLE cause=MQCLIENTEXCEPTION
2026-08-11T10:30:15.559+08:00 INFO  d.f.m.outbox.OutboxDispatcher request_id= idempotency_key= order_id= user_id= sku_id= payment_tx= - Outbox publication deferred outbox_id=a5043db7-9e83-4f3c-93a4-28f26759deba command_id=158e550fd2516a1b31687a799853072c673b5e709badac00ab670aed3178d7e6 outcome=RETRYABLE cause=MQCLIENTEXCEPTION
2026-08-11T10:30:15.563+08:00 INFO  d.f.m.outbox.OutboxDispatcher request_id= idempotency_key= order_id= user_id= sku_id= payment_tx= - Outbox publication deferred outbox_id=da705505-d347-40e3-a424-2b8bff3a5c15 command_id=0e9288d4fdf3eb2620d5254aefa92c3859e8addb67ef1094601f0caf08c1eb22 outcome=RETRYABLE cause=MQCLIENTEXCEPTION
2026-08-11T10:30:15.567+08:00 INFO  d.f.m.outbox.OutboxDispatcher request_id= idempotency_key= order_id= user_id= sku_id= payment_tx= - Outbox publication deferred outbox_id=f37acae2-59ae-4018-b699-5665da99fd08 command_id=dc85d7cb8bb6e80e83ebe256a1eabf732b7e14931c443751e85c979853a4b692 outcome=RETRYABLE cause=MQCLIENTEXCEPTION
2026-08-11T10:30:16.023+08:00 INFO  d.f.m.outbox.OutboxDispatcher request_id= idempotency_key= order_id= user_id= sku_id= payment_tx= - Outbox publication deferred outbox_id=367da5fc-28d0-4328-8c06-481a8b8ea3f6 command_id=61dc2b9c3b1b1205acb75941818797c3ba44baceca504e125fba130ef9a42f8a outcome=RETRYABLE cause=MQCLIENTEXCEPTION
2026-08-11T10:30:16.027+08:00 INFO  d.f.m.outbox.OutboxDispatcher request_id= idempotency_key= order_id= user_id= sku_id= payment_tx= - Outbox publication deferred outbox_id=46d10342-9ce0-42a8-a869-ef004b131ff0 command_id=f313f0b7745ce1d9fa54d8fb07529865d240bba200dca0528db1f795c55dda3e outcome=RETRYABLE cause=MQCLIENTEXCEPTION
2026-08-11T10:30:16.032+08:00 INFO  d.f.m.outbox.OutboxDispatcher request_id= idempotency_key= order_id= user_id= sku_id= payment_tx= - Outbox publication deferred outbox_id=523070bd-627b-45e1-8418-765a4aa76d13 command_id=3d68585d533f60572e139f9abfb90536d61e6cb8f0f0d6b01c900fc0925e6067 outcome=RETRYABLE cause=MQCLIENTEXCEPTION
2026-08-11T10:30:16.150+08:00 INFO  d.f.m.outbox.OutboxDispatcher request_id= idempotency_key= order_id= user_id= sku_id= payment_tx= - Outbox publication deferred outbox_id=65a14fb9-46bf-4915-b503-65d7d6937d8a command_id=624a70e7755d51110128ff78ba4865e61ba72fa3d33d33a3ad9b750f80d5a821 outcome=RETRYABLE cause=MQCLIENTEXCEPTION
2026-08-11T10:30:16.154+08:00 INFO  d.f.m.outbox.OutboxDispatcher request_id= idempotency_key= order_id= user_id= sku_id= payment_tx= - Outbox publication deferred outbox_id=30a0d5f8-baa1-4549-a868-be47e4626153 command_id=85ec1d6b55a89eb0790d25f1163e617f0fd6fc36fdb9feceea7954a87143b3f8 outcome=RETRYABLE cause=MQCLIENTEXCEPTION
2026-08-11T10:30:16.158+08:00 INFO  d.f.m.outbox.OutboxDispatcher request_id= idempotency_key= order_id= user_id= sku_id= payment_tx= - Outbox publication deferred outbox_id=a1203a45-999c-425d-866b-6c01fb5a4711 command_id=f6c060ba76a111667f06ec0dfcceaa6a76ebdcd0dce07d90c1afdef9151151e6 outcome=RETRYABLE cause=MQCLIENTEXCEPTION
2026-08-11T10:30:16.280+08:00 INFO  d.f.m.outbox.OutboxDispatcher request_id= idempotency_key= order_id= user_id= sku_id= payment_tx= - Outbox publication deferred outbox_id=2536cc05-f8c9-4b19-ae71-f87e5bca18d1 command_id=e088e050b5fdb24d1c0ebd6935629672e4ef2bdae5f20fb9e8c7c53f6978e7bf outcome=RETRYABLE cause=MQCLIENTEXCEPTION
2026-08-11T10:30:16.289+08:00 INFO  d.f.m.outbox.OutboxDispatcher request_id= idempotency_key= order_id= user_id= sku_id= payment_tx= - Outbox publication deferred outbox_id=686f498f-2a8d-492d-87a3-f77955efbfb2 command_id=27ec8d3ab1943f0439f8ac4ebb1702ec3ef9d80929ca2827b2e1ef466995f85f outcome=RETRYABLE cause=MQCLIENTEXCEPTION
2026-08-11T10:30:16.406+08:00 INFO  d.f.m.outbox.OutboxDispatcher request_id= idempotency_key= order_id= user_id= sku_id= payment_tx= - Outbox publication deferred outbox_id=f8a4a72d-9a54-49a5-b288-dc385ed4ecf7 command_id=a9f00f1b0680a728f999d20e000409506e27732d2559bdebfd7bd1f452e05a9c outcome=RETRYABLE cause=MQCLIENTEXCEPTION
2026-08-11T10:30:16.407+08:00 INFO  d.f.m.outbox.OutboxDispatcher request_id= idempotency_key= order_id= user_id= sku_id= payment_tx= - Outbox publication deferred outbox_id=a5043db7-9e83-4f3c-93a4-28f26759deba command_id=158e550fd2516a1b31687a799853072c673b5e709badac00ab670aed3178d7e6 outcome=RETRYABLE cause=MQCLIENTEXCEPTION
2026-08-11T10:30:16.409+08:00 INFO  d.f.m.outbox.OutboxDispatcher request_id= idempotency_key= order_id= user_id= sku_id= payment_tx= - Outbox publication deferred outbox_id=da705505-d347-40e3-a424-2b8bff3a5c15 command_id=0e9288d4fdf3eb2620d5254aefa92c3859e8addb67ef1094601f0caf08c1eb22 outcome=RETRYABLE cause=MQCLIENTEXCEPTION
2026-08-11T10:30:16.411+08:00 INFO  d.f.m.outbox.OutboxDispatcher request_id= idempotency_key= order_id= user_id= sku_id= payment_tx= - Outbox publication deferred outbox_id=f37acae2-59ae-4018-b699-5665da99fd08 command_id=dc85d7cb8bb6e80e83ebe256a1eabf732b7e14931c443751e85c979853a4b692 outcome=RETRYABLE cause=MQCLIENTEXCEPTION
2026-08-11T10:30:17.081+08:00 INFO  d.f.m.outbox.OutboxDispatcher request_id= idempotency_key= order_id= user_id= sku_id= payment_tx= - Outbox publication deferred outbox_id=367da5fc-28d0-4328-8c06-481a8b8ea3f6 command_id=61dc2b9c3b1b1205acb75941818797c3ba44baceca504e125fba130ef9a42f8a outcome=RETRYABLE cause=MQCLIENTEXCEPTION
2026-08-11T10:30:17.094+08:00 INFO  d.f.m.outbox.OutboxDispatcher request_id= idempotency_key= order_id= user_id= sku_id= payment_tx= - Outbox publication deferred outbox_id=46d10342-9ce0-42a8-a869-ef004b131ff0 command_id=f313f0b7745ce1d9fa54d8fb07529865d240bba200dca0528db1f795c55dda3e outcome=RETRYABLE cause=MQCLIENTEXCEPTION
2026-08-11T10:30:17.105+08:00 INFO  d.f.m.outbox.OutboxDispatcher request_id= idempotency_key= order_id= user_id= sku_id= payment_tx= - Outbox publication deferred outbox_id=523070bd-627b-45e1-8418-765a4aa76d13 command_id=3d68585d533f60572e139f9abfb90536d61e6cb8f0f0d6b01c900fc0925e6067 outcome=RETRYABLE cause=MQCLIENTEXCEPTION
2026-08-11T10:30:17.240+08:00 INFO  d.f.m.outbox.OutboxDispatcher request_id= idempotency_key= order_id= user_id= sku_id= payment_tx= - Outbox publication deferred outbox_id=65a14fb9-46bf-4915-b503-65d7d6937d8a command_id=624a70e7755d51110128ff78ba4865e61ba72fa3d33d33a3ad9b750f80d5a821 outcome=RETRYABLE cause=MQCLIENTEXCEPTION
2026-08-11T10:30:17.255+08:00 INFO  d.f.m.outbox.OutboxDispatcher request_id= idempotency_key= order_id= user_id= sku_id= payment_tx= - Outbox publication deferred outbox_id=30a0d5f8-baa1-4549-a868-be47e4626153 command_id=85ec1d6b55a89eb0790d25f1163e617f0fd6fc36fdb9feceea7954a87143b3f8 outcome=RETRYABLE cause=MQCLIENTEXCEPTION
2026-08-11T10:30:17.269+08:00 INFO  d.f.m.outbox.OutboxDispatcher request_id= idempotency_key= order_id= user_id= sku_id= payment_tx= - Outbox publication deferred outbox_id=a1203a45-999c-425d-866b-6c01fb5a4711 command_id=f6c060ba76a111667f06ec0dfcceaa6a76ebdcd0dce07d90c1afdef9151151e6 outcome=RETRYABLE cause=MQCLIENTEXCEPTION
2026-08-11T10:30:17.398+08:00 INFO  d.f.m.outbox.OutboxDispatcher request_id= idempotency_key= order_id= user_id= sku_id= payment_tx= - Outbox publication deferred outbox_id=2536cc05-f8c9-4b19-ae71-f87e5bca18d1 command_id=e088e050b5fdb24d1c0ebd6935629672e4ef2bdae5f20fb9e8c7c53f6978e7bf outcome=RETRYABLE cause=MQCLIENTEXCEPTION
2026-08-11T10:30:17.408+08:00 INFO  d.f.m.outbox.OutboxDispatcher request_id= idempotency_key= order_id= user_id= sku_id= payment_tx= - Outbox publication deferred outbox_id=686f498f-2a8d-492d-87a3-f77955efbfb2 command_id=27ec8d3ab1943f0439f8ac4ebb1702ec3ef9d80929ca2827b2e1ef466995f85f outcome=RETRYABLE cause=MQCLIENTEXCEPTION
2026-08-11T10:30:17.545+08:00 INFO  d.f.m.outbox.OutboxDispatcher request_id= idempotency_key= order_id= user_id= sku_id= payment_tx= - Outbox publication deferred outbox_id=f8a4a72d-9a54-49a5-b288-dc385ed4ecf7 command_id=a9f00f1b0680a728f999d20e000409506e27732d2559bdebfd7bd1f452e05a9c outcome=RETRYABLE cause=MQCLIENTEXCEPTION
2026-08-11T10:30:17.559+08:00 INFO  d.f.m.outbox.OutboxDispatcher request_id= idempotency_key= order_id= user_id= sku_id= payment_tx= - Outbox publication deferred outbox_id=a5043db7-9e83-4f3c-93a4-28f26759deba command_id=158e550fd2516a1b31687a799853072c673b5e709badac00ab670aed3178d7e6 outcome=RETRYABLE cause=MQCLIENTEXCEPTION
2026-08-11T10:30:17.569+08:00 INFO  d.f.m.outbox.OutboxDispatcher request_id= idempotency_key= order_id= user_id= sku_id= payment_tx= - Outbox publication deferred outbox_id=da705505-d347-40e3-a424-2b8bff3a5c15 command_id=0e9288d4fdf3eb2620d5254aefa92c3859e8addb67ef1094601f0caf08c1eb22 outcome=RETRYABLE cause=MQCLIENTEXCEPTION
2026-08-11T10:30:17.581+08:00 INFO  d.f.m.outbox.OutboxDispatcher request_id= idempotency_key= order_id= user_id= sku_id= payment_tx= - Outbox publication deferred outbox_id=f37acae2-59ae-4018-b699-5665da99fd08 command_id=dc85d7cb8bb6e80e83ebe256a1eabf732b7e14931c443751e85c979853a4b692 outcome=RETRYABLE cause=MQCLIENTEXCEPTION
2026-08-11T10:30:18.122+08:00 INFO  d.f.m.outbox.OutboxDispatcher request_id= idempotency_key= order_id= user_id= sku_id= payment_tx= - Outbox publication deferred outbox_id=367da5fc-28d0-4328-8c06-481a8b8ea3f6 command_id=61dc2b9c3b1b1205acb75941818797c3ba44baceca504e125fba130ef9a42f8a outcome=RETRYABLE cause=MQCLIENTEXCEPTION
2026-08-11T10:30:18.124+08:00 INFO  d.f.m.outbox.OutboxDispatcher request_id= idempotency_key= order_id= user_id= sku_id= payment_tx= - Outbox publication deferred outbox_id=46d10342-9ce0-42a8-a869-ef004b131ff0 command_id=f313f0b7745ce1d9fa54d8fb07529865d240bba200dca0528db1f795c55dda3e outcome=RETRYABLE cause=MQCLIENTEXCEPTION
2026-08-11T10:30:18.126+08:00 INFO  d.f.m.outbox.OutboxDispatcher request_id= idempotency_key= order_id= user_id= sku_id= payment_tx= - Outbox publication deferred outbox_id=523070bd-627b-45e1-8418-765a4aa76d13 command_id=3d68585d533f60572e139f9abfb90536d61e6cb8f0f0d6b01c900fc0925e6067 outcome=RETRYABLE cause=MQCLIENTEXCEPTION
2026-08-11T10:30:18.237+08:00 INFO  d.f.m.outbox.OutboxDispatcher request_id= idempotency_key= order_id= user_id= sku_id= payment_tx= - Outbox publication deferred outbox_id=65a14fb9-46bf-4915-b503-65d7d6937d8a command_id=624a70e7755d51110128ff78ba4865e61ba72fa3d33d33a3ad9b750f80d5a821 outcome=RETRYABLE cause=MQCLIENTEXCEPTION
2026-08-11T10:30:18.351+08:00 INFO  d.f.m.outbox.OutboxDispatcher request_id= idempotency_key= order_id= user_id= sku_id= payment_tx= - Outbox publication deferred outbox_id=30a0d5f8-baa1-4549-a868-be47e4626153 command_id=85ec1d6b55a89eb0790d25f1163e617f0fd6fc36fdb9feceea7954a87143b3f8 outcome=RETRYABLE cause=MQCLIENTEXCEPTION
2026-08-11T10:30:18.353+08:00 INFO  d.f.m.outbox.OutboxDispatcher request_id= idempotency_key= order_id= user_id= sku_id= payment_tx= - Outbox publication deferred outbox_id=a1203a45-999c-425d-866b-6c01fb5a4711 command_id=f6c060ba76a111667f06ec0dfcceaa6a76ebdcd0dce07d90c1afdef9151151e6 outcome=RETRYABLE cause=MQCLIENTEXCEPTION
2026-08-11T10:30:18.465+08:00 INFO  d.f.m.outbox.OutboxDispatcher request_id= idempotency_key= order_id= user_id= sku_id= payment_tx= - Outbox publication deferred outbox_id=2536cc05-f8c9-4b19-ae71-f87e5bca18d1 command_id=e088e050b5fdb24d1c0ebd6935629672e4ef2bdae5f20fb9e8c7c53f6978e7bf outcome=RETRYABLE cause=MQCLIENTEXCEPTION
2026-08-11T10:30:18.467+08:00 INFO  d.f.m.outbox.OutboxDispatcher request_id= idempotency_key= order_id= user_id= sku_id= payment_tx= - Outbox publication deferred outbox_id=686f498f-2a8d-492d-87a3-f77955efbfb2 command_id=27ec8d3ab1943f0439f8ac4ebb1702ec3ef9d80929ca2827b2e1ef466995f85f outcome=RETRYABLE cause=MQCLIENTEXCEPTION
2026-08-11T10:30:18.581+08:00 INFO  d.f.m.outbox.OutboxDispatcher request_id= idempotency_key= order_id= user_id= sku_id= payment_tx= - Outbox publication deferred outbox_id=f8a4a72d-9a54-49a5-b288-dc385ed4ecf7 command_id=a9f00f1b0680a728f999d20e000409506e27732d2559bdebfd7bd1f452e05a9c outcome=RETRYABLE cause=MQCLIENTEXCEPTION
2026-08-11T10:30:18.584+08:00 INFO  d.f.m.outbox.OutboxDispatcher request_id= idempotency_key= order_id= user_id= sku_id= payment_tx= - Outbox publication deferred outbox_id=a5043db7-9e83-4f3c-93a4-28f26759deba command_id=158e550fd2516a1b31687a799853072c673b5e709badac00ab670aed3178d7e6 outcome=RETRYABLE cause=MQCLIENTEXCEPTION
2026-08-11T10:30:18.586+08:00 INFO  d.f.m.outbox.OutboxDispatcher request_id= idempotency_key= order_id= user_id= sku_id= payment_tx= - Outbox publication deferred outbox_id=da705505-d347-40e3-a424-2b8bff3a5c15 command_id=0e9288d4fdf3eb2620d5254aefa92c3859e8addb67ef1094601f0caf08c1eb22 outcome=RETRYABLE cause=MQCLIENTEXCEPTION
2026-08-11T10:30:18.587+08:00 INFO  d.f.m.outbox.OutboxDispatcher request_id= idempotency_key= order_id= user_id= sku_id= payment_tx= - Outbox publication deferred outbox_id=f37acae2-59ae-4018-b699-5665da99fd08 command_id=dc85d7cb8bb6e80e83ebe256a1eabf732b7e14931c443751e85c979853a4b692 outcome=RETRYABLE cause=MQCLIENTEXCEPTION
2026-08-11T10:30:19.130+08:00 INFO  d.f.m.outbox.OutboxDispatcher request_id= idempotency_key= order_id= user_id= sku_id= payment_tx= - Outbox publication deferred outbox_id=367da5fc-28d0-4328-8c06-481a8b8ea3f6 command_id=61dc2b9c3b1b1205acb75941818797c3ba44baceca504e125fba130ef9a42f8a outcome=RETRYABLE cause=MQCLIENTEXCEPTION
2026-08-11T10:30:19.133+08:00 INFO  d.f.m.outbox.OutboxDispatcher request_id= idempotency_key= order_id= user_id= sku_id= payment_tx= - Outbox publication deferred outbox_id=46d10342-9ce0-42a8-a869-ef004b131ff0 command_id=f313f0b7745ce1d9fa54d8fb07529865d240bba200dca0528db1f795c55dda3e outcome=RETRYABLE cause=MQCLIENTEXCEPTION
2026-08-11T10:30:19.244+08:00 INFO  d.f.m.outbox.OutboxDispatcher request_id= idempotency_key= order_id= user_id= sku_id= payment_tx= - Outbox publication deferred outbox_id=523070bd-627b-45e1-8418-765a4aa76d13 command_id=3d68585d533f60572e139f9abfb90536d61e6cb8f0f0d6b01c900fc0925e6067 outcome=RETRYABLE cause=MQCLIENTEXCEPTION
2026-08-11T10:30:19.246+08:00 INFO  d.f.m.outbox.OutboxDispatcher request_id= idempotency_key= order_id= user_id= sku_id= payment_tx= - Outbox publication deferred outbox_id=65a14fb9-46bf-4915-b503-65d7d6937d8a command_id=624a70e7755d51110128ff78ba4865e61ba72fa3d33d33a3ad9b750f80d5a821 outcome=RETRYABLE cause=MQCLIENTEXCEPTION
2026-08-11T10:30:19.360+08:00 INFO  d.f.m.outbox.OutboxDispatcher request_id= idempotency_key= order_id= user_id= sku_id= payment_tx= - Outbox publication deferred outbox_id=30a0d5f8-baa1-4549-a868-be47e4626153 command_id=85ec1d6b55a89eb0790d25f1163e617f0fd6fc36fdb9feceea7954a87143b3f8 outcome=RETRYABLE cause=MQCLIENTEXCEPTION
2026-08-11T10:30:19.363+08:00 INFO  d.f.m.outbox.OutboxDispatcher request_id= idempotency_key= order_id= user_id= sku_id= payment_tx= - Outbox publication deferred outbox_id=a1203a45-999c-425d-866b-6c01fb5a4711 command_id=f6c060ba76a111667f06ec0dfcceaa6a76ebdcd0dce07d90c1afdef9151151e6 outcome=RETRYABLE cause=MQCLIENTEXCEPTION
2026-08-11T10:30:19.477+08:00 INFO  d.f.m.outbox.OutboxDispatcher request_id= idempotency_key= order_id= user_id= sku_id= payment_tx= - Outbox publication deferred outbox_id=2536cc05-f8c9-4b19-ae71-f87e5bca18d1 command_id=e088e050b5fdb24d1c0ebd6935629672e4ef2bdae5f20fb9e8c7c53f6978e7bf outcome=RETRYABLE cause=MQCLIENTEXCEPTION
2026-08-11T10:30:19.480+08:00 INFO  d.f.m.outbox.OutboxDispatcher request_id= idempotency_key= order_id= user_id= sku_id= payment_tx= - Outbox publication deferred outbox_id=686f498f-2a8d-492d-87a3-f77955efbfb2 command_id=27ec8d3ab1943f0439f8ac4ebb1702ec3ef9d80929ca2827b2e1ef466995f85f outcome=RETRYABLE cause=MQCLIENTEXCEPTION
2026-08-11T10:30:19.591+08:00 INFO  d.f.m.outbox.OutboxDispatcher request_id= idempotency_key= order_id= user_id= sku_id= payment_tx= - Outbox publication deferred outbox_id=f8a4a72d-9a54-49a5-b288-dc385ed4ecf7 command_id=a9f00f1b0680a728f999d20e000409506e27732d2559bdebfd7bd1f452e05a9c outcome=RETRYABLE cause=MQCLIENTEXCEPTION
2026-08-11T10:30:19.593+08:00 INFO  d.f.m.outbox.OutboxDispatcher request_id= idempotency_key= order_id= user_id= sku_id= payment_tx= - Outbox publication deferred outbox_id=a5043db7-9e83-4f3c-93a4-28f26759deba command_id=158e550fd2516a1b31687a799853072c673b5e709badac00ab670aed3178d7e6 outcome=RETRYABLE cause=MQCLIENTEXCEPTION
2026-08-11T10:30:19.705+08:00 INFO  d.f.m.outbox.OutboxDispatcher request_id= idempotency_key= order_id= user_id= sku_id= payment_tx= - Outbox publication deferred outbox_id=da705505-d347-40e3-a424-2b8bff3a5c15 command_id=0e9288d4fdf3eb2620d5254aefa92c3859e8addb67ef1094601f0caf08c1eb22 outcome=RETRYABLE cause=MQCLIENTEXCEPTION
2026-08-11T10:30:19.707+08:00 INFO  d.f.m.outbox.OutboxDispatcher request_id= idempotency_key= order_id= user_id= sku_id= payment_tx= - Outbox publication deferred outbox_id=f37acae2-59ae-4018-b699-5665da99fd08 command_id=dc85d7cb8bb6e80e83ebe256a1eabf732b7e14931c443751e85c979853a4b692 outcome=RETRYABLE cause=MQCLIENTEXCEPTION
2026-08-11T10:30:20.139+08:00 INFO  d.f.m.outbox.OutboxDispatcher request_id= idempotency_key= order_id= user_id= sku_id= payment_tx= - Outbox publication deferred outbox_id=367da5fc-28d0-4328-8c06-481a8b8ea3f6 command_id=61dc2b9c3b1b1205acb75941818797c3ba44baceca504e125fba130ef9a42f8a outcome=RETRYABLE cause=MQCLIENTEXCEPTION
2026-08-11T10:30:20.248+08:00 INFO  d.f.m.outbox.OutboxDispatcher request_id= idempotency_key= order_id= user_id= sku_id= payment_tx= - Outbox publication deferred outbox_id=46d10342-9ce0-42a8-a869-ef004b131ff0 command_id=f313f0b7745ce1d9fa54d8fb07529865d240bba200dca0528db1f795c55dda3e outcome=RETRYABLE cause=MQCLIENTEXCEPTION
2026-08-11T10:30:20.363+08:00 INFO  d.f.m.outbox.OutboxDispatcher request_id= idempotency_key= order_id= user_id= sku_id= payment_tx= - Outbox publication deferred outbox_id=523070bd-627b-45e1-8418-765a4aa76d13 command_id=3d68585d533f60572e139f9abfb90536d61e6cb8f0f0d6b01c900fc0925e6067 outcome=RETRYABLE cause=MQCLIENTEXCEPTION
2026-08-11T10:30:20.365+08:00 INFO  d.f.m.outbox.OutboxDispatcher request_id= idempotency_key= order_id= user_id= sku_id= payment_tx= - Outbox publication deferred outbox_id=65a14fb9-46bf-4915-b503-65d7d6937d8a command_id=624a70e7755d51110128ff78ba4865e61ba72fa3d33d33a3ad9b750f80d5a821 outcome=RETRYABLE cause=MQCLIENTEXCEPTION
2026-08-11T10:30:20.478+08:00 INFO  d.f.m.outbox.OutboxDispatcher request_id= idempotency_key= order_id= user_id= sku_id= payment_tx= - Outbox publication deferred outbox_id=30a0d5f8-baa1-4549-a868-be47e4626153 command_id=85ec1d6b55a89eb0790d25f1163e617f0fd6fc36fdb9feceea7954a87143b3f8 outcome=RETRYABLE cause=MQCLIENTEXCEPTION
2026-08-11T10:30:20.480+08:00 INFO  d.f.m.outbox.OutboxDispatcher request_id= idempotency_key= order_id= user_id= sku_id= payment_tx= - Outbox publication deferred outbox_id=a1203a45-999c-425d-866b-6c01fb5a4711 command_id=f6c060ba76a111667f06ec0dfcceaa6a76ebdcd0dce07d90c1afdef9151151e6 outcome=RETRYABLE cause=MQCLIENTEXCEPTION
2026-08-11T10:30:20.589+08:00 INFO  d.f.m.outbox.OutboxDispatcher request_id= idempotency_key= order_id= user_id= sku_id= payment_tx= - Outbox publication deferred outbox_id=2536cc05-f8c9-4b19-ae71-f87e5bca18d1 command_id=e088e050b5fdb24d1c0ebd6935629672e4ef2bdae5f20fb9e8c7c53f6978e7bf outcome=RETRYABLE cause=MQCLIENTEXCEPTION
2026-08-11T10:30:20.593+08:00 INFO  d.f.m.outbox.OutboxDispatcher request_id= idempotency_key= order_id= user_id= sku_id= payment_tx= - Outbox publication deferred outbox_id=686f498f-2a8d-492d-87a3-f77955efbfb2 command_id=27ec8d3ab1943f0439f8ac4ebb1702ec3ef9d80929ca2827b2e1ef466995f85f outcome=RETRYABLE cause=MQCLIENTEXCEPTION
2026-08-11T10:30:20.705+08:00 INFO  d.f.m.outbox.OutboxDispatcher request_id= idempotency_key= order_id= user_id= sku_id= payment_tx= - Outbox publication deferred outbox_id=f8a4a72d-9a54-49a5-b288-dc385ed4ecf7 command_id=a9f00f1b0680a728f999d20e000409506e27732d2559bdebfd7bd1f452e05a9c outcome=RETRYABLE cause=MQCLIENTEXCEPTION
2026-08-11T10:30:20.708+08:00 INFO  d.f.m.outbox.OutboxDispatcher request_id= idempotency_key= order_id= user_id= sku_id= payment_tx= - Outbox publication deferred outbox_id=a5043db7-9e83-4f3c-93a4-28f26759deba command_id=158e550fd2516a1b31687a799853072c673b5e709badac00ab670aed3178d7e6 outcome=RETRYABLE cause=MQCLIENTEXCEPTION
2026-08-11T10:30:20.819+08:00 INFO  d.f.m.outbox.OutboxDispatcher request_id= idempotency_key= order_id= user_id= sku_id= payment_tx= - Outbox publication deferred outbox_id=da705505-d347-40e3-a424-2b8bff3a5c15 command_id=0e9288d4fdf3eb2620d5254aefa92c3859e8addb67ef1094601f0caf08c1eb22 outcome=RETRYABLE cause=MQCLIENTEXCEPTION
2026-08-11T10:30:20.821+08:00 INFO  d.f.m.outbox.OutboxDispatcher request_id= idempotency_key= order_id= user_id= sku_id= payment_tx= - Outbox publication deferred outbox_id=f37acae2-59ae-4018-b699-5665da99fd08 command_id=dc85d7cb8bb6e80e83ebe256a1eabf732b7e14931c443751e85c979853a4b692 outcome=RETRYABLE cause=MQCLIENTEXCEPTION
2026-08-11T10:30:21.245+08:00 INFO  d.f.m.outbox.OutboxDispatcher request_id= idempotency_key= order_id= user_id= sku_id= payment_tx= - Outbox publication deferred outbox_id=367da5fc-28d0-4328-8c06-481a8b8ea3f6 command_id=61dc2b9c3b1b1205acb75941818797c3ba44baceca504e125fba130ef9a42f8a outcome=RETRYABLE cause=MQCLIENTEXCEPTION
2026-08-11T10:30:21.357+08:00 INFO  d.f.m.outbox.OutboxDispatcher request_id= idempotency_key= order_id= user_id= sku_id= payment_tx= - Outbox publication deferred outbox_id=46d10342-9ce0-42a8-a869-ef004b131ff0 command_id=f313f0b7745ce1d9fa54d8fb07529865d240bba200dca0528db1f795c55dda3e outcome=RETRYABLE cause=MQCLIENTEXCEPTION
2026-08-11T10:30:21.469+08:00 INFO  d.f.m.outbox.OutboxDispatcher request_id= idempotency_key= order_id= user_id= sku_id= payment_tx= - Outbox publication deferred outbox_id=523070bd-627b-45e1-8418-765a4aa76d13 command_id=3d68585d533f60572e139f9abfb90536d61e6cb8f0f0d6b01c900fc0925e6067 outcome=RETRYABLE cause=MQCLIENTEXCEPTION
2026-08-11T10:30:21.471+08:00 INFO  d.f.m.outbox.OutboxDispatcher request_id= idempotency_key= order_id= user_id= sku_id= payment_tx= - Outbox publication deferred outbox_id=65a14fb9-46bf-4915-b503-65d7d6937d8a command_id=624a70e7755d51110128ff78ba4865e61ba72fa3d33d33a3ad9b750f80d5a821 outcome=RETRYABLE cause=MQCLIENTEXCEPTION
2026-08-11T10:30:21.584+08:00 INFO  d.f.m.outbox.OutboxDispatcher request_id= idempotency_key= order_id= user_id= sku_id= payment_tx= - Outbox publication deferred outbox_id=30a0d5f8-baa1-4549-a868-be47e4626153 command_id=85ec1d6b55a89eb0790d25f1163e617f0fd6fc36fdb9feceea7954a87143b3f8 outcome=RETRYABLE cause=MQCLIENTEXCEPTION
2026-08-11T10:30:21.586+08:00 INFO  d.f.m.outbox.OutboxDispatcher request_id= idempotency_key= order_id= user_id= sku_id= payment_tx= - Outbox publication deferred outbox_id=a1203a45-999c-425d-866b-6c01fb5a4711 command_id=f6c060ba76a111667f06ec0dfcceaa6a76ebdcd0dce07d90c1afdef9151151e6 outcome=RETRYABLE cause=MQCLIENTEXCEPTION
2026-08-11T10:30:21.700+08:00 INFO  d.f.m.outbox.OutboxDispatcher request_id= idempotency_key= order_id= user_id= sku_id= payment_tx= - Outbox publication deferred outbox_id=2536cc05-f8c9-4b19-ae71-f87e5bca18d1 command_id=e088e050b5fdb24d1c0ebd6935629672e4ef2bdae5f20fb9e8c7c53f6978e7bf outcome=RETRYABLE cause=MQCLIENTEXCEPTION
2026-08-11T10:30:21.702+08:00 INFO  d.f.m.outbox.OutboxDispatcher request_id= idempotency_key= order_id= user_id= sku_id= payment_tx= - Outbox publication deferred outbox_id=686f498f-2a8d-492d-87a3-f77955efbfb2 command_id=27ec8d3ab1943f0439f8ac4ebb1702ec3ef9d80929ca2827b2e1ef466995f85f outcome=RETRYABLE cause=MQCLIENTEXCEPTION
2026-08-11T10:30:21.813+08:00 INFO  d.f.m.outbox.OutboxDispatcher request_id= idempotency_key= order_id= user_id= sku_id= payment_tx= - Outbox publication deferred outbox_id=f8a4a72d-9a54-49a5-b288-dc385ed4ecf7 command_id=a9f00f1b0680a728f999d20e000409506e27732d2559bdebfd7bd1f452e05a9c outcome=RETRYABLE cause=MQCLIENTEXCEPTION
2026-08-11T10:30:21.815+08:00 INFO  d.f.m.outbox.OutboxDispatcher request_id= idempotency_key= order_id= user_id= sku_id= payment_tx= - Outbox publication deferred outbox_id=a5043db7-9e83-4f3c-93a4-28f26759deba command_id=158e550fd2516a1b31687a799853072c673b5e709badac00ab670aed3178d7e6 outcome=RETRYABLE cause=MQCLIENTEXCEPTION
2026-08-11T10:30:21.923+08:00 INFO  d.f.m.outbox.OutboxDispatcher request_id= idempotency_key= order_id= user_id= sku_id= payment_tx= - Outbox publication deferred outbox_id=da705505-d347-40e3-a424-2b8bff3a5c15 command_id=0e9288d4fdf3eb2620d5254aefa92c3859e8addb67ef1094601f0caf08c1eb22 outcome=RETRYABLE cause=MQCLIENTEXCEPTION
2026-08-11T10:30:21.926+08:00 INFO  d.f.m.outbox.OutboxDispatcher request_id= idempotency_key= order_id= user_id= sku_id= payment_tx= - Outbox publication deferred outbox_id=f37acae2-59ae-4018-b699-5665da99fd08 command_id=dc85d7cb8bb6e80e83ebe256a1eabf732b7e14931c443751e85c979853a4b692 outcome=RETRYABLE cause=MQCLIENTEXCEPTION
2026-08-11T10:30:22.349+08:00 INFO  d.f.m.outbox.OutboxDispatcher request_id= idempotency_key= order_id= user_id= sku_id= payment_tx= - Outbox publication deferred outbox_id=367da5fc-28d0-4328-8c06-481a8b8ea3f6 command_id=61dc2b9c3b1b1205acb75941818797c3ba44baceca504e125fba130ef9a42f8a outcome=RETRYABLE cause=MQCLIENTEXCEPTION
2026-08-11T10:30:22.460+08:00 INFO  d.f.m.outbox.OutboxDispatcher request_id= idempotency_key= order_id= user_id= sku_id= payment_tx= - Outbox publication deferred outbox_id=46d10342-9ce0-42a8-a869-ef004b131ff0 command_id=f313f0b7745ce1d9fa54d8fb07529865d240bba200dca0528db1f795c55dda3e outcome=RETRYABLE cause=MQCLIENTEXCEPTION
2026-08-11T10:30:22.580+08:00 INFO  d.f.m.outbox.OutboxDispatcher request_id= idempotency_key= order_id= user_id= sku_id= payment_tx= - Outbox publication deferred outbox_id=523070bd-627b-45e1-8418-765a4aa76d13 command_id=3d68585d533f60572e139f9abfb90536d61e6cb8f0f0d6b01c900fc0925e6067 outcome=RETRYABLE cause=MQCLIENTEXCEPTION
2026-08-11T10:30:22.583+08:00 INFO  d.f.m.outbox.OutboxDispatcher request_id= idempotency_key= order_id= user_id= sku_id= payment_tx= - Outbox publication deferred outbox_id=65a14fb9-46bf-4915-b503-65d7d6937d8a command_id=624a70e7755d51110128ff78ba4865e61ba72fa3d33d33a3ad9b750f80d5a821 outcome=RETRYABLE cause=MQCLIENTEXCEPTION
2026-08-11T10:30:22.696+08:00 INFO  d.f.m.outbox.OutboxDispatcher request_id= idempotency_key= order_id= user_id= sku_id= payment_tx= - Outbox publication deferred outbox_id=30a0d5f8-baa1-4549-a868-be47e4626153 command_id=85ec1d6b55a89eb0790d25f1163e617f0fd6fc36fdb9feceea7954a87143b3f8 outcome=RETRYABLE cause=MQCLIENTEXCEPTION
2026-08-11T10:30:22.699+08:00 INFO  d.f.m.outbox.OutboxDispatcher request_id= idempotency_key= order_id= user_id= sku_id= payment_tx= - Outbox publication deferred outbox_id=a1203a45-999c-425d-866b-6c01fb5a4711 command_id=f6c060ba76a111667f06ec0dfcceaa6a76ebdcd0dce07d90c1afdef9151151e6 outcome=RETRYABLE cause=MQCLIENTEXCEPTION
2026-08-11T10:30:22.808+08:00 INFO  d.f.m.outbox.OutboxDispatcher request_id= idempotency_key= order_id= user_id= sku_id= payment_tx= - Outbox publication deferred outbox_id=2536cc05-f8c9-4b19-ae71-f87e5bca18d1 command_id=e088e050b5fdb24d1c0ebd6935629672e4ef2bdae5f20fb9e8c7c53f6978e7bf outcome=RETRYABLE cause=MQCLIENTEXCEPTION
2026-08-11T10:30:22.811+08:00 INFO  d.f.m.outbox.OutboxDispatcher request_id= idempotency_key= order_id= user_id= sku_id= payment_tx= - Outbox publication deferred outbox_id=686f498f-2a8d-492d-87a3-f77955efbfb2 command_id=27ec8d3ab1943f0439f8ac4ebb1702ec3ef9d80929ca2827b2e1ef466995f85f outcome=RETRYABLE cause=MQCLIENTEXCEPTION
2026-08-11T10:30:22.922+08:00 INFO  d.f.m.outbox.OutboxDispatcher request_id= idempotency_key= order_id= user_id= sku_id= payment_tx= - Outbox publication deferred outbox_id=f8a4a72d-9a54-49a5-b288-dc385ed4ecf7 command_id=a9f00f1b0680a728f999d20e000409506e27732d2559bdebfd7bd1f452e05a9c outcome=RETRYABLE cause=MQCLIENTEXCEPTION
2026-08-11T10:30:22.924+08:00 INFO  d.f.m.outbox.OutboxDispatcher request_id= idempotency_key= order_id= user_id= sku_id= payment_tx= - Outbox publication deferred outbox_id=a5043db7-9e83-4f3c-93a4-28f26759deba command_id=158e550fd2516a1b31687a799853072c673b5e709badac00ab670aed3178d7e6 outcome=RETRYABLE cause=MQCLIENTEXCEPTION
2026-08-11T10:30:23.037+08:00 INFO  d.f.m.outbox.OutboxDispatcher request_id= idempotency_key= order_id= user_id= sku_id= payment_tx= - Outbox publication deferred outbox_id=da705505-d347-40e3-a424-2b8bff3a5c15 command_id=0e9288d4fdf3eb2620d5254aefa92c3859e8addb67ef1094601f0caf08c1eb22 outcome=RETRYABLE cause=MQCLIENTEXCEPTION
2026-08-11T10:30:23.039+08:00 INFO  d.f.m.outbox.OutboxDispatcher request_id= idempotency_key= order_id= user_id= sku_id= payment_tx= - Outbox publication deferred outbox_id=f37acae2-59ae-4018-b699-5665da99fd08 command_id=dc85d7cb8bb6e80e83ebe256a1eabf732b7e14931c443751e85c979853a4b692 outcome=RETRYABLE cause=MQCLIENTEXCEPTION
2026-08-11T10:30:23.360+08:00 INFO  d.f.m.outbox.OutboxDispatcher request_id= idempotency_key= order_id= user_id= sku_id= payment_tx= - Outbox publication deferred outbox_id=367da5fc-28d0-4328-8c06-481a8b8ea3f6 command_id=61dc2b9c3b1b1205acb75941818797c3ba44baceca504e125fba130ef9a42f8a outcome=RETRYABLE cause=MQCLIENTEXCEPTION
2026-08-11T10:30:23.472+08:00 INFO  d.f.m.outbox.OutboxDispatcher request_id= idempotency_key= order_id= user_id= sku_id= payment_tx= - Outbox publication deferred outbox_id=46d10342-9ce0-42a8-a869-ef004b131ff0 command_id=f313f0b7745ce1d9fa54d8fb07529865d240bba200dca0528db1f795c55dda3e outcome=RETRYABLE cause=MQCLIENTEXCEPTION
2026-08-11T10:30:23.692+08:00 INFO  d.f.m.outbox.OutboxDispatcher request_id= idempotency_key= order_id= user_id= sku_id= payment_tx= - Outbox publication deferred outbox_id=523070bd-627b-45e1-8418-765a4aa76d13 command_id=3d68585d533f60572e139f9abfb90536d61e6cb8f0f0d6b01c900fc0925e6067 outcome=RETRYABLE cause=MQCLIENTEXCEPTION
2026-08-11T10:30:23.695+08:00 INFO  d.f.m.outbox.OutboxDispatcher request_id= idempotency_key= order_id= user_id= sku_id= payment_tx= - Outbox publication deferred outbox_id=65a14fb9-46bf-4915-b503-65d7d6937d8a command_id=624a70e7755d51110128ff78ba4865e61ba72fa3d33d33a3ad9b750f80d5a821 outcome=RETRYABLE cause=MQCLIENTEXCEPTION
2026-08-11T10:30:23.807+08:00 INFO  d.f.m.outbox.OutboxDispatcher request_id= idempotency_key= order_id= user_id= sku_id= payment_tx= - Outbox publication deferred outbox_id=30a0d5f8-baa1-4549-a868-be47e4626153 command_id=85ec1d6b55a89eb0790d25f1163e617f0fd6fc36fdb9feceea7954a87143b3f8 outcome=RETRYABLE cause=MQCLIENTEXCEPTION
2026-08-11T10:30:23.810+08:00 INFO  d.f.m.outbox.OutboxDispatcher request_id= idempotency_key= order_id= user_id= sku_id= payment_tx= - Outbox publication deferred outbox_id=a1203a45-999c-425d-866b-6c01fb5a4711 command_id=f6c060ba76a111667f06ec0dfcceaa6a76ebdcd0dce07d90c1afdef9151151e6 outcome=RETRYABLE cause=MQCLIENTEXCEPTION
2026-08-11T10:30:23.924+08:00 INFO  d.f.m.outbox.OutboxDispatcher request_id= idempotency_key= order_id= user_id= sku_id= payment_tx= - Outbox publication deferred outbox_id=2536cc05-f8c9-4b19-ae71-f87e5bca18d1 command_id=e088e050b5fdb24d1c0ebd6935629672e4ef2bdae5f20fb9e8c7c53f6978e7bf outcome=RETRYABLE cause=MQCLIENTEXCEPTION
2026-08-11T10:30:23.926+08:00 INFO  d.f.m.outbox.OutboxDispatcher request_id= idempotency_key= order_id= user_id= sku_id= payment_tx= - Outbox publication deferred outbox_id=686f498f-2a8d-492d-87a3-f77955efbfb2 command_id=27ec8d3ab1943f0439f8ac4ebb1702ec3ef9d80929ca2827b2e1ef466995f85f outcome=RETRYABLE cause=MQCLIENTEXCEPTION
2026-08-11T10:30:24.039+08:00 INFO  d.f.m.outbox.OutboxDispatcher request_id= idempotency_key= order_id= user_id= sku_id= payment_tx= - Outbox publication deferred outbox_id=f8a4a72d-9a54-49a5-b288-dc385ed4ecf7 command_id=a9f00f1b0680a728f999d20e000409506e27732d2559bdebfd7bd1f452e05a9c outcome=RETRYABLE cause=MQCLIENTEXCEPTION
2026-08-11T10:30:24.041+08:00 INFO  d.f.m.outbox.OutboxDispatcher request_id= idempotency_key= order_id= user_id= sku_id= payment_tx= - Outbox publication deferred outbox_id=a5043db7-9e83-4f3c-93a4-28f26759deba command_id=158e550fd2516a1b31687a799853072c673b5e709badac00ab670aed3178d7e6 outcome=RETRYABLE cause=MQCLIENTEXCEPTION
2026-08-11T10:30:24.149+08:00 INFO  d.f.m.outbox.OutboxDispatcher request_id= idempotency_key= order_id= user_id= sku_id= payment_tx= - Outbox publication deferred outbox_id=da705505-d347-40e3-a424-2b8bff3a5c15 command_id=0e9288d4fdf3eb2620d5254aefa92c3859e8addb67ef1094601f0caf08c1eb22 outcome=RETRYABLE cause=MQCLIENTEXCEPTION
2026-08-11T10:30:24.151+08:00 INFO  d.f.m.outbox.OutboxDispatcher request_id= idempotency_key= order_id= user_id= sku_id= payment_tx= - Outbox publication deferred outbox_id=f37acae2-59ae-4018-b699-5665da99fd08 command_id=dc85d7cb8bb6e80e83ebe256a1eabf732b7e14931c443751e85c979853a4b692 outcome=RETRYABLE cause=MQCLIENTEXCEPTION
2026-08-11T10:30:24.373+08:00 INFO  d.f.m.outbox.OutboxDispatcher request_id= idempotency_key= order_id= user_id= sku_id= payment_tx= - Outbox publication deferred outbox_id=367da5fc-28d0-4328-8c06-481a8b8ea3f6 command_id=61dc2b9c3b1b1205acb75941818797c3ba44baceca504e125fba130ef9a42f8a outcome=RETRYABLE cause=MQCLIENTEXCEPTION
2026-08-11T10:30:24.483+08:00 INFO  d.f.m.outbox.OutboxDispatcher request_id= idempotency_key= order_id= user_id= sku_id= payment_tx= - Outbox publication deferred outbox_id=46d10342-9ce0-42a8-a869-ef004b131ff0 command_id=f313f0b7745ce1d9fa54d8fb07529865d240bba200dca0528db1f795c55dda3e outcome=RETRYABLE cause=MQCLIENTEXCEPTION
2026-08-11T10:30:24.703+08:00 INFO  d.f.m.outbox.OutboxDispatcher request_id= idempotency_key= order_id= user_id= sku_id= payment_tx= - Outbox publication deferred outbox_id=523070bd-627b-45e1-8418-765a4aa76d13 command_id=3d68585d533f60572e139f9abfb90536d61e6cb8f0f0d6b01c900fc0925e6067 outcome=RETRYABLE cause=MQCLIENTEXCEPTION
2026-08-11T10:30:24.705+08:00 INFO  d.f.m.outbox.OutboxDispatcher request_id= idempotency_key= order_id= user_id= sku_id= payment_tx= - Outbox publication deferred outbox_id=65a14fb9-46bf-4915-b503-65d7d6937d8a command_id=624a70e7755d51110128ff78ba4865e61ba72fa3d33d33a3ad9b750f80d5a821 outcome=RETRYABLE cause=MQCLIENTEXCEPTION
2026-08-11T10:30:24.817+08:00 INFO  d.f.m.outbox.OutboxDispatcher request_id= idempotency_key= order_id= user_id= sku_id= payment_tx= - Outbox publication deferred outbox_id=30a0d5f8-baa1-4549-a868-be47e4626153 command_id=85ec1d6b55a89eb0790d25f1163e617f0fd6fc36fdb9feceea7954a87143b3f8 outcome=RETRYABLE cause=MQCLIENTEXCEPTION
2026-08-11T10:30:24.820+08:00 INFO  d.f.m.outbox.OutboxDispatcher request_id= idempotency_key= order_id= user_id= sku_id= payment_tx= - Outbox publication deferred outbox_id=a1203a45-999c-425d-866b-6c01fb5a4711 command_id=f6c060ba76a111667f06ec0dfcceaa6a76ebdcd0dce07d90c1afdef9151151e6 outcome=RETRYABLE cause=MQCLIENTEXCEPTION
2026-08-11T10:30:24.933+08:00 INFO  d.f.m.outbox.OutboxDispatcher request_id= idempotency_key= order_id= user_id= sku_id= payment_tx= - Outbox publication deferred outbox_id=2536cc05-f8c9-4b19-ae71-f87e5bca18d1 command_id=e088e050b5fdb24d1c0ebd6935629672e4ef2bdae5f20fb9e8c7c53f6978e7bf outcome=RETRYABLE cause=MQCLIENTEXCEPTION
2026-08-11T10:30:24.934+08:00 INFO  d.f.m.outbox.OutboxDispatcher request_id= idempotency_key= order_id= user_id= sku_id= payment_tx= - Outbox publication deferred outbox_id=686f498f-2a8d-492d-87a3-f77955efbfb2 command_id=27ec8d3ab1943f0439f8ac4ebb1702ec3ef9d80929ca2827b2e1ef466995f85f outcome=RETRYABLE cause=MQCLIENTEXCEPTION
2026-08-11T10:30:25.149+08:00 INFO  d.f.m.outbox.OutboxDispatcher request_id= idempotency_key= order_id= user_id= sku_id= payment_tx= - Outbox publication deferred outbox_id=f8a4a72d-9a54-49a5-b288-dc385ed4ecf7 command_id=a9f00f1b0680a728f999d20e000409506e27732d2559bdebfd7bd1f452e05a9c outcome=RETRYABLE cause=MQCLIENTEXCEPTION
2026-08-11T10:30:25.152+08:00 INFO  d.f.m.outbox.OutboxDispatcher request_id= idempotency_key= order_id= user_id= sku_id= payment_tx= - Outbox publication deferred outbox_id=a5043db7-9e83-4f3c-93a4-28f26759deba command_id=158e550fd2516a1b31687a799853072c673b5e709badac00ab670aed3178d7e6 outcome=RETRYABLE cause=MQCLIENTEXCEPTION
2026-08-11T10:30:25.260+08:00 INFO  d.f.m.outbox.OutboxDispatcher request_id= idempotency_key= order_id= user_id= sku_id= payment_tx= - Outbox publication deferred outbox_id=da705505-d347-40e3-a424-2b8bff3a5c15 command_id=0e9288d4fdf3eb2620d5254aefa92c3859e8addb67ef1094601f0caf08c1eb22 outcome=RETRYABLE cause=MQCLIENTEXCEPTION
2026-08-11T10:30:25.263+08:00 INFO  d.f.m.outbox.OutboxDispatcher request_id= idempotency_key= order_id= user_id= sku_id= payment_tx= - Outbox publication deferred outbox_id=f37acae2-59ae-4018-b699-5665da99fd08 command_id=dc85d7cb8bb6e80e83ebe256a1eabf732b7e14931c443751e85c979853a4b692 outcome=RETRYABLE cause=MQCLIENTEXCEPTION
2026-08-11T10:30:25.478+08:00 INFO  d.f.m.outbox.OutboxDispatcher request_id= idempotency_key= order_id= user_id= sku_id= payment_tx= - Outbox publication deferred outbox_id=367da5fc-28d0-4328-8c06-481a8b8ea3f6 command_id=61dc2b9c3b1b1205acb75941818797c3ba44baceca504e125fba130ef9a42f8a outcome=RETRYABLE cause=MQCLIENTEXCEPTION
2026-08-11T10:30:25.585+08:00 INFO  d.f.m.outbox.OutboxDispatcher request_id= idempotency_key= order_id= user_id= sku_id= payment_tx= - Outbox publication deferred outbox_id=46d10342-9ce0-42a8-a869-ef004b131ff0 command_id=f313f0b7745ce1d9fa54d8fb07529865d240bba200dca0528db1f795c55dda3e outcome=RETRYABLE cause=MQCLIENTEXCEPTION
2026-08-11T10:30:25.807+08:00 INFO  d.f.m.outbox.OutboxDispatcher request_id= idempotency_key= order_id= user_id= sku_id= payment_tx= - Outbox publication deferred outbox_id=523070bd-627b-45e1-8418-765a4aa76d13 command_id=3d68585d533f60572e139f9abfb90536d61e6cb8f0f0d6b01c900fc0925e6067 outcome=RETRYABLE cause=MQCLIENTEXCEPTION
2026-08-11T10:30:25.812+08:00 INFO  d.f.m.outbox.OutboxDispatcher request_id= idempotency_key= order_id= user_id= sku_id= payment_tx= - Outbox publication deferred outbox_id=65a14fb9-46bf-4915-b503-65d7d6937d8a command_id=624a70e7755d51110128ff78ba4865e61ba72fa3d33d33a3ad9b750f80d5a821 outcome=RETRYABLE cause=MQCLIENTEXCEPTION
2026-08-11T10:30:25.927+08:00 INFO  d.f.m.outbox.OutboxDispatcher request_id= idempotency_key= order_id= user_id= sku_id= payment_tx= - Outbox publication deferred outbox_id=30a0d5f8-baa1-4549-a868-be47e4626153 command_id=85ec1d6b55a89eb0790d25f1163e617f0fd6fc36fdb9feceea7954a87143b3f8 outcome=RETRYABLE cause=MQCLIENTEXCEPTION
2026-08-11T10:30:25.932+08:00 INFO  d.f.m.outbox.OutboxDispatcher request_id= idempotency_key= order_id= user_id= sku_id= payment_tx= - Outbox publication deferred outbox_id=a1203a45-999c-425d-866b-6c01fb5a4711 command_id=f6c060ba76a111667f06ec0dfcceaa6a76ebdcd0dce07d90c1afdef9151151e6 outcome=RETRYABLE cause=MQCLIENTEXCEPTION
2026-08-11T10:30:26.051+08:00 INFO  d.f.m.outbox.OutboxDispatcher request_id= idempotency_key= order_id= user_id= sku_id= payment_tx= - Outbox publication deferred outbox_id=2536cc05-f8c9-4b19-ae71-f87e5bca18d1 command_id=e088e050b5fdb24d1c0ebd6935629672e4ef2bdae5f20fb9e8c7c53f6978e7bf outcome=RETRYABLE cause=MQCLIENTEXCEPTION
2026-08-11T10:30:26.055+08:00 INFO  d.f.m.outbox.OutboxDispatcher request_id= idempotency_key= order_id= user_id= sku_id= payment_tx= - Outbox publication deferred outbox_id=686f498f-2a8d-492d-87a3-f77955efbfb2 command_id=27ec8d3ab1943f0439f8ac4ebb1702ec3ef9d80929ca2827b2e1ef466995f85f outcome=RETRYABLE cause=MQCLIENTEXCEPTION
2026-08-11T10:30:26.189+08:00 INFO  d.f.m.outbox.OutboxDispatcher request_id= idempotency_key= order_id= user_id= sku_id= payment_tx= - Outbox publication deferred outbox_id=f8a4a72d-9a54-49a5-b288-dc385ed4ecf7 command_id=a9f00f1b0680a728f999d20e000409506e27732d2559bdebfd7bd1f452e05a9c outcome=RETRYABLE cause=MQCLIENTEXCEPTION
2026-08-11T10:30:26.198+08:00 INFO  d.f.m.outbox.OutboxDispatcher request_id= idempotency_key= order_id= user_id= sku_id= payment_tx= - Outbox publication deferred outbox_id=a5043db7-9e83-4f3c-93a4-28f26759deba command_id=158e550fd2516a1b31687a799853072c673b5e709badac00ab670aed3178d7e6 outcome=RETRYABLE cause=MQCLIENTEXCEPTION
2026-08-11T10:30:26.331+08:00 INFO  d.f.m.outbox.OutboxDispatcher request_id= idempotency_key= order_id= user_id= sku_id= payment_tx= - Outbox publication outbox_id=da705505-d347-40e3-a424-2b8bff3a5c15 command_id=0e9288d4fdf3eb2620d5254aefa92c3859e8addb67ef1094601f0caf08c1eb22 outcome=ACKNOWLEDGED
2026-08-11T10:30:26.336+08:00 INFO  d.f.m.outbox.OutboxDispatcher request_id= idempotency_key= order_id= user_id= sku_id= payment_tx= - Outbox publication outbox_id=f37acae2-59ae-4018-b699-5665da99fd08 command_id=dc85d7cb8bb6e80e83ebe256a1eabf732b7e14931c443751e85c979853a4b692 outcome=ACKNOWLEDGED
2026-08-11T10:30:26.554+08:00 INFO  d.f.m.outbox.OutboxDispatcher request_id= idempotency_key= order_id= user_id= sku_id= payment_tx= - Outbox publication outbox_id=367da5fc-28d0-4328-8c06-481a8b8ea3f6 command_id=61dc2b9c3b1b1205acb75941818797c3ba44baceca504e125fba130ef9a42f8a outcome=ACKNOWLEDGED
2026-08-11T10:30:26.673+08:00 INFO  d.f.m.outbox.OutboxDispatcher request_id= idempotency_key= order_id= user_id= sku_id= payment_tx= - Outbox publication outbox_id=46d10342-9ce0-42a8-a869-ef004b131ff0 command_id=f313f0b7745ce1d9fa54d8fb07529865d240bba200dca0528db1f795c55dda3e outcome=ACKNOWLEDGED
2026-08-11T10:30:26.905+08:00 INFO  d.f.m.outbox.OutboxDispatcher request_id= idempotency_key= order_id= user_id= sku_id= payment_tx= - Outbox publication outbox_id=523070bd-627b-45e1-8418-765a4aa76d13 command_id=3d68585d533f60572e139f9abfb90536d61e6cb8f0f0d6b01c900fc0925e6067 outcome=ACKNOWLEDGED
2026-08-11T10:30:26.909+08:00 INFO  d.f.m.outbox.OutboxDispatcher request_id= idempotency_key= order_id= user_id= sku_id= payment_tx= - Outbox publication outbox_id=65a14fb9-46bf-4915-b503-65d7d6937d8a command_id=624a70e7755d51110128ff78ba4865e61ba72fa3d33d33a3ad9b750f80d5a821 outcome=ACKNOWLEDGED
2026-08-11T10:30:27.030+08:00 INFO  d.f.m.outbox.OutboxDispatcher request_id= idempotency_key= order_id= user_id= sku_id= payment_tx= - Outbox publication outbox_id=30a0d5f8-baa1-4549-a868-be47e4626153 command_id=85ec1d6b55a89eb0790d25f1163e617f0fd6fc36fdb9feceea7954a87143b3f8 outcome=ACKNOWLEDGED
2026-08-11T10:30:27.034+08:00 INFO  d.f.m.outbox.OutboxDispatcher request_id= idempotency_key= order_id= user_id= sku_id= payment_tx= - Outbox publication outbox_id=a1203a45-999c-425d-866b-6c01fb5a4711 command_id=f6c060ba76a111667f06ec0dfcceaa6a76ebdcd0dce07d90c1afdef9151151e6 outcome=ACKNOWLEDGED
2026-08-11T10:30:27.157+08:00 INFO  d.f.m.outbox.OutboxDispatcher request_id= idempotency_key= order_id= user_id= sku_id= payment_tx= - Outbox publication outbox_id=2536cc05-f8c9-4b19-ae71-f87e5bca18d1 command_id=e088e050b5fdb24d1c0ebd6935629672e4ef2bdae5f20fb9e8c7c53f6978e7bf outcome=ACKNOWLEDGED
2026-08-11T10:30:27.161+08:00 INFO  d.f.m.outbox.OutboxDispatcher request_id= idempotency_key= order_id= user_id= sku_id= payment_tx= - Outbox publication outbox_id=686f498f-2a8d-492d-87a3-f77955efbfb2 command_id=27ec8d3ab1943f0439f8ac4ebb1702ec3ef9d80929ca2827b2e1ef466995f85f outcome=ACKNOWLEDGED
2026-08-11T10:30:27.272+08:00 INFO  d.f.m.outbox.OutboxDispatcher request_id= idempotency_key= order_id= user_id= sku_id= payment_tx= - Outbox publication outbox_id=f8a4a72d-9a54-49a5-b288-dc385ed4ecf7 command_id=a9f00f1b0680a728f999d20e000409506e27732d2559bdebfd7bd1f452e05a9c outcome=ACKNOWLEDGED
2026-08-11T10:30:27.277+08:00 INFO  d.f.m.outbox.OutboxDispatcher request_id= idempotency_key= order_id= user_id= sku_id= payment_tx= - Outbox publication outbox_id=a5043db7-9e83-4f3c-93a4-28f26759deba command_id=158e550fd2516a1b31687a799853072c673b5e709badac00ab670aed3178d7e6 outcome=ACKNOWLEDGED
2026-08-11T10:30:46.504+08:00 INFO  o.s.b.w.e.tomcat.GracefulShutdown request_id= idempotency_key= order_id= user_id= sku_id= payment_tx= - Commencing graceful shutdown. Waiting for active requests to complete
2026-08-11T10:30:48.511+08:00 INFO  o.s.b.w.e.tomcat.GracefulShutdown request_id= idempotency_key= order_id= user_id= sku_id= payment_tx= - Graceful shutdown complete
2026-08-11T10:30:48.511+08:00 ERROR org.apache.tomcat.util.net.Acceptor request_id= idempotency_key= order_id= user_id= sku_id= payment_tx= - Socket accept failed
java.nio.channels.AsynchronousCloseException: null
	at java.base/java.nio.channels.spi.AbstractInterruptibleChannel.end(AbstractInterruptibleChannel.java:218)
	at java.base/sun.nio.ch.ServerSocketChannelImpl.end(ServerSocketChannelImpl.java:372)
	at java.base/sun.nio.ch.ServerSocketChannelImpl.accept(ServerSocketChannelImpl.java:397)
	at org.apache.tomcat.util.net.NioEndpoint.serverSocketAccept(NioEndpoint.java:537)
	at org.apache.tomcat.util.net.NioEndpoint.serverSocketAccept(NioEndpoint.java:72)
	at org.apache.tomcat.util.net.Acceptor.run(Acceptor.java:127)
	at java.base/java.lang.Thread.run(Thread.java:1516)
2026-08-11T10:30:48.605+08:00 INFO  com.zaxxer.hikari.HikariDataSource request_id= idempotency_key= order_id= user_id= sku_id= payment_tx= - HikariPool-1 - Shutdown initiated...
2026-08-11T10:30:48.608+08:00 INFO  com.zaxxer.hikari.HikariDataSource request_id= idempotency_key= order_id= user_id= sku_id= payment_tx= - HikariPool-1 - Shutdown completed.
[INFO] Tests run: 1, Failures: 0, Errors: 0, Skipped: 0, Time elapsed: 56.09 s -- in dev.flashflow.V4OutboxBacklogDrainIntegrationTest
[INFO] Running dev.flashflow.V4OutboxProducerAckLossIntegrationTest
2026-08-11T10:30:48.622+08:00 INFO  o.s.t.c.s.AnnotationConfigContextLoaderUtils request_id= idempotency_key= order_id= user_id= sku_id= payment_tx= - Could not detect default configuration classes for test class [dev.flashflow.V4OutboxProducerAckLossIntegrationTest]: V4OutboxProducerAckLossIntegrationTest does not declare any static, non-private, non-final, nested classes annotated with @Configuration.
2026-08-11T10:30:48.624+08:00 INFO  o.s.b.t.c.SpringBootTestContextBootstrapper request_id= idempotency_key= order_id= user_id= sku_id= payment_tx= - Found @SpringBootConfiguration dev.flashflow.FlashFlowApplication for test class dev.flashflow.V4OutboxProducerAckLossIntegrationTest

  .   ____          _            __ _ _
 /\\ / ___'_ __ _ _(_)_ __  __ _ \ \ \ \
( ( )\___ | '_ | '_| | '_ \/ _` | \ \ \ \
 \\/  ___)| |_)| | | | | || (_| |  ) ) ) )
  '  |____| .__|_| |_|_| |_\__, | / / / /
 =========|_|==============|___/=/_/_/_/

 :: Spring Boot ::                (v3.5.5)

2026-08-11T10:30:48.648+08:00 INFO  d.f.V4OutboxProducerAckLossIntegrationTest request_id= idempotency_key= order_id= user_id= sku_id= payment_tx= - Starting V4OutboxProducerAckLossIntegrationTest using Java 26.0.2 with PID 64225 (started by yuzheng in /Users/yuzheng/Computeracy/Zhenkun26-GitHub/FlashFlow)
2026-08-11T10:30:48.649+08:00 INFO  d.f.V4OutboxProducerAckLossIntegrationTest request_id= idempotency_key= order_id= user_id= sku_id= payment_tx= - The following 1 profile is active: "test"
2026-08-11T10:30:48.803+08:00 INFO  o.s.d.r.c.RepositoryConfigurationDelegate request_id= idempotency_key= order_id= user_id= sku_id= payment_tx= - Multiple Spring Data modules found, entering strict repository configuration mode
2026-08-11T10:30:48.803+08:00 INFO  o.s.d.r.c.RepositoryConfigurationDelegate request_id= idempotency_key= order_id= user_id= sku_id= payment_tx= - Bootstrapping Spring Data Redis repositories in DEFAULT mode.
2026-08-11T10:30:48.811+08:00 INFO  o.s.d.r.c.RepositoryConfigurationDelegate request_id= idempotency_key= order_id= user_id= sku_id= payment_tx= - Finished Spring Data repository scanning in 6 ms. Found 0 Redis repository interfaces.
2026-08-11T10:30:48.838+08:00 INFO  o.s.b.w.e.tomcat.TomcatWebServer request_id= idempotency_key= order_id= user_id= sku_id= payment_tx= - Tomcat initialized with port 0 (http)
2026-08-11T10:30:48.839+08:00 INFO  o.a.catalina.core.StandardService request_id= idempotency_key= order_id= user_id= sku_id= payment_tx= - Starting service [Tomcat]
2026-08-11T10:30:48.839+08:00 INFO  o.a.catalina.core.StandardEngine request_id= idempotency_key= order_id= user_id= sku_id= payment_tx= - Starting Servlet engine: [Apache Tomcat/10.1.44]
2026-08-11T10:30:48.847+08:00 INFO  o.a.c.c.C.[Tomcat].[localhost].[/] request_id= idempotency_key= order_id= user_id= sku_id= payment_tx= - Initializing Spring embedded WebApplicationContext
2026-08-11T10:30:48.847+08:00 INFO  o.s.b.w.s.c.ServletWebServerApplicationContext request_id= idempotency_key= order_id= user_id= sku_id= payment_tx= - Root WebApplicationContext: initialization completed in 196 ms
Standard Commons Logging discovery in action with spring-jcl: please remove commons-logging.jar from classpath in order to avoid potential conflicts
2026-08-11T10:30:48.890+08:00 INFO  com.zaxxer.hikari.HikariDataSource request_id= idempotency_key= order_id= user_id= sku_id= payment_tx= - HikariPool-2 - Starting...
2026-08-11T10:30:48.908+08:00 INFO  com.zaxxer.hikari.pool.HikariPool request_id= idempotency_key= order_id= user_id= sku_id= payment_tx= - HikariPool-2 - Added connection com.mysql.cj.jdbc.ConnectionImpl@45de2baa
2026-08-11T10:30:48.909+08:00 INFO  com.zaxxer.hikari.HikariDataSource request_id= idempotency_key= order_id= user_id= sku_id= payment_tx= - HikariPool-2 - Start completed.
2026-08-11T10:30:48.916+08:00 INFO  org.flywaydb.core.FlywayExecutor request_id= idempotency_key= order_id= user_id= sku_id= payment_tx= - Database: jdbc:mysql://localhost:64676/flashflow (MySQL 8.4)
2026-08-11T10:30:48.924+08:00 WARN  o.f.c.i.database.base.Database request_id= idempotency_key= order_id= user_id= sku_id= payment_tx= - Flyway upgrade recommended: MySQL 8.4 is newer than this version of Flyway and support has not been tested. The latest supported version of MySQL is 8.1.
2026-08-11T10:30:48.942+08:00 INFO  o.f.core.internal.command.DbValidate request_id= idempotency_key= order_id= user_id= sku_id= payment_tx= - Successfully validated 4 migrations (execution time 00:00.015s)
2026-08-11T10:30:48.951+08:00 INFO  o.f.core.internal.command.DbMigrate request_id= idempotency_key= order_id= user_id= sku_id= payment_tx= - Current version of schema `flashflow`: 4
2026-08-11T10:30:48.951+08:00 INFO  o.f.core.internal.command.DbMigrate request_id= idempotency_key= order_id= user_id= sku_id= payment_tx= - Schema `flashflow` is up to date. No migration necessary.
2026-08-11T10:30:49.130+08:00 INFO  o.s.b.a.e.web.EndpointLinksResolver request_id= idempotency_key= order_id= user_id= sku_id= payment_tx= - Exposing 2 endpoints beneath base path '/actuator'
2026-08-11T10:30:49.136+08:00 INFO  o.s.b.w.e.tomcat.TomcatWebServer request_id= idempotency_key= order_id= user_id= sku_id= payment_tx= - Tomcat started on port 51065 (http) with context path '/'
2026-08-11T10:30:49.139+08:00 INFO  d.f.V4OutboxProducerAckLossIntegrationTest request_id= idempotency_key= order_id= user_id= sku_id= payment_tx= - Started V4OutboxProducerAckLossIntegrationTest in 0.512 seconds (process running for 56.853)
2026-08-11T10:30:51.193+08:00 INFO  o.a.c.c.C.[Tomcat].[localhost].[/] request_id= idempotency_key= order_id= user_id= sku_id= payment_tx= - Initializing Spring DispatcherServlet 'dispatcherServlet'
2026-08-11T10:30:51.193+08:00 INFO  o.s.web.servlet.DispatcherServlet request_id= idempotency_key= order_id= user_id= sku_id= payment_tx= - Initializing Servlet 'dispatcherServlet'
2026-08-11T10:30:51.194+08:00 INFO  o.s.web.servlet.DispatcherServlet request_id= idempotency_key= order_id= user_id= sku_id= payment_tx= - Completed initialization in 1 ms
2026-08-11T10:30:51.221+08:00 INFO  d.f.m.o.OutboxAsyncOrderApplicationService request_id=bea62dd8-d6cd-4afa-800a-eabfea37561e idempotency_key=key-v4-ack-loss-996ed3dd order_id= user_id=user-v4-ack-loss-996ed3dd sku_id=sku-v4-ack-loss-996ed3dd payment_tx= - Durable Outbox acceptance command_id=ac366baa7ae40e413a6bd40c04218f6aaaacd3fd470e703d7ec000c289e165c5 status=ACCEPTED
2026-08-11T10:30:51.325+08:00 WARN  d.f.m.outbox.OutboxDispatcher request_id= idempotency_key= order_id= user_id= sku_id= payment_tx= - Outbox dispatch poll failed cause=INJECTEDMESSAGINGFAULT
2026-08-11T10:30:55.371+08:00 INFO  d.f.m.outbox.OutboxDispatcher request_id= idempotency_key= order_id= user_id= sku_id= payment_tx= - Outbox publication outbox_id=e9fe7a1e-1609-4051-86aa-f2b8cfbf5da3 command_id=ac366baa7ae40e413a6bd40c04218f6aaaacd3fd470e703d7ec000c289e165c5 outcome=ACKNOWLEDGED
2026-08-11T10:30:55.457+08:00 INFO  o.s.b.w.e.tomcat.GracefulShutdown request_id= idempotency_key= order_id= user_id= sku_id= payment_tx= - Commencing graceful shutdown. Waiting for active requests to complete
2026-08-11T10:30:57.463+08:00 INFO  o.s.b.w.e.tomcat.GracefulShutdown request_id= idempotency_key= order_id= user_id= sku_id= payment_tx= - Graceful shutdown complete
2026-08-11T10:30:57.463+08:00 ERROR org.apache.tomcat.util.net.Acceptor request_id= idempotency_key= order_id= user_id= sku_id= payment_tx= - Socket accept failed
java.nio.channels.AsynchronousCloseException: null
	at java.base/java.nio.channels.spi.AbstractInterruptibleChannel.end(AbstractInterruptibleChannel.java:218) ~[na:na]
	at java.base/sun.nio.ch.ServerSocketChannelImpl.end(ServerSocketChannelImpl.java:372) ~[na:na]
	at java.base/sun.nio.ch.ServerSocketChannelImpl.accept(ServerSocketChannelImpl.java:397) ~[na:na]
	at org.apache.tomcat.util.net.NioEndpoint.serverSocketAccept(NioEndpoint.java:537) ~[tomcat-embed-core-10.1.44.jar:10.1.44]
	at org.apache.tomcat.util.net.NioEndpoint.serverSocketAccept(NioEndpoint.java:72) ~[tomcat-embed-core-10.1.44.jar:10.1.44]
	at org.apache.tomcat.util.net.Acceptor.run(Acceptor.java:127) ~[tomcat-embed-core-10.1.44.jar:10.1.44]
	at java.base/java.lang.Thread.run(Thread.java:1516) ~[na:na]
2026-08-11T10:31:00.547+08:00 INFO  com.zaxxer.hikari.HikariDataSource request_id= idempotency_key= order_id= user_id= sku_id= payment_tx= - HikariPool-2 - Shutdown initiated...
2026-08-11T10:31:00.555+08:00 INFO  com.zaxxer.hikari.HikariDataSource request_id= idempotency_key= order_id= user_id= sku_id= payment_tx= - HikariPool-2 - Shutdown completed.
[INFO] Tests run: 1, Failures: 0, Errors: 0, Skipped: 0, Time elapsed: 11.94 s -- in dev.flashflow.V4OutboxProducerAckLossIntegrationTest
[INFO] Running dev.flashflow.V4OutboxRocketMqEndToEndIntegrationTest
2026-08-11T10:31:00.569+08:00 INFO  o.s.t.c.s.AnnotationConfigContextLoaderUtils request_id= idempotency_key= order_id= user_id= sku_id= payment_tx= - Could not detect default configuration classes for test class [dev.flashflow.V4OutboxRocketMqEndToEndIntegrationTest]: V4OutboxRocketMqEndToEndIntegrationTest does not declare any static, non-private, non-final, nested classes annotated with @Configuration.
2026-08-11T10:31:00.571+08:00 INFO  o.s.b.t.c.SpringBootTestContextBootstrapper request_id= idempotency_key= order_id= user_id= sku_id= payment_tx= - Found @SpringBootConfiguration dev.flashflow.FlashFlowApplication for test class dev.flashflow.V4OutboxRocketMqEndToEndIntegrationTest

  .   ____          _            __ _ _
 /\\ / ___'_ __ _ _(_)_ __  __ _ \ \ \ \
( ( )\___ | '_ | '_| | '_ \/ _` | \ \ \ \
 \\/  ___)| |_)| | | | | || (_| |  ) ) ) )
  '  |____| .__|_| |_|_| |_\__, | / / / /
 =========|_|==============|___/=/_/_/_/

 :: Spring Boot ::                (v3.5.5)

2026-08-11T10:31:00.594+08:00 INFO  d.f.V4OutboxRocketMqEndToEndIntegrationTest request_id= idempotency_key= order_id= user_id= sku_id= payment_tx= - Starting V4OutboxRocketMqEndToEndIntegrationTest using Java 26.0.2 with PID 64225 (started by yuzheng in /Users/yuzheng/Computeracy/Zhenkun26-GitHub/FlashFlow)
2026-08-11T10:31:00.594+08:00 INFO  d.f.V4OutboxRocketMqEndToEndIntegrationTest request_id= idempotency_key= order_id= user_id= sku_id= payment_tx= - The following 1 profile is active: "test"
2026-08-11T10:31:00.797+08:00 INFO  o.s.d.r.c.RepositoryConfigurationDelegate request_id= idempotency_key= order_id= user_id= sku_id= payment_tx= - Multiple Spring Data modules found, entering strict repository configuration mode
2026-08-11T10:31:00.797+08:00 INFO  o.s.d.r.c.RepositoryConfigurationDelegate request_id= idempotency_key= order_id= user_id= sku_id= payment_tx= - Bootstrapping Spring Data Redis repositories in DEFAULT mode.
2026-08-11T10:31:00.803+08:00 INFO  o.s.d.r.c.RepositoryConfigurationDelegate request_id= idempotency_key= order_id= user_id= sku_id= payment_tx= - Finished Spring Data repository scanning in 5 ms. Found 0 Redis repository interfaces.
2026-08-11T10:31:00.829+08:00 INFO  o.s.b.w.e.tomcat.TomcatWebServer request_id= idempotency_key= order_id= user_id= sku_id= payment_tx= - Tomcat initialized with port 0 (http)
2026-08-11T10:31:00.830+08:00 INFO  o.a.catalina.core.StandardService request_id= idempotency_key= order_id= user_id= sku_id= payment_tx= - Starting service [Tomcat]
2026-08-11T10:31:00.830+08:00 INFO  o.a.catalina.core.StandardEngine request_id= idempotency_key= order_id= user_id= sku_id= payment_tx= - Starting Servlet engine: [Apache Tomcat/10.1.44]
2026-08-11T10:31:00.836+08:00 INFO  o.a.c.c.C.[Tomcat].[localhost].[/] request_id= idempotency_key= order_id= user_id= sku_id= payment_tx= - Initializing Spring embedded WebApplicationContext
2026-08-11T10:31:00.836+08:00 INFO  o.s.b.w.s.c.ServletWebServerApplicationContext request_id= idempotency_key= order_id= user_id= sku_id= payment_tx= - Root WebApplicationContext: initialization completed in 241 ms
Standard Commons Logging discovery in action with spring-jcl: please remove commons-logging.jar from classpath in order to avoid potential conflicts
2026-08-11T10:31:00.870+08:00 INFO  com.zaxxer.hikari.HikariDataSource request_id= idempotency_key= order_id= user_id= sku_id= payment_tx= - HikariPool-3 - Starting...
2026-08-11T10:31:00.880+08:00 INFO  com.zaxxer.hikari.pool.HikariPool request_id= idempotency_key= order_id= user_id= sku_id= payment_tx= - HikariPool-3 - Added connection com.mysql.cj.jdbc.ConnectionImpl@64231d5d
2026-08-11T10:31:00.880+08:00 INFO  com.zaxxer.hikari.HikariDataSource request_id= idempotency_key= order_id= user_id= sku_id= payment_tx= - HikariPool-3 - Start completed.
2026-08-11T10:31:00.886+08:00 INFO  org.flywaydb.core.FlywayExecutor request_id= idempotency_key= order_id= user_id= sku_id= payment_tx= - Database: jdbc:mysql://localhost:64676/flashflow (MySQL 8.4)
2026-08-11T10:31:00.890+08:00 WARN  o.f.c.i.database.base.Database request_id= idempotency_key= order_id= user_id= sku_id= payment_tx= - Flyway upgrade recommended: MySQL 8.4 is newer than this version of Flyway and support has not been tested. The latest supported version of MySQL is 8.1.
2026-08-11T10:31:00.898+08:00 INFO  o.f.core.internal.command.DbValidate request_id= idempotency_key= order_id= user_id= sku_id= payment_tx= - Successfully validated 4 migrations (execution time 00:00.006s)
2026-08-11T10:31:00.900+08:00 INFO  o.f.core.internal.command.DbMigrate request_id= idempotency_key= order_id= user_id= sku_id= payment_tx= - Current version of schema `flashflow`: 4
2026-08-11T10:31:00.900+08:00 INFO  o.f.core.internal.command.DbMigrate request_id= idempotency_key= order_id= user_id= sku_id= payment_tx= - Schema `flashflow` is up to date. No migration necessary.
2026-08-11T10:31:01.021+08:00 INFO  o.s.b.a.e.web.EndpointLinksResolver request_id= idempotency_key= order_id= user_id= sku_id= payment_tx= - Exposing 2 endpoints beneath base path '/actuator'
2026-08-11T10:31:01.035+08:00 INFO  o.s.b.w.e.tomcat.TomcatWebServer request_id= idempotency_key= order_id= user_id= sku_id= payment_tx= - Tomcat started on port 51151 (http) with context path '/'
2026-08-11T10:31:01.040+08:00 INFO  d.f.V4OutboxRocketMqEndToEndIntegrationTest request_id= idempotency_key= order_id= user_id= sku_id= payment_tx= - Started V4OutboxRocketMqEndToEndIntegrationTest in 0.467 seconds (process running for 68.756)
2026-08-11T10:31:03.081+08:00 INFO  o.a.c.c.C.[Tomcat].[localhost].[/] request_id= idempotency_key= order_id= user_id= sku_id= payment_tx= - Initializing Spring DispatcherServlet 'dispatcherServlet'
2026-08-11T10:31:03.082+08:00 INFO  o.s.web.servlet.DispatcherServlet request_id= idempotency_key= order_id= user_id= sku_id= payment_tx= - Initializing Servlet 'dispatcherServlet'
2026-08-11T10:31:03.083+08:00 INFO  o.s.web.servlet.DispatcherServlet request_id= idempotency_key= order_id= user_id= sku_id= payment_tx= - Completed initialization in 1 ms
2026-08-11T10:31:03.116+08:00 INFO  d.f.m.o.OutboxAsyncOrderApplicationService request_id=da7d66db-75a2-4390-8217-b7f80ef390c5 idempotency_key=key-v4-8f4886f9 order_id= user_id=user-v4-8f4886f9 sku_id=sku-v4-8f4886f9 payment_tx= - Durable Outbox acceptance command_id=32d78151dd61b0fc21238a6d0bf27e74df579bf0ae23c5b9cd66965128156585 status=ACCEPTED
2026-08-11T10:31:03.258+08:00 INFO  d.f.m.outbox.OutboxDispatcher request_id= idempotency_key= order_id= user_id= sku_id= payment_tx= - Outbox publication outbox_id=a47a358a-34ab-4708-a534-1f65852929df command_id=32d78151dd61b0fc21238a6d0bf27e74df579bf0ae23c5b9cd66965128156585 outcome=ACKNOWLEDGED
2026-08-11T10:31:15.927+08:00 INFO  d.f.m.o.OutboxAsyncOrderApplicationService request_id=d9577cc5-49c7-477d-ae12-474975994dde idempotency_key=key-v4-outage-8f4886f9 order_id= user_id=user-v4-outage-8f4886f9 sku_id=sku-v4-outage-8f4886f9 payment_tx= - Durable Outbox acceptance command_id=3b16cc77550bc71ca5d2964069acea1740344e130f7e1e2c3bb37b5ddcd98a39 status=ACCEPTED
2026-08-11T10:31:15.978+08:00 INFO  d.f.m.outbox.OutboxDispatcher request_id= idempotency_key= order_id= user_id= sku_id= payment_tx= - Outbox publication deferred outbox_id=7ef2ca39-1fe6-4dae-a247-58f5e0646f12 command_id=3b16cc77550bc71ca5d2964069acea1740344e130f7e1e2c3bb37b5ddcd98a39 outcome=RETRYABLE cause=MQCLIENTEXCEPTION
2026-08-11T10:31:16.093+08:00 INFO  d.f.m.outbox.OutboxDispatcher request_id= idempotency_key= order_id= user_id= sku_id= payment_tx= - Outbox publication deferred outbox_id=7ef2ca39-1fe6-4dae-a247-58f5e0646f12 command_id=3b16cc77550bc71ca5d2964069acea1740344e130f7e1e2c3bb37b5ddcd98a39 outcome=RETRYABLE cause=MQCLIENTEXCEPTION
2026-08-11T10:31:16.315+08:00 INFO  d.f.m.outbox.OutboxDispatcher request_id= idempotency_key= order_id= user_id= sku_id= payment_tx= - Outbox publication deferred outbox_id=7ef2ca39-1fe6-4dae-a247-58f5e0646f12 command_id=3b16cc77550bc71ca5d2964069acea1740344e130f7e1e2c3bb37b5ddcd98a39 outcome=RETRYABLE cause=MQCLIENTEXCEPTION
2026-08-11T10:31:16.748+08:00 INFO  d.f.m.outbox.OutboxDispatcher request_id= idempotency_key= order_id= user_id= sku_id= payment_tx= - Outbox publication deferred outbox_id=7ef2ca39-1fe6-4dae-a247-58f5e0646f12 command_id=3b16cc77550bc71ca5d2964069acea1740344e130f7e1e2c3bb37b5ddcd98a39 outcome=RETRYABLE cause=MQCLIENTEXCEPTION
2026-08-11T10:31:17.610+08:00 INFO  d.f.m.outbox.OutboxDispatcher request_id= idempotency_key= order_id= user_id= sku_id= payment_tx= - Outbox publication deferred outbox_id=7ef2ca39-1fe6-4dae-a247-58f5e0646f12 command_id=3b16cc77550bc71ca5d2964069acea1740344e130f7e1e2c3bb37b5ddcd98a39 outcome=RETRYABLE cause=MQCLIENTEXCEPTION
2026-08-11T10:31:18.685+08:00 INFO  d.f.m.outbox.OutboxDispatcher request_id= idempotency_key= order_id= user_id= sku_id= payment_tx= - Outbox publication outbox_id=7ef2ca39-1fe6-4dae-a247-58f5e0646f12 command_id=3b16cc77550bc71ca5d2964069acea1740344e130f7e1e2c3bb37b5ddcd98a39 outcome=ACKNOWLEDGED
2026-08-11T10:31:19.717+08:00 INFO  o.s.b.w.e.tomcat.GracefulShutdown request_id= idempotency_key= order_id= user_id= sku_id= payment_tx= - Commencing graceful shutdown. Waiting for active requests to complete
2026-08-11T10:31:21.722+08:00 INFO  o.s.b.w.e.tomcat.GracefulShutdown request_id= idempotency_key= order_id= user_id= sku_id= payment_tx= - Graceful shutdown complete
2026-08-11T10:31:21.722+08:00 ERROR org.apache.tomcat.util.net.Acceptor request_id= idempotency_key= order_id= user_id= sku_id= payment_tx= - Socket accept failed
java.nio.channels.AsynchronousCloseException: null
	at java.base/java.nio.channels.spi.AbstractInterruptibleChannel.end(AbstractInterruptibleChannel.java:218) ~[na:na]
	at java.base/sun.nio.ch.ServerSocketChannelImpl.end(ServerSocketChannelImpl.java:372) ~[na:na]
	at java.base/sun.nio.ch.ServerSocketChannelImpl.accept(ServerSocketChannelImpl.java:397) ~[na:na]
	at org.apache.tomcat.util.net.NioEndpoint.serverSocketAccept(NioEndpoint.java:537) ~[tomcat-embed-core-10.1.44.jar:10.1.44]
	at org.apache.tomcat.util.net.NioEndpoint.serverSocketAccept(NioEndpoint.java:72) ~[tomcat-embed-core-10.1.44.jar:10.1.44]
	at org.apache.tomcat.util.net.Acceptor.run(Acceptor.java:127) ~[tomcat-embed-core-10.1.44.jar:10.1.44]
	at java.base/java.lang.Thread.run(Thread.java:1516) ~[na:na]
2026-08-11T10:31:21.769+08:00 INFO  com.zaxxer.hikari.HikariDataSource request_id= idempotency_key= order_id= user_id= sku_id= payment_tx= - HikariPool-3 - Shutdown initiated...
2026-08-11T10:31:21.771+08:00 INFO  com.zaxxer.hikari.HikariDataSource request_id= idempotency_key= order_id= user_id= sku_id= payment_tx= - HikariPool-3 - Shutdown completed.
[INFO] Tests run: 2, Failures: 0, Errors: 0, Skipped: 0, Time elapsed: 21.21 s -- in dev.flashflow.V4OutboxRocketMqEndToEndIntegrationTest
[INFO] Running dev.flashflow.V4OutboxConcurrentRedeliveryIntegrationTest
2026-08-11T10:31:21.780+08:00 INFO  o.s.t.c.s.AnnotationConfigContextLoaderUtils request_id= idempotency_key= order_id= user_id= sku_id= payment_tx= - Could not detect default configuration classes for test class [dev.flashflow.V4OutboxConcurrentRedeliveryIntegrationTest]: V4OutboxConcurrentRedeliveryIntegrationTest does not declare any static, non-private, non-final, nested classes annotated with @Configuration.
2026-08-11T10:31:21.782+08:00 INFO  o.s.b.t.c.SpringBootTestContextBootstrapper request_id= idempotency_key= order_id= user_id= sku_id= payment_tx= - Found @SpringBootConfiguration dev.flashflow.FlashFlowApplication for test class dev.flashflow.V4OutboxConcurrentRedeliveryIntegrationTest

  .   ____          _            __ _ _
 /\\ / ___'_ __ _ _(_)_ __  __ _ \ \ \ \
( ( )\___ | '_ | '_| | '_ \/ _` | \ \ \ \
 \\/  ___)| |_)| | | | | || (_| |  ) ) ) )
  '  |____| .__|_| |_|_| |_\__, | / / / /
 =========|_|==============|___/=/_/_/_/

 :: Spring Boot ::                (v3.5.5)

2026-08-11T10:31:21.801+08:00 INFO  d.f.V4OutboxConcurrentRedeliveryIntegrationTest request_id= idempotency_key= order_id= user_id= sku_id= payment_tx= - Starting V4OutboxConcurrentRedeliveryIntegrationTest using Java 26.0.2 with PID 64225 (started by yuzheng in /Users/yuzheng/Computeracy/Zhenkun26-GitHub/FlashFlow)
2026-08-11T10:31:21.801+08:00 INFO  d.f.V4OutboxConcurrentRedeliveryIntegrationTest request_id= idempotency_key= order_id= user_id= sku_id= payment_tx= - The following 1 profile is active: "test"
2026-08-11T10:31:21.895+08:00 INFO  o.s.d.r.c.RepositoryConfigurationDelegate request_id= idempotency_key= order_id= user_id= sku_id= payment_tx= - Multiple Spring Data modules found, entering strict repository configuration mode
2026-08-11T10:31:21.895+08:00 INFO  o.s.d.r.c.RepositoryConfigurationDelegate request_id= idempotency_key= order_id= user_id= sku_id= payment_tx= - Bootstrapping Spring Data Redis repositories in DEFAULT mode.
2026-08-11T10:31:21.900+08:00 INFO  o.s.d.r.c.RepositoryConfigurationDelegate request_id= idempotency_key= order_id= user_id= sku_id= payment_tx= - Finished Spring Data repository scanning in 3 ms. Found 0 Redis repository interfaces.
2026-08-11T10:31:21.917+08:00 INFO  o.s.b.w.e.tomcat.TomcatWebServer request_id= idempotency_key= order_id= user_id= sku_id= payment_tx= - Tomcat initialized with port 0 (http)
2026-08-11T10:31:21.917+08:00 INFO  o.a.catalina.core.StandardService request_id= idempotency_key= order_id= user_id= sku_id= payment_tx= - Starting service [Tomcat]
2026-08-11T10:31:21.917+08:00 INFO  o.a.catalina.core.StandardEngine request_id= idempotency_key= order_id= user_id= sku_id= payment_tx= - Starting Servlet engine: [Apache Tomcat/10.1.44]
2026-08-11T10:31:21.923+08:00 INFO  o.a.c.c.C.[Tomcat].[localhost].[/] request_id= idempotency_key= order_id= user_id= sku_id= payment_tx= - Initializing Spring embedded WebApplicationContext
2026-08-11T10:31:21.923+08:00 INFO  o.s.b.w.s.c.ServletWebServerApplicationContext request_id= idempotency_key= order_id= user_id= sku_id= payment_tx= - Root WebApplicationContext: initialization completed in 121 ms
Standard Commons Logging discovery in action with spring-jcl: please remove commons-logging.jar from classpath in order to avoid potential conflicts
2026-08-11T10:31:21.952+08:00 INFO  com.zaxxer.hikari.HikariDataSource request_id= idempotency_key= order_id= user_id= sku_id= payment_tx= - HikariPool-4 - Starting...
2026-08-11T10:31:21.959+08:00 INFO  com.zaxxer.hikari.pool.HikariPool request_id= idempotency_key= order_id= user_id= sku_id= payment_tx= - HikariPool-4 - Added connection com.mysql.cj.jdbc.ConnectionImpl@d5d9730
2026-08-11T10:31:21.959+08:00 INFO  com.zaxxer.hikari.HikariDataSource request_id= idempotency_key= order_id= user_id= sku_id= payment_tx= - HikariPool-4 - Start completed.
2026-08-11T10:31:21.961+08:00 INFO  org.flywaydb.core.FlywayExecutor request_id= idempotency_key= order_id= user_id= sku_id= payment_tx= - Database: jdbc:mysql://localhost:64676/flashflow (MySQL 8.4)
2026-08-11T10:31:21.964+08:00 WARN  o.f.c.i.database.base.Database request_id= idempotency_key= order_id= user_id= sku_id= payment_tx= - Flyway upgrade recommended: MySQL 8.4 is newer than this version of Flyway and support has not been tested. The latest supported version of MySQL is 8.1.
2026-08-11T10:31:21.970+08:00 INFO  o.f.core.internal.command.DbValidate request_id= idempotency_key= order_id= user_id= sku_id= payment_tx= - Successfully validated 4 migrations (execution time 00:00.005s)
2026-08-11T10:31:21.973+08:00 INFO  o.f.core.internal.command.DbMigrate request_id= idempotency_key= order_id= user_id= sku_id= payment_tx= - Current version of schema `flashflow`: 4
2026-08-11T10:31:21.974+08:00 INFO  o.f.core.internal.command.DbMigrate request_id= idempotency_key= order_id= user_id= sku_id= payment_tx= - Schema `flashflow` is up to date. No migration necessary.
2026-08-11T10:31:22.076+08:00 INFO  o.s.b.a.e.web.EndpointLinksResolver request_id= idempotency_key= order_id= user_id= sku_id= payment_tx= - Exposing 2 endpoints beneath base path '/actuator'
2026-08-11T10:31:22.081+08:00 INFO  o.s.b.w.e.tomcat.TomcatWebServer request_id= idempotency_key= order_id= user_id= sku_id= payment_tx= - Tomcat started on port 51410 (http) with context path '/'
2026-08-11T10:31:22.083+08:00 INFO  d.f.V4OutboxConcurrentRedeliveryIntegrationTest request_id= idempotency_key= order_id= user_id= sku_id= payment_tx= - Started V4OutboxConcurrentRedeliveryIntegrationTest in 0.298 seconds (process running for 89.799)
2026-08-11T10:31:24.116+08:00 INFO  o.a.c.c.C.[Tomcat].[localhost].[/] request_id= idempotency_key= order_id= user_id= sku_id= payment_tx= - Initializing Spring DispatcherServlet 'dispatcherServlet'
2026-08-11T10:31:24.116+08:00 INFO  o.s.web.servlet.DispatcherServlet request_id= idempotency_key= order_id= user_id= sku_id= payment_tx= - Initializing Servlet 'dispatcherServlet'
2026-08-11T10:31:24.117+08:00 INFO  o.s.web.servlet.DispatcherServlet request_id= idempotency_key= order_id= user_id= sku_id= payment_tx= - Completed initialization in 1 ms
2026-08-11T10:31:24.129+08:00 INFO  d.f.m.o.OutboxAsyncOrderApplicationService request_id=f9c9efa4-6cfa-4154-983a-df1870e08c25 idempotency_key=key-99cb5e32-0 order_id= user_id=user-99cb5e32-0 sku_id=sku-v4-concurrent-99cb5e32 payment_tx= - Durable Outbox acceptance command_id=7ba66d570fe94a25e6c51c1e475a0ada84b2d882cfe67527463e08a5058cf4e4 status=ACCEPTED
2026-08-11T10:31:24.138+08:00 INFO  d.f.m.o.OutboxAsyncOrderApplicationService request_id=3bc8516d-9fed-47d5-a076-5a0ee2c6647c idempotency_key=key-99cb5e32-1 order_id= user_id=user-99cb5e32-1 sku_id=sku-v4-concurrent-99cb5e32 payment_tx= - Durable Outbox acceptance command_id=3c30e82abd8e894cbad4d339840706fc8219fcc94b605b6b3ad962e7f35752db status=ACCEPTED
2026-08-11T10:31:24.153+08:00 INFO  d.f.m.o.OutboxAsyncOrderApplicationService request_id=4a62e770-e648-4fc5-91bd-307ccb925077 idempotency_key=key-99cb5e32-2 order_id= user_id=user-99cb5e32-2 sku_id=sku-v4-concurrent-99cb5e32 payment_tx= - Durable Outbox acceptance command_id=9f2f911b4a4db22b386ad299dd37293537b1c1c4904b0477fefe3ea816569cb7 status=ACCEPTED
2026-08-11T10:31:24.161+08:00 INFO  d.f.m.o.OutboxAsyncOrderApplicationService request_id=161687eb-c46e-4906-90f9-4294ae5f652b idempotency_key=key-99cb5e32-3 order_id= user_id=user-99cb5e32-3 sku_id=sku-v4-concurrent-99cb5e32 payment_tx= - Durable Outbox acceptance command_id=cb0d1cba0d02653d7f9b7bc65820af845353f5afab116b67238bfb2c03b2ca46 status=ACCEPTED
2026-08-11T10:31:24.169+08:00 INFO  d.f.m.o.OutboxAsyncOrderApplicationService request_id=051987ff-82ae-4d94-a02d-3fa3892095c0 idempotency_key=key-99cb5e32-4 order_id= user_id=user-99cb5e32-4 sku_id=sku-v4-concurrent-99cb5e32 payment_tx= - Durable Outbox acceptance command_id=a450b4d43e3332a1a7d838cf06b5b398c29a4fd4de4701b0a22cddc123a9be12 status=ACCEPTED
2026-08-11T10:31:24.176+08:00 INFO  d.f.m.o.OutboxAsyncOrderApplicationService request_id=89d0a06f-54ef-43ab-8df4-5b8fdad84d55 idempotency_key=key-99cb5e32-5 order_id= user_id=user-99cb5e32-5 sku_id=sku-v4-concurrent-99cb5e32 payment_tx= - Durable Outbox acceptance command_id=9e26535e8ad0182e4fb9b55527f5c34092941d876dd7acea0c2fc03b249c0c4f status=ACCEPTED
2026-08-11T10:31:24.183+08:00 INFO  d.f.m.o.OutboxAsyncOrderApplicationService request_id=864cdb47-8598-4be7-b96b-cdd00b8518bb idempotency_key=key-99cb5e32-6 order_id= user_id=user-99cb5e32-6 sku_id=sku-v4-concurrent-99cb5e32 payment_tx= - Durable Outbox acceptance command_id=1be3b753a2728fad8d122ae29da2f6d38182fde4960b57f13635009a7d978678 status=ACCEPTED
2026-08-11T10:31:24.190+08:00 INFO  d.f.m.o.OutboxAsyncOrderApplicationService request_id=863797cf-a73a-42c1-80b3-62e99bd202fc idempotency_key=key-99cb5e32-7 order_id= user_id=user-99cb5e32-7 sku_id=sku-v4-concurrent-99cb5e32 payment_tx= - Durable Outbox acceptance command_id=28c43cc6c2672e80f31661946ad02479507f95a43183e496b4fcc291b021c9ae status=ACCEPTED
2026-08-11T10:31:24.207+08:00 INFO  d.f.m.outbox.OutboxDispatcher request_id= idempotency_key= order_id= user_id= sku_id= payment_tx= - Outbox publication deferred outbox_id=fb14af2c-b832-4c62-bf91-aafaa2cc8c03 command_id=7ba66d570fe94a25e6c51c1e475a0ada84b2d882cfe67527463e08a5058cf4e4 outcome=RETRYABLE cause=MQCLIENTEXCEPTION
2026-08-11T10:31:24.211+08:00 INFO  d.f.m.outbox.OutboxDispatcher request_id= idempotency_key= order_id= user_id= sku_id= payment_tx= - Outbox publication deferred outbox_id=7d9ea18d-8196-45b1-8cba-3f4da9584653 command_id=3c30e82abd8e894cbad4d339840706fc8219fcc94b605b6b3ad962e7f35752db outcome=RETRYABLE cause=MQCLIENTEXCEPTION
2026-08-11T10:31:24.388+08:00 INFO  d.f.m.outbox.OutboxDispatcher request_id= idempotency_key= order_id= user_id= sku_id= payment_tx= - Outbox publication deferred outbox_id=a804b695-46c9-4d52-a4ac-d170aa81ef91 command_id=9f2f911b4a4db22b386ad299dd37293537b1c1c4904b0477fefe3ea816569cb7 outcome=RETRYABLE cause=MQCLIENTEXCEPTION
2026-08-11T10:31:24.391+08:00 INFO  d.f.m.outbox.OutboxDispatcher request_id= idempotency_key= order_id= user_id= sku_id= payment_tx= - Outbox publication deferred outbox_id=cd937499-9074-4265-bfd6-fe80e96b61b8 command_id=cb0d1cba0d02653d7f9b7bc65820af845353f5afab116b67238bfb2c03b2ca46 outcome=RETRYABLE cause=MQCLIENTEXCEPTION
2026-08-11T10:31:24.653+08:00 INFO  d.f.m.outbox.OutboxDispatcher request_id= idempotency_key= order_id= user_id= sku_id= payment_tx= - Outbox publication deferred outbox_id=1f390763-7f7e-4225-81a8-c25e618f1a96 command_id=a450b4d43e3332a1a7d838cf06b5b398c29a4fd4de4701b0a22cddc123a9be12 outcome=RETRYABLE cause=MQCLIENTEXCEPTION
2026-08-11T10:31:24.656+08:00 INFO  d.f.m.outbox.OutboxDispatcher request_id= idempotency_key= order_id= user_id= sku_id= payment_tx= - Outbox publication deferred outbox_id=5bdc004f-3b78-4bbe-b201-dfd9b20a8723 command_id=9e26535e8ad0182e4fb9b55527f5c34092941d876dd7acea0c2fc03b249c0c4f outcome=RETRYABLE cause=MQCLIENTEXCEPTION
2026-08-11T10:31:24.917+08:00 INFO  d.f.m.outbox.OutboxDispatcher request_id= idempotency_key= order_id= user_id= sku_id= payment_tx= - Outbox publication deferred outbox_id=dbc16649-8733-435e-843f-2018b4166ceb command_id=1be3b753a2728fad8d122ae29da2f6d38182fde4960b57f13635009a7d978678 outcome=RETRYABLE cause=MQCLIENTEXCEPTION
2026-08-11T10:31:24.920+08:00 INFO  d.f.m.outbox.OutboxDispatcher request_id= idempotency_key= order_id= user_id= sku_id= payment_tx= - Outbox publication deferred outbox_id=23bae247-3961-44e1-a147-147569a6cf95 command_id=28c43cc6c2672e80f31661946ad02479507f95a43183e496b4fcc291b021c9ae outcome=RETRYABLE cause=MQCLIENTEXCEPTION
2026-08-11T10:31:25.179+08:00 INFO  d.f.m.outbox.OutboxDispatcher request_id= idempotency_key= order_id= user_id= sku_id= payment_tx= - Outbox publication deferred outbox_id=fb14af2c-b832-4c62-bf91-aafaa2cc8c03 command_id=7ba66d570fe94a25e6c51c1e475a0ada84b2d882cfe67527463e08a5058cf4e4 outcome=RETRYABLE cause=MQCLIENTEXCEPTION
2026-08-11T10:31:25.182+08:00 INFO  d.f.m.outbox.OutboxDispatcher request_id= idempotency_key= order_id= user_id= sku_id= payment_tx= - Outbox publication deferred outbox_id=7d9ea18d-8196-45b1-8cba-3f4da9584653 command_id=3c30e82abd8e894cbad4d339840706fc8219fcc94b605b6b3ad962e7f35752db outcome=RETRYABLE cause=MQCLIENTEXCEPTION
2026-08-11T10:31:25.445+08:00 INFO  d.f.m.outbox.OutboxDispatcher request_id= idempotency_key= order_id= user_id= sku_id= payment_tx= - Outbox publication deferred outbox_id=a804b695-46c9-4d52-a4ac-d170aa81ef91 command_id=9f2f911b4a4db22b386ad299dd37293537b1c1c4904b0477fefe3ea816569cb7 outcome=RETRYABLE cause=MQCLIENTEXCEPTION
2026-08-11T10:31:25.447+08:00 INFO  d.f.m.outbox.OutboxDispatcher request_id= idempotency_key= order_id= user_id= sku_id= payment_tx= - Outbox publication deferred outbox_id=cd937499-9074-4265-bfd6-fe80e96b61b8 command_id=cb0d1cba0d02653d7f9b7bc65820af845353f5afab116b67238bfb2c03b2ca46 outcome=RETRYABLE cause=MQCLIENTEXCEPTION
2026-08-11T10:31:25.710+08:00 INFO  d.f.m.outbox.OutboxDispatcher request_id= idempotency_key= order_id= user_id= sku_id= payment_tx= - Outbox publication deferred outbox_id=1f390763-7f7e-4225-81a8-c25e618f1a96 command_id=a450b4d43e3332a1a7d838cf06b5b398c29a4fd4de4701b0a22cddc123a9be12 outcome=RETRYABLE cause=MQCLIENTEXCEPTION
2026-08-11T10:31:25.712+08:00 INFO  d.f.m.outbox.OutboxDispatcher request_id= idempotency_key= order_id= user_id= sku_id= payment_tx= - Outbox publication deferred outbox_id=5bdc004f-3b78-4bbe-b201-dfd9b20a8723 command_id=9e26535e8ad0182e4fb9b55527f5c34092941d876dd7acea0c2fc03b249c0c4f outcome=RETRYABLE cause=MQCLIENTEXCEPTION
2026-08-11T10:31:25.971+08:00 INFO  d.f.m.outbox.OutboxDispatcher request_id= idempotency_key= order_id= user_id= sku_id= payment_tx= - Outbox publication deferred outbox_id=dbc16649-8733-435e-843f-2018b4166ceb command_id=1be3b753a2728fad8d122ae29da2f6d38182fde4960b57f13635009a7d978678 outcome=RETRYABLE cause=MQCLIENTEXCEPTION
2026-08-11T10:31:25.974+08:00 INFO  d.f.m.outbox.OutboxDispatcher request_id= idempotency_key= order_id= user_id= sku_id= payment_tx= - Outbox publication deferred outbox_id=23bae247-3961-44e1-a147-147569a6cf95 command_id=28c43cc6c2672e80f31661946ad02479507f95a43183e496b4fcc291b021c9ae outcome=RETRYABLE cause=MQCLIENTEXCEPTION
2026-08-11T10:31:26.235+08:00 INFO  d.f.m.outbox.OutboxDispatcher request_id= idempotency_key= order_id= user_id= sku_id= payment_tx= - Outbox publication deferred outbox_id=fb14af2c-b832-4c62-bf91-aafaa2cc8c03 command_id=7ba66d570fe94a25e6c51c1e475a0ada84b2d882cfe67527463e08a5058cf4e4 outcome=RETRYABLE cause=MQCLIENTEXCEPTION
2026-08-11T10:31:26.238+08:00 INFO  d.f.m.outbox.OutboxDispatcher request_id= idempotency_key= order_id= user_id= sku_id= payment_tx= - Outbox publication deferred outbox_id=7d9ea18d-8196-45b1-8cba-3f4da9584653 command_id=3c30e82abd8e894cbad4d339840706fc8219fcc94b605b6b3ad962e7f35752db outcome=RETRYABLE cause=MQCLIENTEXCEPTION
2026-08-11T10:31:26.498+08:00 INFO  d.f.m.outbox.OutboxDispatcher request_id= idempotency_key= order_id= user_id= sku_id= payment_tx= - Outbox publication deferred outbox_id=a804b695-46c9-4d52-a4ac-d170aa81ef91 command_id=9f2f911b4a4db22b386ad299dd37293537b1c1c4904b0477fefe3ea816569cb7 outcome=RETRYABLE cause=MQCLIENTEXCEPTION
2026-08-11T10:31:26.500+08:00 INFO  d.f.m.outbox.OutboxDispatcher request_id= idempotency_key= order_id= user_id= sku_id= payment_tx= - Outbox publication deferred outbox_id=cd937499-9074-4265-bfd6-fe80e96b61b8 command_id=cb0d1cba0d02653d7f9b7bc65820af845353f5afab116b67238bfb2c03b2ca46 outcome=RETRYABLE cause=MQCLIENTEXCEPTION
2026-08-11T10:31:26.758+08:00 INFO  d.f.m.outbox.OutboxDispatcher request_id= idempotency_key= order_id= user_id= sku_id= payment_tx= - Outbox publication deferred outbox_id=1f390763-7f7e-4225-81a8-c25e618f1a96 command_id=a450b4d43e3332a1a7d838cf06b5b398c29a4fd4de4701b0a22cddc123a9be12 outcome=RETRYABLE cause=MQCLIENTEXCEPTION
2026-08-11T10:31:26.760+08:00 INFO  d.f.m.outbox.OutboxDispatcher request_id= idempotency_key= order_id= user_id= sku_id= payment_tx= - Outbox publication deferred outbox_id=5bdc004f-3b78-4bbe-b201-dfd9b20a8723 command_id=9e26535e8ad0182e4fb9b55527f5c34092941d876dd7acea0c2fc03b249c0c4f outcome=RETRYABLE cause=MQCLIENTEXCEPTION
2026-08-11T10:31:27.022+08:00 INFO  d.f.m.outbox.OutboxDispatcher request_id= idempotency_key= order_id= user_id= sku_id= payment_tx= - Outbox publication deferred outbox_id=dbc16649-8733-435e-843f-2018b4166ceb command_id=1be3b753a2728fad8d122ae29da2f6d38182fde4960b57f13635009a7d978678 outcome=RETRYABLE cause=MQCLIENTEXCEPTION
2026-08-11T10:31:27.025+08:00 INFO  d.f.m.outbox.OutboxDispatcher request_id= idempotency_key= order_id= user_id= sku_id= payment_tx= - Outbox publication deferred outbox_id=23bae247-3961-44e1-a147-147569a6cf95 command_id=28c43cc6c2672e80f31661946ad02479507f95a43183e496b4fcc291b021c9ae outcome=RETRYABLE cause=MQCLIENTEXCEPTION
2026-08-11T10:31:27.283+08:00 INFO  d.f.m.outbox.OutboxDispatcher request_id= idempotency_key= order_id= user_id= sku_id= payment_tx= - Outbox publication deferred outbox_id=fb14af2c-b832-4c62-bf91-aafaa2cc8c03 command_id=7ba66d570fe94a25e6c51c1e475a0ada84b2d882cfe67527463e08a5058cf4e4 outcome=RETRYABLE cause=MQCLIENTEXCEPTION
2026-08-11T10:31:27.285+08:00 INFO  d.f.m.outbox.OutboxDispatcher request_id= idempotency_key= order_id= user_id= sku_id= payment_tx= - Outbox publication deferred outbox_id=7d9ea18d-8196-45b1-8cba-3f4da9584653 command_id=3c30e82abd8e894cbad4d339840706fc8219fcc94b605b6b3ad962e7f35752db outcome=RETRYABLE cause=MQCLIENTEXCEPTION
2026-08-11T10:31:27.550+08:00 INFO  d.f.m.outbox.OutboxDispatcher request_id= idempotency_key= order_id= user_id= sku_id= payment_tx= - Outbox publication deferred outbox_id=a804b695-46c9-4d52-a4ac-d170aa81ef91 command_id=9f2f911b4a4db22b386ad299dd37293537b1c1c4904b0477fefe3ea816569cb7 outcome=RETRYABLE cause=MQCLIENTEXCEPTION
2026-08-11T10:31:27.554+08:00 INFO  d.f.m.outbox.OutboxDispatcher request_id= idempotency_key= order_id= user_id= sku_id= payment_tx= - Outbox publication deferred outbox_id=cd937499-9074-4265-bfd6-fe80e96b61b8 command_id=cb0d1cba0d02653d7f9b7bc65820af845353f5afab116b67238bfb2c03b2ca46 outcome=RETRYABLE cause=MQCLIENTEXCEPTION
2026-08-11T10:31:27.829+08:00 INFO  d.f.m.outbox.OutboxDispatcher request_id= idempotency_key= order_id= user_id= sku_id= payment_tx= - Outbox publication outbox_id=1f390763-7f7e-4225-81a8-c25e618f1a96 command_id=a450b4d43e3332a1a7d838cf06b5b398c29a4fd4de4701b0a22cddc123a9be12 outcome=ACKNOWLEDGED
2026-08-11T10:31:27.833+08:00 INFO  d.f.m.outbox.OutboxDispatcher request_id= idempotency_key= order_id= user_id= sku_id= payment_tx= - Outbox publication outbox_id=5bdc004f-3b78-4bbe-b201-dfd9b20a8723 command_id=9e26535e8ad0182e4fb9b55527f5c34092941d876dd7acea0c2fc03b249c0c4f outcome=ACKNOWLEDGED
2026-08-11T10:31:28.110+08:00 INFO  d.f.m.outbox.OutboxDispatcher request_id= idempotency_key= order_id= user_id= sku_id= payment_tx= - Outbox publication outbox_id=dbc16649-8733-435e-843f-2018b4166ceb command_id=1be3b753a2728fad8d122ae29da2f6d38182fde4960b57f13635009a7d978678 outcome=ACKNOWLEDGED
2026-08-11T10:31:28.120+08:00 INFO  d.f.m.outbox.OutboxDispatcher request_id= idempotency_key= order_id= user_id= sku_id= payment_tx= - Outbox publication outbox_id=23bae247-3961-44e1-a147-147569a6cf95 command_id=28c43cc6c2672e80f31661946ad02479507f95a43183e496b4fcc291b021c9ae outcome=ACKNOWLEDGED
2026-08-11T10:31:28.391+08:00 INFO  d.f.m.outbox.OutboxDispatcher request_id= idempotency_key= order_id= user_id= sku_id= payment_tx= - Outbox publication outbox_id=fb14af2c-b832-4c62-bf91-aafaa2cc8c03 command_id=7ba66d570fe94a25e6c51c1e475a0ada84b2d882cfe67527463e08a5058cf4e4 outcome=ACKNOWLEDGED
2026-08-11T10:31:28.395+08:00 INFO  d.f.m.outbox.OutboxDispatcher request_id= idempotency_key= order_id= user_id= sku_id= payment_tx= - Outbox publication outbox_id=7d9ea18d-8196-45b1-8cba-3f4da9584653 command_id=3c30e82abd8e894cbad4d339840706fc8219fcc94b605b6b3ad962e7f35752db outcome=ACKNOWLEDGED
2026-08-11T10:31:28.676+08:00 INFO  d.f.m.outbox.OutboxDispatcher request_id= idempotency_key= order_id= user_id= sku_id= payment_tx= - Outbox publication outbox_id=a804b695-46c9-4d52-a4ac-d170aa81ef91 command_id=9f2f911b4a4db22b386ad299dd37293537b1c1c4904b0477fefe3ea816569cb7 outcome=ACKNOWLEDGED
2026-08-11T10:31:28.685+08:00 INFO  d.f.m.outbox.OutboxDispatcher request_id= idempotency_key= order_id= user_id= sku_id= payment_tx= - Outbox publication outbox_id=cd937499-9074-4265-bfd6-fe80e96b61b8 command_id=cb0d1cba0d02653d7f9b7bc65820af845353f5afab116b67238bfb2c03b2ca46 outcome=ACKNOWLEDGED
2026-08-11T10:32:03.973+08:00 INFO  o.s.b.w.e.tomcat.GracefulShutdown request_id= idempotency_key= order_id= user_id= sku_id= payment_tx= - Commencing graceful shutdown. Waiting for active requests to complete
2026-08-11T10:32:05.979+08:00 INFO  o.s.b.w.e.tomcat.GracefulShutdown request_id= idempotency_key= order_id= user_id= sku_id= payment_tx= - Graceful shutdown complete
2026-08-11T10:32:05.979+08:00 ERROR org.apache.tomcat.util.net.Acceptor request_id= idempotency_key= order_id= user_id= sku_id= payment_tx= - Socket accept failed
java.nio.channels.AsynchronousCloseException: null
	at java.base/java.nio.channels.spi.AbstractInterruptibleChannel.end(AbstractInterruptibleChannel.java:218) ~[na:na]
	at java.base/sun.nio.ch.ServerSocketChannelImpl.end(ServerSocketChannelImpl.java:372) ~[na:na]
	at java.base/sun.nio.ch.ServerSocketChannelImpl.accept(ServerSocketChannelImpl.java:397) ~[na:na]
	at org.apache.tomcat.util.net.NioEndpoint.serverSocketAccept(NioEndpoint.java:537) ~[tomcat-embed-core-10.1.44.jar:10.1.44]
	at org.apache.tomcat.util.net.NioEndpoint.serverSocketAccept(NioEndpoint.java:72) ~[tomcat-embed-core-10.1.44.jar:10.1.44]
	at org.apache.tomcat.util.net.Acceptor.run(Acceptor.java:127) ~[tomcat-embed-core-10.1.44.jar:10.1.44]
	at java.base/java.lang.Thread.run(Thread.java:1516) ~[na:na]
2026-08-11T10:32:06.031+08:00 INFO  com.zaxxer.hikari.HikariDataSource request_id= idempotency_key= order_id= user_id= sku_id= payment_tx= - HikariPool-4 - Shutdown initiated...
2026-08-11T10:32:06.033+08:00 INFO  com.zaxxer.hikari.HikariDataSource request_id= idempotency_key= order_id= user_id= sku_id= payment_tx= - HikariPool-4 - Shutdown completed.
[INFO] Tests run: 1, Failures: 0, Errors: 0, Skipped: 0, Time elapsed: 44.26 s -- in dev.flashflow.V4OutboxConcurrentRedeliveryIntegrationTest
[INFO] 
[INFO] Results:
[INFO] 
[INFO] Tests run: 5, Failures: 0, Errors: 0, Skipped: 0
[INFO] 
[INFO] ------------------------------------------------------------------------
[INFO] BUILD SUCCESS
[INFO] ------------------------------------------------------------------------
[INFO] Total time:  02:16 min
[INFO] Finished at: 2026-08-11T10:32:06+08:00
[INFO] ------------------------------------------------------------------------
