[INFO] Scanning for projects...
[INFO] 
[INFO] ----------------------< dev.flashflow:flashflow >-----------------------
[INFO] Building FlashFlow 0.1.0-SNAPSHOT
[INFO]   from pom.xml
[INFO] --------------------------------[ jar ]---------------------------------
[WARNING] 1 problem was encountered while building the effective model for org.javassist:javassist:jar:3.21.0-GA during dependency collection step for project (use -X to see details)
[INFO] 
[INFO] --- resources:3.3.1:resources (default-resources) @ flashflow ---
[INFO] Copying 5 resources from src/main/resources to target/classes
[INFO] Copying 11 resources from src/main/resources to target/classes
[INFO] 
[INFO] --- compiler:3.14.0:compile (default-compile) @ flashflow ---
[INFO] Nothing to compile - all classes are up to date.
[INFO] 
[INFO] --- resources:3.3.1:testResources (default-testResources) @ flashflow ---
[INFO] skip non existing resourceDirectory /Users/yuzheng/Computeracy/Zhenkun26-GitHub/FlashFlow/src/test/resources
[INFO] 
[INFO] --- compiler:3.14.0:testCompile (default-testCompile) @ flashflow ---
[INFO] Recompiling the module because of changed source code.
[INFO] Compiling 54 source files with javac [debug parameters release 21] to target/test-classes
[WARNING] /Users/yuzheng/Computeracy/Zhenkun26-GitHub/FlashFlow/src/test/java/dev/flashflow/ExpirationAdmissionFailureIntegrationTest.java:[26,6] org.springframework.boot.test.mock.mockito 中的 org.springframework.boot.test.mock.mockito.MockBean 已过时, 且标记为待删除
[WARNING] /Users/yuzheng/Computeracy/Zhenkun26-GitHub/FlashFlow/src/test/java/dev/flashflow/ExpirationRollbackIntegrationTest.java:[21,6] org.springframework.boot.test.mock.mockito 中的 org.springframework.boot.test.mock.mockito.MockBean 已过时, 且标记为待删除
[INFO] /Users/yuzheng/Computeracy/Zhenkun26-GitHub/FlashFlow/src/test/java/dev/flashflow/admission/RedisLuaAdmissionFailureTest.java: /Users/yuzheng/Computeracy/Zhenkun26-GitHub/FlashFlow/src/test/java/dev/flashflow/admission/RedisLuaAdmissionFailureTest.java使用了未经检查或不安全的操作。
[INFO] /Users/yuzheng/Computeracy/Zhenkun26-GitHub/FlashFlow/src/test/java/dev/flashflow/admission/RedisLuaAdmissionFailureTest.java: 有关详细信息, 请使用 -Xlint:unchecked 重新编译。
[INFO] 
[INFO] --- surefire:3.5.3:test (default-test) @ flashflow ---
[INFO] Using auto detected provider org.apache.maven.surefire.junitplatform.JUnitPlatformProvider
[INFO] 
[INFO] -------------------------------------------------------
[INFO]  T E S T S
[INFO] -------------------------------------------------------
[INFO] Running dev.flashflow.V4OutboxBacklogDrainIntegrationTest
Standard Commons Logging discovery in action with spring-jcl: please remove commons-logging.jar from classpath in order to avoid potential conflicts
10:41:55.637 [main] INFO org.springframework.test.context.support.AnnotationConfigContextLoaderUtils -- Could not detect default configuration classes for test class [dev.flashflow.V4OutboxBacklogDrainIntegrationTest]: V4OutboxBacklogDrainIntegrationTest does not declare any static, non-private, non-final, nested classes annotated with @Configuration.
10:41:55.689 [main] INFO org.springframework.boot.test.context.SpringBootTestContextBootstrapper -- Found @SpringBootConfiguration dev.flashflow.FlashFlowApplication for test class dev.flashflow.V4OutboxBacklogDrainIntegrationTest
10:41:55.727 [main] INFO org.testcontainers.images.PullPolicy -- Image pull policy will be performed by: DefaultPullPolicy()
10:41:55.728 [main] INFO org.testcontainers.utility.ImageNameSubstitutor -- Image name substitution will be performed by: DefaultImageNameSubstitutor (composite of 'ConfigurationFileImageNameSubstitutor' and 'PrefixingImageNameSubstitutor')
10:41:55.735 [main] INFO org.testcontainers.DockerClientFactory -- Testcontainers version: 1.21.3
10:41:55.814 [main] INFO org.testcontainers.dockerclient.DockerClientProviderStrategy -- Loaded org.testcontainers.dockerclient.UnixSocketClientProviderStrategy from ~/.testcontainers.properties, will try it first
10:41:55.904 [main] INFO org.testcontainers.dockerclient.DockerClientProviderStrategy -- Found Docker environment with local Unix socket (unix:///var/run/docker.sock)
10:41:55.904 [main] INFO org.testcontainers.DockerClientFactory -- Docker host IP address is localhost
10:41:55.915 [main] INFO org.testcontainers.DockerClientFactory -- Connected to docker: 
  Server Version: 29.4.1
  API Version: 1.54
  Operating System: Docker Desktop
  Total Memory: 7936 MB
  Labels: 
    com.docker.desktop.address=unix:///Users/yuzheng/Library/Containers/com.docker.docker/Data/docker-cli.sock
10:41:55.997 [main] INFO tc.testcontainers/ryuk:0.12.0 -- Creating container for image: testcontainers/ryuk:0.12.0
10:41:56.018 [main] INFO org.testcontainers.utility.RegistryAuthLocator -- Credential helper/store (docker-credential-osxkeychain) does not have credentials for https://index.docker.io/v1/
10:41:56.069 [main] INFO tc.testcontainers/ryuk:0.12.0 -- Container testcontainers/ryuk:0.12.0 is starting: 8760eca440a67febce9cc4c5b9e4fa20d6d93e9fa766691dc32d511d2b670e05
10:41:56.180 [main] INFO tc.testcontainers/ryuk:0.12.0 -- Container testcontainers/ryuk:0.12.0 started in PT0.183137S
10:41:56.184 [main] INFO org.testcontainers.utility.RyukResourceReaper -- Ryuk started - will monitor and terminate Testcontainers containers on JVM exit
10:41:56.184 [main] INFO org.testcontainers.DockerClientFactory -- Checking the system...
10:41:56.184 [main] INFO org.testcontainers.DockerClientFactory -- ✔︎ Docker server version should be at least 1.6.0
10:41:56.185 [main] INFO tc.mysql:8.4.6 -- Creating container for image: mysql:8.4.6
10:41:56.218 [main] INFO tc.mysql:8.4.6 -- Container mysql:8.4.6 is starting: dc19034fb008f224841d830eaf6e19a710067c07a46d3aed773050a186f08cf8
10:41:56.328 [main] INFO tc.mysql:8.4.6 -- Waiting for database connection to become available at jdbc:mysql://localhost:59611/flashflow using query 'SELECT 1'
10:42:01.051 [main] INFO tc.mysql:8.4.6 -- Container mysql:8.4.6 started in PT4.866269S
10:42:01.051 [main] INFO tc.mysql:8.4.6 -- Container is started (JDBC URL: jdbc:mysql://localhost:59611/flashflow)
10:42:01.052 [main] INFO tc.redis:7.4.2-alpine -- Creating container for image: redis:7.4.2-alpine
10:42:01.081 [main] INFO tc.redis:7.4.2-alpine -- Container redis:7.4.2-alpine is starting: 822bd0391058b7ff67b627db51116f0d4419ad47fa1f180ecf7bf7101f604869
10:42:01.233 [main] INFO tc.redis:7.4.2-alpine -- Container redis:7.4.2-alpine started in PT0.181275S

  .   ____          _            __ _ _
 /\\ / ___'_ __ _ _(_)_ __  __ _ \ \ \ \
( ( )\___ | '_ | '_| | '_ \/ _` | \ \ \ \
 \\/  ___)| |_)| | | | | || (_| |  ) ) ) )
  '  |____| .__|_| |_|_| |_\__, | / / / /
 =========|_|==============|___/=/_/_/_/

 :: Spring Boot ::                (v3.5.5)

2026-08-11T10:42:01.405+08:00 INFO  d.f.V4OutboxBacklogDrainIntegrationTest request_id= idempotency_key= order_id= user_id= sku_id= payment_tx= - Starting V4OutboxBacklogDrainIntegrationTest using Java 26.0.2 with PID 69216 (started by yuzheng in /Users/yuzheng/Computeracy/Zhenkun26-GitHub/FlashFlow)
2026-08-11T10:42:01.406+08:00 INFO  d.f.V4OutboxBacklogDrainIntegrationTest request_id= idempotency_key= order_id= user_id= sku_id= payment_tx= - The following 1 profile is active: "test"
2026-08-11T10:42:01.774+08:00 INFO  o.s.d.r.c.RepositoryConfigurationDelegate request_id= idempotency_key= order_id= user_id= sku_id= payment_tx= - Multiple Spring Data modules found, entering strict repository configuration mode
2026-08-11T10:42:01.775+08:00 INFO  o.s.d.r.c.RepositoryConfigurationDelegate request_id= idempotency_key= order_id= user_id= sku_id= payment_tx= - Bootstrapping Spring Data Redis repositories in DEFAULT mode.
2026-08-11T10:42:01.792+08:00 INFO  o.s.d.r.c.RepositoryConfigurationDelegate request_id= idempotency_key= order_id= user_id= sku_id= payment_tx= - Finished Spring Data repository scanning in 11 ms. Found 0 Redis repository interfaces.
2026-08-11T10:42:02.019+08:00 INFO  o.s.b.w.e.tomcat.TomcatWebServer request_id= idempotency_key= order_id= user_id= sku_id= payment_tx= - Tomcat initialized with port 0 (http)
2026-08-11T10:42:02.025+08:00 INFO  o.a.catalina.core.StandardService request_id= idempotency_key= order_id= user_id= sku_id= payment_tx= - Starting service [Tomcat]
2026-08-11T10:42:02.025+08:00 INFO  o.a.catalina.core.StandardEngine request_id= idempotency_key= order_id= user_id= sku_id= payment_tx= - Starting Servlet engine: [Apache Tomcat/10.1.44]
2026-08-11T10:42:02.041+08:00 INFO  o.a.c.c.C.[Tomcat].[localhost].[/] request_id= idempotency_key= order_id= user_id= sku_id= payment_tx= - Initializing Spring embedded WebApplicationContext
2026-08-11T10:42:02.042+08:00 INFO  o.s.b.w.s.c.ServletWebServerApplicationContext request_id= idempotency_key= order_id= user_id= sku_id= payment_tx= - Root WebApplicationContext: initialization completed in 620 ms
Standard Commons Logging discovery in action with spring-jcl: please remove commons-logging.jar from classpath in order to avoid potential conflicts
WARNING: A terminally deprecated method in sun.misc.Unsafe has been called
WARNING: sun.misc.Unsafe::allocateMemory has been called by io.netty.util.internal.PlatformDependent0$2 (file:/Users/yuzheng/.m2/repository/io/netty/netty-common/4.1.124.Final/netty-common-4.1.124.Final.jar)
WARNING: Please consider reporting this to the maintainers of class io.netty.util.internal.PlatformDependent0$2
WARNING: sun.misc.Unsafe::allocateMemory will be removed in a future release
WARNING: A restricted method in java.lang.System has been called
WARNING: java.lang.System::loadLibrary has been called by io.netty.util.internal.NativeLibraryUtil in an unnamed module (file:/Users/yuzheng/.m2/repository/io/netty/netty-common/4.1.124.Final/netty-common-4.1.124.Final.jar)
WARNING: Use --enable-native-access=ALL-UNNAMED to avoid a warning for callers in this module
WARNING: Restricted methods will be blocked in a future release unless native access is enabled

2026-08-11T10:42:02.670+08:00 INFO  com.zaxxer.hikari.HikariDataSource request_id= idempotency_key= order_id= user_id= sku_id= payment_tx= - HikariPool-1 - Starting...
2026-08-11T10:42:02.759+08:00 INFO  com.zaxxer.hikari.pool.HikariPool request_id= idempotency_key= order_id= user_id= sku_id= payment_tx= - HikariPool-1 - Added connection com.mysql.cj.jdbc.ConnectionImpl@15ab0461
2026-08-11T10:42:02.760+08:00 INFO  com.zaxxer.hikari.HikariDataSource request_id= idempotency_key= order_id= user_id= sku_id= payment_tx= - HikariPool-1 - Start completed.
2026-08-11T10:42:02.780+08:00 INFO  org.flywaydb.core.FlywayExecutor request_id= idempotency_key= order_id= user_id= sku_id= payment_tx= - Database: jdbc:mysql://localhost:59611/flashflow (MySQL 8.4)
2026-08-11T10:42:02.800+08:00 WARN  o.f.c.i.database.base.Database request_id= idempotency_key= order_id= user_id= sku_id= payment_tx= - Flyway upgrade recommended: MySQL 8.4 is newer than this version of Flyway and support has not been tested. The latest supported version of MySQL is 8.1.
2026-08-11T10:42:02.815+08:00 INFO  o.f.c.i.s.JdbcTableSchemaHistory request_id= idempotency_key= order_id= user_id= sku_id= payment_tx= - Schema history table `flashflow`.`flyway_schema_history` does not exist yet
2026-08-11T10:42:02.817+08:00 INFO  o.f.core.internal.command.DbValidate request_id= idempotency_key= order_id= user_id= sku_id= payment_tx= - Successfully validated 4 migrations (execution time 00:00.012s)
2026-08-11T10:42:02.839+08:00 INFO  o.f.c.i.s.JdbcTableSchemaHistory request_id= idempotency_key= order_id= user_id= sku_id= payment_tx= - Creating Schema History table `flashflow`.`flyway_schema_history` ...
2026-08-11T10:42:02.873+08:00 INFO  o.f.core.internal.command.DbMigrate request_id= idempotency_key= order_id= user_id= sku_id= payment_tx= - Current version of schema `flashflow`: << Empty Schema >>
2026-08-11T10:42:02.882+08:00 INFO  o.f.core.internal.command.DbMigrate request_id= idempotency_key= order_id= user_id= sku_id= payment_tx= - Migrating schema `flashflow` to version "1 - create flashflow v1 schema"
2026-08-11T10:42:03.004+08:00 INFO  o.f.core.internal.command.DbMigrate request_id= idempotency_key= order_id= user_id= sku_id= payment_tx= - Migrating schema `flashflow` to version "2 - create order command ledger"
2026-08-11T10:42:03.026+08:00 INFO  o.f.core.internal.command.DbMigrate request_id= idempotency_key= order_id= user_id= sku_id= payment_tx= - Migrating schema `flashflow` to version "3 - extend order command transport evidence"
2026-08-11T10:42:03.052+08:00 INFO  o.f.core.internal.command.DbMigrate request_id= idempotency_key= order_id= user_id= sku_id= payment_tx= - Migrating schema `flashflow` to version "4 - create order command outbox"
2026-08-11T10:42:03.094+08:00 INFO  o.f.core.internal.command.DbMigrate request_id= idempotency_key= order_id= user_id= sku_id= payment_tx= - Successfully applied 4 migrations to schema `flashflow`, now at version v4 (execution time 00:00.166s)
2026-08-11T10:42:03.802+08:00 INFO  o.s.b.a.e.web.EndpointLinksResolver request_id= idempotency_key= order_id= user_id= sku_id= payment_tx= - Exposing 2 endpoints beneath base path '/actuator'
2026-08-11T10:42:03.876+08:00 INFO  o.s.b.w.e.tomcat.TomcatWebServer request_id= idempotency_key= order_id= user_id= sku_id= payment_tx= - Tomcat started on port 59682 (http) with context path '/'
2026-08-11T10:42:03.886+08:00 INFO  d.f.V4OutboxBacklogDrainIntegrationTest request_id= idempotency_key= order_id= user_id= sku_id= payment_tx= - Started V4OutboxBacklogDrainIntegrationTest in 2.64 seconds (process running for 8.505)
OpenJDK 64-Bit Server VM warning: Sharing is only supported for boot loader classes because bootstrap classpath has been appended
2026-08-11T10:42:16.656+08:00 INFO  o.a.c.c.C.[Tomcat].[localhost].[/] request_id= idempotency_key= order_id= user_id= sku_id= payment_tx= - Initializing Spring DispatcherServlet 'dispatcherServlet'
2026-08-11T10:42:16.657+08:00 INFO  o.s.web.servlet.DispatcherServlet request_id= idempotency_key= order_id= user_id= sku_id= payment_tx= - Initializing Servlet 'dispatcherServlet'
2026-08-11T10:42:16.657+08:00 INFO  o.s.web.servlet.DispatcherServlet request_id= idempotency_key= order_id= user_id= sku_id= payment_tx= - Completed initialization in 0 ms
2026-08-11T10:42:16.690+08:00 INFO  d.f.m.o.OutboxAsyncOrderApplicationService request_id=64233e6f-4b01-4b31-825f-f0ee17a40eec idempotency_key=key-1e37fc6d-0 order_id= user_id=user-1e37fc6d-0 sku_id=sku-v4-backlog-1e37fc6d payment_tx= - Durable Outbox acceptance command_id=472b6f0018eba174020657782eea67f4ff0eac38e0b4314a7cf45b8566f26f68 status=ACCEPTED
2026-08-11T10:42:16.714+08:00 INFO  d.f.m.o.OutboxAsyncOrderApplicationService request_id=a88f26b3-2670-4c94-8cc0-7671c58cf87c idempotency_key=key-1e37fc6d-1 order_id= user_id=user-1e37fc6d-1 sku_id=sku-v4-backlog-1e37fc6d payment_tx= - Durable Outbox acceptance command_id=5a42f170fd752a0c24d746594a657dcce9edf37e653f6e80e3192b632b1e7d2b status=ACCEPTED
2026-08-11T10:42:16.723+08:00 INFO  d.f.m.o.OutboxAsyncOrderApplicationService request_id=6adcf053-e303-49e6-bba3-4d0699d4154f idempotency_key=key-1e37fc6d-2 order_id= user_id=user-1e37fc6d-2 sku_id=sku-v4-backlog-1e37fc6d payment_tx= - Durable Outbox acceptance command_id=3d87bca2fd43d80e45e6c9bb34523e08cc53831d548b9f683dcc898a1be0914c status=ACCEPTED
2026-08-11T10:42:16.733+08:00 INFO  d.f.m.o.OutboxAsyncOrderApplicationService request_id=b803a6bf-6b34-46bf-a5a7-3db93b8577d4 idempotency_key=key-1e37fc6d-3 order_id= user_id=user-1e37fc6d-3 sku_id=sku-v4-backlog-1e37fc6d payment_tx= - Durable Outbox acceptance command_id=07a819013c452f7ac9355d066761a3f9011b6a880c8675f02db21bf290d4828a status=ACCEPTED
2026-08-11T10:42:16.746+08:00 INFO  d.f.m.o.OutboxAsyncOrderApplicationService request_id=897e42d9-632c-4cf8-9e30-10d10c9d1736 idempotency_key=key-1e37fc6d-4 order_id= user_id=user-1e37fc6d-4 sku_id=sku-v4-backlog-1e37fc6d payment_tx= - Durable Outbox acceptance command_id=17f9274e227c3e6e8235ce1f35a43200243e7bf62ceff9fd13a81bc164f9c73b status=ACCEPTED
2026-08-11T10:42:16.755+08:00 INFO  d.f.m.o.OutboxAsyncOrderApplicationService request_id=977599d9-724b-454f-84b5-b67ca46eefdc idempotency_key=key-1e37fc6d-5 order_id= user_id=user-1e37fc6d-5 sku_id=sku-v4-backlog-1e37fc6d payment_tx= - Durable Outbox acceptance command_id=95bf2266d2efcf9fb54d61a28f65d239a1fc26c591d42b4d3235671aa6c34141 status=ACCEPTED
2026-08-11T10:42:16.765+08:00 INFO  d.f.m.o.OutboxAsyncOrderApplicationService request_id=924f9181-552b-4da9-a586-9ffdfc28999d idempotency_key=key-1e37fc6d-6 order_id= user_id=user-1e37fc6d-6 sku_id=sku-v4-backlog-1e37fc6d payment_tx= - Durable Outbox acceptance command_id=ffd01a5cbdd7f8d22793821083bdfae8110a4b617e4e9cff5e58cf051bdb07cb status=ACCEPTED
2026-08-11T10:42:16.775+08:00 INFO  d.f.m.o.OutboxAsyncOrderApplicationService request_id=40d429fe-bc94-4483-9661-505c37fcb427 idempotency_key=key-1e37fc6d-7 order_id= user_id=user-1e37fc6d-7 sku_id=sku-v4-backlog-1e37fc6d payment_tx= - Durable Outbox acceptance command_id=25fec2070be6ae5bf9ff107f03f348df6ceb05e60ec22c26aada3e8c43fdf184 status=ACCEPTED
2026-08-11T10:42:16.792+08:00 INFO  d.f.m.o.OutboxAsyncOrderApplicationService request_id=467c1dd7-61e4-4c85-9e49-06ab058009e8 idempotency_key=key-1e37fc6d-8 order_id= user_id=user-1e37fc6d-8 sku_id=sku-v4-backlog-1e37fc6d payment_tx= - Durable Outbox acceptance command_id=8d870234b9e79b0d903440de7d93f1f9d2eed3883da58d597c932403918be3ea status=ACCEPTED
2026-08-11T10:42:16.797+08:00 INFO  d.f.m.outbox.OutboxDispatcher request_id= idempotency_key= order_id= user_id= sku_id= payment_tx= - Outbox publication deferred outbox_id=5a2ef5eb-15b6-4666-a0e3-98c340bd625e command_id=472b6f0018eba174020657782eea67f4ff0eac38e0b4314a7cf45b8566f26f68 outcome=RETRYABLE cause=MQCLIENTEXCEPTION
2026-08-11T10:42:16.804+08:00 INFO  d.f.m.outbox.OutboxDispatcher request_id= idempotency_key= order_id= user_id= sku_id= payment_tx= - Outbox publication deferred outbox_id=1e008c3b-b940-49b5-835d-58968aa55686 command_id=5a42f170fd752a0c24d746594a657dcce9edf37e653f6e80e3192b632b1e7d2b outcome=RETRYABLE cause=MQCLIENTEXCEPTION
2026-08-11T10:42:16.805+08:00 INFO  d.f.m.o.OutboxAsyncOrderApplicationService request_id=d3307e7c-324b-4ac2-84a7-de20e20048a3 idempotency_key=key-1e37fc6d-9 order_id= user_id=user-1e37fc6d-9 sku_id=sku-v4-backlog-1e37fc6d payment_tx= - Durable Outbox acceptance command_id=87c95d100ff88d56de0114f134f6bf61400769917ba55dfec3e00e8db3285618 status=ACCEPTED
2026-08-11T10:42:16.809+08:00 INFO  d.f.m.outbox.OutboxDispatcher request_id= idempotency_key= order_id= user_id= sku_id= payment_tx= - Outbox publication deferred outbox_id=494aa6fb-2631-4022-8b16-037b715b8f1c command_id=3d87bca2fd43d80e45e6c9bb34523e08cc53831d548b9f683dcc898a1be0914c outcome=RETRYABLE cause=MQCLIENTEXCEPTION
2026-08-11T10:42:16.814+08:00 INFO  d.f.m.outbox.OutboxDispatcher request_id= idempotency_key= order_id= user_id= sku_id= payment_tx= - Outbox publication deferred outbox_id=56c79743-9e7b-428e-8c5f-ec7ea7b43f3e command_id=07a819013c452f7ac9355d066761a3f9011b6a880c8675f02db21bf290d4828a outcome=RETRYABLE cause=MQCLIENTEXCEPTION
2026-08-11T10:42:16.816+08:00 INFO  d.f.m.o.OutboxAsyncOrderApplicationService request_id=2782fd14-8f41-4918-9b84-b4197f7b8c5c idempotency_key=key-1e37fc6d-10 order_id= user_id=user-1e37fc6d-10 sku_id=sku-v4-backlog-1e37fc6d payment_tx= - Durable Outbox acceptance command_id=f848b09811bc483f2b0ab3282fb93e35edee237359942132abc499df35d63952 status=ACCEPTED
2026-08-11T10:42:16.825+08:00 INFO  d.f.m.o.OutboxAsyncOrderApplicationService request_id=d13a24e1-a3cf-4be6-80f9-c550abe580a1 idempotency_key=key-1e37fc6d-11 order_id= user_id=user-1e37fc6d-11 sku_id=sku-v4-backlog-1e37fc6d payment_tx= - Durable Outbox acceptance command_id=a8249710ccdc9102b507f594236a939e97463d86e1b31fb5f7953f51be449e47 status=ACCEPTED
2026-08-11T10:42:16.941+08:00 INFO  d.f.m.outbox.OutboxDispatcher request_id= idempotency_key= order_id= user_id= sku_id= payment_tx= - Outbox publication deferred outbox_id=822e6965-e616-461b-bc22-a5a8a3b07a7c command_id=17f9274e227c3e6e8235ce1f35a43200243e7bf62ceff9fd13a81bc164f9c73b outcome=RETRYABLE cause=MQCLIENTEXCEPTION
2026-08-11T10:42:16.947+08:00 INFO  d.f.m.outbox.OutboxDispatcher request_id= idempotency_key= order_id= user_id= sku_id= payment_tx= - Outbox publication deferred outbox_id=11afad7a-2929-4aaa-93d7-497f5737e97e command_id=95bf2266d2efcf9fb54d61a28f65d239a1fc26c591d42b4d3235671aa6c34141 outcome=RETRYABLE cause=MQCLIENTEXCEPTION
2026-08-11T10:42:16.952+08:00 INFO  d.f.m.outbox.OutboxDispatcher request_id= idempotency_key= order_id= user_id= sku_id= payment_tx= - Outbox publication deferred outbox_id=e285c430-f3ae-400c-9967-c25b532d809e command_id=ffd01a5cbdd7f8d22793821083bdfae8110a4b617e4e9cff5e58cf051bdb07cb outcome=RETRYABLE cause=MQCLIENTEXCEPTION
2026-08-11T10:42:16.956+08:00 INFO  d.f.m.outbox.OutboxDispatcher request_id= idempotency_key= order_id= user_id= sku_id= payment_tx= - Outbox publication deferred outbox_id=dbd4db92-3013-4211-a2ba-51ae0b7c22c8 command_id=25fec2070be6ae5bf9ff107f03f348df6ceb05e60ec22c26aada3e8c43fdf184 outcome=RETRYABLE cause=MQCLIENTEXCEPTION
2026-08-11T10:42:17.073+08:00 INFO  d.f.m.outbox.OutboxDispatcher request_id= idempotency_key= order_id= user_id= sku_id= payment_tx= - Outbox publication deferred outbox_id=1a464e13-fa89-4099-90d1-f6a810cbad11 command_id=8d870234b9e79b0d903440de7d93f1f9d2eed3883da58d597c932403918be3ea outcome=RETRYABLE cause=MQCLIENTEXCEPTION
2026-08-11T10:42:17.077+08:00 INFO  d.f.m.outbox.OutboxDispatcher request_id= idempotency_key= order_id= user_id= sku_id= payment_tx= - Outbox publication deferred outbox_id=9bb0e888-d150-42dc-83ac-aa660e9bdbe6 command_id=87c95d100ff88d56de0114f134f6bf61400769917ba55dfec3e00e8db3285618 outcome=RETRYABLE cause=MQCLIENTEXCEPTION
2026-08-11T10:42:17.080+08:00 INFO  d.f.m.outbox.OutboxDispatcher request_id= idempotency_key= order_id= user_id= sku_id= payment_tx= - Outbox publication deferred outbox_id=4921bf36-c1f5-45d3-bd3e-cb9fd8417e15 command_id=f848b09811bc483f2b0ab3282fb93e35edee237359942132abc499df35d63952 outcome=RETRYABLE cause=MQCLIENTEXCEPTION
2026-08-11T10:42:17.084+08:00 INFO  d.f.m.outbox.OutboxDispatcher request_id= idempotency_key= order_id= user_id= sku_id= payment_tx= - Outbox publication deferred outbox_id=09d9a68d-3edc-4a50-987e-fd52d83c1ce0 command_id=a8249710ccdc9102b507f594236a939e97463d86e1b31fb5f7953f51be449e47 outcome=RETRYABLE cause=MQCLIENTEXCEPTION
2026-08-11T10:42:17.204+08:00 INFO  d.f.m.outbox.OutboxDispatcher request_id= idempotency_key= order_id= user_id= sku_id= payment_tx= - Outbox publication deferred outbox_id=5a2ef5eb-15b6-4666-a0e3-98c340bd625e command_id=472b6f0018eba174020657782eea67f4ff0eac38e0b4314a7cf45b8566f26f68 outcome=RETRYABLE cause=MQCLIENTEXCEPTION
2026-08-11T10:42:17.209+08:00 INFO  d.f.m.outbox.OutboxDispatcher request_id= idempotency_key= order_id= user_id= sku_id= payment_tx= - Outbox publication deferred outbox_id=1e008c3b-b940-49b5-835d-58968aa55686 command_id=5a42f170fd752a0c24d746594a657dcce9edf37e653f6e80e3192b632b1e7d2b outcome=RETRYABLE cause=MQCLIENTEXCEPTION
2026-08-11T10:42:17.214+08:00 INFO  d.f.m.outbox.OutboxDispatcher request_id= idempotency_key= order_id= user_id= sku_id= payment_tx= - Outbox publication deferred outbox_id=494aa6fb-2631-4022-8b16-037b715b8f1c command_id=3d87bca2fd43d80e45e6c9bb34523e08cc53831d548b9f683dcc898a1be0914c outcome=RETRYABLE cause=MQCLIENTEXCEPTION
2026-08-11T10:42:17.218+08:00 INFO  d.f.m.outbox.OutboxDispatcher request_id= idempotency_key= order_id= user_id= sku_id= payment_tx= - Outbox publication deferred outbox_id=56c79743-9e7b-428e-8c5f-ec7ea7b43f3e command_id=07a819013c452f7ac9355d066761a3f9011b6a880c8675f02db21bf290d4828a outcome=RETRYABLE cause=MQCLIENTEXCEPTION
2026-08-11T10:42:17.340+08:00 INFO  d.f.m.outbox.OutboxDispatcher request_id= idempotency_key= order_id= user_id= sku_id= payment_tx= - Outbox publication deferred outbox_id=822e6965-e616-461b-bc22-a5a8a3b07a7c command_id=17f9274e227c3e6e8235ce1f35a43200243e7bf62ceff9fd13a81bc164f9c73b outcome=RETRYABLE cause=MQCLIENTEXCEPTION
2026-08-11T10:42:17.346+08:00 INFO  d.f.m.outbox.OutboxDispatcher request_id= idempotency_key= order_id= user_id= sku_id= payment_tx= - Outbox publication deferred outbox_id=11afad7a-2929-4aaa-93d7-497f5737e97e command_id=95bf2266d2efcf9fb54d61a28f65d239a1fc26c591d42b4d3235671aa6c34141 outcome=RETRYABLE cause=MQCLIENTEXCEPTION
2026-08-11T10:42:17.357+08:00 INFO  d.f.m.outbox.OutboxDispatcher request_id= idempotency_key= order_id= user_id= sku_id= payment_tx= - Outbox publication deferred outbox_id=e285c430-f3ae-400c-9967-c25b532d809e command_id=ffd01a5cbdd7f8d22793821083bdfae8110a4b617e4e9cff5e58cf051bdb07cb outcome=RETRYABLE cause=MQCLIENTEXCEPTION
2026-08-11T10:42:17.363+08:00 INFO  d.f.m.outbox.OutboxDispatcher request_id= idempotency_key= order_id= user_id= sku_id= payment_tx= - Outbox publication deferred outbox_id=dbd4db92-3013-4211-a2ba-51ae0b7c22c8 command_id=25fec2070be6ae5bf9ff107f03f348df6ceb05e60ec22c26aada3e8c43fdf184 outcome=RETRYABLE cause=MQCLIENTEXCEPTION
2026-08-11T10:42:17.485+08:00 INFO  d.f.m.outbox.OutboxDispatcher request_id= idempotency_key= order_id= user_id= sku_id= payment_tx= - Outbox publication deferred outbox_id=1a464e13-fa89-4099-90d1-f6a810cbad11 command_id=8d870234b9e79b0d903440de7d93f1f9d2eed3883da58d597c932403918be3ea outcome=RETRYABLE cause=MQCLIENTEXCEPTION
2026-08-11T10:42:17.490+08:00 INFO  d.f.m.outbox.OutboxDispatcher request_id= idempotency_key= order_id= user_id= sku_id= payment_tx= - Outbox publication deferred outbox_id=9bb0e888-d150-42dc-83ac-aa660e9bdbe6 command_id=87c95d100ff88d56de0114f134f6bf61400769917ba55dfec3e00e8db3285618 outcome=RETRYABLE cause=MQCLIENTEXCEPTION
2026-08-11T10:42:17.496+08:00 INFO  d.f.m.outbox.OutboxDispatcher request_id= idempotency_key= order_id= user_id= sku_id= payment_tx= - Outbox publication deferred outbox_id=4921bf36-c1f5-45d3-bd3e-cb9fd8417e15 command_id=f848b09811bc483f2b0ab3282fb93e35edee237359942132abc499df35d63952 outcome=RETRYABLE cause=MQCLIENTEXCEPTION
2026-08-11T10:42:17.501+08:00 INFO  d.f.m.outbox.OutboxDispatcher request_id= idempotency_key= order_id= user_id= sku_id= payment_tx= - Outbox publication deferred outbox_id=09d9a68d-3edc-4a50-987e-fd52d83c1ce0 command_id=a8249710ccdc9102b507f594236a939e97463d86e1b31fb5f7953f51be449e47 outcome=RETRYABLE cause=MQCLIENTEXCEPTION
2026-08-11T10:42:17.637+08:00 INFO  d.f.m.outbox.OutboxDispatcher request_id= idempotency_key= order_id= user_id= sku_id= payment_tx= - Outbox publication deferred outbox_id=5a2ef5eb-15b6-4666-a0e3-98c340bd625e command_id=472b6f0018eba174020657782eea67f4ff0eac38e0b4314a7cf45b8566f26f68 outcome=RETRYABLE cause=MQCLIENTEXCEPTION
2026-08-11T10:42:17.644+08:00 INFO  d.f.m.outbox.OutboxDispatcher request_id= idempotency_key= order_id= user_id= sku_id= payment_tx= - Outbox publication deferred outbox_id=1e008c3b-b940-49b5-835d-58968aa55686 command_id=5a42f170fd752a0c24d746594a657dcce9edf37e653f6e80e3192b632b1e7d2b outcome=RETRYABLE cause=MQCLIENTEXCEPTION
2026-08-11T10:42:17.659+08:00 INFO  d.f.m.outbox.OutboxDispatcher request_id= idempotency_key= order_id= user_id= sku_id= payment_tx= - Outbox publication deferred outbox_id=494aa6fb-2631-4022-8b16-037b715b8f1c command_id=3d87bca2fd43d80e45e6c9bb34523e08cc53831d548b9f683dcc898a1be0914c outcome=RETRYABLE cause=MQCLIENTEXCEPTION
2026-08-11T10:42:17.667+08:00 INFO  d.f.m.outbox.OutboxDispatcher request_id= idempotency_key= order_id= user_id= sku_id= payment_tx= - Outbox publication deferred outbox_id=56c79743-9e7b-428e-8c5f-ec7ea7b43f3e command_id=07a819013c452f7ac9355d066761a3f9011b6a880c8675f02db21bf290d4828a outcome=RETRYABLE cause=MQCLIENTEXCEPTION
2026-08-11T10:42:17.792+08:00 INFO  d.f.m.outbox.OutboxDispatcher request_id= idempotency_key= order_id= user_id= sku_id= payment_tx= - Outbox publication deferred outbox_id=822e6965-e616-461b-bc22-a5a8a3b07a7c command_id=17f9274e227c3e6e8235ce1f35a43200243e7bf62ceff9fd13a81bc164f9c73b outcome=RETRYABLE cause=MQCLIENTEXCEPTION
2026-08-11T10:42:17.797+08:00 INFO  d.f.m.outbox.OutboxDispatcher request_id= idempotency_key= order_id= user_id= sku_id= payment_tx= - Outbox publication deferred outbox_id=11afad7a-2929-4aaa-93d7-497f5737e97e command_id=95bf2266d2efcf9fb54d61a28f65d239a1fc26c591d42b4d3235671aa6c34141 outcome=RETRYABLE cause=MQCLIENTEXCEPTION
2026-08-11T10:42:17.801+08:00 INFO  d.f.m.outbox.OutboxDispatcher request_id= idempotency_key= order_id= user_id= sku_id= payment_tx= - Outbox publication deferred outbox_id=e285c430-f3ae-400c-9967-c25b532d809e command_id=ffd01a5cbdd7f8d22793821083bdfae8110a4b617e4e9cff5e58cf051bdb07cb outcome=RETRYABLE cause=MQCLIENTEXCEPTION
2026-08-11T10:42:17.807+08:00 INFO  d.f.m.outbox.OutboxDispatcher request_id= idempotency_key= order_id= user_id= sku_id= payment_tx= - Outbox publication deferred outbox_id=dbd4db92-3013-4211-a2ba-51ae0b7c22c8 command_id=25fec2070be6ae5bf9ff107f03f348df6ceb05e60ec22c26aada3e8c43fdf184 outcome=RETRYABLE cause=MQCLIENTEXCEPTION
2026-08-11T10:42:17.925+08:00 INFO  d.f.m.outbox.OutboxDispatcher request_id= idempotency_key= order_id= user_id= sku_id= payment_tx= - Outbox publication deferred outbox_id=1a464e13-fa89-4099-90d1-f6a810cbad11 command_id=8d870234b9e79b0d903440de7d93f1f9d2eed3883da58d597c932403918be3ea outcome=RETRYABLE cause=MQCLIENTEXCEPTION
2026-08-11T10:42:17.930+08:00 INFO  d.f.m.outbox.OutboxDispatcher request_id= idempotency_key= order_id= user_id= sku_id= payment_tx= - Outbox publication deferred outbox_id=9bb0e888-d150-42dc-83ac-aa660e9bdbe6 command_id=87c95d100ff88d56de0114f134f6bf61400769917ba55dfec3e00e8db3285618 outcome=RETRYABLE cause=MQCLIENTEXCEPTION
2026-08-11T10:42:17.937+08:00 INFO  d.f.m.outbox.OutboxDispatcher request_id= idempotency_key= order_id= user_id= sku_id= payment_tx= - Outbox publication deferred outbox_id=4921bf36-c1f5-45d3-bd3e-cb9fd8417e15 command_id=f848b09811bc483f2b0ab3282fb93e35edee237359942132abc499df35d63952 outcome=RETRYABLE cause=MQCLIENTEXCEPTION
2026-08-11T10:42:17.944+08:00 INFO  d.f.m.outbox.OutboxDispatcher request_id= idempotency_key= order_id= user_id= sku_id= payment_tx= - Outbox publication deferred outbox_id=09d9a68d-3edc-4a50-987e-fd52d83c1ce0 command_id=a8249710ccdc9102b507f594236a939e97463d86e1b31fb5f7953f51be449e47 outcome=RETRYABLE cause=MQCLIENTEXCEPTION
2026-08-11T10:42:18.062+08:00 INFO  d.f.m.outbox.OutboxDispatcher request_id= idempotency_key= order_id= user_id= sku_id= payment_tx= - Outbox publication deferred outbox_id=5a2ef5eb-15b6-4666-a0e3-98c340bd625e command_id=472b6f0018eba174020657782eea67f4ff0eac38e0b4314a7cf45b8566f26f68 outcome=RETRYABLE cause=MQCLIENTEXCEPTION
2026-08-11T10:42:18.067+08:00 INFO  d.f.m.outbox.OutboxDispatcher request_id= idempotency_key= order_id= user_id= sku_id= payment_tx= - Outbox publication deferred outbox_id=1e008c3b-b940-49b5-835d-58968aa55686 command_id=5a42f170fd752a0c24d746594a657dcce9edf37e653f6e80e3192b632b1e7d2b outcome=RETRYABLE cause=MQCLIENTEXCEPTION
2026-08-11T10:42:18.190+08:00 INFO  d.f.m.outbox.OutboxDispatcher request_id= idempotency_key= order_id= user_id= sku_id= payment_tx= - Outbox publication deferred outbox_id=494aa6fb-2631-4022-8b16-037b715b8f1c command_id=3d87bca2fd43d80e45e6c9bb34523e08cc53831d548b9f683dcc898a1be0914c outcome=RETRYABLE cause=MQCLIENTEXCEPTION
2026-08-11T10:42:18.196+08:00 INFO  d.f.m.outbox.OutboxDispatcher request_id= idempotency_key= order_id= user_id= sku_id= payment_tx= - Outbox publication deferred outbox_id=56c79743-9e7b-428e-8c5f-ec7ea7b43f3e command_id=07a819013c452f7ac9355d066761a3f9011b6a880c8675f02db21bf290d4828a outcome=RETRYABLE cause=MQCLIENTEXCEPTION
2026-08-11T10:42:18.318+08:00 INFO  d.f.m.outbox.OutboxDispatcher request_id= idempotency_key= order_id= user_id= sku_id= payment_tx= - Outbox publication deferred outbox_id=822e6965-e616-461b-bc22-a5a8a3b07a7c command_id=17f9274e227c3e6e8235ce1f35a43200243e7bf62ceff9fd13a81bc164f9c73b outcome=RETRYABLE cause=MQCLIENTEXCEPTION
2026-08-11T10:42:18.325+08:00 INFO  d.f.m.outbox.OutboxDispatcher request_id= idempotency_key= order_id= user_id= sku_id= payment_tx= - Outbox publication deferred outbox_id=11afad7a-2929-4aaa-93d7-497f5737e97e command_id=95bf2266d2efcf9fb54d61a28f65d239a1fc26c591d42b4d3235671aa6c34141 outcome=RETRYABLE cause=MQCLIENTEXCEPTION
2026-08-11T10:42:18.333+08:00 INFO  d.f.m.outbox.OutboxDispatcher request_id= idempotency_key= order_id= user_id= sku_id= payment_tx= - Outbox publication deferred outbox_id=e285c430-f3ae-400c-9967-c25b532d809e command_id=ffd01a5cbdd7f8d22793821083bdfae8110a4b617e4e9cff5e58cf051bdb07cb outcome=RETRYABLE cause=MQCLIENTEXCEPTION
2026-08-11T10:42:18.338+08:00 INFO  d.f.m.outbox.OutboxDispatcher request_id= idempotency_key= order_id= user_id= sku_id= payment_tx= - Outbox publication deferred outbox_id=dbd4db92-3013-4211-a2ba-51ae0b7c22c8 command_id=25fec2070be6ae5bf9ff107f03f348df6ceb05e60ec22c26aada3e8c43fdf184 outcome=RETRYABLE cause=MQCLIENTEXCEPTION
2026-08-11T10:42:18.458+08:00 INFO  d.f.m.outbox.OutboxDispatcher request_id= idempotency_key= order_id= user_id= sku_id= payment_tx= - Outbox publication deferred outbox_id=1a464e13-fa89-4099-90d1-f6a810cbad11 command_id=8d870234b9e79b0d903440de7d93f1f9d2eed3883da58d597c932403918be3ea outcome=RETRYABLE cause=MQCLIENTEXCEPTION
2026-08-11T10:42:18.464+08:00 INFO  d.f.m.outbox.OutboxDispatcher request_id= idempotency_key= order_id= user_id= sku_id= payment_tx= - Outbox publication deferred outbox_id=9bb0e888-d150-42dc-83ac-aa660e9bdbe6 command_id=87c95d100ff88d56de0114f134f6bf61400769917ba55dfec3e00e8db3285618 outcome=RETRYABLE cause=MQCLIENTEXCEPTION
2026-08-11T10:42:18.469+08:00 INFO  d.f.m.outbox.OutboxDispatcher request_id= idempotency_key= order_id= user_id= sku_id= payment_tx= - Outbox publication deferred outbox_id=4921bf36-c1f5-45d3-bd3e-cb9fd8417e15 command_id=f848b09811bc483f2b0ab3282fb93e35edee237359942132abc499df35d63952 outcome=RETRYABLE cause=MQCLIENTEXCEPTION
2026-08-11T10:42:18.473+08:00 INFO  d.f.m.outbox.OutboxDispatcher request_id= idempotency_key= order_id= user_id= sku_id= payment_tx= - Outbox publication deferred outbox_id=09d9a68d-3edc-4a50-987e-fd52d83c1ce0 command_id=a8249710ccdc9102b507f594236a939e97463d86e1b31fb5f7953f51be449e47 outcome=RETRYABLE cause=MQCLIENTEXCEPTION
2026-08-11T10:42:18.915+08:00 INFO  d.f.m.outbox.OutboxDispatcher request_id= idempotency_key= order_id= user_id= sku_id= payment_tx= - Outbox publication deferred outbox_id=5a2ef5eb-15b6-4666-a0e3-98c340bd625e command_id=472b6f0018eba174020657782eea67f4ff0eac38e0b4314a7cf45b8566f26f68 outcome=RETRYABLE cause=MQCLIENTEXCEPTION
2026-08-11T10:42:18.920+08:00 INFO  d.f.m.outbox.OutboxDispatcher request_id= idempotency_key= order_id= user_id= sku_id= payment_tx= - Outbox publication deferred outbox_id=1e008c3b-b940-49b5-835d-58968aa55686 command_id=5a42f170fd752a0c24d746594a657dcce9edf37e653f6e80e3192b632b1e7d2b outcome=RETRYABLE cause=MQCLIENTEXCEPTION
2026-08-11T10:42:19.044+08:00 INFO  d.f.m.outbox.OutboxDispatcher request_id= idempotency_key= order_id= user_id= sku_id= payment_tx= - Outbox publication deferred outbox_id=494aa6fb-2631-4022-8b16-037b715b8f1c command_id=3d87bca2fd43d80e45e6c9bb34523e08cc53831d548b9f683dcc898a1be0914c outcome=RETRYABLE cause=MQCLIENTEXCEPTION
2026-08-11T10:42:19.050+08:00 INFO  d.f.m.outbox.OutboxDispatcher request_id= idempotency_key= order_id= user_id= sku_id= payment_tx= - Outbox publication deferred outbox_id=56c79743-9e7b-428e-8c5f-ec7ea7b43f3e command_id=07a819013c452f7ac9355d066761a3f9011b6a880c8675f02db21bf290d4828a outcome=RETRYABLE cause=MQCLIENTEXCEPTION
2026-08-11T10:42:19.168+08:00 INFO  d.f.m.outbox.OutboxDispatcher request_id= idempotency_key= order_id= user_id= sku_id= payment_tx= - Outbox publication deferred outbox_id=822e6965-e616-461b-bc22-a5a8a3b07a7c command_id=17f9274e227c3e6e8235ce1f35a43200243e7bf62ceff9fd13a81bc164f9c73b outcome=RETRYABLE cause=MQCLIENTEXCEPTION
2026-08-11T10:42:19.170+08:00 INFO  d.f.m.outbox.OutboxDispatcher request_id= idempotency_key= order_id= user_id= sku_id= payment_tx= - Outbox publication deferred outbox_id=11afad7a-2929-4aaa-93d7-497f5737e97e command_id=95bf2266d2efcf9fb54d61a28f65d239a1fc26c591d42b4d3235671aa6c34141 outcome=RETRYABLE cause=MQCLIENTEXCEPTION
2026-08-11T10:42:19.172+08:00 INFO  d.f.m.outbox.OutboxDispatcher request_id= idempotency_key= order_id= user_id= sku_id= payment_tx= - Outbox publication deferred outbox_id=e285c430-f3ae-400c-9967-c25b532d809e command_id=ffd01a5cbdd7f8d22793821083bdfae8110a4b617e4e9cff5e58cf051bdb07cb outcome=RETRYABLE cause=MQCLIENTEXCEPTION
2026-08-11T10:42:19.174+08:00 INFO  d.f.m.outbox.OutboxDispatcher request_id= idempotency_key= order_id= user_id= sku_id= payment_tx= - Outbox publication deferred outbox_id=dbd4db92-3013-4211-a2ba-51ae0b7c22c8 command_id=25fec2070be6ae5bf9ff107f03f348df6ceb05e60ec22c26aada3e8c43fdf184 outcome=RETRYABLE cause=MQCLIENTEXCEPTION
2026-08-11T10:42:19.291+08:00 INFO  d.f.m.outbox.OutboxDispatcher request_id= idempotency_key= order_id= user_id= sku_id= payment_tx= - Outbox publication deferred outbox_id=1a464e13-fa89-4099-90d1-f6a810cbad11 command_id=8d870234b9e79b0d903440de7d93f1f9d2eed3883da58d597c932403918be3ea outcome=RETRYABLE cause=MQCLIENTEXCEPTION
2026-08-11T10:42:19.295+08:00 INFO  d.f.m.outbox.OutboxDispatcher request_id= idempotency_key= order_id= user_id= sku_id= payment_tx= - Outbox publication deferred outbox_id=9bb0e888-d150-42dc-83ac-aa660e9bdbe6 command_id=87c95d100ff88d56de0114f134f6bf61400769917ba55dfec3e00e8db3285618 outcome=RETRYABLE cause=MQCLIENTEXCEPTION
2026-08-11T10:42:19.298+08:00 INFO  d.f.m.outbox.OutboxDispatcher request_id= idempotency_key= order_id= user_id= sku_id= payment_tx= - Outbox publication deferred outbox_id=4921bf36-c1f5-45d3-bd3e-cb9fd8417e15 command_id=f848b09811bc483f2b0ab3282fb93e35edee237359942132abc499df35d63952 outcome=RETRYABLE cause=MQCLIENTEXCEPTION
2026-08-11T10:42:19.306+08:00 INFO  d.f.m.outbox.OutboxDispatcher request_id= idempotency_key= order_id= user_id= sku_id= payment_tx= - Outbox publication deferred outbox_id=09d9a68d-3edc-4a50-987e-fd52d83c1ce0 command_id=a8249710ccdc9102b507f594236a939e97463d86e1b31fb5f7953f51be449e47 outcome=RETRYABLE cause=MQCLIENTEXCEPTION
2026-08-11T10:42:20.012+08:00 INFO  d.f.m.outbox.OutboxDispatcher request_id= idempotency_key= order_id= user_id= sku_id= payment_tx= - Outbox publication deferred outbox_id=5a2ef5eb-15b6-4666-a0e3-98c340bd625e command_id=472b6f0018eba174020657782eea67f4ff0eac38e0b4314a7cf45b8566f26f68 outcome=RETRYABLE cause=MQCLIENTEXCEPTION
2026-08-11T10:42:20.030+08:00 INFO  d.f.m.outbox.OutboxDispatcher request_id= idempotency_key= order_id= user_id= sku_id= payment_tx= - Outbox publication deferred outbox_id=1e008c3b-b940-49b5-835d-58968aa55686 command_id=5a42f170fd752a0c24d746594a657dcce9edf37e653f6e80e3192b632b1e7d2b outcome=RETRYABLE cause=MQCLIENTEXCEPTION
2026-08-11T10:42:20.172+08:00 INFO  d.f.m.outbox.OutboxDispatcher request_id= idempotency_key= order_id= user_id= sku_id= payment_tx= - Outbox publication deferred outbox_id=494aa6fb-2631-4022-8b16-037b715b8f1c command_id=3d87bca2fd43d80e45e6c9bb34523e08cc53831d548b9f683dcc898a1be0914c outcome=RETRYABLE cause=MQCLIENTEXCEPTION
2026-08-11T10:42:20.198+08:00 INFO  d.f.m.outbox.OutboxDispatcher request_id= idempotency_key= order_id= user_id= sku_id= payment_tx= - Outbox publication deferred outbox_id=56c79743-9e7b-428e-8c5f-ec7ea7b43f3e command_id=07a819013c452f7ac9355d066761a3f9011b6a880c8675f02db21bf290d4828a outcome=RETRYABLE cause=MQCLIENTEXCEPTION
2026-08-11T10:42:20.336+08:00 INFO  d.f.m.outbox.OutboxDispatcher request_id= idempotency_key= order_id= user_id= sku_id= payment_tx= - Outbox publication deferred outbox_id=822e6965-e616-461b-bc22-a5a8a3b07a7c command_id=17f9274e227c3e6e8235ce1f35a43200243e7bf62ceff9fd13a81bc164f9c73b outcome=RETRYABLE cause=MQCLIENTEXCEPTION
2026-08-11T10:42:20.350+08:00 INFO  d.f.m.outbox.OutboxDispatcher request_id= idempotency_key= order_id= user_id= sku_id= payment_tx= - Outbox publication deferred outbox_id=11afad7a-2929-4aaa-93d7-497f5737e97e command_id=95bf2266d2efcf9fb54d61a28f65d239a1fc26c591d42b4d3235671aa6c34141 outcome=RETRYABLE cause=MQCLIENTEXCEPTION
2026-08-11T10:42:20.362+08:00 INFO  d.f.m.outbox.OutboxDispatcher request_id= idempotency_key= order_id= user_id= sku_id= payment_tx= - Outbox publication deferred outbox_id=e285c430-f3ae-400c-9967-c25b532d809e command_id=ffd01a5cbdd7f8d22793821083bdfae8110a4b617e4e9cff5e58cf051bdb07cb outcome=RETRYABLE cause=MQCLIENTEXCEPTION
2026-08-11T10:42:20.371+08:00 INFO  d.f.m.outbox.OutboxDispatcher request_id= idempotency_key= order_id= user_id= sku_id= payment_tx= - Outbox publication deferred outbox_id=dbd4db92-3013-4211-a2ba-51ae0b7c22c8 command_id=25fec2070be6ae5bf9ff107f03f348df6ceb05e60ec22c26aada3e8c43fdf184 outcome=RETRYABLE cause=MQCLIENTEXCEPTION
2026-08-11T10:42:20.515+08:00 INFO  d.f.m.outbox.OutboxDispatcher request_id= idempotency_key= order_id= user_id= sku_id= payment_tx= - Outbox publication deferred outbox_id=1a464e13-fa89-4099-90d1-f6a810cbad11 command_id=8d870234b9e79b0d903440de7d93f1f9d2eed3883da58d597c932403918be3ea outcome=RETRYABLE cause=MQCLIENTEXCEPTION
2026-08-11T10:42:20.530+08:00 INFO  d.f.m.outbox.OutboxDispatcher request_id= idempotency_key= order_id= user_id= sku_id= payment_tx= - Outbox publication deferred outbox_id=9bb0e888-d150-42dc-83ac-aa660e9bdbe6 command_id=87c95d100ff88d56de0114f134f6bf61400769917ba55dfec3e00e8db3285618 outcome=RETRYABLE cause=MQCLIENTEXCEPTION
2026-08-11T10:42:20.544+08:00 INFO  d.f.m.outbox.OutboxDispatcher request_id= idempotency_key= order_id= user_id= sku_id= payment_tx= - Outbox publication deferred outbox_id=4921bf36-c1f5-45d3-bd3e-cb9fd8417e15 command_id=f848b09811bc483f2b0ab3282fb93e35edee237359942132abc499df35d63952 outcome=RETRYABLE cause=MQCLIENTEXCEPTION
2026-08-11T10:42:20.565+08:00 INFO  d.f.m.outbox.OutboxDispatcher request_id= idempotency_key= order_id= user_id= sku_id= payment_tx= - Outbox publication deferred outbox_id=09d9a68d-3edc-4a50-987e-fd52d83c1ce0 command_id=a8249710ccdc9102b507f594236a939e97463d86e1b31fb5f7953f51be449e47 outcome=RETRYABLE cause=MQCLIENTEXCEPTION
2026-08-11T10:42:21.031+08:00 INFO  d.f.m.outbox.OutboxDispatcher request_id= idempotency_key= order_id= user_id= sku_id= payment_tx= - Outbox publication deferred outbox_id=5a2ef5eb-15b6-4666-a0e3-98c340bd625e command_id=472b6f0018eba174020657782eea67f4ff0eac38e0b4314a7cf45b8566f26f68 outcome=RETRYABLE cause=MQCLIENTEXCEPTION
2026-08-11T10:42:21.160+08:00 INFO  d.f.m.outbox.OutboxDispatcher request_id= idempotency_key= order_id= user_id= sku_id= payment_tx= - Outbox publication deferred outbox_id=1e008c3b-b940-49b5-835d-58968aa55686 command_id=5a42f170fd752a0c24d746594a657dcce9edf37e653f6e80e3192b632b1e7d2b outcome=RETRYABLE cause=MQCLIENTEXCEPTION
2026-08-11T10:42:21.275+08:00 INFO  d.f.m.outbox.OutboxDispatcher request_id= idempotency_key= order_id= user_id= sku_id= payment_tx= - Outbox publication deferred outbox_id=494aa6fb-2631-4022-8b16-037b715b8f1c command_id=3d87bca2fd43d80e45e6c9bb34523e08cc53831d548b9f683dcc898a1be0914c outcome=RETRYABLE cause=MQCLIENTEXCEPTION
2026-08-11T10:42:21.277+08:00 INFO  d.f.m.outbox.OutboxDispatcher request_id= idempotency_key= order_id= user_id= sku_id= payment_tx= - Outbox publication deferred outbox_id=56c79743-9e7b-428e-8c5f-ec7ea7b43f3e command_id=07a819013c452f7ac9355d066761a3f9011b6a880c8675f02db21bf290d4828a outcome=RETRYABLE cause=MQCLIENTEXCEPTION
2026-08-11T10:42:21.391+08:00 INFO  d.f.m.outbox.OutboxDispatcher request_id= idempotency_key= order_id= user_id= sku_id= payment_tx= - Outbox publication deferred outbox_id=822e6965-e616-461b-bc22-a5a8a3b07a7c command_id=17f9274e227c3e6e8235ce1f35a43200243e7bf62ceff9fd13a81bc164f9c73b outcome=RETRYABLE cause=MQCLIENTEXCEPTION
2026-08-11T10:42:21.394+08:00 INFO  d.f.m.outbox.OutboxDispatcher request_id= idempotency_key= order_id= user_id= sku_id= payment_tx= - Outbox publication deferred outbox_id=11afad7a-2929-4aaa-93d7-497f5737e97e command_id=95bf2266d2efcf9fb54d61a28f65d239a1fc26c591d42b4d3235671aa6c34141 outcome=RETRYABLE cause=MQCLIENTEXCEPTION
2026-08-11T10:42:21.396+08:00 INFO  d.f.m.outbox.OutboxDispatcher request_id= idempotency_key= order_id= user_id= sku_id= payment_tx= - Outbox publication deferred outbox_id=e285c430-f3ae-400c-9967-c25b532d809e command_id=ffd01a5cbdd7f8d22793821083bdfae8110a4b617e4e9cff5e58cf051bdb07cb outcome=RETRYABLE cause=MQCLIENTEXCEPTION
2026-08-11T10:42:21.398+08:00 INFO  d.f.m.outbox.OutboxDispatcher request_id= idempotency_key= order_id= user_id= sku_id= payment_tx= - Outbox publication deferred outbox_id=dbd4db92-3013-4211-a2ba-51ae0b7c22c8 command_id=25fec2070be6ae5bf9ff107f03f348df6ceb05e60ec22c26aada3e8c43fdf184 outcome=RETRYABLE cause=MQCLIENTEXCEPTION
2026-08-11T10:42:21.617+08:00 INFO  d.f.m.outbox.OutboxDispatcher request_id= idempotency_key= order_id= user_id= sku_id= payment_tx= - Outbox publication deferred outbox_id=1a464e13-fa89-4099-90d1-f6a810cbad11 command_id=8d870234b9e79b0d903440de7d93f1f9d2eed3883da58d597c932403918be3ea outcome=RETRYABLE cause=MQCLIENTEXCEPTION
2026-08-11T10:42:21.619+08:00 INFO  d.f.m.outbox.OutboxDispatcher request_id= idempotency_key= order_id= user_id= sku_id= payment_tx= - Outbox publication deferred outbox_id=9bb0e888-d150-42dc-83ac-aa660e9bdbe6 command_id=87c95d100ff88d56de0114f134f6bf61400769917ba55dfec3e00e8db3285618 outcome=RETRYABLE cause=MQCLIENTEXCEPTION
2026-08-11T10:42:21.622+08:00 INFO  d.f.m.outbox.OutboxDispatcher request_id= idempotency_key= order_id= user_id= sku_id= payment_tx= - Outbox publication deferred outbox_id=4921bf36-c1f5-45d3-bd3e-cb9fd8417e15 command_id=f848b09811bc483f2b0ab3282fb93e35edee237359942132abc499df35d63952 outcome=RETRYABLE cause=MQCLIENTEXCEPTION
2026-08-11T10:42:21.624+08:00 INFO  d.f.m.outbox.OutboxDispatcher request_id= idempotency_key= order_id= user_id= sku_id= payment_tx= - Outbox publication deferred outbox_id=09d9a68d-3edc-4a50-987e-fd52d83c1ce0 command_id=a8249710ccdc9102b507f594236a939e97463d86e1b31fb5f7953f51be449e47 outcome=RETRYABLE cause=MQCLIENTEXCEPTION
2026-08-11T10:42:22.063+08:00 INFO  d.f.m.outbox.OutboxDispatcher request_id= idempotency_key= order_id= user_id= sku_id= payment_tx= - Outbox publication deferred outbox_id=5a2ef5eb-15b6-4666-a0e3-98c340bd625e command_id=472b6f0018eba174020657782eea67f4ff0eac38e0b4314a7cf45b8566f26f68 outcome=RETRYABLE cause=MQCLIENTEXCEPTION
2026-08-11T10:42:22.174+08:00 INFO  d.f.m.outbox.OutboxDispatcher request_id= idempotency_key= order_id= user_id= sku_id= payment_tx= - Outbox publication deferred outbox_id=1e008c3b-b940-49b5-835d-58968aa55686 command_id=5a42f170fd752a0c24d746594a657dcce9edf37e653f6e80e3192b632b1e7d2b outcome=RETRYABLE cause=MQCLIENTEXCEPTION
2026-08-11T10:42:22.284+08:00 INFO  d.f.m.outbox.OutboxDispatcher request_id= idempotency_key= order_id= user_id= sku_id= payment_tx= - Outbox publication deferred outbox_id=494aa6fb-2631-4022-8b16-037b715b8f1c command_id=3d87bca2fd43d80e45e6c9bb34523e08cc53831d548b9f683dcc898a1be0914c outcome=RETRYABLE cause=MQCLIENTEXCEPTION
2026-08-11T10:42:22.286+08:00 INFO  d.f.m.outbox.OutboxDispatcher request_id= idempotency_key= order_id= user_id= sku_id= payment_tx= - Outbox publication deferred outbox_id=56c79743-9e7b-428e-8c5f-ec7ea7b43f3e command_id=07a819013c452f7ac9355d066761a3f9011b6a880c8675f02db21bf290d4828a outcome=RETRYABLE cause=MQCLIENTEXCEPTION
2026-08-11T10:42:22.400+08:00 INFO  d.f.m.outbox.OutboxDispatcher request_id= idempotency_key= order_id= user_id= sku_id= payment_tx= - Outbox publication deferred outbox_id=822e6965-e616-461b-bc22-a5a8a3b07a7c command_id=17f9274e227c3e6e8235ce1f35a43200243e7bf62ceff9fd13a81bc164f9c73b outcome=RETRYABLE cause=MQCLIENTEXCEPTION
2026-08-11T10:42:22.402+08:00 INFO  d.f.m.outbox.OutboxDispatcher request_id= idempotency_key= order_id= user_id= sku_id= payment_tx= - Outbox publication deferred outbox_id=11afad7a-2929-4aaa-93d7-497f5737e97e command_id=95bf2266d2efcf9fb54d61a28f65d239a1fc26c591d42b4d3235671aa6c34141 outcome=RETRYABLE cause=MQCLIENTEXCEPTION
2026-08-11T10:42:22.512+08:00 INFO  d.f.m.outbox.OutboxDispatcher request_id= idempotency_key= order_id= user_id= sku_id= payment_tx= - Outbox publication deferred outbox_id=e285c430-f3ae-400c-9967-c25b532d809e command_id=ffd01a5cbdd7f8d22793821083bdfae8110a4b617e4e9cff5e58cf051bdb07cb outcome=RETRYABLE cause=MQCLIENTEXCEPTION
2026-08-11T10:42:22.514+08:00 INFO  d.f.m.outbox.OutboxDispatcher request_id= idempotency_key= order_id= user_id= sku_id= payment_tx= - Outbox publication deferred outbox_id=dbd4db92-3013-4211-a2ba-51ae0b7c22c8 command_id=25fec2070be6ae5bf9ff107f03f348df6ceb05e60ec22c26aada3e8c43fdf184 outcome=RETRYABLE cause=MQCLIENTEXCEPTION
2026-08-11T10:42:22.628+08:00 INFO  d.f.m.outbox.OutboxDispatcher request_id= idempotency_key= order_id= user_id= sku_id= payment_tx= - Outbox publication deferred outbox_id=1a464e13-fa89-4099-90d1-f6a810cbad11 command_id=8d870234b9e79b0d903440de7d93f1f9d2eed3883da58d597c932403918be3ea outcome=RETRYABLE cause=MQCLIENTEXCEPTION
2026-08-11T10:42:22.630+08:00 INFO  d.f.m.outbox.OutboxDispatcher request_id= idempotency_key= order_id= user_id= sku_id= payment_tx= - Outbox publication deferred outbox_id=9bb0e888-d150-42dc-83ac-aa660e9bdbe6 command_id=87c95d100ff88d56de0114f134f6bf61400769917ba55dfec3e00e8db3285618 outcome=RETRYABLE cause=MQCLIENTEXCEPTION
2026-08-11T10:42:22.631+08:00 INFO  d.f.m.outbox.OutboxDispatcher request_id= idempotency_key= order_id= user_id= sku_id= payment_tx= - Outbox publication deferred outbox_id=4921bf36-c1f5-45d3-bd3e-cb9fd8417e15 command_id=f848b09811bc483f2b0ab3282fb93e35edee237359942132abc499df35d63952 outcome=RETRYABLE cause=MQCLIENTEXCEPTION
2026-08-11T10:42:22.745+08:00 INFO  d.f.m.outbox.OutboxDispatcher request_id= idempotency_key= order_id= user_id= sku_id= payment_tx= - Outbox publication deferred outbox_id=09d9a68d-3edc-4a50-987e-fd52d83c1ce0 command_id=a8249710ccdc9102b507f594236a939e97463d86e1b31fb5f7953f51be449e47 outcome=RETRYABLE cause=MQCLIENTEXCEPTION
2026-08-11T10:42:23.170+08:00 INFO  d.f.m.outbox.OutboxDispatcher request_id= idempotency_key= order_id= user_id= sku_id= payment_tx= - Outbox publication deferred outbox_id=5a2ef5eb-15b6-4666-a0e3-98c340bd625e command_id=472b6f0018eba174020657782eea67f4ff0eac38e0b4314a7cf45b8566f26f68 outcome=RETRYABLE cause=MQCLIENTEXCEPTION
2026-08-11T10:42:23.282+08:00 INFO  d.f.m.outbox.OutboxDispatcher request_id= idempotency_key= order_id= user_id= sku_id= payment_tx= - Outbox publication deferred outbox_id=1e008c3b-b940-49b5-835d-58968aa55686 command_id=5a42f170fd752a0c24d746594a657dcce9edf37e653f6e80e3192b632b1e7d2b outcome=RETRYABLE cause=MQCLIENTEXCEPTION
2026-08-11T10:42:23.394+08:00 INFO  d.f.m.outbox.OutboxDispatcher request_id= idempotency_key= order_id= user_id= sku_id= payment_tx= - Outbox publication deferred outbox_id=494aa6fb-2631-4022-8b16-037b715b8f1c command_id=3d87bca2fd43d80e45e6c9bb34523e08cc53831d548b9f683dcc898a1be0914c outcome=RETRYABLE cause=MQCLIENTEXCEPTION
2026-08-11T10:42:23.396+08:00 INFO  d.f.m.outbox.OutboxDispatcher request_id= idempotency_key= order_id= user_id= sku_id= payment_tx= - Outbox publication deferred outbox_id=56c79743-9e7b-428e-8c5f-ec7ea7b43f3e command_id=07a819013c452f7ac9355d066761a3f9011b6a880c8675f02db21bf290d4828a outcome=RETRYABLE cause=MQCLIENTEXCEPTION
2026-08-11T10:42:23.509+08:00 INFO  d.f.m.outbox.OutboxDispatcher request_id= idempotency_key= order_id= user_id= sku_id= payment_tx= - Outbox publication deferred outbox_id=822e6965-e616-461b-bc22-a5a8a3b07a7c command_id=17f9274e227c3e6e8235ce1f35a43200243e7bf62ceff9fd13a81bc164f9c73b outcome=RETRYABLE cause=MQCLIENTEXCEPTION
2026-08-11T10:42:23.511+08:00 INFO  d.f.m.outbox.OutboxDispatcher request_id= idempotency_key= order_id= user_id= sku_id= payment_tx= - Outbox publication deferred outbox_id=11afad7a-2929-4aaa-93d7-497f5737e97e command_id=95bf2266d2efcf9fb54d61a28f65d239a1fc26c591d42b4d3235671aa6c34141 outcome=RETRYABLE cause=MQCLIENTEXCEPTION
2026-08-11T10:42:23.624+08:00 INFO  d.f.m.outbox.OutboxDispatcher request_id= idempotency_key= order_id= user_id= sku_id= payment_tx= - Outbox publication deferred outbox_id=e285c430-f3ae-400c-9967-c25b532d809e command_id=ffd01a5cbdd7f8d22793821083bdfae8110a4b617e4e9cff5e58cf051bdb07cb outcome=RETRYABLE cause=MQCLIENTEXCEPTION
2026-08-11T10:42:23.628+08:00 INFO  d.f.m.outbox.OutboxDispatcher request_id= idempotency_key= order_id= user_id= sku_id= payment_tx= - Outbox publication deferred outbox_id=dbd4db92-3013-4211-a2ba-51ae0b7c22c8 command_id=25fec2070be6ae5bf9ff107f03f348df6ceb05e60ec22c26aada3e8c43fdf184 outcome=RETRYABLE cause=MQCLIENTEXCEPTION
2026-08-11T10:42:23.737+08:00 INFO  d.f.m.outbox.OutboxDispatcher request_id= idempotency_key= order_id= user_id= sku_id= payment_tx= - Outbox publication deferred outbox_id=1a464e13-fa89-4099-90d1-f6a810cbad11 command_id=8d870234b9e79b0d903440de7d93f1f9d2eed3883da58d597c932403918be3ea outcome=RETRYABLE cause=MQCLIENTEXCEPTION
2026-08-11T10:42:23.739+08:00 INFO  d.f.m.outbox.OutboxDispatcher request_id= idempotency_key= order_id= user_id= sku_id= payment_tx= - Outbox publication deferred outbox_id=9bb0e888-d150-42dc-83ac-aa660e9bdbe6 command_id=87c95d100ff88d56de0114f134f6bf61400769917ba55dfec3e00e8db3285618 outcome=RETRYABLE cause=MQCLIENTEXCEPTION
2026-08-11T10:42:23.742+08:00 INFO  d.f.m.outbox.OutboxDispatcher request_id= idempotency_key= order_id= user_id= sku_id= payment_tx= - Outbox publication deferred outbox_id=4921bf36-c1f5-45d3-bd3e-cb9fd8417e15 command_id=f848b09811bc483f2b0ab3282fb93e35edee237359942132abc499df35d63952 outcome=RETRYABLE cause=MQCLIENTEXCEPTION
2026-08-11T10:42:23.851+08:00 INFO  d.f.m.outbox.OutboxDispatcher request_id= idempotency_key= order_id= user_id= sku_id= payment_tx= - Outbox publication deferred outbox_id=09d9a68d-3edc-4a50-987e-fd52d83c1ce0 command_id=a8249710ccdc9102b507f594236a939e97463d86e1b31fb5f7953f51be449e47 outcome=RETRYABLE cause=MQCLIENTEXCEPTION
2026-08-11T10:42:24.174+08:00 INFO  d.f.m.outbox.OutboxDispatcher request_id= idempotency_key= order_id= user_id= sku_id= payment_tx= - Outbox publication deferred outbox_id=5a2ef5eb-15b6-4666-a0e3-98c340bd625e command_id=472b6f0018eba174020657782eea67f4ff0eac38e0b4314a7cf45b8566f26f68 outcome=RETRYABLE cause=MQCLIENTEXCEPTION
2026-08-11T10:42:24.392+08:00 INFO  d.f.m.outbox.OutboxDispatcher request_id= idempotency_key= order_id= user_id= sku_id= payment_tx= - Outbox publication deferred outbox_id=1e008c3b-b940-49b5-835d-58968aa55686 command_id=5a42f170fd752a0c24d746594a657dcce9edf37e653f6e80e3192b632b1e7d2b outcome=RETRYABLE cause=MQCLIENTEXCEPTION
2026-08-11T10:42:24.502+08:00 INFO  d.f.m.outbox.OutboxDispatcher request_id= idempotency_key= order_id= user_id= sku_id= payment_tx= - Outbox publication deferred outbox_id=494aa6fb-2631-4022-8b16-037b715b8f1c command_id=3d87bca2fd43d80e45e6c9bb34523e08cc53831d548b9f683dcc898a1be0914c outcome=RETRYABLE cause=MQCLIENTEXCEPTION
2026-08-11T10:42:24.506+08:00 INFO  d.f.m.outbox.OutboxDispatcher request_id= idempotency_key= order_id= user_id= sku_id= payment_tx= - Outbox publication deferred outbox_id=56c79743-9e7b-428e-8c5f-ec7ea7b43f3e command_id=07a819013c452f7ac9355d066761a3f9011b6a880c8675f02db21bf290d4828a outcome=RETRYABLE cause=MQCLIENTEXCEPTION
2026-08-11T10:42:24.618+08:00 INFO  d.f.m.outbox.OutboxDispatcher request_id= idempotency_key= order_id= user_id= sku_id= payment_tx= - Outbox publication deferred outbox_id=822e6965-e616-461b-bc22-a5a8a3b07a7c command_id=17f9274e227c3e6e8235ce1f35a43200243e7bf62ceff9fd13a81bc164f9c73b outcome=RETRYABLE cause=MQCLIENTEXCEPTION
2026-08-11T10:42:24.621+08:00 INFO  d.f.m.outbox.OutboxDispatcher request_id= idempotency_key= order_id= user_id= sku_id= payment_tx= - Outbox publication deferred outbox_id=11afad7a-2929-4aaa-93d7-497f5737e97e command_id=95bf2266d2efcf9fb54d61a28f65d239a1fc26c591d42b4d3235671aa6c34141 outcome=RETRYABLE cause=MQCLIENTEXCEPTION
2026-08-11T10:42:24.733+08:00 INFO  d.f.m.outbox.OutboxDispatcher request_id= idempotency_key= order_id= user_id= sku_id= payment_tx= - Outbox publication deferred outbox_id=e285c430-f3ae-400c-9967-c25b532d809e command_id=ffd01a5cbdd7f8d22793821083bdfae8110a4b617e4e9cff5e58cf051bdb07cb outcome=RETRYABLE cause=MQCLIENTEXCEPTION
2026-08-11T10:42:24.735+08:00 INFO  d.f.m.outbox.OutboxDispatcher request_id= idempotency_key= order_id= user_id= sku_id= payment_tx= - Outbox publication deferred outbox_id=dbd4db92-3013-4211-a2ba-51ae0b7c22c8 command_id=25fec2070be6ae5bf9ff107f03f348df6ceb05e60ec22c26aada3e8c43fdf184 outcome=RETRYABLE cause=MQCLIENTEXCEPTION
2026-08-11T10:42:24.851+08:00 INFO  d.f.m.outbox.OutboxDispatcher request_id= idempotency_key= order_id= user_id= sku_id= payment_tx= - Outbox publication deferred outbox_id=1a464e13-fa89-4099-90d1-f6a810cbad11 command_id=8d870234b9e79b0d903440de7d93f1f9d2eed3883da58d597c932403918be3ea outcome=RETRYABLE cause=MQCLIENTEXCEPTION
2026-08-11T10:42:24.853+08:00 INFO  d.f.m.outbox.OutboxDispatcher request_id= idempotency_key= order_id= user_id= sku_id= payment_tx= - Outbox publication deferred outbox_id=9bb0e888-d150-42dc-83ac-aa660e9bdbe6 command_id=87c95d100ff88d56de0114f134f6bf61400769917ba55dfec3e00e8db3285618 outcome=RETRYABLE cause=MQCLIENTEXCEPTION
2026-08-11T10:42:24.855+08:00 INFO  d.f.m.outbox.OutboxDispatcher request_id= idempotency_key= order_id= user_id= sku_id= payment_tx= - Outbox publication deferred outbox_id=4921bf36-c1f5-45d3-bd3e-cb9fd8417e15 command_id=f848b09811bc483f2b0ab3282fb93e35edee237359942132abc499df35d63952 outcome=RETRYABLE cause=MQCLIENTEXCEPTION
2026-08-11T10:42:24.966+08:00 INFO  d.f.m.outbox.OutboxDispatcher request_id= idempotency_key= order_id= user_id= sku_id= payment_tx= - Outbox publication deferred outbox_id=09d9a68d-3edc-4a50-987e-fd52d83c1ce0 command_id=a8249710ccdc9102b507f594236a939e97463d86e1b31fb5f7953f51be449e47 outcome=RETRYABLE cause=MQCLIENTEXCEPTION
2026-08-11T10:42:25.187+08:00 INFO  d.f.m.outbox.OutboxDispatcher request_id= idempotency_key= order_id= user_id= sku_id= payment_tx= - Outbox publication deferred outbox_id=5a2ef5eb-15b6-4666-a0e3-98c340bd625e command_id=472b6f0018eba174020657782eea67f4ff0eac38e0b4314a7cf45b8566f26f68 outcome=RETRYABLE cause=MQCLIENTEXCEPTION
2026-08-11T10:42:25.403+08:00 INFO  d.f.m.outbox.OutboxDispatcher request_id= idempotency_key= order_id= user_id= sku_id= payment_tx= - Outbox publication deferred outbox_id=1e008c3b-b940-49b5-835d-58968aa55686 command_id=5a42f170fd752a0c24d746594a657dcce9edf37e653f6e80e3192b632b1e7d2b outcome=RETRYABLE cause=MQCLIENTEXCEPTION
2026-08-11T10:42:25.514+08:00 INFO  d.f.m.outbox.OutboxDispatcher request_id= idempotency_key= order_id= user_id= sku_id= payment_tx= - Outbox publication deferred outbox_id=494aa6fb-2631-4022-8b16-037b715b8f1c command_id=3d87bca2fd43d80e45e6c9bb34523e08cc53831d548b9f683dcc898a1be0914c outcome=RETRYABLE cause=MQCLIENTEXCEPTION
2026-08-11T10:42:25.516+08:00 INFO  d.f.m.outbox.OutboxDispatcher request_id= idempotency_key= order_id= user_id= sku_id= payment_tx= - Outbox publication deferred outbox_id=56c79743-9e7b-428e-8c5f-ec7ea7b43f3e command_id=07a819013c452f7ac9355d066761a3f9011b6a880c8675f02db21bf290d4828a outcome=RETRYABLE cause=MQCLIENTEXCEPTION
2026-08-11T10:42:25.627+08:00 INFO  d.f.m.outbox.OutboxDispatcher request_id= idempotency_key= order_id= user_id= sku_id= payment_tx= - Outbox publication deferred outbox_id=822e6965-e616-461b-bc22-a5a8a3b07a7c command_id=17f9274e227c3e6e8235ce1f35a43200243e7bf62ceff9fd13a81bc164f9c73b outcome=RETRYABLE cause=MQCLIENTEXCEPTION
2026-08-11T10:42:25.630+08:00 INFO  d.f.m.outbox.OutboxDispatcher request_id= idempotency_key= order_id= user_id= sku_id= payment_tx= - Outbox publication deferred outbox_id=11afad7a-2929-4aaa-93d7-497f5737e97e command_id=95bf2266d2efcf9fb54d61a28f65d239a1fc26c591d42b4d3235671aa6c34141 outcome=RETRYABLE cause=MQCLIENTEXCEPTION
2026-08-11T10:42:25.741+08:00 INFO  d.f.m.outbox.OutboxDispatcher request_id= idempotency_key= order_id= user_id= sku_id= payment_tx= - Outbox publication deferred outbox_id=e285c430-f3ae-400c-9967-c25b532d809e command_id=ffd01a5cbdd7f8d22793821083bdfae8110a4b617e4e9cff5e58cf051bdb07cb outcome=RETRYABLE cause=MQCLIENTEXCEPTION
2026-08-11T10:42:25.745+08:00 INFO  d.f.m.outbox.OutboxDispatcher request_id= idempotency_key= order_id= user_id= sku_id= payment_tx= - Outbox publication deferred outbox_id=dbd4db92-3013-4211-a2ba-51ae0b7c22c8 command_id=25fec2070be6ae5bf9ff107f03f348df6ceb05e60ec22c26aada3e8c43fdf184 outcome=RETRYABLE cause=MQCLIENTEXCEPTION
2026-08-11T10:42:25.855+08:00 INFO  d.f.m.outbox.OutboxDispatcher request_id= idempotency_key= order_id= user_id= sku_id= payment_tx= - Outbox publication deferred outbox_id=1a464e13-fa89-4099-90d1-f6a810cbad11 command_id=8d870234b9e79b0d903440de7d93f1f9d2eed3883da58d597c932403918be3ea outcome=RETRYABLE cause=MQCLIENTEXCEPTION
2026-08-11T10:42:25.963+08:00 INFO  d.f.m.outbox.OutboxDispatcher request_id= idempotency_key= order_id= user_id= sku_id= payment_tx= - Outbox publication deferred outbox_id=9bb0e888-d150-42dc-83ac-aa660e9bdbe6 command_id=87c95d100ff88d56de0114f134f6bf61400769917ba55dfec3e00e8db3285618 outcome=RETRYABLE cause=MQCLIENTEXCEPTION
2026-08-11T10:42:25.965+08:00 INFO  d.f.m.outbox.OutboxDispatcher request_id= idempotency_key= order_id= user_id= sku_id= payment_tx= - Outbox publication deferred outbox_id=4921bf36-c1f5-45d3-bd3e-cb9fd8417e15 command_id=f848b09811bc483f2b0ab3282fb93e35edee237359942132abc499df35d63952 outcome=RETRYABLE cause=MQCLIENTEXCEPTION
2026-08-11T10:42:26.078+08:00 INFO  d.f.m.outbox.OutboxDispatcher request_id= idempotency_key= order_id= user_id= sku_id= payment_tx= - Outbox publication deferred outbox_id=09d9a68d-3edc-4a50-987e-fd52d83c1ce0 command_id=a8249710ccdc9102b507f594236a939e97463d86e1b31fb5f7953f51be449e47 outcome=RETRYABLE cause=MQCLIENTEXCEPTION
2026-08-11T10:42:26.293+08:00 INFO  d.f.m.outbox.OutboxDispatcher request_id= idempotency_key= order_id= user_id= sku_id= payment_tx= - Outbox publication deferred outbox_id=5a2ef5eb-15b6-4666-a0e3-98c340bd625e command_id=472b6f0018eba174020657782eea67f4ff0eac38e0b4314a7cf45b8566f26f68 outcome=RETRYABLE cause=MQCLIENTEXCEPTION
2026-08-11T10:42:26.509+08:00 INFO  d.f.m.outbox.OutboxDispatcher request_id= idempotency_key= order_id= user_id= sku_id= payment_tx= - Outbox publication deferred outbox_id=1e008c3b-b940-49b5-835d-58968aa55686 command_id=5a42f170fd752a0c24d746594a657dcce9edf37e653f6e80e3192b632b1e7d2b outcome=RETRYABLE cause=MQCLIENTEXCEPTION
2026-08-11T10:42:26.621+08:00 INFO  d.f.m.outbox.OutboxDispatcher request_id= idempotency_key= order_id= user_id= sku_id= payment_tx= - Outbox publication deferred outbox_id=494aa6fb-2631-4022-8b16-037b715b8f1c command_id=3d87bca2fd43d80e45e6c9bb34523e08cc53831d548b9f683dcc898a1be0914c outcome=RETRYABLE cause=MQCLIENTEXCEPTION
2026-08-11T10:42:26.624+08:00 INFO  d.f.m.outbox.OutboxDispatcher request_id= idempotency_key= order_id= user_id= sku_id= payment_tx= - Outbox publication deferred outbox_id=56c79743-9e7b-428e-8c5f-ec7ea7b43f3e command_id=07a819013c452f7ac9355d066761a3f9011b6a880c8675f02db21bf290d4828a outcome=RETRYABLE cause=MQCLIENTEXCEPTION
2026-08-11T10:42:26.736+08:00 INFO  d.f.m.outbox.OutboxDispatcher request_id= idempotency_key= order_id= user_id= sku_id= payment_tx= - Outbox publication deferred outbox_id=822e6965-e616-461b-bc22-a5a8a3b07a7c command_id=17f9274e227c3e6e8235ce1f35a43200243e7bf62ceff9fd13a81bc164f9c73b outcome=RETRYABLE cause=MQCLIENTEXCEPTION
2026-08-11T10:42:26.739+08:00 INFO  d.f.m.outbox.OutboxDispatcher request_id= idempotency_key= order_id= user_id= sku_id= payment_tx= - Outbox publication deferred outbox_id=11afad7a-2929-4aaa-93d7-497f5737e97e command_id=95bf2266d2efcf9fb54d61a28f65d239a1fc26c591d42b4d3235671aa6c34141 outcome=RETRYABLE cause=MQCLIENTEXCEPTION
2026-08-11T10:42:26.855+08:00 INFO  d.f.m.outbox.OutboxDispatcher request_id= idempotency_key= order_id= user_id= sku_id= payment_tx= - Outbox publication deferred outbox_id=e285c430-f3ae-400c-9967-c25b532d809e command_id=ffd01a5cbdd7f8d22793821083bdfae8110a4b617e4e9cff5e58cf051bdb07cb outcome=RETRYABLE cause=MQCLIENTEXCEPTION
2026-08-11T10:42:26.857+08:00 INFO  d.f.m.outbox.OutboxDispatcher request_id= idempotency_key= order_id= user_id= sku_id= payment_tx= - Outbox publication deferred outbox_id=dbd4db92-3013-4211-a2ba-51ae0b7c22c8 command_id=25fec2070be6ae5bf9ff107f03f348df6ceb05e60ec22c26aada3e8c43fdf184 outcome=RETRYABLE cause=MQCLIENTEXCEPTION
2026-08-11T10:42:26.967+08:00 INFO  d.f.m.outbox.OutboxDispatcher request_id= idempotency_key= order_id= user_id= sku_id= payment_tx= - Outbox publication deferred outbox_id=1a464e13-fa89-4099-90d1-f6a810cbad11 command_id=8d870234b9e79b0d903440de7d93f1f9d2eed3883da58d597c932403918be3ea outcome=RETRYABLE cause=MQCLIENTEXCEPTION
2026-08-11T10:42:27.078+08:00 INFO  d.f.m.outbox.OutboxDispatcher request_id= idempotency_key= order_id= user_id= sku_id= payment_tx= - Outbox publication deferred outbox_id=9bb0e888-d150-42dc-83ac-aa660e9bdbe6 command_id=87c95d100ff88d56de0114f134f6bf61400769917ba55dfec3e00e8db3285618 outcome=RETRYABLE cause=MQCLIENTEXCEPTION
2026-08-11T10:42:27.080+08:00 INFO  d.f.m.outbox.OutboxDispatcher request_id= idempotency_key= order_id= user_id= sku_id= payment_tx= - Outbox publication deferred outbox_id=4921bf36-c1f5-45d3-bd3e-cb9fd8417e15 command_id=f848b09811bc483f2b0ab3282fb93e35edee237359942132abc499df35d63952 outcome=RETRYABLE cause=MQCLIENTEXCEPTION
2026-08-11T10:42:27.191+08:00 INFO  d.f.m.outbox.OutboxDispatcher request_id= idempotency_key= order_id= user_id= sku_id= payment_tx= - Outbox publication deferred outbox_id=09d9a68d-3edc-4a50-987e-fd52d83c1ce0 command_id=a8249710ccdc9102b507f594236a939e97463d86e1b31fb5f7953f51be449e47 outcome=RETRYABLE cause=MQCLIENTEXCEPTION
2026-08-11T10:42:27.303+08:00 INFO  d.f.m.outbox.OutboxDispatcher request_id= idempotency_key= order_id= user_id= sku_id= payment_tx= - Outbox publication deferred outbox_id=5a2ef5eb-15b6-4666-a0e3-98c340bd625e command_id=472b6f0018eba174020657782eea67f4ff0eac38e0b4314a7cf45b8566f26f68 outcome=RETRYABLE cause=MQCLIENTEXCEPTION
2026-08-11T10:42:27.522+08:00 INFO  d.f.m.outbox.OutboxDispatcher request_id= idempotency_key= order_id= user_id= sku_id= payment_tx= - Outbox publication deferred outbox_id=1e008c3b-b940-49b5-835d-58968aa55686 command_id=5a42f170fd752a0c24d746594a657dcce9edf37e653f6e80e3192b632b1e7d2b outcome=RETRYABLE cause=MQCLIENTEXCEPTION
2026-08-11T10:42:27.634+08:00 INFO  d.f.m.outbox.OutboxDispatcher request_id= idempotency_key= order_id= user_id= sku_id= payment_tx= - Outbox publication deferred outbox_id=494aa6fb-2631-4022-8b16-037b715b8f1c command_id=3d87bca2fd43d80e45e6c9bb34523e08cc53831d548b9f683dcc898a1be0914c outcome=RETRYABLE cause=MQCLIENTEXCEPTION
2026-08-11T10:42:27.636+08:00 INFO  d.f.m.outbox.OutboxDispatcher request_id= idempotency_key= order_id= user_id= sku_id= payment_tx= - Outbox publication deferred outbox_id=56c79743-9e7b-428e-8c5f-ec7ea7b43f3e command_id=07a819013c452f7ac9355d066761a3f9011b6a880c8675f02db21bf290d4828a outcome=RETRYABLE cause=MQCLIENTEXCEPTION
2026-08-11T10:42:27.747+08:00 INFO  d.f.m.outbox.OutboxDispatcher request_id= idempotency_key= order_id= user_id= sku_id= payment_tx= - Outbox publication deferred outbox_id=822e6965-e616-461b-bc22-a5a8a3b07a7c command_id=17f9274e227c3e6e8235ce1f35a43200243e7bf62ceff9fd13a81bc164f9c73b outcome=RETRYABLE cause=MQCLIENTEXCEPTION
2026-08-11T10:42:27.749+08:00 INFO  d.f.m.outbox.OutboxDispatcher request_id= idempotency_key= order_id= user_id= sku_id= payment_tx= - Outbox publication deferred outbox_id=11afad7a-2929-4aaa-93d7-497f5737e97e command_id=95bf2266d2efcf9fb54d61a28f65d239a1fc26c591d42b4d3235671aa6c34141 outcome=RETRYABLE cause=MQCLIENTEXCEPTION
2026-08-11T10:42:27.859+08:00 INFO  d.f.m.outbox.OutboxDispatcher request_id= idempotency_key= order_id= user_id= sku_id= payment_tx= - Outbox publication deferred outbox_id=e285c430-f3ae-400c-9967-c25b532d809e command_id=ffd01a5cbdd7f8d22793821083bdfae8110a4b617e4e9cff5e58cf051bdb07cb outcome=RETRYABLE cause=MQCLIENTEXCEPTION
2026-08-11T10:42:27.969+08:00 INFO  d.f.m.outbox.OutboxDispatcher request_id= idempotency_key= order_id= user_id= sku_id= payment_tx= - Outbox publication deferred outbox_id=dbd4db92-3013-4211-a2ba-51ae0b7c22c8 command_id=25fec2070be6ae5bf9ff107f03f348df6ceb05e60ec22c26aada3e8c43fdf184 outcome=RETRYABLE cause=MQCLIENTEXCEPTION
2026-08-11T10:42:28.080+08:00 INFO  d.f.m.outbox.OutboxDispatcher request_id= idempotency_key= order_id= user_id= sku_id= payment_tx= - Outbox publication deferred outbox_id=1a464e13-fa89-4099-90d1-f6a810cbad11 command_id=8d870234b9e79b0d903440de7d93f1f9d2eed3883da58d597c932403918be3ea outcome=RETRYABLE cause=MQCLIENTEXCEPTION
2026-08-11T10:42:28.192+08:00 INFO  d.f.m.outbox.OutboxDispatcher request_id= idempotency_key= order_id= user_id= sku_id= payment_tx= - Outbox publication deferred outbox_id=9bb0e888-d150-42dc-83ac-aa660e9bdbe6 command_id=87c95d100ff88d56de0114f134f6bf61400769917ba55dfec3e00e8db3285618 outcome=RETRYABLE cause=MQCLIENTEXCEPTION
2026-08-11T10:42:28.195+08:00 INFO  d.f.m.outbox.OutboxDispatcher request_id= idempotency_key= order_id= user_id= sku_id= payment_tx= - Outbox publication deferred outbox_id=4921bf36-c1f5-45d3-bd3e-cb9fd8417e15 command_id=f848b09811bc483f2b0ab3282fb93e35edee237359942132abc499df35d63952 outcome=RETRYABLE cause=MQCLIENTEXCEPTION
2026-08-11T10:42:28.304+08:00 INFO  d.f.m.outbox.OutboxDispatcher request_id= idempotency_key= order_id= user_id= sku_id= payment_tx= - Outbox publication deferred outbox_id=09d9a68d-3edc-4a50-987e-fd52d83c1ce0 command_id=a8249710ccdc9102b507f594236a939e97463d86e1b31fb5f7953f51be449e47 outcome=RETRYABLE cause=MQCLIENTEXCEPTION
2026-08-11T10:42:28.416+08:00 INFO  d.f.m.outbox.OutboxDispatcher request_id= idempotency_key= order_id= user_id= sku_id= payment_tx= - Outbox publication deferred outbox_id=5a2ef5eb-15b6-4666-a0e3-98c340bd625e command_id=472b6f0018eba174020657782eea67f4ff0eac38e0b4314a7cf45b8566f26f68 outcome=RETRYABLE cause=MQCLIENTEXCEPTION
2026-08-11T10:42:28.632+08:00 INFO  d.f.m.outbox.OutboxDispatcher request_id= idempotency_key= order_id= user_id= sku_id= payment_tx= - Outbox publication deferred outbox_id=1e008c3b-b940-49b5-835d-58968aa55686 command_id=5a42f170fd752a0c24d746594a657dcce9edf37e653f6e80e3192b632b1e7d2b outcome=RETRYABLE cause=MQCLIENTEXCEPTION
2026-08-11T10:42:28.746+08:00 INFO  d.f.m.outbox.OutboxDispatcher request_id= idempotency_key= order_id= user_id= sku_id= payment_tx= - Outbox publication deferred outbox_id=494aa6fb-2631-4022-8b16-037b715b8f1c command_id=3d87bca2fd43d80e45e6c9bb34523e08cc53831d548b9f683dcc898a1be0914c outcome=RETRYABLE cause=MQCLIENTEXCEPTION
2026-08-11T10:42:28.749+08:00 INFO  d.f.m.outbox.OutboxDispatcher request_id= idempotency_key= order_id= user_id= sku_id= payment_tx= - Outbox publication deferred outbox_id=56c79743-9e7b-428e-8c5f-ec7ea7b43f3e command_id=07a819013c452f7ac9355d066761a3f9011b6a880c8675f02db21bf290d4828a outcome=RETRYABLE cause=MQCLIENTEXCEPTION
2026-08-11T10:42:28.868+08:00 INFO  d.f.m.outbox.OutboxDispatcher request_id= idempotency_key= order_id= user_id= sku_id= payment_tx= - Outbox publication deferred outbox_id=822e6965-e616-461b-bc22-a5a8a3b07a7c command_id=17f9274e227c3e6e8235ce1f35a43200243e7bf62ceff9fd13a81bc164f9c73b outcome=RETRYABLE cause=MQCLIENTEXCEPTION
2026-08-11T10:42:28.873+08:00 INFO  d.f.m.outbox.OutboxDispatcher request_id= idempotency_key= order_id= user_id= sku_id= payment_tx= - Outbox publication deferred outbox_id=11afad7a-2929-4aaa-93d7-497f5737e97e command_id=95bf2266d2efcf9fb54d61a28f65d239a1fc26c591d42b4d3235671aa6c34141 outcome=RETRYABLE cause=MQCLIENTEXCEPTION
2026-08-11T10:42:29.003+08:00 INFO  d.f.m.outbox.OutboxDispatcher request_id= idempotency_key= order_id= user_id= sku_id= payment_tx= - Outbox publication deferred outbox_id=e285c430-f3ae-400c-9967-c25b532d809e command_id=ffd01a5cbdd7f8d22793821083bdfae8110a4b617e4e9cff5e58cf051bdb07cb outcome=RETRYABLE cause=MQCLIENTEXCEPTION
2026-08-11T10:42:29.011+08:00 INFO  d.f.m.outbox.OutboxDispatcher request_id= idempotency_key= order_id= user_id= sku_id= payment_tx= - Outbox publication deferred outbox_id=dbd4db92-3013-4211-a2ba-51ae0b7c22c8 command_id=25fec2070be6ae5bf9ff107f03f348df6ceb05e60ec22c26aada3e8c43fdf184 outcome=RETRYABLE cause=MQCLIENTEXCEPTION
2026-08-11T10:42:29.141+08:00 INFO  d.f.m.outbox.OutboxDispatcher request_id= idempotency_key= order_id= user_id= sku_id= payment_tx= - Outbox publication outbox_id=1a464e13-fa89-4099-90d1-f6a810cbad11 command_id=8d870234b9e79b0d903440de7d93f1f9d2eed3883da58d597c932403918be3ea outcome=ACKNOWLEDGED
2026-08-11T10:42:29.263+08:00 INFO  d.f.m.outbox.OutboxDispatcher request_id= idempotency_key= order_id= user_id= sku_id= payment_tx= - Outbox publication outbox_id=9bb0e888-d150-42dc-83ac-aa660e9bdbe6 command_id=87c95d100ff88d56de0114f134f6bf61400769917ba55dfec3e00e8db3285618 outcome=ACKNOWLEDGED
2026-08-11T10:42:29.272+08:00 INFO  d.f.m.outbox.OutboxDispatcher request_id= idempotency_key= order_id= user_id= sku_id= payment_tx= - Outbox publication outbox_id=4921bf36-c1f5-45d3-bd3e-cb9fd8417e15 command_id=f848b09811bc483f2b0ab3282fb93e35edee237359942132abc499df35d63952 outcome=ACKNOWLEDGED
2026-08-11T10:42:29.387+08:00 INFO  d.f.m.outbox.OutboxDispatcher request_id= idempotency_key= order_id= user_id= sku_id= payment_tx= - Outbox publication outbox_id=09d9a68d-3edc-4a50-987e-fd52d83c1ce0 command_id=a8249710ccdc9102b507f594236a939e97463d86e1b31fb5f7953f51be449e47 outcome=ACKNOWLEDGED
2026-08-11T10:42:29.501+08:00 INFO  d.f.m.outbox.OutboxDispatcher request_id= idempotency_key= order_id= user_id= sku_id= payment_tx= - Outbox publication outbox_id=5a2ef5eb-15b6-4666-a0e3-98c340bd625e command_id=472b6f0018eba174020657782eea67f4ff0eac38e0b4314a7cf45b8566f26f68 outcome=ACKNOWLEDGED
2026-08-11T10:42:29.767+08:00 INFO  d.f.m.outbox.OutboxDispatcher request_id= idempotency_key= order_id= user_id= sku_id= payment_tx= - Outbox publication outbox_id=1e008c3b-b940-49b5-835d-58968aa55686 command_id=5a42f170fd752a0c24d746594a657dcce9edf37e653f6e80e3192b632b1e7d2b outcome=ACKNOWLEDGED
2026-08-11T10:42:29.770+08:00 INFO  d.f.m.outbox.OutboxDispatcher request_id= idempotency_key= order_id= user_id= sku_id= payment_tx= - Outbox publication outbox_id=494aa6fb-2631-4022-8b16-037b715b8f1c command_id=3d87bca2fd43d80e45e6c9bb34523e08cc53831d548b9f683dcc898a1be0914c outcome=ACKNOWLEDGED
2026-08-11T10:42:29.774+08:00 INFO  d.f.m.outbox.OutboxDispatcher request_id= idempotency_key= order_id= user_id= sku_id= payment_tx= - Outbox publication outbox_id=56c79743-9e7b-428e-8c5f-ec7ea7b43f3e command_id=07a819013c452f7ac9355d066761a3f9011b6a880c8675f02db21bf290d4828a outcome=ACKNOWLEDGED
2026-08-11T10:42:29.889+08:00 INFO  d.f.m.outbox.OutboxDispatcher request_id= idempotency_key= order_id= user_id= sku_id= payment_tx= - Outbox publication outbox_id=822e6965-e616-461b-bc22-a5a8a3b07a7c command_id=17f9274e227c3e6e8235ce1f35a43200243e7bf62ceff9fd13a81bc164f9c73b outcome=ACKNOWLEDGED
2026-08-11T10:42:29.892+08:00 INFO  d.f.m.outbox.OutboxDispatcher request_id= idempotency_key= order_id= user_id= sku_id= payment_tx= - Outbox publication outbox_id=11afad7a-2929-4aaa-93d7-497f5737e97e command_id=95bf2266d2efcf9fb54d61a28f65d239a1fc26c591d42b4d3235671aa6c34141 outcome=ACKNOWLEDGED
2026-08-11T10:42:30.121+08:00 INFO  d.f.m.outbox.OutboxDispatcher request_id= idempotency_key= order_id= user_id= sku_id= payment_tx= - Outbox publication outbox_id=e285c430-f3ae-400c-9967-c25b532d809e command_id=ffd01a5cbdd7f8d22793821083bdfae8110a4b617e4e9cff5e58cf051bdb07cb outcome=ACKNOWLEDGED
2026-08-11T10:42:30.128+08:00 INFO  d.f.m.outbox.OutboxDispatcher request_id= idempotency_key= order_id= user_id= sku_id= payment_tx= - Outbox publication outbox_id=dbd4db92-3013-4211-a2ba-51ae0b7c22c8 command_id=25fec2070be6ae5bf9ff107f03f348df6ceb05e60ec22c26aada3e8c43fdf184 outcome=ACKNOWLEDGED
2026-08-11T10:42:49.486+08:00 INFO  o.s.b.w.e.tomcat.GracefulShutdown request_id= idempotency_key= order_id= user_id= sku_id= payment_tx= - Commencing graceful shutdown. Waiting for active requests to complete
2026-08-11T10:42:51.490+08:00 INFO  o.s.b.w.e.tomcat.GracefulShutdown request_id= idempotency_key= order_id= user_id= sku_id= payment_tx= - Graceful shutdown complete
2026-08-11T10:42:51.491+08:00 ERROR org.apache.tomcat.util.net.Acceptor request_id= idempotency_key= order_id= user_id= sku_id= payment_tx= - Socket accept failed
java.nio.channels.AsynchronousCloseException: null
	at java.base/java.nio.channels.spi.AbstractInterruptibleChannel.end(AbstractInterruptibleChannel.java:218)
	at java.base/sun.nio.ch.ServerSocketChannelImpl.end(ServerSocketChannelImpl.java:372)
	at java.base/sun.nio.ch.ServerSocketChannelImpl.accept(ServerSocketChannelImpl.java:397)
	at org.apache.tomcat.util.net.NioEndpoint.serverSocketAccept(NioEndpoint.java:537)
	at org.apache.tomcat.util.net.NioEndpoint.serverSocketAccept(NioEndpoint.java:72)
	at org.apache.tomcat.util.net.Acceptor.run(Acceptor.java:127)
	at java.base/java.lang.Thread.run(Thread.java:1516)
2026-08-11T10:42:51.562+08:00 INFO  com.zaxxer.hikari.HikariDataSource request_id= idempotency_key= order_id= user_id= sku_id= payment_tx= - HikariPool-1 - Shutdown initiated...
2026-08-11T10:42:51.564+08:00 INFO  com.zaxxer.hikari.HikariDataSource request_id= idempotency_key= order_id= user_id= sku_id= payment_tx= - HikariPool-1 - Shutdown completed.
[INFO] Tests run: 1, Failures: 0, Errors: 0, Skipped: 0, Time elapsed: 55.98 s -- in dev.flashflow.V4OutboxBacklogDrainIntegrationTest
[INFO] Running dev.flashflow.V4OutboxProducerAckLossIntegrationTest
2026-08-11T10:42:51.576+08:00 INFO  o.s.t.c.s.AnnotationConfigContextLoaderUtils request_id= idempotency_key= order_id= user_id= sku_id= payment_tx= - Could not detect default configuration classes for test class [dev.flashflow.V4OutboxProducerAckLossIntegrationTest]: V4OutboxProducerAckLossIntegrationTest does not declare any static, non-private, non-final, nested classes annotated with @Configuration.
2026-08-11T10:42:51.577+08:00 INFO  o.s.b.t.c.SpringBootTestContextBootstrapper request_id= idempotency_key= order_id= user_id= sku_id= payment_tx= - Found @SpringBootConfiguration dev.flashflow.FlashFlowApplication for test class dev.flashflow.V4OutboxProducerAckLossIntegrationTest

  .   ____          _            __ _ _
 /\\ / ___'_ __ _ _(_)_ __  __ _ \ \ \ \
( ( )\___ | '_ | '_| | '_ \/ _` | \ \ \ \
 \\/  ___)| |_)| | | | | || (_| |  ) ) ) )
  '  |____| .__|_| |_|_| |_\__, | / / / /
 =========|_|==============|___/=/_/_/_/

 :: Spring Boot ::                (v3.5.5)

2026-08-11T10:42:51.612+08:00 INFO  d.f.V4OutboxProducerAckLossIntegrationTest request_id= idempotency_key= order_id= user_id= sku_id= payment_tx= - Starting V4OutboxProducerAckLossIntegrationTest using Java 26.0.2 with PID 69216 (started by yuzheng in /Users/yuzheng/Computeracy/Zhenkun26-GitHub/FlashFlow)
2026-08-11T10:42:51.612+08:00 INFO  d.f.V4OutboxProducerAckLossIntegrationTest request_id= idempotency_key= order_id= user_id= sku_id= payment_tx= - The following 1 profile is active: "test"
2026-08-11T10:42:51.750+08:00 INFO  o.s.d.r.c.RepositoryConfigurationDelegate request_id= idempotency_key= order_id= user_id= sku_id= payment_tx= - Multiple Spring Data modules found, entering strict repository configuration mode
2026-08-11T10:42:51.750+08:00 INFO  o.s.d.r.c.RepositoryConfigurationDelegate request_id= idempotency_key= order_id= user_id= sku_id= payment_tx= - Bootstrapping Spring Data Redis repositories in DEFAULT mode.
2026-08-11T10:42:51.756+08:00 INFO  o.s.d.r.c.RepositoryConfigurationDelegate request_id= idempotency_key= order_id= user_id= sku_id= payment_tx= - Finished Spring Data repository scanning in 5 ms. Found 0 Redis repository interfaces.
2026-08-11T10:42:51.779+08:00 INFO  o.s.b.w.e.tomcat.TomcatWebServer request_id= idempotency_key= order_id= user_id= sku_id= payment_tx= - Tomcat initialized with port 0 (http)
2026-08-11T10:42:51.780+08:00 INFO  o.a.catalina.core.StandardService request_id= idempotency_key= order_id= user_id= sku_id= payment_tx= - Starting service [Tomcat]
2026-08-11T10:42:51.780+08:00 INFO  o.a.catalina.core.StandardEngine request_id= idempotency_key= order_id= user_id= sku_id= payment_tx= - Starting Servlet engine: [Apache Tomcat/10.1.44]
2026-08-11T10:42:51.787+08:00 INFO  o.a.c.c.C.[Tomcat].[localhost].[/] request_id= idempotency_key= order_id= user_id= sku_id= payment_tx= - Initializing Spring embedded WebApplicationContext
2026-08-11T10:42:51.787+08:00 INFO  o.s.b.w.s.c.ServletWebServerApplicationContext request_id= idempotency_key= order_id= user_id= sku_id= payment_tx= - Root WebApplicationContext: initialization completed in 172 ms
Standard Commons Logging discovery in action with spring-jcl: please remove commons-logging.jar from classpath in order to avoid potential conflicts
2026-08-11T10:42:51.819+08:00 INFO  com.zaxxer.hikari.HikariDataSource request_id= idempotency_key= order_id= user_id= sku_id= payment_tx= - HikariPool-2 - Starting...
2026-08-11T10:42:51.831+08:00 INFO  com.zaxxer.hikari.pool.HikariPool request_id= idempotency_key= order_id= user_id= sku_id= payment_tx= - HikariPool-2 - Added connection com.mysql.cj.jdbc.ConnectionImpl@1145eb60
2026-08-11T10:42:51.831+08:00 INFO  com.zaxxer.hikari.HikariDataSource request_id= idempotency_key= order_id= user_id= sku_id= payment_tx= - HikariPool-2 - Start completed.
2026-08-11T10:42:51.835+08:00 INFO  org.flywaydb.core.FlywayExecutor request_id= idempotency_key= order_id= user_id= sku_id= payment_tx= - Database: jdbc:mysql://localhost:59611/flashflow (MySQL 8.4)
2026-08-11T10:42:51.840+08:00 WARN  o.f.c.i.database.base.Database request_id= idempotency_key= order_id= user_id= sku_id= payment_tx= - Flyway upgrade recommended: MySQL 8.4 is newer than this version of Flyway and support has not been tested. The latest supported version of MySQL is 8.1.
2026-08-11T10:42:51.849+08:00 INFO  o.f.core.internal.command.DbValidate request_id= idempotency_key= order_id= user_id= sku_id= payment_tx= - Successfully validated 4 migrations (execution time 00:00.006s)
2026-08-11T10:42:51.855+08:00 INFO  o.f.core.internal.command.DbMigrate request_id= idempotency_key= order_id= user_id= sku_id= payment_tx= - Current version of schema `flashflow`: 4
2026-08-11T10:42:51.855+08:00 INFO  o.f.core.internal.command.DbMigrate request_id= idempotency_key= order_id= user_id= sku_id= payment_tx= - Schema `flashflow` is up to date. No migration necessary.
2026-08-11T10:42:52.011+08:00 INFO  o.s.b.a.e.web.EndpointLinksResolver request_id= idempotency_key= order_id= user_id= sku_id= payment_tx= - Exposing 2 endpoints beneath base path '/actuator'
2026-08-11T10:42:52.017+08:00 INFO  o.s.b.w.e.tomcat.TomcatWebServer request_id= idempotency_key= order_id= user_id= sku_id= payment_tx= - Tomcat started on port 61793 (http) with context path '/'
2026-08-11T10:42:52.019+08:00 INFO  d.f.V4OutboxProducerAckLossIntegrationTest request_id= idempotency_key= order_id= user_id= sku_id= payment_tx= - Started V4OutboxProducerAckLossIntegrationTest in 0.44 seconds (process running for 56.638)
2026-08-11T10:42:54.066+08:00 INFO  o.a.c.c.C.[Tomcat].[localhost].[/] request_id= idempotency_key= order_id= user_id= sku_id= payment_tx= - Initializing Spring DispatcherServlet 'dispatcherServlet'
2026-08-11T10:42:54.066+08:00 INFO  o.s.web.servlet.DispatcherServlet request_id= idempotency_key= order_id= user_id= sku_id= payment_tx= - Initializing Servlet 'dispatcherServlet'
2026-08-11T10:42:54.067+08:00 INFO  o.s.web.servlet.DispatcherServlet request_id= idempotency_key= order_id= user_id= sku_id= payment_tx= - Completed initialization in 1 ms
2026-08-11T10:42:54.092+08:00 INFO  d.f.m.o.OutboxAsyncOrderApplicationService request_id=fca9aa3d-8747-4b38-bc0f-8cb2f25deffd idempotency_key=key-v4-ack-loss-e13fefea order_id= user_id=user-v4-ack-loss-e13fefea sku_id=sku-v4-ack-loss-e13fefea payment_tx= - Durable Outbox acceptance command_id=16aa490ffdfb5cdd8a21a8c7b239cfd039963d1e8aa832b198dc50a8780b23cf status=ACCEPTED
2026-08-11T10:42:54.148+08:00 WARN  d.f.m.outbox.OutboxDispatcher request_id= idempotency_key= order_id= user_id= sku_id= payment_tx= - Outbox dispatch poll failed cause=INJECTEDMESSAGINGFAULT
2026-08-11T10:42:58.225+08:00 INFO  d.f.m.outbox.OutboxDispatcher request_id= idempotency_key= order_id= user_id= sku_id= payment_tx= - Outbox publication outbox_id=ea68a7e1-2cea-40fe-a530-89c90c0a8274 command_id=16aa490ffdfb5cdd8a21a8c7b239cfd039963d1e8aa832b198dc50a8780b23cf outcome=ACKNOWLEDGED
2026-08-11T10:42:58.330+08:00 INFO  o.s.b.w.e.tomcat.GracefulShutdown request_id= idempotency_key= order_id= user_id= sku_id= payment_tx= - Commencing graceful shutdown. Waiting for active requests to complete
2026-08-11T10:43:00.335+08:00 INFO  o.s.b.w.e.tomcat.GracefulShutdown request_id= idempotency_key= order_id= user_id= sku_id= payment_tx= - Graceful shutdown complete
2026-08-11T10:43:00.335+08:00 ERROR org.apache.tomcat.util.net.Acceptor request_id= idempotency_key= order_id= user_id= sku_id= payment_tx= - Socket accept failed
java.nio.channels.AsynchronousCloseException: null
	at java.base/java.nio.channels.spi.AbstractInterruptibleChannel.end(AbstractInterruptibleChannel.java:218) ~[na:na]
	at java.base/sun.nio.ch.ServerSocketChannelImpl.end(ServerSocketChannelImpl.java:372) ~[na:na]
	at java.base/sun.nio.ch.ServerSocketChannelImpl.accept(ServerSocketChannelImpl.java:397) ~[na:na]
	at org.apache.tomcat.util.net.NioEndpoint.serverSocketAccept(NioEndpoint.java:537) ~[tomcat-embed-core-10.1.44.jar:10.1.44]
	at org.apache.tomcat.util.net.NioEndpoint.serverSocketAccept(NioEndpoint.java:72) ~[tomcat-embed-core-10.1.44.jar:10.1.44]
	at org.apache.tomcat.util.net.Acceptor.run(Acceptor.java:127) ~[tomcat-embed-core-10.1.44.jar:10.1.44]
	at java.base/java.lang.Thread.run(Thread.java:1516) ~[na:na]
2026-08-11T10:43:00.404+08:00 INFO  com.zaxxer.hikari.HikariDataSource request_id= idempotency_key= order_id= user_id= sku_id= payment_tx= - HikariPool-2 - Shutdown initiated...
2026-08-11T10:43:00.407+08:00 INFO  com.zaxxer.hikari.HikariDataSource request_id= idempotency_key= order_id= user_id= sku_id= payment_tx= - HikariPool-2 - Shutdown completed.
[INFO] Tests run: 1, Failures: 0, Errors: 0, Skipped: 0, Time elapsed: 8.837 s -- in dev.flashflow.V4OutboxProducerAckLossIntegrationTest
[INFO] Running dev.flashflow.V4OutboxRocketMqEndToEndIntegrationTest
2026-08-11T10:43:00.416+08:00 INFO  o.s.t.c.s.AnnotationConfigContextLoaderUtils request_id= idempotency_key= order_id= user_id= sku_id= payment_tx= - Could not detect default configuration classes for test class [dev.flashflow.V4OutboxRocketMqEndToEndIntegrationTest]: V4OutboxRocketMqEndToEndIntegrationTest does not declare any static, non-private, non-final, nested classes annotated with @Configuration.
2026-08-11T10:43:00.418+08:00 INFO  o.s.b.t.c.SpringBootTestContextBootstrapper request_id= idempotency_key= order_id= user_id= sku_id= payment_tx= - Found @SpringBootConfiguration dev.flashflow.FlashFlowApplication for test class dev.flashflow.V4OutboxRocketMqEndToEndIntegrationTest

  .   ____          _            __ _ _
 /\\ / ___'_ __ _ _(_)_ __  __ _ \ \ \ \
( ( )\___ | '_ | '_| | '_ \/ _` | \ \ \ \
 \\/  ___)| |_)| | | | | || (_| |  ) ) ) )
  '  |____| .__|_| |_|_| |_\__, | / / / /
 =========|_|==============|___/=/_/_/_/

 :: Spring Boot ::                (v3.5.5)

2026-08-11T10:43:00.436+08:00 INFO  d.f.V4OutboxRocketMqEndToEndIntegrationTest request_id= idempotency_key= order_id= user_id= sku_id= payment_tx= - Starting V4OutboxRocketMqEndToEndIntegrationTest using Java 26.0.2 with PID 69216 (started by yuzheng in /Users/yuzheng/Computeracy/Zhenkun26-GitHub/FlashFlow)
2026-08-11T10:43:00.436+08:00 INFO  d.f.V4OutboxRocketMqEndToEndIntegrationTest request_id= idempotency_key= order_id= user_id= sku_id= payment_tx= - The following 1 profile is active: "test"
2026-08-11T10:43:00.541+08:00 INFO  o.s.d.r.c.RepositoryConfigurationDelegate request_id= idempotency_key= order_id= user_id= sku_id= payment_tx= - Multiple Spring Data modules found, entering strict repository configuration mode
2026-08-11T10:43:00.541+08:00 INFO  o.s.d.r.c.RepositoryConfigurationDelegate request_id= idempotency_key= order_id= user_id= sku_id= payment_tx= - Bootstrapping Spring Data Redis repositories in DEFAULT mode.
2026-08-11T10:43:00.547+08:00 INFO  o.s.d.r.c.RepositoryConfigurationDelegate request_id= idempotency_key= order_id= user_id= sku_id= payment_tx= - Finished Spring Data repository scanning in 4 ms. Found 0 Redis repository interfaces.
2026-08-11T10:43:00.566+08:00 INFO  o.s.b.w.e.tomcat.TomcatWebServer request_id= idempotency_key= order_id= user_id= sku_id= payment_tx= - Tomcat initialized with port 0 (http)
2026-08-11T10:43:00.566+08:00 INFO  o.a.catalina.core.StandardService request_id= idempotency_key= order_id= user_id= sku_id= payment_tx= - Starting service [Tomcat]
2026-08-11T10:43:00.566+08:00 INFO  o.a.catalina.core.StandardEngine request_id= idempotency_key= order_id= user_id= sku_id= payment_tx= - Starting Servlet engine: [Apache Tomcat/10.1.44]
2026-08-11T10:43:00.573+08:00 INFO  o.a.c.c.C.[Tomcat].[localhost].[/] request_id= idempotency_key= order_id= user_id= sku_id= payment_tx= - Initializing Spring embedded WebApplicationContext
2026-08-11T10:43:00.574+08:00 INFO  o.s.b.w.s.c.ServletWebServerApplicationContext request_id= idempotency_key= order_id= user_id= sku_id= payment_tx= - Root WebApplicationContext: initialization completed in 137 ms
Standard Commons Logging discovery in action with spring-jcl: please remove commons-logging.jar from classpath in order to avoid potential conflicts
2026-08-11T10:43:00.608+08:00 INFO  com.zaxxer.hikari.HikariDataSource request_id= idempotency_key= order_id= user_id= sku_id= payment_tx= - HikariPool-3 - Starting...
2026-08-11T10:43:00.619+08:00 INFO  com.zaxxer.hikari.pool.HikariPool request_id= idempotency_key= order_id= user_id= sku_id= payment_tx= - HikariPool-3 - Added connection com.mysql.cj.jdbc.ConnectionImpl@263f26b3
2026-08-11T10:43:00.619+08:00 INFO  com.zaxxer.hikari.HikariDataSource request_id= idempotency_key= order_id= user_id= sku_id= payment_tx= - HikariPool-3 - Start completed.
2026-08-11T10:43:00.622+08:00 INFO  org.flywaydb.core.FlywayExecutor request_id= idempotency_key= order_id= user_id= sku_id= payment_tx= - Database: jdbc:mysql://localhost:59611/flashflow (MySQL 8.4)
2026-08-11T10:43:00.624+08:00 WARN  o.f.c.i.database.base.Database request_id= idempotency_key= order_id= user_id= sku_id= payment_tx= - Flyway upgrade recommended: MySQL 8.4 is newer than this version of Flyway and support has not been tested. The latest supported version of MySQL is 8.1.
2026-08-11T10:43:00.628+08:00 INFO  o.f.core.internal.command.DbValidate request_id= idempotency_key= order_id= user_id= sku_id= payment_tx= - Successfully validated 4 migrations (execution time 00:00.003s)
2026-08-11T10:43:00.631+08:00 INFO  o.f.core.internal.command.DbMigrate request_id= idempotency_key= order_id= user_id= sku_id= payment_tx= - Current version of schema `flashflow`: 4
2026-08-11T10:43:00.632+08:00 INFO  o.f.core.internal.command.DbMigrate request_id= idempotency_key= order_id= user_id= sku_id= payment_tx= - Schema `flashflow` is up to date. No migration necessary.
2026-08-11T10:43:00.737+08:00 INFO  o.s.b.a.e.web.EndpointLinksResolver request_id= idempotency_key= order_id= user_id= sku_id= payment_tx= - Exposing 2 endpoints beneath base path '/actuator'
2026-08-11T10:43:00.743+08:00 INFO  o.s.b.w.e.tomcat.TomcatWebServer request_id= idempotency_key= order_id= user_id= sku_id= payment_tx= - Tomcat started on port 61848 (http) with context path '/'
2026-08-11T10:43:00.745+08:00 INFO  d.f.V4OutboxRocketMqEndToEndIntegrationTest request_id= idempotency_key= order_id= user_id= sku_id= payment_tx= - Started V4OutboxRocketMqEndToEndIntegrationTest in 0.325 seconds (process running for 65.364)
2026-08-11T10:43:02.793+08:00 INFO  o.a.c.c.C.[Tomcat].[localhost].[/] request_id= idempotency_key= order_id= user_id= sku_id= payment_tx= - Initializing Spring DispatcherServlet 'dispatcherServlet'
2026-08-11T10:43:02.793+08:00 INFO  o.s.web.servlet.DispatcherServlet request_id= idempotency_key= order_id= user_id= sku_id= payment_tx= - Initializing Servlet 'dispatcherServlet'
2026-08-11T10:43:02.793+08:00 INFO  o.s.web.servlet.DispatcherServlet request_id= idempotency_key= order_id= user_id= sku_id= payment_tx= - Completed initialization in 0 ms
2026-08-11T10:43:02.813+08:00 INFO  d.f.m.o.OutboxAsyncOrderApplicationService request_id=6ea8c3a4-0a33-47e9-894a-c9d1f28aa77c idempotency_key=key-v4-1a04135e order_id= user_id=user-v4-1a04135e sku_id=sku-v4-1a04135e payment_tx= - Durable Outbox acceptance command_id=a52bda2ec6e4dfb51aa6ec600e9942ebaf8947fb016cd879d5159f0bd7e7e59d status=ACCEPTED
2026-08-11T10:43:02.898+08:00 INFO  d.f.m.outbox.OutboxDispatcher request_id= idempotency_key= order_id= user_id= sku_id= payment_tx= - Outbox publication outbox_id=646f79f3-7df0-422a-b873-362f37fd5fa8 command_id=a52bda2ec6e4dfb51aa6ec600e9942ebaf8947fb016cd879d5159f0bd7e7e59d outcome=ACKNOWLEDGED
2026-08-11T10:43:15.483+08:00 INFO  d.f.m.o.OutboxAsyncOrderApplicationService request_id=3fb3181d-70ad-4dab-a47a-424f74ca2cb3 idempotency_key=key-v4-outage-1a04135e order_id= user_id=user-v4-outage-1a04135e sku_id=sku-v4-outage-1a04135e payment_tx= - Durable Outbox acceptance command_id=22d0b24689d72d20861f7d568cf2d1a2921c43a8d347b3225e24bcd7182c0b3e status=ACCEPTED
2026-08-11T10:43:15.588+08:00 INFO  d.f.m.outbox.OutboxDispatcher request_id= idempotency_key= order_id= user_id= sku_id= payment_tx= - Outbox publication deferred outbox_id=c862d152-7e0f-458b-a517-b627260c780b command_id=22d0b24689d72d20861f7d568cf2d1a2921c43a8d347b3225e24bcd7182c0b3e outcome=RETRYABLE cause=MQCLIENTEXCEPTION
2026-08-11T10:43:15.705+08:00 INFO  d.f.m.outbox.OutboxDispatcher request_id= idempotency_key= order_id= user_id= sku_id= payment_tx= - Outbox publication deferred outbox_id=c862d152-7e0f-458b-a517-b627260c780b command_id=22d0b24689d72d20861f7d568cf2d1a2921c43a8d347b3225e24bcd7182c0b3e outcome=RETRYABLE cause=MQCLIENTEXCEPTION
2026-08-11T10:43:15.923+08:00 INFO  d.f.m.outbox.OutboxDispatcher request_id= idempotency_key= order_id= user_id= sku_id= payment_tx= - Outbox publication deferred outbox_id=c862d152-7e0f-458b-a517-b627260c780b command_id=22d0b24689d72d20861f7d568cf2d1a2921c43a8d347b3225e24bcd7182c0b3e outcome=RETRYABLE cause=MQCLIENTEXCEPTION
2026-08-11T10:43:16.359+08:00 INFO  d.f.m.outbox.OutboxDispatcher request_id= idempotency_key= order_id= user_id= sku_id= payment_tx= - Outbox publication deferred outbox_id=c862d152-7e0f-458b-a517-b627260c780b command_id=22d0b24689d72d20861f7d568cf2d1a2921c43a8d347b3225e24bcd7182c0b3e outcome=RETRYABLE cause=MQCLIENTEXCEPTION
2026-08-11T10:43:17.217+08:00 INFO  d.f.m.outbox.OutboxDispatcher request_id= idempotency_key= order_id= user_id= sku_id= payment_tx= - Outbox publication deferred outbox_id=c862d152-7e0f-458b-a517-b627260c780b command_id=22d0b24689d72d20861f7d568cf2d1a2921c43a8d347b3225e24bcd7182c0b3e outcome=RETRYABLE cause=MQCLIENTEXCEPTION
2026-08-11T10:43:18.294+08:00 INFO  d.f.m.outbox.OutboxDispatcher request_id= idempotency_key= order_id= user_id= sku_id= payment_tx= - Outbox publication outbox_id=c862d152-7e0f-458b-a517-b627260c780b command_id=22d0b24689d72d20861f7d568cf2d1a2921c43a8d347b3225e24bcd7182c0b3e outcome=ACKNOWLEDGED
2026-08-11T10:43:19.315+08:00 INFO  o.s.b.w.e.tomcat.GracefulShutdown request_id= idempotency_key= order_id= user_id= sku_id= payment_tx= - Commencing graceful shutdown. Waiting for active requests to complete
2026-08-11T10:43:21.320+08:00 INFO  o.s.b.w.e.tomcat.GracefulShutdown request_id= idempotency_key= order_id= user_id= sku_id= payment_tx= - Graceful shutdown complete
2026-08-11T10:43:21.320+08:00 ERROR org.apache.tomcat.util.net.Acceptor request_id= idempotency_key= order_id= user_id= sku_id= payment_tx= - Socket accept failed
java.nio.channels.AsynchronousCloseException: null
	at java.base/java.nio.channels.spi.AbstractInterruptibleChannel.end(AbstractInterruptibleChannel.java:218) ~[na:na]
	at java.base/sun.nio.ch.ServerSocketChannelImpl.end(ServerSocketChannelImpl.java:372) ~[na:na]
	at java.base/sun.nio.ch.ServerSocketChannelImpl.accept(ServerSocketChannelImpl.java:397) ~[na:na]
	at org.apache.tomcat.util.net.NioEndpoint.serverSocketAccept(NioEndpoint.java:537) ~[tomcat-embed-core-10.1.44.jar:10.1.44]
	at org.apache.tomcat.util.net.NioEndpoint.serverSocketAccept(NioEndpoint.java:72) ~[tomcat-embed-core-10.1.44.jar:10.1.44]
	at org.apache.tomcat.util.net.Acceptor.run(Acceptor.java:127) ~[tomcat-embed-core-10.1.44.jar:10.1.44]
	at java.base/java.lang.Thread.run(Thread.java:1516) ~[na:na]
2026-08-11T10:43:24.372+08:00 INFO  com.zaxxer.hikari.HikariDataSource request_id= idempotency_key= order_id= user_id= sku_id= payment_tx= - HikariPool-3 - Shutdown initiated...
2026-08-11T10:43:24.373+08:00 INFO  com.zaxxer.hikari.HikariDataSource request_id= idempotency_key= order_id= user_id= sku_id= payment_tx= - HikariPool-3 - Shutdown completed.
[INFO] Tests run: 2, Failures: 0, Errors: 0, Skipped: 0, Time elapsed: 23.96 s -- in dev.flashflow.V4OutboxRocketMqEndToEndIntegrationTest
[INFO] Running dev.flashflow.V4OutboxConcurrentRedeliveryIntegrationTest
2026-08-11T10:43:24.377+08:00 INFO  o.s.t.c.s.AnnotationConfigContextLoaderUtils request_id= idempotency_key= order_id= user_id= sku_id= payment_tx= - Could not detect default configuration classes for test class [dev.flashflow.V4OutboxConcurrentRedeliveryIntegrationTest]: V4OutboxConcurrentRedeliveryIntegrationTest does not declare any static, non-private, non-final, nested classes annotated with @Configuration.
2026-08-11T10:43:24.377+08:00 INFO  o.s.b.t.c.SpringBootTestContextBootstrapper request_id= idempotency_key= order_id= user_id= sku_id= payment_tx= - Found @SpringBootConfiguration dev.flashflow.FlashFlowApplication for test class dev.flashflow.V4OutboxConcurrentRedeliveryIntegrationTest

  .   ____          _            __ _ _
 /\\ / ___'_ __ _ _(_)_ __  __ _ \ \ \ \
( ( )\___ | '_ | '_| | '_ \/ _` | \ \ \ \
 \\/  ___)| |_)| | | | | || (_| |  ) ) ) )
  '  |____| .__|_| |_|_| |_\__, | / / / /
 =========|_|==============|___/=/_/_/_/

 :: Spring Boot ::                (v3.5.5)

2026-08-11T10:43:24.390+08:00 INFO  d.f.V4OutboxConcurrentRedeliveryIntegrationTest request_id= idempotency_key= order_id= user_id= sku_id= payment_tx= - Starting V4OutboxConcurrentRedeliveryIntegrationTest using Java 26.0.2 with PID 69216 (started by yuzheng in /Users/yuzheng/Computeracy/Zhenkun26-GitHub/FlashFlow)
2026-08-11T10:43:24.390+08:00 INFO  d.f.V4OutboxConcurrentRedeliveryIntegrationTest request_id= idempotency_key= order_id= user_id= sku_id= payment_tx= - The following 1 profile is active: "test"
2026-08-11T10:43:24.486+08:00 INFO  o.s.d.r.c.RepositoryConfigurationDelegate request_id= idempotency_key= order_id= user_id= sku_id= payment_tx= - Multiple Spring Data modules found, entering strict repository configuration mode
2026-08-11T10:43:24.486+08:00 INFO  o.s.d.r.c.RepositoryConfigurationDelegate request_id= idempotency_key= order_id= user_id= sku_id= payment_tx= - Bootstrapping Spring Data Redis repositories in DEFAULT mode.
2026-08-11T10:43:24.490+08:00 INFO  o.s.d.r.c.RepositoryConfigurationDelegate request_id= idempotency_key= order_id= user_id= sku_id= payment_tx= - Finished Spring Data repository scanning in 3 ms. Found 0 Redis repository interfaces.
2026-08-11T10:43:24.505+08:00 INFO  o.s.b.w.e.tomcat.TomcatWebServer request_id= idempotency_key= order_id= user_id= sku_id= payment_tx= - Tomcat initialized with port 0 (http)
2026-08-11T10:43:24.506+08:00 INFO  o.a.catalina.core.StandardService request_id= idempotency_key= order_id= user_id= sku_id= payment_tx= - Starting service [Tomcat]
2026-08-11T10:43:24.506+08:00 INFO  o.a.catalina.core.StandardEngine request_id= idempotency_key= order_id= user_id= sku_id= payment_tx= - Starting Servlet engine: [Apache Tomcat/10.1.44]
2026-08-11T10:43:24.511+08:00 INFO  o.a.c.c.C.[Tomcat].[localhost].[/] request_id= idempotency_key= order_id= user_id= sku_id= payment_tx= - Initializing Spring embedded WebApplicationContext
2026-08-11T10:43:24.511+08:00 INFO  o.s.b.w.s.c.ServletWebServerApplicationContext request_id= idempotency_key= order_id= user_id= sku_id= payment_tx= - Root WebApplicationContext: initialization completed in 121 ms
Standard Commons Logging discovery in action with spring-jcl: please remove commons-logging.jar from classpath in order to avoid potential conflicts
2026-08-11T10:43:24.542+08:00 INFO  com.zaxxer.hikari.HikariDataSource request_id= idempotency_key= order_id= user_id= sku_id= payment_tx= - HikariPool-4 - Starting...
2026-08-11T10:43:24.549+08:00 INFO  com.zaxxer.hikari.pool.HikariPool request_id= idempotency_key= order_id= user_id= sku_id= payment_tx= - HikariPool-4 - Added connection com.mysql.cj.jdbc.ConnectionImpl@668d631d
2026-08-11T10:43:24.549+08:00 INFO  com.zaxxer.hikari.HikariDataSource request_id= idempotency_key= order_id= user_id= sku_id= payment_tx= - HikariPool-4 - Start completed.
2026-08-11T10:43:24.551+08:00 INFO  org.flywaydb.core.FlywayExecutor request_id= idempotency_key= order_id= user_id= sku_id= payment_tx= - Database: jdbc:mysql://localhost:59611/flashflow (MySQL 8.4)
2026-08-11T10:43:24.553+08:00 WARN  o.f.c.i.database.base.Database request_id= idempotency_key= order_id= user_id= sku_id= payment_tx= - Flyway upgrade recommended: MySQL 8.4 is newer than this version of Flyway and support has not been tested. The latest supported version of MySQL is 8.1.
2026-08-11T10:43:24.560+08:00 INFO  o.f.core.internal.command.DbValidate request_id= idempotency_key= order_id= user_id= sku_id= payment_tx= - Successfully validated 4 migrations (execution time 00:00.006s)
2026-08-11T10:43:24.564+08:00 INFO  o.f.core.internal.command.DbMigrate request_id= idempotency_key= order_id= user_id= sku_id= payment_tx= - Current version of schema `flashflow`: 4
2026-08-11T10:43:24.564+08:00 INFO  o.f.core.internal.command.DbMigrate request_id= idempotency_key= order_id= user_id= sku_id= payment_tx= - Schema `flashflow` is up to date. No migration necessary.
2026-08-11T10:43:24.664+08:00 INFO  o.s.b.a.e.web.EndpointLinksResolver request_id= idempotency_key= order_id= user_id= sku_id= payment_tx= - Exposing 2 endpoints beneath base path '/actuator'
2026-08-11T10:43:24.672+08:00 INFO  o.s.b.w.e.tomcat.TomcatWebServer request_id= idempotency_key= order_id= user_id= sku_id= payment_tx= - Tomcat started on port 61972 (http) with context path '/'
2026-08-11T10:43:24.675+08:00 INFO  d.f.V4OutboxConcurrentRedeliveryIntegrationTest request_id= idempotency_key= order_id= user_id= sku_id= payment_tx= - Started V4OutboxConcurrentRedeliveryIntegrationTest in 0.296 seconds (process running for 89.294)
2026-08-11T10:43:26.714+08:00 INFO  o.a.c.c.C.[Tomcat].[localhost].[/] request_id= idempotency_key= order_id= user_id= sku_id= payment_tx= - Initializing Spring DispatcherServlet 'dispatcherServlet'
2026-08-11T10:43:26.714+08:00 INFO  o.s.web.servlet.DispatcherServlet request_id= idempotency_key= order_id= user_id= sku_id= payment_tx= - Initializing Servlet 'dispatcherServlet'
2026-08-11T10:43:26.715+08:00 INFO  o.s.web.servlet.DispatcherServlet request_id= idempotency_key= order_id= user_id= sku_id= payment_tx= - Completed initialization in 1 ms
2026-08-11T10:43:26.727+08:00 INFO  d.f.m.o.OutboxAsyncOrderApplicationService request_id=2db145e8-aef9-45c5-b92a-2a6f85179bbb idempotency_key=key-0c31f28e-0 order_id= user_id=user-0c31f28e-0 sku_id=sku-v4-concurrent-0c31f28e payment_tx= - Durable Outbox acceptance command_id=cb7dae9003ff18d8e4cd3c1ddbf0f246ac6cef21d11db4316fcad6505eca0f2b status=ACCEPTED
2026-08-11T10:43:26.738+08:00 INFO  d.f.m.o.OutboxAsyncOrderApplicationService request_id=f9c5bd15-a3ad-401a-9fc9-e63612eaa650 idempotency_key=key-0c31f28e-1 order_id= user_id=user-0c31f28e-1 sku_id=sku-v4-concurrent-0c31f28e payment_tx= - Durable Outbox acceptance command_id=4ea9a1a599baa26b9129802559c26d88cc7707477198d53630c77c417f7e2488 status=ACCEPTED
2026-08-11T10:43:26.750+08:00 INFO  d.f.m.o.OutboxAsyncOrderApplicationService request_id=718a6edd-bc00-4394-b41f-37190ac6dcea idempotency_key=key-0c31f28e-2 order_id= user_id=user-0c31f28e-2 sku_id=sku-v4-concurrent-0c31f28e payment_tx= - Durable Outbox acceptance command_id=ad1e79339dbe8a11d59f42e7b4329d6db24fc0ee199d1b7c7478273e8f0f8a42 status=ACCEPTED
2026-08-11T10:43:26.759+08:00 INFO  d.f.m.o.OutboxAsyncOrderApplicationService request_id=bf5b6608-0c5b-4796-8543-1310e750a2ca idempotency_key=key-0c31f28e-3 order_id= user_id=user-0c31f28e-3 sku_id=sku-v4-concurrent-0c31f28e payment_tx= - Durable Outbox acceptance command_id=40191030aca9420fc00478d367bc91c4eb41de14d06008e041713a7324a45d33 status=ACCEPTED
2026-08-11T10:43:26.768+08:00 INFO  d.f.m.o.OutboxAsyncOrderApplicationService request_id=243372ef-6b3d-4ee4-8212-50222587cdb7 idempotency_key=key-0c31f28e-4 order_id= user_id=user-0c31f28e-4 sku_id=sku-v4-concurrent-0c31f28e payment_tx= - Durable Outbox acceptance command_id=be40d06b555d098cb4f3981e11155a9371f4da8ac1a97a75cdc2c38dff435f07 status=ACCEPTED
2026-08-11T10:43:26.776+08:00 INFO  d.f.m.o.OutboxAsyncOrderApplicationService request_id=3b6bbef0-1e21-4aa3-ac1c-e95cf1f75b9d idempotency_key=key-0c31f28e-5 order_id= user_id=user-0c31f28e-5 sku_id=sku-v4-concurrent-0c31f28e payment_tx= - Durable Outbox acceptance command_id=0c9b33be5f036b783d2f912fc7d4a96af18997fed87ebb06dae94828da65fedd status=ACCEPTED
2026-08-11T10:43:26.784+08:00 INFO  d.f.m.o.OutboxAsyncOrderApplicationService request_id=dfc8b472-6489-438a-b662-0f28af62ef26 idempotency_key=key-0c31f28e-6 order_id= user_id=user-0c31f28e-6 sku_id=sku-v4-concurrent-0c31f28e payment_tx= - Durable Outbox acceptance command_id=0538062b9c27b57670dbbf7569c986d9518e2c1cb1c5d6ab26bcab74c427a466 status=ACCEPTED
2026-08-11T10:43:26.792+08:00 INFO  d.f.m.o.OutboxAsyncOrderApplicationService request_id=a757479c-780a-4c58-a7ba-796d01879fbe idempotency_key=key-0c31f28e-7 order_id= user_id=user-0c31f28e-7 sku_id=sku-v4-concurrent-0c31f28e payment_tx= - Durable Outbox acceptance command_id=3673f7bfa633dae9dad643d0d50740a1496783be53d8fc1c85d7316b5907326e status=ACCEPTED
2026-08-11T10:43:26.808+08:00 INFO  d.f.m.outbox.OutboxDispatcher request_id= idempotency_key= order_id= user_id= sku_id= payment_tx= - Outbox publication deferred outbox_id=e88c0fb3-4639-422e-a88a-f8bde6239001 command_id=cb7dae9003ff18d8e4cd3c1ddbf0f246ac6cef21d11db4316fcad6505eca0f2b outcome=RETRYABLE cause=MQCLIENTEXCEPTION
2026-08-11T10:43:26.809+08:00 INFO  d.f.m.outbox.OutboxDispatcher request_id= idempotency_key= order_id= user_id= sku_id= payment_tx= - Outbox publication deferred outbox_id=2fab6f73-9b00-4c05-b7ca-c26a7afe4baf command_id=4ea9a1a599baa26b9129802559c26d88cc7707477198d53630c77c417f7e2488 outcome=RETRYABLE cause=MQCLIENTEXCEPTION
2026-08-11T10:43:26.810+08:00 INFO  d.f.m.outbox.OutboxDispatcher request_id= idempotency_key= order_id= user_id= sku_id= payment_tx= - Outbox publication deferred outbox_id=fb700f30-c023-4b81-a7a4-ddca5118e5d2 command_id=40191030aca9420fc00478d367bc91c4eb41de14d06008e041713a7324a45d33 outcome=RETRYABLE cause=MQCLIENTEXCEPTION
2026-08-11T10:43:26.811+08:00 INFO  d.f.m.outbox.OutboxDispatcher request_id= idempotency_key= order_id= user_id= sku_id= payment_tx= - Outbox publication deferred outbox_id=832cc391-2b73-4060-a1e4-dc49f22e657b command_id=ad1e79339dbe8a11d59f42e7b4329d6db24fc0ee199d1b7c7478273e8f0f8a42 outcome=RETRYABLE cause=MQCLIENTEXCEPTION
2026-08-11T10:43:26.813+08:00 INFO  d.f.m.outbox.OutboxDispatcher request_id= idempotency_key= order_id= user_id= sku_id= payment_tx= - Outbox publication deferred outbox_id=8c3e79ce-08e1-4b6d-82dc-ddf08684cc67 command_id=be40d06b555d098cb4f3981e11155a9371f4da8ac1a97a75cdc2c38dff435f07 outcome=RETRYABLE cause=MQCLIENTEXCEPTION
2026-08-11T10:43:26.983+08:00 INFO  d.f.m.outbox.OutboxDispatcher request_id= idempotency_key= order_id= user_id= sku_id= payment_tx= - Outbox publication deferred outbox_id=08c7f2cb-5983-4fbb-a790-aebc9b51239a command_id=0c9b33be5f036b783d2f912fc7d4a96af18997fed87ebb06dae94828da65fedd outcome=RETRYABLE cause=MQCLIENTEXCEPTION
2026-08-11T10:43:26.986+08:00 INFO  d.f.m.outbox.OutboxDispatcher request_id= idempotency_key= order_id= user_id= sku_id= payment_tx= - Outbox publication deferred outbox_id=40a919c4-8655-478c-92e7-79c5a41e1164 command_id=0538062b9c27b57670dbbf7569c986d9518e2c1cb1c5d6ab26bcab74c427a466 outcome=RETRYABLE cause=MQCLIENTEXCEPTION
2026-08-11T10:43:27.258+08:00 INFO  d.f.m.outbox.OutboxDispatcher request_id= idempotency_key= order_id= user_id= sku_id= payment_tx= - Outbox publication deferred outbox_id=f0799905-f336-4f09-b2d4-63d7daf42f02 command_id=3673f7bfa633dae9dad643d0d50740a1496783be53d8fc1c85d7316b5907326e outcome=RETRYABLE cause=MQCLIENTEXCEPTION
2026-08-11T10:43:27.263+08:00 INFO  d.f.m.outbox.OutboxDispatcher request_id= idempotency_key= order_id= user_id= sku_id= payment_tx= - Outbox publication deferred outbox_id=2fab6f73-9b00-4c05-b7ca-c26a7afe4baf command_id=4ea9a1a599baa26b9129802559c26d88cc7707477198d53630c77c417f7e2488 outcome=RETRYABLE cause=MQCLIENTEXCEPTION
2026-08-11T10:43:27.537+08:00 INFO  d.f.m.outbox.OutboxDispatcher request_id= idempotency_key= order_id= user_id= sku_id= payment_tx= - Outbox publication outbox_id=e88c0fb3-4639-422e-a88a-f8bde6239001 command_id=cb7dae9003ff18d8e4cd3c1ddbf0f246ac6cef21d11db4316fcad6505eca0f2b outcome=ACKNOWLEDGED
2026-08-11T10:43:27.542+08:00 INFO  d.f.m.outbox.OutboxDispatcher request_id= idempotency_key= order_id= user_id= sku_id= payment_tx= - Outbox publication outbox_id=fb700f30-c023-4b81-a7a4-ddca5118e5d2 command_id=40191030aca9420fc00478d367bc91c4eb41de14d06008e041713a7324a45d33 outcome=ACKNOWLEDGED
2026-08-11T10:43:27.820+08:00 INFO  d.f.m.outbox.OutboxDispatcher request_id= idempotency_key= order_id= user_id= sku_id= payment_tx= - Outbox publication outbox_id=832cc391-2b73-4060-a1e4-dc49f22e657b command_id=ad1e79339dbe8a11d59f42e7b4329d6db24fc0ee199d1b7c7478273e8f0f8a42 outcome=ACKNOWLEDGED
2026-08-11T10:43:27.832+08:00 INFO  d.f.m.outbox.OutboxDispatcher request_id= idempotency_key= order_id= user_id= sku_id= payment_tx= - Outbox publication outbox_id=8c3e79ce-08e1-4b6d-82dc-ddf08684cc67 command_id=be40d06b555d098cb4f3981e11155a9371f4da8ac1a97a75cdc2c38dff435f07 outcome=ACKNOWLEDGED
2026-08-11T10:43:28.112+08:00 INFO  d.f.m.outbox.OutboxDispatcher request_id= idempotency_key= order_id= user_id= sku_id= payment_tx= - Outbox publication outbox_id=08c7f2cb-5983-4fbb-a790-aebc9b51239a command_id=0c9b33be5f036b783d2f912fc7d4a96af18997fed87ebb06dae94828da65fedd outcome=ACKNOWLEDGED
2026-08-11T10:43:28.117+08:00 INFO  d.f.m.outbox.OutboxDispatcher request_id= idempotency_key= order_id= user_id= sku_id= payment_tx= - Outbox publication outbox_id=40a919c4-8655-478c-92e7-79c5a41e1164 command_id=0538062b9c27b57670dbbf7569c986d9518e2c1cb1c5d6ab26bcab74c427a466 outcome=ACKNOWLEDGED
2026-08-11T10:43:28.404+08:00 INFO  d.f.m.outbox.OutboxDispatcher request_id= idempotency_key= order_id= user_id= sku_id= payment_tx= - Outbox publication outbox_id=f0799905-f336-4f09-b2d4-63d7daf42f02 command_id=3673f7bfa633dae9dad643d0d50740a1496783be53d8fc1c85d7316b5907326e outcome=ACKNOWLEDGED
2026-08-11T10:43:28.413+08:00 INFO  d.f.m.outbox.OutboxDispatcher request_id= idempotency_key= order_id= user_id= sku_id= payment_tx= - Outbox publication outbox_id=2fab6f73-9b00-4c05-b7ca-c26a7afe4baf command_id=4ea9a1a599baa26b9129802559c26d88cc7707477198d53630c77c417f7e2488 outcome=ACKNOWLEDGED
2026-08-11T10:44:06.593+08:00 INFO  o.s.b.w.e.tomcat.GracefulShutdown request_id= idempotency_key= order_id= user_id= sku_id= payment_tx= - Commencing graceful shutdown. Waiting for active requests to complete
2026-08-11T10:44:08.599+08:00 INFO  o.s.b.w.e.tomcat.GracefulShutdown request_id= idempotency_key= order_id= user_id= sku_id= payment_tx= - Graceful shutdown complete
2026-08-11T10:44:08.599+08:00 ERROR org.apache.tomcat.util.net.Acceptor request_id= idempotency_key= order_id= user_id= sku_id= payment_tx= - Socket accept failed
java.nio.channels.AsynchronousCloseException: null
	at java.base/java.nio.channels.spi.AbstractInterruptibleChannel.end(AbstractInterruptibleChannel.java:218) ~[na:na]
	at java.base/sun.nio.ch.ServerSocketChannelImpl.end(ServerSocketChannelImpl.java:372) ~[na:na]
	at java.base/sun.nio.ch.ServerSocketChannelImpl.accept(ServerSocketChannelImpl.java:397) ~[na:na]
	at org.apache.tomcat.util.net.NioEndpoint.serverSocketAccept(NioEndpoint.java:537) ~[tomcat-embed-core-10.1.44.jar:10.1.44]
	at org.apache.tomcat.util.net.NioEndpoint.serverSocketAccept(NioEndpoint.java:72) ~[tomcat-embed-core-10.1.44.jar:10.1.44]
	at org.apache.tomcat.util.net.Acceptor.run(Acceptor.java:127) ~[tomcat-embed-core-10.1.44.jar:10.1.44]
	at java.base/java.lang.Thread.run(Thread.java:1516) ~[na:na]
2026-08-11T10:44:08.650+08:00 INFO  com.zaxxer.hikari.HikariDataSource request_id= idempotency_key= order_id= user_id= sku_id= payment_tx= - HikariPool-4 - Shutdown initiated...
2026-08-11T10:44:08.652+08:00 INFO  com.zaxxer.hikari.HikariDataSource request_id= idempotency_key= order_id= user_id= sku_id= payment_tx= - HikariPool-4 - Shutdown completed.
[INFO] Tests run: 1, Failures: 0, Errors: 0, Skipped: 0, Time elapsed: 44.28 s -- in dev.flashflow.V4OutboxConcurrentRedeliveryIntegrationTest
[INFO] 
[INFO] Results:
[INFO] 
[INFO] Tests run: 5, Failures: 0, Errors: 0, Skipped: 0
[INFO] 
[INFO] ------------------------------------------------------------------------
[INFO] BUILD SUCCESS
[INFO] ------------------------------------------------------------------------
[INFO] Total time:  02:15 min
[INFO] Finished at: 2026-08-11T10:44:09+08:00
[INFO] ------------------------------------------------------------------------
