[INFO] Scanning for projects...
[INFO] 
[INFO] ----------------------< dev.flashflow:flashflow >-----------------------
[INFO] Building FlashFlow 0.1.0-SNAPSHOT
[INFO]   from pom.xml
[INFO] --------------------------------[ jar ]---------------------------------
[WARNING] 1 problem was encountered while building the effective model for org.javassist:javassist:jar:3.21.0-GA during dependency collection step for project (use -X to see details)
[INFO] 
[INFO] --- resources:3.3.1:resources (default-resources) @ flashflow ---
[INFO] Copying 5 resources from src/main/resources to target/classes
[INFO] Copying 11 resources from src/main/resources to target/classes
[INFO] 
[INFO] --- compiler:3.14.0:compile (default-compile) @ flashflow ---
[INFO] Nothing to compile - all classes are up to date.
[INFO] 
[INFO] --- resources:3.3.1:testResources (default-testResources) @ flashflow ---
[INFO] skip non existing resourceDirectory /Users/yuzheng/Computeracy/Zhenkun26-GitHub/FlashFlow/src/test/resources
[INFO] 
[INFO] --- compiler:3.14.0:testCompile (default-testCompile) @ flashflow ---
[INFO] Recompiling the module because of changed source code.
[INFO] Compiling 54 source files with javac [debug parameters release 21] to target/test-classes
[WARNING] /Users/yuzheng/Computeracy/Zhenkun26-GitHub/FlashFlow/src/test/java/dev/flashflow/ExpirationAdmissionFailureIntegrationTest.java:[26,6] org.springframework.boot.test.mock.mockito 中的 org.springframework.boot.test.mock.mockito.MockBean 已过时, 且标记为待删除
[WARNING] /Users/yuzheng/Computeracy/Zhenkun26-GitHub/FlashFlow/src/test/java/dev/flashflow/ExpirationRollbackIntegrationTest.java:[21,6] org.springframework.boot.test.mock.mockito 中的 org.springframework.boot.test.mock.mockito.MockBean 已过时, 且标记为待删除
[INFO] /Users/yuzheng/Computeracy/Zhenkun26-GitHub/FlashFlow/src/test/java/dev/flashflow/admission/RedisLuaAdmissionFailureTest.java: /Users/yuzheng/Computeracy/Zhenkun26-GitHub/FlashFlow/src/test/java/dev/flashflow/admission/RedisLuaAdmissionFailureTest.java使用了未经检查或不安全的操作。
[INFO] /Users/yuzheng/Computeracy/Zhenkun26-GitHub/FlashFlow/src/test/java/dev/flashflow/admission/RedisLuaAdmissionFailureTest.java: 有关详细信息, 请使用 -Xlint:unchecked 重新编译。
[INFO] 
[INFO] --- surefire:3.5.3:test (default-test) @ flashflow ---
[INFO] Using auto detected provider org.apache.maven.surefire.junitplatform.JUnitPlatformProvider
[INFO] 
[INFO] -------------------------------------------------------
[INFO]  T E S T S
[INFO] -------------------------------------------------------
[INFO] Running dev.flashflow.MessagingBoundaryTest
[INFO] Tests run: 2, Failures: 0, Errors: 0, Skipped: 0, Time elapsed: 0.110 s -- in dev.flashflow.MessagingBoundaryTest
[INFO] Running dev.flashflow.V4OutboxBacklogDrainIntegrationTest
Standard Commons Logging discovery in action with spring-jcl: please remove commons-logging.jar from classpath in order to avoid potential conflicts
10:01:12.627 [main] INFO org.springframework.test.context.support.AnnotationConfigContextLoaderUtils -- Could not detect default configuration classes for test class [dev.flashflow.V4OutboxBacklogDrainIntegrationTest]: V4OutboxBacklogDrainIntegrationTest does not declare any static, non-private, non-final, nested classes annotated with @Configuration.
10:01:12.685 [main] INFO org.springframework.boot.test.context.SpringBootTestContextBootstrapper -- Found @SpringBootConfiguration dev.flashflow.FlashFlowApplication for test class dev.flashflow.V4OutboxBacklogDrainIntegrationTest
10:01:12.748 [main] INFO org.testcontainers.images.PullPolicy -- Image pull policy will be performed by: DefaultPullPolicy()
10:01:12.749 [main] INFO org.testcontainers.utility.ImageNameSubstitutor -- Image name substitution will be performed by: DefaultImageNameSubstitutor (composite of 'ConfigurationFileImageNameSubstitutor' and 'PrefixingImageNameSubstitutor')
10:01:12.759 [main] INFO org.testcontainers.DockerClientFactory -- Testcontainers version: 1.21.3
10:01:12.851 [main] INFO org.testcontainers.dockerclient.DockerClientProviderStrategy -- Loaded org.testcontainers.dockerclient.UnixSocketClientProviderStrategy from ~/.testcontainers.properties, will try it first
10:01:12.970 [main] INFO org.testcontainers.dockerclient.DockerClientProviderStrategy -- Found Docker environment with local Unix socket (unix:///var/run/docker.sock)
10:01:12.971 [main] INFO org.testcontainers.DockerClientFactory -- Docker host IP address is localhost
10:01:12.983 [main] INFO org.testcontainers.DockerClientFactory -- Connected to docker: 
  Server Version: 29.4.1
  API Version: 1.54
  Operating System: Docker Desktop
  Total Memory: 7936 MB
  Labels: 
    com.docker.desktop.address=unix:///Users/yuzheng/Library/Containers/com.docker.docker/Data/docker-cli.sock
10:01:13.066 [main] INFO tc.testcontainers/ryuk:0.12.0 -- Creating container for image: testcontainers/ryuk:0.12.0
10:01:13.088 [main] INFO org.testcontainers.utility.RegistryAuthLocator -- Credential helper/store (docker-credential-osxkeychain) does not have credentials for https://index.docker.io/v1/
10:01:13.157 [main] INFO tc.testcontainers/ryuk:0.12.0 -- Container testcontainers/ryuk:0.12.0 is starting: fd946a3388d65df8d0808e31858c8ce880375f85405d721a182a88a42c3bb4a4
10:01:13.345 [main] INFO tc.testcontainers/ryuk:0.12.0 -- Container testcontainers/ryuk:0.12.0 started in PT0.278857S
10:01:13.348 [main] INFO org.testcontainers.utility.RyukResourceReaper -- Ryuk started - will monitor and terminate Testcontainers containers on JVM exit
10:01:13.348 [main] INFO org.testcontainers.DockerClientFactory -- Checking the system...
10:01:13.348 [main] INFO org.testcontainers.DockerClientFactory -- ✔︎ Docker server version should be at least 1.6.0
10:01:13.350 [main] INFO tc.mysql:8.4.6 -- Creating container for image: mysql:8.4.6
10:01:13.414 [main] INFO tc.mysql:8.4.6 -- Container mysql:8.4.6 is starting: cbf6492784204bd4f2ee4a2007e56e7b581a7bcd5e0dde83bad08a456f6a377c
10:01:13.572 [main] INFO tc.mysql:8.4.6 -- Waiting for database connection to become available at jdbc:mysql://localhost:55593/flashflow using query 'SELECT 1'
10:01:18.633 [main] INFO tc.mysql:8.4.6 -- Container mysql:8.4.6 started in PT5.283417S
10:01:18.633 [main] INFO tc.mysql:8.4.6 -- Container is started (JDBC URL: jdbc:mysql://localhost:55593/flashflow)
10:01:18.634 [main] INFO tc.redis:7.4.2-alpine -- Creating container for image: redis:7.4.2-alpine
10:01:18.660 [main] INFO tc.redis:7.4.2-alpine -- Container redis:7.4.2-alpine is starting: cfca97b593032fd9ac039dcf76fca7f394ff0f044e213f3f706cabb83f68f21a
10:01:18.819 [main] INFO tc.redis:7.4.2-alpine -- Container redis:7.4.2-alpine started in PT0.18517S

  .   ____          _            __ _ _
 /\\ / ___'_ __ _ _(_)_ __  __ _ \ \ \ \
( ( )\___ | '_ | '_| | '_ \/ _` | \ \ \ \
 \\/  ___)| |_)| | | | | || (_| |  ) ) ) )
  '  |____| .__|_| |_|_| |_\__, | / / / /
 =========|_|==============|___/=/_/_/_/

 :: Spring Boot ::                (v3.5.5)

2026-08-11T10:01:18.971+08:00 INFO  d.f.V4OutboxBacklogDrainIntegrationTest request_id= idempotency_key= order_id= user_id= sku_id= payment_tx= - Starting V4OutboxBacklogDrainIntegrationTest using Java 26.0.2 with PID 51800 (started by yuzheng in /Users/yuzheng/Computeracy/Zhenkun26-GitHub/FlashFlow)
2026-08-11T10:01:18.972+08:00 INFO  d.f.V4OutboxBacklogDrainIntegrationTest request_id= idempotency_key= order_id= user_id= sku_id= payment_tx= - The following 1 profile is active: "test"
2026-08-11T10:01:19.358+08:00 INFO  o.s.d.r.c.RepositoryConfigurationDelegate request_id= idempotency_key= order_id= user_id= sku_id= payment_tx= - Multiple Spring Data modules found, entering strict repository configuration mode
2026-08-11T10:01:19.359+08:00 INFO  o.s.d.r.c.RepositoryConfigurationDelegate request_id= idempotency_key= order_id= user_id= sku_id= payment_tx= - Bootstrapping Spring Data Redis repositories in DEFAULT mode.
2026-08-11T10:01:19.378+08:00 INFO  o.s.d.r.c.RepositoryConfigurationDelegate request_id= idempotency_key= order_id= user_id= sku_id= payment_tx= - Finished Spring Data repository scanning in 12 ms. Found 0 Redis repository interfaces.
2026-08-11T10:01:19.614+08:00 INFO  o.s.b.w.e.tomcat.TomcatWebServer request_id= idempotency_key= order_id= user_id= sku_id= payment_tx= - Tomcat initialized with port 0 (http)
2026-08-11T10:01:19.619+08:00 INFO  o.a.catalina.core.StandardService request_id= idempotency_key= order_id= user_id= sku_id= payment_tx= - Starting service [Tomcat]
2026-08-11T10:01:19.620+08:00 INFO  o.a.catalina.core.StandardEngine request_id= idempotency_key= order_id= user_id= sku_id= payment_tx= - Starting Servlet engine: [Apache Tomcat/10.1.44]
2026-08-11T10:01:19.636+08:00 INFO  o.a.c.c.C.[Tomcat].[localhost].[/] request_id= idempotency_key= order_id= user_id= sku_id= payment_tx= - Initializing Spring embedded WebApplicationContext
2026-08-11T10:01:19.637+08:00 INFO  o.s.b.w.s.c.ServletWebServerApplicationContext request_id= idempotency_key= order_id= user_id= sku_id= payment_tx= - Root WebApplicationContext: initialization completed in 648 ms
Standard Commons Logging discovery in action with spring-jcl: please remove commons-logging.jar from classpath in order to avoid potential conflicts
WARNING: A terminally deprecated method in sun.misc.Unsafe has been called
WARNING: sun.misc.Unsafe::allocateMemory has been called by io.netty.util.internal.PlatformDependent0$2 (file:/Users/yuzheng/.m2/repository/io/netty/netty-common/4.1.124.Final/netty-common-4.1.124.Final.jar)
WARNING: Please consider reporting this to the maintainers of class io.netty.util.internal.PlatformDependent0$2
WARNING: sun.misc.Unsafe::allocateMemory will be removed in a future release
WARNING: A restricted method in java.lang.System has been called
WARNING: java.lang.System::loadLibrary has been called by io.netty.util.internal.NativeLibraryUtil in an unnamed module (file:/Users/yuzheng/.m2/repository/io/netty/netty-common/4.1.124.Final/netty-common-4.1.124.Final.jar)
WARNING: Use --enable-native-access=ALL-UNNAMED to avoid a warning for callers in this module
WARNING: Restricted methods will be blocked in a future release unless native access is enabled

2026-08-11T10:01:20.282+08:00 INFO  com.zaxxer.hikari.HikariDataSource request_id= idempotency_key= order_id= user_id= sku_id= payment_tx= - HikariPool-1 - Starting...
2026-08-11T10:01:20.382+08:00 INFO  com.zaxxer.hikari.pool.HikariPool request_id= idempotency_key= order_id= user_id= sku_id= payment_tx= - HikariPool-1 - Added connection com.mysql.cj.jdbc.ConnectionImpl@106f0051
2026-08-11T10:01:20.382+08:00 INFO  com.zaxxer.hikari.HikariDataSource request_id= idempotency_key= order_id= user_id= sku_id= payment_tx= - HikariPool-1 - Start completed.
2026-08-11T10:01:20.403+08:00 INFO  org.flywaydb.core.FlywayExecutor request_id= idempotency_key= order_id= user_id= sku_id= payment_tx= - Database: jdbc:mysql://localhost:55593/flashflow (MySQL 8.4)
2026-08-11T10:01:20.419+08:00 WARN  o.f.c.i.database.base.Database request_id= idempotency_key= order_id= user_id= sku_id= payment_tx= - Flyway upgrade recommended: MySQL 8.4 is newer than this version of Flyway and support has not been tested. The latest supported version of MySQL is 8.1.
2026-08-11T10:01:20.433+08:00 INFO  o.f.c.i.s.JdbcTableSchemaHistory request_id= idempotency_key= order_id= user_id= sku_id= payment_tx= - Schema history table `flashflow`.`flyway_schema_history` does not exist yet
2026-08-11T10:01:20.435+08:00 INFO  o.f.core.internal.command.DbValidate request_id= idempotency_key= order_id= user_id= sku_id= payment_tx= - Successfully validated 4 migrations (execution time 00:00.010s)
2026-08-11T10:01:20.456+08:00 INFO  o.f.c.i.s.JdbcTableSchemaHistory request_id= idempotency_key= order_id= user_id= sku_id= payment_tx= - Creating Schema History table `flashflow`.`flyway_schema_history` ...
2026-08-11T10:01:20.489+08:00 INFO  o.f.core.internal.command.DbMigrate request_id= idempotency_key= order_id= user_id= sku_id= payment_tx= - Current version of schema `flashflow`: << Empty Schema >>
2026-08-11T10:01:20.498+08:00 INFO  o.f.core.internal.command.DbMigrate request_id= idempotency_key= order_id= user_id= sku_id= payment_tx= - Migrating schema `flashflow` to version "1 - create flashflow v1 schema"
2026-08-11T10:01:20.618+08:00 INFO  o.f.core.internal.command.DbMigrate request_id= idempotency_key= order_id= user_id= sku_id= payment_tx= - Migrating schema `flashflow` to version "2 - create order command ledger"
2026-08-11T10:01:20.639+08:00 INFO  o.f.core.internal.command.DbMigrate request_id= idempotency_key= order_id= user_id= sku_id= payment_tx= - Migrating schema `flashflow` to version "3 - extend order command transport evidence"
2026-08-11T10:01:20.669+08:00 INFO  o.f.core.internal.command.DbMigrate request_id= idempotency_key= order_id= user_id= sku_id= payment_tx= - Migrating schema `flashflow` to version "4 - create order command outbox"
2026-08-11T10:01:20.688+08:00 INFO  o.f.core.internal.command.DbMigrate request_id= idempotency_key= order_id= user_id= sku_id= payment_tx= - Successfully applied 4 migrations to schema `flashflow`, now at version v4 (execution time 00:00.149s)
2026-08-11T10:01:21.269+08:00 INFO  o.s.b.a.e.web.EndpointLinksResolver request_id= idempotency_key= order_id= user_id= sku_id= payment_tx= - Exposing 2 endpoints beneath base path '/actuator'
2026-08-11T10:01:21.333+08:00 INFO  o.s.b.w.e.tomcat.TomcatWebServer request_id= idempotency_key= order_id= user_id= sku_id= payment_tx= - Tomcat started on port 55667 (http) with context path '/'
2026-08-11T10:01:21.341+08:00 INFO  d.f.V4OutboxBacklogDrainIntegrationTest request_id= idempotency_key= order_id= user_id= sku_id= payment_tx= - Started V4OutboxBacklogDrainIntegrationTest in 2.511 seconds (process running for 9.178)
OpenJDK 64-Bit Server VM warning: Sharing is only supported for boot loader classes because bootstrap classpath has been appended
2026-08-11T10:01:34.211+08:00 INFO  o.a.c.c.C.[Tomcat].[localhost].[/] request_id= idempotency_key= order_id= user_id= sku_id= payment_tx= - Initializing Spring DispatcherServlet 'dispatcherServlet'
2026-08-11T10:01:34.212+08:00 INFO  o.s.web.servlet.DispatcherServlet request_id= idempotency_key= order_id= user_id= sku_id= payment_tx= - Initializing Servlet 'dispatcherServlet'
2026-08-11T10:01:34.213+08:00 INFO  o.s.web.servlet.DispatcherServlet request_id= idempotency_key= order_id= user_id= sku_id= payment_tx= - Completed initialization in 1 ms
2026-08-11T10:01:34.258+08:00 INFO  d.f.m.o.OutboxAsyncOrderApplicationService request_id=88808ee6-ef3f-47b8-99d8-183330dfbc21 idempotency_key=key-2741ed40-0 order_id= user_id=user-2741ed40-0 sku_id=sku-v4-backlog-2741ed40 payment_tx= - Durable Outbox acceptance command_id=78e1af026369520537a25526138346163878deb0fd18306a64410357625cfdca status=ACCEPTED
2026-08-11T10:01:34.287+08:00 INFO  d.f.m.o.OutboxAsyncOrderApplicationService request_id=c1b21ca5-4795-47df-a92a-937f8cc282d8 idempotency_key=key-2741ed40-1 order_id= user_id=user-2741ed40-1 sku_id=sku-v4-backlog-2741ed40 payment_tx= - Durable Outbox acceptance command_id=797194d79cbbcf41745a6f1dc535e400489862513196c1ba3b5c2e5b2e36ced3 status=ACCEPTED
2026-08-11T10:01:34.298+08:00 INFO  d.f.m.o.OutboxAsyncOrderApplicationService request_id=a457a3da-18ea-432e-842f-46dfe1cd7b8e idempotency_key=key-2741ed40-2 order_id= user_id=user-2741ed40-2 sku_id=sku-v4-backlog-2741ed40 payment_tx= - Durable Outbox acceptance command_id=3467dfeb5b61e4c6d22acd35b7b73fd3117a0fb61a48413e6d340e4179dee888 status=ACCEPTED
2026-08-11T10:01:34.313+08:00 INFO  d.f.m.o.OutboxAsyncOrderApplicationService request_id=aca081ce-7e60-4527-89c0-0127f94b86a9 idempotency_key=key-2741ed40-3 order_id= user_id=user-2741ed40-3 sku_id=sku-v4-backlog-2741ed40 payment_tx= - Durable Outbox acceptance command_id=a95bf9d949bb309e68556942b9073bba7e8af26a6a2b5765ad00ea29eddff89c status=ACCEPTED
2026-08-11T10:01:34.323+08:00 INFO  d.f.m.o.OutboxAsyncOrderApplicationService request_id=8a74c78d-e81c-4c43-a3ae-75d34ee9c870 idempotency_key=key-2741ed40-4 order_id= user_id=user-2741ed40-4 sku_id=sku-v4-backlog-2741ed40 payment_tx= - Durable Outbox acceptance command_id=fcc33a93a1ed9e624d47a4971602b6ba698db3bd54d70d318c3168ee1abf4b4a status=ACCEPTED
2026-08-11T10:01:34.339+08:00 INFO  d.f.m.o.OutboxAsyncOrderApplicationService request_id=64a9d318-32d7-46db-8f06-e44941571c4b idempotency_key=key-2741ed40-5 order_id= user_id=user-2741ed40-5 sku_id=sku-v4-backlog-2741ed40 payment_tx= - Durable Outbox acceptance command_id=0ef32bcc34532fa9475b5cb794eaf40ea6a3809de805947c13185e0e265db1f0 status=ACCEPTED
2026-08-11T10:01:34.350+08:00 INFO  d.f.m.o.OutboxAsyncOrderApplicationService request_id=6a8d5d28-211b-4ab5-b113-03e25581f112 idempotency_key=key-2741ed40-6 order_id= user_id=user-2741ed40-6 sku_id=sku-v4-backlog-2741ed40 payment_tx= - Durable Outbox acceptance command_id=ca9a56b487a1b835ced6b8e162f3745418546c4f35bbf53e5db94bcf37217379 status=ACCEPTED
2026-08-11T10:01:34.359+08:00 INFO  d.f.m.o.OutboxAsyncOrderApplicationService request_id=58526a94-1de7-41a6-bd45-58b60f770db7 idempotency_key=key-2741ed40-7 order_id= user_id=user-2741ed40-7 sku_id=sku-v4-backlog-2741ed40 payment_tx= - Durable Outbox acceptance command_id=4a4d4b985ad132bfd2d4324f47516ff80ae3971c0dbbac39d8057e7dafe1829f status=ACCEPTED
2026-08-11T10:01:34.373+08:00 INFO  d.f.m.o.OutboxAsyncOrderApplicationService request_id=2f43e3e8-4323-4cc9-b896-1bfed10c5227 idempotency_key=key-2741ed40-8 order_id= user_id=user-2741ed40-8 sku_id=sku-v4-backlog-2741ed40 payment_tx= - Durable Outbox acceptance command_id=31a5b7935b37772b95dd0e74d02eb3c37d39d6bf20740edead0b121e3e71fba8 status=ACCEPTED
2026-08-11T10:01:34.379+08:00 INFO  d.f.m.outbox.OutboxDispatcher request_id= idempotency_key= order_id= user_id= sku_id= payment_tx= - Outbox publication deferred outbox_id=5fa6624c-5cec-4d4f-bd8c-5c318939209d command_id=78e1af026369520537a25526138346163878deb0fd18306a64410357625cfdca outcome=RETRYABLE cause=MQCLIENTEXCEPTION
2026-08-11T10:01:34.383+08:00 INFO  d.f.m.outbox.OutboxDispatcher request_id= idempotency_key= order_id= user_id= sku_id= payment_tx= - Outbox publication deferred outbox_id=0ece5be8-1566-46e4-a239-18a2804c1e83 command_id=797194d79cbbcf41745a6f1dc535e400489862513196c1ba3b5c2e5b2e36ced3 outcome=RETRYABLE cause=MQCLIENTEXCEPTION
2026-08-11T10:01:34.385+08:00 INFO  d.f.m.o.OutboxAsyncOrderApplicationService request_id=fc830b26-0c67-4db8-9416-c310bc5cbc8f idempotency_key=key-2741ed40-9 order_id= user_id=user-2741ed40-9 sku_id=sku-v4-backlog-2741ed40 payment_tx= - Durable Outbox acceptance command_id=1c56ca7169323b58ba4967c5b13231c2694e6100e19c96e1f962a213fc971886 status=ACCEPTED
2026-08-11T10:01:34.387+08:00 INFO  d.f.m.outbox.OutboxDispatcher request_id= idempotency_key= order_id= user_id= sku_id= payment_tx= - Outbox publication deferred outbox_id=11b73d8e-7d3d-42e8-8e4c-7c117dc49319 command_id=3467dfeb5b61e4c6d22acd35b7b73fd3117a0fb61a48413e6d340e4179dee888 outcome=RETRYABLE cause=MQCLIENTEXCEPTION
2026-08-11T10:01:34.392+08:00 INFO  d.f.m.outbox.OutboxDispatcher request_id= idempotency_key= order_id= user_id= sku_id= payment_tx= - Outbox publication deferred outbox_id=a3615f5c-6adb-466a-990e-027c81db59b9 command_id=a95bf9d949bb309e68556942b9073bba7e8af26a6a2b5765ad00ea29eddff89c outcome=RETRYABLE cause=MQCLIENTEXCEPTION
2026-08-11T10:01:34.395+08:00 INFO  d.f.m.o.OutboxAsyncOrderApplicationService request_id=a2653457-0ae4-4f5e-8151-cb786acbf1b6 idempotency_key=key-2741ed40-10 order_id= user_id=user-2741ed40-10 sku_id=sku-v4-backlog-2741ed40 payment_tx= - Durable Outbox acceptance command_id=e19587521f7764a11a479412dff0f6fd4c0aa10f7e4932b5fe3bd5a92bd3873c status=ACCEPTED
2026-08-11T10:01:34.402+08:00 INFO  d.f.m.o.OutboxAsyncOrderApplicationService request_id=d20aef87-f457-4328-97b2-c23ea93a4860 idempotency_key=key-2741ed40-11 order_id= user_id=user-2741ed40-11 sku_id=sku-v4-backlog-2741ed40 payment_tx= - Durable Outbox acceptance command_id=692ab34c25af9b9e8c02932b5011fd95ae381c836cfcd9743d9ddd56bf3ca25c status=ACCEPTED
2026-08-11T10:01:34.519+08:00 INFO  d.f.m.outbox.OutboxDispatcher request_id= idempotency_key= order_id= user_id= sku_id= payment_tx= - Outbox publication deferred outbox_id=1f4623e6-a4e6-4ef0-b9fd-8ef578b256d6 command_id=fcc33a93a1ed9e624d47a4971602b6ba698db3bd54d70d318c3168ee1abf4b4a outcome=RETRYABLE cause=MQCLIENTEXCEPTION
2026-08-11T10:01:34.524+08:00 INFO  d.f.m.outbox.OutboxDispatcher request_id= idempotency_key= order_id= user_id= sku_id= payment_tx= - Outbox publication deferred outbox_id=d90daec1-35e3-45ff-abaf-431bced44fc8 command_id=0ef32bcc34532fa9475b5cb794eaf40ea6a3809de805947c13185e0e265db1f0 outcome=RETRYABLE cause=MQCLIENTEXCEPTION
2026-08-11T10:01:34.528+08:00 INFO  d.f.m.outbox.OutboxDispatcher request_id= idempotency_key= order_id= user_id= sku_id= payment_tx= - Outbox publication deferred outbox_id=b8d8eea8-8b60-4109-ac62-4ff671746983 command_id=ca9a56b487a1b835ced6b8e162f3745418546c4f35bbf53e5db94bcf37217379 outcome=RETRYABLE cause=MQCLIENTEXCEPTION
2026-08-11T10:01:34.531+08:00 INFO  d.f.m.outbox.OutboxDispatcher request_id= idempotency_key= order_id= user_id= sku_id= payment_tx= - Outbox publication deferred outbox_id=5aa84e4e-3597-483c-9c2c-4faee98fd57c command_id=4a4d4b985ad132bfd2d4324f47516ff80ae3971c0dbbac39d8057e7dafe1829f outcome=RETRYABLE cause=MQCLIENTEXCEPTION
2026-08-11T10:01:34.648+08:00 INFO  d.f.m.outbox.OutboxDispatcher request_id= idempotency_key= order_id= user_id= sku_id= payment_tx= - Outbox publication deferred outbox_id=575a2b91-643f-4fde-baa5-e0f93d4e3f93 command_id=31a5b7935b37772b95dd0e74d02eb3c37d39d6bf20740edead0b121e3e71fba8 outcome=RETRYABLE cause=MQCLIENTEXCEPTION
2026-08-11T10:01:34.650+08:00 INFO  d.f.m.outbox.OutboxDispatcher request_id= idempotency_key= order_id= user_id= sku_id= payment_tx= - Outbox publication deferred outbox_id=9c2f88fc-8aeb-429c-b019-153e05b7d09d command_id=1c56ca7169323b58ba4967c5b13231c2694e6100e19c96e1f962a213fc971886 outcome=RETRYABLE cause=MQCLIENTEXCEPTION
2026-08-11T10:01:34.653+08:00 INFO  d.f.m.outbox.OutboxDispatcher request_id= idempotency_key= order_id= user_id= sku_id= payment_tx= - Outbox publication deferred outbox_id=57f5f659-600e-4c8b-a3e7-d1b7f3c3c937 command_id=e19587521f7764a11a479412dff0f6fd4c0aa10f7e4932b5fe3bd5a92bd3873c outcome=RETRYABLE cause=MQCLIENTEXCEPTION
2026-08-11T10:01:34.655+08:00 INFO  d.f.m.outbox.OutboxDispatcher request_id= idempotency_key= order_id= user_id= sku_id= payment_tx= - Outbox publication deferred outbox_id=11cd6215-59a8-4fba-8daf-6dc2d3787bde command_id=692ab34c25af9b9e8c02932b5011fd95ae381c836cfcd9743d9ddd56bf3ca25c outcome=RETRYABLE cause=MQCLIENTEXCEPTION
2026-08-11T10:01:34.782+08:00 INFO  d.f.m.outbox.OutboxDispatcher request_id= idempotency_key= order_id= user_id= sku_id= payment_tx= - Outbox publication deferred outbox_id=5fa6624c-5cec-4d4f-bd8c-5c318939209d command_id=78e1af026369520537a25526138346163878deb0fd18306a64410357625cfdca outcome=RETRYABLE cause=MQCLIENTEXCEPTION
2026-08-11T10:01:34.791+08:00 INFO  d.f.m.outbox.OutboxDispatcher request_id= idempotency_key= order_id= user_id= sku_id= payment_tx= - Outbox publication deferred outbox_id=0ece5be8-1566-46e4-a239-18a2804c1e83 command_id=797194d79cbbcf41745a6f1dc535e400489862513196c1ba3b5c2e5b2e36ced3 outcome=RETRYABLE cause=MQCLIENTEXCEPTION
2026-08-11T10:01:34.800+08:00 INFO  d.f.m.outbox.OutboxDispatcher request_id= idempotency_key= order_id= user_id= sku_id= payment_tx= - Outbox publication deferred outbox_id=11b73d8e-7d3d-42e8-8e4c-7c117dc49319 command_id=3467dfeb5b61e4c6d22acd35b7b73fd3117a0fb61a48413e6d340e4179dee888 outcome=RETRYABLE cause=MQCLIENTEXCEPTION
2026-08-11T10:01:34.807+08:00 INFO  d.f.m.outbox.OutboxDispatcher request_id= idempotency_key= order_id= user_id= sku_id= payment_tx= - Outbox publication deferred outbox_id=a3615f5c-6adb-466a-990e-027c81db59b9 command_id=a95bf9d949bb309e68556942b9073bba7e8af26a6a2b5765ad00ea29eddff89c outcome=RETRYABLE cause=MQCLIENTEXCEPTION
2026-08-11T10:01:34.930+08:00 INFO  d.f.m.outbox.OutboxDispatcher request_id= idempotency_key= order_id= user_id= sku_id= payment_tx= - Outbox publication deferred outbox_id=1f4623e6-a4e6-4ef0-b9fd-8ef578b256d6 command_id=fcc33a93a1ed9e624d47a4971602b6ba698db3bd54d70d318c3168ee1abf4b4a outcome=RETRYABLE cause=MQCLIENTEXCEPTION
2026-08-11T10:01:34.938+08:00 INFO  d.f.m.outbox.OutboxDispatcher request_id= idempotency_key= order_id= user_id= sku_id= payment_tx= - Outbox publication deferred outbox_id=d90daec1-35e3-45ff-abaf-431bced44fc8 command_id=0ef32bcc34532fa9475b5cb794eaf40ea6a3809de805947c13185e0e265db1f0 outcome=RETRYABLE cause=MQCLIENTEXCEPTION
2026-08-11T10:01:34.953+08:00 INFO  d.f.m.outbox.OutboxDispatcher request_id= idempotency_key= order_id= user_id= sku_id= payment_tx= - Outbox publication deferred outbox_id=b8d8eea8-8b60-4109-ac62-4ff671746983 command_id=ca9a56b487a1b835ced6b8e162f3745418546c4f35bbf53e5db94bcf37217379 outcome=RETRYABLE cause=MQCLIENTEXCEPTION
2026-08-11T10:01:34.967+08:00 INFO  d.f.m.outbox.OutboxDispatcher request_id= idempotency_key= order_id= user_id= sku_id= payment_tx= - Outbox publication deferred outbox_id=5aa84e4e-3597-483c-9c2c-4faee98fd57c command_id=4a4d4b985ad132bfd2d4324f47516ff80ae3971c0dbbac39d8057e7dafe1829f outcome=RETRYABLE cause=MQCLIENTEXCEPTION
2026-08-11T10:01:35.096+08:00 INFO  d.f.m.outbox.OutboxDispatcher request_id= idempotency_key= order_id= user_id= sku_id= payment_tx= - Outbox publication deferred outbox_id=575a2b91-643f-4fde-baa5-e0f93d4e3f93 command_id=31a5b7935b37772b95dd0e74d02eb3c37d39d6bf20740edead0b121e3e71fba8 outcome=RETRYABLE cause=MQCLIENTEXCEPTION
2026-08-11T10:01:35.110+08:00 INFO  d.f.m.outbox.OutboxDispatcher request_id= idempotency_key= order_id= user_id= sku_id= payment_tx= - Outbox publication deferred outbox_id=9c2f88fc-8aeb-429c-b019-153e05b7d09d command_id=1c56ca7169323b58ba4967c5b13231c2694e6100e19c96e1f962a213fc971886 outcome=RETRYABLE cause=MQCLIENTEXCEPTION
2026-08-11T10:01:35.118+08:00 INFO  d.f.m.outbox.OutboxDispatcher request_id= idempotency_key= order_id= user_id= sku_id= payment_tx= - Outbox publication deferred outbox_id=57f5f659-600e-4c8b-a3e7-d1b7f3c3c937 command_id=e19587521f7764a11a479412dff0f6fd4c0aa10f7e4932b5fe3bd5a92bd3873c outcome=RETRYABLE cause=MQCLIENTEXCEPTION
2026-08-11T10:01:35.127+08:00 INFO  d.f.m.outbox.OutboxDispatcher request_id= idempotency_key= order_id= user_id= sku_id= payment_tx= - Outbox publication deferred outbox_id=11cd6215-59a8-4fba-8daf-6dc2d3787bde command_id=692ab34c25af9b9e8c02932b5011fd95ae381c836cfcd9743d9ddd56bf3ca25c outcome=RETRYABLE cause=MQCLIENTEXCEPTION
2026-08-11T10:01:35.260+08:00 INFO  d.f.m.outbox.OutboxDispatcher request_id= idempotency_key= order_id= user_id= sku_id= payment_tx= - Outbox publication deferred outbox_id=5fa6624c-5cec-4d4f-bd8c-5c318939209d command_id=78e1af026369520537a25526138346163878deb0fd18306a64410357625cfdca outcome=RETRYABLE cause=MQCLIENTEXCEPTION
2026-08-11T10:01:35.267+08:00 INFO  d.f.m.outbox.OutboxDispatcher request_id= idempotency_key= order_id= user_id= sku_id= payment_tx= - Outbox publication deferred outbox_id=0ece5be8-1566-46e4-a239-18a2804c1e83 command_id=797194d79cbbcf41745a6f1dc535e400489862513196c1ba3b5c2e5b2e36ced3 outcome=RETRYABLE cause=MQCLIENTEXCEPTION
2026-08-11T10:01:35.278+08:00 INFO  d.f.m.outbox.OutboxDispatcher request_id= idempotency_key= order_id= user_id= sku_id= payment_tx= - Outbox publication deferred outbox_id=11b73d8e-7d3d-42e8-8e4c-7c117dc49319 command_id=3467dfeb5b61e4c6d22acd35b7b73fd3117a0fb61a48413e6d340e4179dee888 outcome=RETRYABLE cause=MQCLIENTEXCEPTION
2026-08-11T10:01:35.285+08:00 INFO  d.f.m.outbox.OutboxDispatcher request_id= idempotency_key= order_id= user_id= sku_id= payment_tx= - Outbox publication deferred outbox_id=a3615f5c-6adb-466a-990e-027c81db59b9 command_id=a95bf9d949bb309e68556942b9073bba7e8af26a6a2b5765ad00ea29eddff89c outcome=RETRYABLE cause=MQCLIENTEXCEPTION
2026-08-11T10:01:35.418+08:00 INFO  d.f.m.outbox.OutboxDispatcher request_id= idempotency_key= order_id= user_id= sku_id= payment_tx= - Outbox publication deferred outbox_id=1f4623e6-a4e6-4ef0-b9fd-8ef578b256d6 command_id=fcc33a93a1ed9e624d47a4971602b6ba698db3bd54d70d318c3168ee1abf4b4a outcome=RETRYABLE cause=MQCLIENTEXCEPTION
2026-08-11T10:01:35.422+08:00 INFO  d.f.m.outbox.OutboxDispatcher request_id= idempotency_key= order_id= user_id= sku_id= payment_tx= - Outbox publication deferred outbox_id=d90daec1-35e3-45ff-abaf-431bced44fc8 command_id=0ef32bcc34532fa9475b5cb794eaf40ea6a3809de805947c13185e0e265db1f0 outcome=RETRYABLE cause=MQCLIENTEXCEPTION
2026-08-11T10:01:35.425+08:00 INFO  d.f.m.outbox.OutboxDispatcher request_id= idempotency_key= order_id= user_id= sku_id= payment_tx= - Outbox publication deferred outbox_id=b8d8eea8-8b60-4109-ac62-4ff671746983 command_id=ca9a56b487a1b835ced6b8e162f3745418546c4f35bbf53e5db94bcf37217379 outcome=RETRYABLE cause=MQCLIENTEXCEPTION
2026-08-11T10:01:35.428+08:00 INFO  d.f.m.outbox.OutboxDispatcher request_id= idempotency_key= order_id= user_id= sku_id= payment_tx= - Outbox publication deferred outbox_id=5aa84e4e-3597-483c-9c2c-4faee98fd57c command_id=4a4d4b985ad132bfd2d4324f47516ff80ae3971c0dbbac39d8057e7dafe1829f outcome=RETRYABLE cause=MQCLIENTEXCEPTION
2026-08-11T10:01:35.565+08:00 INFO  d.f.m.outbox.OutboxDispatcher request_id= idempotency_key= order_id= user_id= sku_id= payment_tx= - Outbox publication deferred outbox_id=575a2b91-643f-4fde-baa5-e0f93d4e3f93 command_id=31a5b7935b37772b95dd0e74d02eb3c37d39d6bf20740edead0b121e3e71fba8 outcome=RETRYABLE cause=MQCLIENTEXCEPTION
2026-08-11T10:01:35.570+08:00 INFO  d.f.m.outbox.OutboxDispatcher request_id= idempotency_key= order_id= user_id= sku_id= payment_tx= - Outbox publication deferred outbox_id=9c2f88fc-8aeb-429c-b019-153e05b7d09d command_id=1c56ca7169323b58ba4967c5b13231c2694e6100e19c96e1f962a213fc971886 outcome=RETRYABLE cause=MQCLIENTEXCEPTION
2026-08-11T10:01:35.575+08:00 INFO  d.f.m.outbox.OutboxDispatcher request_id= idempotency_key= order_id= user_id= sku_id= payment_tx= - Outbox publication deferred outbox_id=57f5f659-600e-4c8b-a3e7-d1b7f3c3c937 command_id=e19587521f7764a11a479412dff0f6fd4c0aa10f7e4932b5fe3bd5a92bd3873c outcome=RETRYABLE cause=MQCLIENTEXCEPTION
2026-08-11T10:01:35.588+08:00 INFO  d.f.m.outbox.OutboxDispatcher request_id= idempotency_key= order_id= user_id= sku_id= payment_tx= - Outbox publication deferred outbox_id=11cd6215-59a8-4fba-8daf-6dc2d3787bde command_id=692ab34c25af9b9e8c02932b5011fd95ae381c836cfcd9743d9ddd56bf3ca25c outcome=RETRYABLE cause=MQCLIENTEXCEPTION
2026-08-11T10:01:35.715+08:00 INFO  d.f.m.outbox.OutboxDispatcher request_id= idempotency_key= order_id= user_id= sku_id= payment_tx= - Outbox publication deferred outbox_id=5fa6624c-5cec-4d4f-bd8c-5c318939209d command_id=78e1af026369520537a25526138346163878deb0fd18306a64410357625cfdca outcome=RETRYABLE cause=MQCLIENTEXCEPTION
2026-08-11T10:01:35.723+08:00 INFO  d.f.m.outbox.OutboxDispatcher request_id= idempotency_key= order_id= user_id= sku_id= payment_tx= - Outbox publication deferred outbox_id=0ece5be8-1566-46e4-a239-18a2804c1e83 command_id=797194d79cbbcf41745a6f1dc535e400489862513196c1ba3b5c2e5b2e36ced3 outcome=RETRYABLE cause=MQCLIENTEXCEPTION
2026-08-11T10:01:35.733+08:00 INFO  d.f.m.outbox.OutboxDispatcher request_id= idempotency_key= order_id= user_id= sku_id= payment_tx= - Outbox publication deferred outbox_id=11b73d8e-7d3d-42e8-8e4c-7c117dc49319 command_id=3467dfeb5b61e4c6d22acd35b7b73fd3117a0fb61a48413e6d340e4179dee888 outcome=RETRYABLE cause=MQCLIENTEXCEPTION
2026-08-11T10:01:35.739+08:00 INFO  d.f.m.outbox.OutboxDispatcher request_id= idempotency_key= order_id= user_id= sku_id= payment_tx= - Outbox publication deferred outbox_id=a3615f5c-6adb-466a-990e-027c81db59b9 command_id=a95bf9d949bb309e68556942b9073bba7e8af26a6a2b5765ad00ea29eddff89c outcome=RETRYABLE cause=MQCLIENTEXCEPTION
2026-08-11T10:01:35.871+08:00 INFO  d.f.m.outbox.OutboxDispatcher request_id= idempotency_key= order_id= user_id= sku_id= payment_tx= - Outbox publication deferred outbox_id=1f4623e6-a4e6-4ef0-b9fd-8ef578b256d6 command_id=fcc33a93a1ed9e624d47a4971602b6ba698db3bd54d70d318c3168ee1abf4b4a outcome=RETRYABLE cause=MQCLIENTEXCEPTION
2026-08-11T10:01:35.878+08:00 INFO  d.f.m.outbox.OutboxDispatcher request_id= idempotency_key= order_id= user_id= sku_id= payment_tx= - Outbox publication deferred outbox_id=d90daec1-35e3-45ff-abaf-431bced44fc8 command_id=0ef32bcc34532fa9475b5cb794eaf40ea6a3809de805947c13185e0e265db1f0 outcome=RETRYABLE cause=MQCLIENTEXCEPTION
2026-08-11T10:01:35.882+08:00 INFO  d.f.m.outbox.OutboxDispatcher request_id= idempotency_key= order_id= user_id= sku_id= payment_tx= - Outbox publication deferred outbox_id=b8d8eea8-8b60-4109-ac62-4ff671746983 command_id=ca9a56b487a1b835ced6b8e162f3745418546c4f35bbf53e5db94bcf37217379 outcome=RETRYABLE cause=MQCLIENTEXCEPTION
2026-08-11T10:01:35.886+08:00 INFO  d.f.m.outbox.OutboxDispatcher request_id= idempotency_key= order_id= user_id= sku_id= payment_tx= - Outbox publication deferred outbox_id=5aa84e4e-3597-483c-9c2c-4faee98fd57c command_id=4a4d4b985ad132bfd2d4324f47516ff80ae3971c0dbbac39d8057e7dafe1829f outcome=RETRYABLE cause=MQCLIENTEXCEPTION
2026-08-11T10:01:36.033+08:00 INFO  d.f.m.outbox.OutboxDispatcher request_id= idempotency_key= order_id= user_id= sku_id= payment_tx= - Outbox publication deferred outbox_id=575a2b91-643f-4fde-baa5-e0f93d4e3f93 command_id=31a5b7935b37772b95dd0e74d02eb3c37d39d6bf20740edead0b121e3e71fba8 outcome=RETRYABLE cause=MQCLIENTEXCEPTION
2026-08-11T10:01:36.038+08:00 INFO  d.f.m.outbox.OutboxDispatcher request_id= idempotency_key= order_id= user_id= sku_id= payment_tx= - Outbox publication deferred outbox_id=9c2f88fc-8aeb-429c-b019-153e05b7d09d command_id=1c56ca7169323b58ba4967c5b13231c2694e6100e19c96e1f962a213fc971886 outcome=RETRYABLE cause=MQCLIENTEXCEPTION
2026-08-11T10:01:36.045+08:00 INFO  d.f.m.outbox.OutboxDispatcher request_id= idempotency_key= order_id= user_id= sku_id= payment_tx= - Outbox publication deferred outbox_id=57f5f659-600e-4c8b-a3e7-d1b7f3c3c937 command_id=e19587521f7764a11a479412dff0f6fd4c0aa10f7e4932b5fe3bd5a92bd3873c outcome=RETRYABLE cause=MQCLIENTEXCEPTION
2026-08-11T10:01:36.067+08:00 INFO  d.f.m.outbox.OutboxDispatcher request_id= idempotency_key= order_id= user_id= sku_id= payment_tx= - Outbox publication deferred outbox_id=11cd6215-59a8-4fba-8daf-6dc2d3787bde command_id=692ab34c25af9b9e8c02932b5011fd95ae381c836cfcd9743d9ddd56bf3ca25c outcome=RETRYABLE cause=MQCLIENTEXCEPTION
2026-08-11T10:01:36.624+08:00 INFO  d.f.m.outbox.OutboxDispatcher request_id= idempotency_key= order_id= user_id= sku_id= payment_tx= - Outbox publication deferred outbox_id=5fa6624c-5cec-4d4f-bd8c-5c318939209d command_id=78e1af026369520537a25526138346163878deb0fd18306a64410357625cfdca outcome=RETRYABLE cause=MQCLIENTEXCEPTION
2026-08-11T10:01:36.629+08:00 INFO  d.f.m.outbox.OutboxDispatcher request_id= idempotency_key= order_id= user_id= sku_id= payment_tx= - Outbox publication deferred outbox_id=0ece5be8-1566-46e4-a239-18a2804c1e83 command_id=797194d79cbbcf41745a6f1dc535e400489862513196c1ba3b5c2e5b2e36ced3 outcome=RETRYABLE cause=MQCLIENTEXCEPTION
2026-08-11T10:01:36.634+08:00 INFO  d.f.m.outbox.OutboxDispatcher request_id= idempotency_key= order_id= user_id= sku_id= payment_tx= - Outbox publication deferred outbox_id=11b73d8e-7d3d-42e8-8e4c-7c117dc49319 command_id=3467dfeb5b61e4c6d22acd35b7b73fd3117a0fb61a48413e6d340e4179dee888 outcome=RETRYABLE cause=MQCLIENTEXCEPTION
2026-08-11T10:01:36.639+08:00 INFO  d.f.m.outbox.OutboxDispatcher request_id= idempotency_key= order_id= user_id= sku_id= payment_tx= - Outbox publication deferred outbox_id=a3615f5c-6adb-466a-990e-027c81db59b9 command_id=a95bf9d949bb309e68556942b9073bba7e8af26a6a2b5765ad00ea29eddff89c outcome=RETRYABLE cause=MQCLIENTEXCEPTION
2026-08-11T10:01:36.778+08:00 INFO  d.f.m.outbox.OutboxDispatcher request_id= idempotency_key= order_id= user_id= sku_id= payment_tx= - Outbox publication deferred outbox_id=1f4623e6-a4e6-4ef0-b9fd-8ef578b256d6 command_id=fcc33a93a1ed9e624d47a4971602b6ba698db3bd54d70d318c3168ee1abf4b4a outcome=RETRYABLE cause=MQCLIENTEXCEPTION
2026-08-11T10:01:36.787+08:00 INFO  d.f.m.outbox.OutboxDispatcher request_id= idempotency_key= order_id= user_id= sku_id= payment_tx= - Outbox publication deferred outbox_id=d90daec1-35e3-45ff-abaf-431bced44fc8 command_id=0ef32bcc34532fa9475b5cb794eaf40ea6a3809de805947c13185e0e265db1f0 outcome=RETRYABLE cause=MQCLIENTEXCEPTION
2026-08-11T10:01:36.794+08:00 INFO  d.f.m.outbox.OutboxDispatcher request_id= idempotency_key= order_id= user_id= sku_id= payment_tx= - Outbox publication deferred outbox_id=b8d8eea8-8b60-4109-ac62-4ff671746983 command_id=ca9a56b487a1b835ced6b8e162f3745418546c4f35bbf53e5db94bcf37217379 outcome=RETRYABLE cause=MQCLIENTEXCEPTION
2026-08-11T10:01:36.801+08:00 INFO  d.f.m.outbox.OutboxDispatcher request_id= idempotency_key= order_id= user_id= sku_id= payment_tx= - Outbox publication deferred outbox_id=5aa84e4e-3597-483c-9c2c-4faee98fd57c command_id=4a4d4b985ad132bfd2d4324f47516ff80ae3971c0dbbac39d8057e7dafe1829f outcome=RETRYABLE cause=MQCLIENTEXCEPTION
2026-08-11T10:01:36.921+08:00 INFO  d.f.m.outbox.OutboxDispatcher request_id= idempotency_key= order_id= user_id= sku_id= payment_tx= - Outbox publication deferred outbox_id=575a2b91-643f-4fde-baa5-e0f93d4e3f93 command_id=31a5b7935b37772b95dd0e74d02eb3c37d39d6bf20740edead0b121e3e71fba8 outcome=RETRYABLE cause=MQCLIENTEXCEPTION
2026-08-11T10:01:36.924+08:00 INFO  d.f.m.outbox.OutboxDispatcher request_id= idempotency_key= order_id= user_id= sku_id= payment_tx= - Outbox publication deferred outbox_id=9c2f88fc-8aeb-429c-b019-153e05b7d09d command_id=1c56ca7169323b58ba4967c5b13231c2694e6100e19c96e1f962a213fc971886 outcome=RETRYABLE cause=MQCLIENTEXCEPTION
2026-08-11T10:01:36.926+08:00 INFO  d.f.m.outbox.OutboxDispatcher request_id= idempotency_key= order_id= user_id= sku_id= payment_tx= - Outbox publication deferred outbox_id=57f5f659-600e-4c8b-a3e7-d1b7f3c3c937 command_id=e19587521f7764a11a479412dff0f6fd4c0aa10f7e4932b5fe3bd5a92bd3873c outcome=RETRYABLE cause=MQCLIENTEXCEPTION
2026-08-11T10:01:36.928+08:00 INFO  d.f.m.outbox.OutboxDispatcher request_id= idempotency_key= order_id= user_id= sku_id= payment_tx= - Outbox publication deferred outbox_id=11cd6215-59a8-4fba-8daf-6dc2d3787bde command_id=692ab34c25af9b9e8c02932b5011fd95ae381c836cfcd9743d9ddd56bf3ca25c outcome=RETRYABLE cause=MQCLIENTEXCEPTION
2026-08-11T10:01:37.684+08:00 INFO  d.f.m.outbox.OutboxDispatcher request_id= idempotency_key= order_id= user_id= sku_id= payment_tx= - Outbox publication deferred outbox_id=5fa6624c-5cec-4d4f-bd8c-5c318939209d command_id=78e1af026369520537a25526138346163878deb0fd18306a64410357625cfdca outcome=RETRYABLE cause=MQCLIENTEXCEPTION
2026-08-11T10:01:37.687+08:00 INFO  d.f.m.outbox.OutboxDispatcher request_id= idempotency_key= order_id= user_id= sku_id= payment_tx= - Outbox publication deferred outbox_id=0ece5be8-1566-46e4-a239-18a2804c1e83 command_id=797194d79cbbcf41745a6f1dc535e400489862513196c1ba3b5c2e5b2e36ced3 outcome=RETRYABLE cause=MQCLIENTEXCEPTION
2026-08-11T10:01:37.689+08:00 INFO  d.f.m.outbox.OutboxDispatcher request_id= idempotency_key= order_id= user_id= sku_id= payment_tx= - Outbox publication deferred outbox_id=11b73d8e-7d3d-42e8-8e4c-7c117dc49319 command_id=3467dfeb5b61e4c6d22acd35b7b73fd3117a0fb61a48413e6d340e4179dee888 outcome=RETRYABLE cause=MQCLIENTEXCEPTION
2026-08-11T10:01:37.691+08:00 INFO  d.f.m.outbox.OutboxDispatcher request_id= idempotency_key= order_id= user_id= sku_id= payment_tx= - Outbox publication deferred outbox_id=a3615f5c-6adb-466a-990e-027c81db59b9 command_id=a95bf9d949bb309e68556942b9073bba7e8af26a6a2b5765ad00ea29eddff89c outcome=RETRYABLE cause=MQCLIENTEXCEPTION
2026-08-11T10:01:37.832+08:00 INFO  d.f.m.outbox.OutboxDispatcher request_id= idempotency_key= order_id= user_id= sku_id= payment_tx= - Outbox publication deferred outbox_id=1f4623e6-a4e6-4ef0-b9fd-8ef578b256d6 command_id=fcc33a93a1ed9e624d47a4971602b6ba698db3bd54d70d318c3168ee1abf4b4a outcome=RETRYABLE cause=MQCLIENTEXCEPTION
2026-08-11T10:01:37.852+08:00 INFO  d.f.m.outbox.OutboxDispatcher request_id= idempotency_key= order_id= user_id= sku_id= payment_tx= - Outbox publication deferred outbox_id=d90daec1-35e3-45ff-abaf-431bced44fc8 command_id=0ef32bcc34532fa9475b5cb794eaf40ea6a3809de805947c13185e0e265db1f0 outcome=RETRYABLE cause=MQCLIENTEXCEPTION
2026-08-11T10:01:37.855+08:00 INFO  d.f.m.outbox.OutboxDispatcher request_id= idempotency_key= order_id= user_id= sku_id= payment_tx= - Outbox publication deferred outbox_id=b8d8eea8-8b60-4109-ac62-4ff671746983 command_id=ca9a56b487a1b835ced6b8e162f3745418546c4f35bbf53e5db94bcf37217379 outcome=RETRYABLE cause=MQCLIENTEXCEPTION
2026-08-11T10:01:37.859+08:00 INFO  d.f.m.outbox.OutboxDispatcher request_id= idempotency_key= order_id= user_id= sku_id= payment_tx= - Outbox publication deferred outbox_id=5aa84e4e-3597-483c-9c2c-4faee98fd57c command_id=4a4d4b985ad132bfd2d4324f47516ff80ae3971c0dbbac39d8057e7dafe1829f outcome=RETRYABLE cause=MQCLIENTEXCEPTION
2026-08-11T10:01:37.974+08:00 INFO  d.f.m.outbox.OutboxDispatcher request_id= idempotency_key= order_id= user_id= sku_id= payment_tx= - Outbox publication deferred outbox_id=575a2b91-643f-4fde-baa5-e0f93d4e3f93 command_id=31a5b7935b37772b95dd0e74d02eb3c37d39d6bf20740edead0b121e3e71fba8 outcome=RETRYABLE cause=MQCLIENTEXCEPTION
2026-08-11T10:01:37.976+08:00 INFO  d.f.m.outbox.OutboxDispatcher request_id= idempotency_key= order_id= user_id= sku_id= payment_tx= - Outbox publication deferred outbox_id=9c2f88fc-8aeb-429c-b019-153e05b7d09d command_id=1c56ca7169323b58ba4967c5b13231c2694e6100e19c96e1f962a213fc971886 outcome=RETRYABLE cause=MQCLIENTEXCEPTION
2026-08-11T10:01:37.980+08:00 INFO  d.f.m.outbox.OutboxDispatcher request_id= idempotency_key= order_id= user_id= sku_id= payment_tx= - Outbox publication deferred outbox_id=57f5f659-600e-4c8b-a3e7-d1b7f3c3c937 command_id=e19587521f7764a11a479412dff0f6fd4c0aa10f7e4932b5fe3bd5a92bd3873c outcome=RETRYABLE cause=MQCLIENTEXCEPTION
2026-08-11T10:01:37.984+08:00 INFO  d.f.m.outbox.OutboxDispatcher request_id= idempotency_key= order_id= user_id= sku_id= payment_tx= - Outbox publication deferred outbox_id=11cd6215-59a8-4fba-8daf-6dc2d3787bde command_id=692ab34c25af9b9e8c02932b5011fd95ae381c836cfcd9743d9ddd56bf3ca25c outcome=RETRYABLE cause=MQCLIENTEXCEPTION
2026-08-11T10:01:38.737+08:00 INFO  d.f.m.outbox.OutboxDispatcher request_id= idempotency_key= order_id= user_id= sku_id= payment_tx= - Outbox publication deferred outbox_id=5fa6624c-5cec-4d4f-bd8c-5c318939209d command_id=78e1af026369520537a25526138346163878deb0fd18306a64410357625cfdca outcome=RETRYABLE cause=MQCLIENTEXCEPTION
2026-08-11T10:01:38.741+08:00 INFO  d.f.m.outbox.OutboxDispatcher request_id= idempotency_key= order_id= user_id= sku_id= payment_tx= - Outbox publication deferred outbox_id=0ece5be8-1566-46e4-a239-18a2804c1e83 command_id=797194d79cbbcf41745a6f1dc535e400489862513196c1ba3b5c2e5b2e36ced3 outcome=RETRYABLE cause=MQCLIENTEXCEPTION
2026-08-11T10:01:38.744+08:00 INFO  d.f.m.outbox.OutboxDispatcher request_id= idempotency_key= order_id= user_id= sku_id= payment_tx= - Outbox publication deferred outbox_id=11b73d8e-7d3d-42e8-8e4c-7c117dc49319 command_id=3467dfeb5b61e4c6d22acd35b7b73fd3117a0fb61a48413e6d340e4179dee888 outcome=RETRYABLE cause=MQCLIENTEXCEPTION
2026-08-11T10:01:38.747+08:00 INFO  d.f.m.outbox.OutboxDispatcher request_id= idempotency_key= order_id= user_id= sku_id= payment_tx= - Outbox publication deferred outbox_id=a3615f5c-6adb-466a-990e-027c81db59b9 command_id=a95bf9d949bb309e68556942b9073bba7e8af26a6a2b5765ad00ea29eddff89c outcome=RETRYABLE cause=MQCLIENTEXCEPTION
2026-08-11T10:01:38.859+08:00 INFO  d.f.m.outbox.OutboxDispatcher request_id= idempotency_key= order_id= user_id= sku_id= payment_tx= - Outbox publication deferred outbox_id=1f4623e6-a4e6-4ef0-b9fd-8ef578b256d6 command_id=fcc33a93a1ed9e624d47a4971602b6ba698db3bd54d70d318c3168ee1abf4b4a outcome=RETRYABLE cause=MQCLIENTEXCEPTION
2026-08-11T10:01:38.862+08:00 INFO  d.f.m.outbox.OutboxDispatcher request_id= idempotency_key= order_id= user_id= sku_id= payment_tx= - Outbox publication deferred outbox_id=d90daec1-35e3-45ff-abaf-431bced44fc8 command_id=0ef32bcc34532fa9475b5cb794eaf40ea6a3809de805947c13185e0e265db1f0 outcome=RETRYABLE cause=MQCLIENTEXCEPTION
2026-08-11T10:01:38.976+08:00 INFO  d.f.m.outbox.OutboxDispatcher request_id= idempotency_key= order_id= user_id= sku_id= payment_tx= - Outbox publication deferred outbox_id=b8d8eea8-8b60-4109-ac62-4ff671746983 command_id=ca9a56b487a1b835ced6b8e162f3745418546c4f35bbf53e5db94bcf37217379 outcome=RETRYABLE cause=MQCLIENTEXCEPTION
2026-08-11T10:01:38.980+08:00 INFO  d.f.m.outbox.OutboxDispatcher request_id= idempotency_key= order_id= user_id= sku_id= payment_tx= - Outbox publication deferred outbox_id=5aa84e4e-3597-483c-9c2c-4faee98fd57c command_id=4a4d4b985ad132bfd2d4324f47516ff80ae3971c0dbbac39d8057e7dafe1829f outcome=RETRYABLE cause=MQCLIENTEXCEPTION
2026-08-11T10:01:39.096+08:00 INFO  d.f.m.outbox.OutboxDispatcher request_id= idempotency_key= order_id= user_id= sku_id= payment_tx= - Outbox publication deferred outbox_id=575a2b91-643f-4fde-baa5-e0f93d4e3f93 command_id=31a5b7935b37772b95dd0e74d02eb3c37d39d6bf20740edead0b121e3e71fba8 outcome=RETRYABLE cause=MQCLIENTEXCEPTION
2026-08-11T10:01:39.099+08:00 INFO  d.f.m.outbox.OutboxDispatcher request_id= idempotency_key= order_id= user_id= sku_id= payment_tx= - Outbox publication deferred outbox_id=9c2f88fc-8aeb-429c-b019-153e05b7d09d command_id=1c56ca7169323b58ba4967c5b13231c2694e6100e19c96e1f962a213fc971886 outcome=RETRYABLE cause=MQCLIENTEXCEPTION
2026-08-11T10:01:39.102+08:00 INFO  d.f.m.outbox.OutboxDispatcher request_id= idempotency_key= order_id= user_id= sku_id= payment_tx= - Outbox publication deferred outbox_id=57f5f659-600e-4c8b-a3e7-d1b7f3c3c937 command_id=e19587521f7764a11a479412dff0f6fd4c0aa10f7e4932b5fe3bd5a92bd3873c outcome=RETRYABLE cause=MQCLIENTEXCEPTION
2026-08-11T10:01:39.106+08:00 INFO  d.f.m.outbox.OutboxDispatcher request_id= idempotency_key= order_id= user_id= sku_id= payment_tx= - Outbox publication deferred outbox_id=11cd6215-59a8-4fba-8daf-6dc2d3787bde command_id=692ab34c25af9b9e8c02932b5011fd95ae381c836cfcd9743d9ddd56bf3ca25c outcome=RETRYABLE cause=MQCLIENTEXCEPTION
2026-08-11T10:01:39.750+08:00 INFO  d.f.m.outbox.OutboxDispatcher request_id= idempotency_key= order_id= user_id= sku_id= payment_tx= - Outbox publication deferred outbox_id=5fa6624c-5cec-4d4f-bd8c-5c318939209d command_id=78e1af026369520537a25526138346163878deb0fd18306a64410357625cfdca outcome=RETRYABLE cause=MQCLIENTEXCEPTION
2026-08-11T10:01:39.754+08:00 INFO  d.f.m.outbox.OutboxDispatcher request_id= idempotency_key= order_id= user_id= sku_id= payment_tx= - Outbox publication deferred outbox_id=0ece5be8-1566-46e4-a239-18a2804c1e83 command_id=797194d79cbbcf41745a6f1dc535e400489862513196c1ba3b5c2e5b2e36ced3 outcome=RETRYABLE cause=MQCLIENTEXCEPTION
2026-08-11T10:01:39.868+08:00 INFO  d.f.m.outbox.OutboxDispatcher request_id= idempotency_key= order_id= user_id= sku_id= payment_tx= - Outbox publication deferred outbox_id=11b73d8e-7d3d-42e8-8e4c-7c117dc49319 command_id=3467dfeb5b61e4c6d22acd35b7b73fd3117a0fb61a48413e6d340e4179dee888 outcome=RETRYABLE cause=MQCLIENTEXCEPTION
2026-08-11T10:01:39.870+08:00 INFO  d.f.m.outbox.OutboxDispatcher request_id= idempotency_key= order_id= user_id= sku_id= payment_tx= - Outbox publication deferred outbox_id=a3615f5c-6adb-466a-990e-027c81db59b9 command_id=a95bf9d949bb309e68556942b9073bba7e8af26a6a2b5765ad00ea29eddff89c outcome=RETRYABLE cause=MQCLIENTEXCEPTION
2026-08-11T10:01:39.872+08:00 INFO  d.f.m.outbox.OutboxDispatcher request_id= idempotency_key= order_id= user_id= sku_id= payment_tx= - Outbox publication deferred outbox_id=1f4623e6-a4e6-4ef0-b9fd-8ef578b256d6 command_id=fcc33a93a1ed9e624d47a4971602b6ba698db3bd54d70d318c3168ee1abf4b4a outcome=RETRYABLE cause=MQCLIENTEXCEPTION
2026-08-11T10:01:39.985+08:00 INFO  d.f.m.outbox.OutboxDispatcher request_id= idempotency_key= order_id= user_id= sku_id= payment_tx= - Outbox publication deferred outbox_id=d90daec1-35e3-45ff-abaf-431bced44fc8 command_id=0ef32bcc34532fa9475b5cb794eaf40ea6a3809de805947c13185e0e265db1f0 outcome=RETRYABLE cause=MQCLIENTEXCEPTION
2026-08-11T10:01:39.989+08:00 INFO  d.f.m.outbox.OutboxDispatcher request_id= idempotency_key= order_id= user_id= sku_id= payment_tx= - Outbox publication deferred outbox_id=b8d8eea8-8b60-4109-ac62-4ff671746983 command_id=ca9a56b487a1b835ced6b8e162f3745418546c4f35bbf53e5db94bcf37217379 outcome=RETRYABLE cause=MQCLIENTEXCEPTION
2026-08-11T10:01:40.122+08:00 INFO  d.f.m.outbox.OutboxDispatcher request_id= idempotency_key= order_id= user_id= sku_id= payment_tx= - Outbox publication deferred outbox_id=5aa84e4e-3597-483c-9c2c-4faee98fd57c command_id=4a4d4b985ad132bfd2d4324f47516ff80ae3971c0dbbac39d8057e7dafe1829f outcome=RETRYABLE cause=MQCLIENTEXCEPTION
2026-08-11T10:01:40.125+08:00 INFO  d.f.m.outbox.OutboxDispatcher request_id= idempotency_key= order_id= user_id= sku_id= payment_tx= - Outbox publication deferred outbox_id=575a2b91-643f-4fde-baa5-e0f93d4e3f93 command_id=31a5b7935b37772b95dd0e74d02eb3c37d39d6bf20740edead0b121e3e71fba8 outcome=RETRYABLE cause=MQCLIENTEXCEPTION
2026-08-11T10:01:40.237+08:00 INFO  d.f.m.outbox.OutboxDispatcher request_id= idempotency_key= order_id= user_id= sku_id= payment_tx= - Outbox publication deferred outbox_id=9c2f88fc-8aeb-429c-b019-153e05b7d09d command_id=1c56ca7169323b58ba4967c5b13231c2694e6100e19c96e1f962a213fc971886 outcome=RETRYABLE cause=MQCLIENTEXCEPTION
2026-08-11T10:01:40.240+08:00 INFO  d.f.m.outbox.OutboxDispatcher request_id= idempotency_key= order_id= user_id= sku_id= payment_tx= - Outbox publication deferred outbox_id=57f5f659-600e-4c8b-a3e7-d1b7f3c3c937 command_id=e19587521f7764a11a479412dff0f6fd4c0aa10f7e4932b5fe3bd5a92bd3873c outcome=RETRYABLE cause=MQCLIENTEXCEPTION
2026-08-11T10:01:40.242+08:00 INFO  d.f.m.outbox.OutboxDispatcher request_id= idempotency_key= order_id= user_id= sku_id= payment_tx= - Outbox publication deferred outbox_id=11cd6215-59a8-4fba-8daf-6dc2d3787bde command_id=692ab34c25af9b9e8c02932b5011fd95ae381c836cfcd9743d9ddd56bf3ca25c outcome=RETRYABLE cause=MQCLIENTEXCEPTION
2026-08-11T10:01:40.777+08:00 INFO  d.f.m.outbox.OutboxDispatcher request_id= idempotency_key= order_id= user_id= sku_id= payment_tx= - Outbox publication deferred outbox_id=5fa6624c-5cec-4d4f-bd8c-5c318939209d command_id=78e1af026369520537a25526138346163878deb0fd18306a64410357625cfdca outcome=RETRYABLE cause=MQCLIENTEXCEPTION
2026-08-11T10:01:40.780+08:00 INFO  d.f.m.outbox.OutboxDispatcher request_id= idempotency_key= order_id= user_id= sku_id= payment_tx= - Outbox publication deferred outbox_id=0ece5be8-1566-46e4-a239-18a2804c1e83 command_id=797194d79cbbcf41745a6f1dc535e400489862513196c1ba3b5c2e5b2e36ced3 outcome=RETRYABLE cause=MQCLIENTEXCEPTION
2026-08-11T10:01:40.894+08:00 INFO  d.f.m.outbox.OutboxDispatcher request_id= idempotency_key= order_id= user_id= sku_id= payment_tx= - Outbox publication deferred outbox_id=11b73d8e-7d3d-42e8-8e4c-7c117dc49319 command_id=3467dfeb5b61e4c6d22acd35b7b73fd3117a0fb61a48413e6d340e4179dee888 outcome=RETRYABLE cause=MQCLIENTEXCEPTION
2026-08-11T10:01:40.896+08:00 INFO  d.f.m.outbox.OutboxDispatcher request_id= idempotency_key= order_id= user_id= sku_id= payment_tx= - Outbox publication deferred outbox_id=a3615f5c-6adb-466a-990e-027c81db59b9 command_id=a95bf9d949bb309e68556942b9073bba7e8af26a6a2b5765ad00ea29eddff89c outcome=RETRYABLE cause=MQCLIENTEXCEPTION
2026-08-11T10:01:40.899+08:00 INFO  d.f.m.outbox.OutboxDispatcher request_id= idempotency_key= order_id= user_id= sku_id= payment_tx= - Outbox publication deferred outbox_id=1f4623e6-a4e6-4ef0-b9fd-8ef578b256d6 command_id=fcc33a93a1ed9e624d47a4971602b6ba698db3bd54d70d318c3168ee1abf4b4a outcome=RETRYABLE cause=MQCLIENTEXCEPTION
2026-08-11T10:01:41.011+08:00 INFO  d.f.m.outbox.OutboxDispatcher request_id= idempotency_key= order_id= user_id= sku_id= payment_tx= - Outbox publication deferred outbox_id=d90daec1-35e3-45ff-abaf-431bced44fc8 command_id=0ef32bcc34532fa9475b5cb794eaf40ea6a3809de805947c13185e0e265db1f0 outcome=RETRYABLE cause=MQCLIENTEXCEPTION
2026-08-11T10:01:41.014+08:00 INFO  d.f.m.outbox.OutboxDispatcher request_id= idempotency_key= order_id= user_id= sku_id= payment_tx= - Outbox publication deferred outbox_id=b8d8eea8-8b60-4109-ac62-4ff671746983 command_id=ca9a56b487a1b835ced6b8e162f3745418546c4f35bbf53e5db94bcf37217379 outcome=RETRYABLE cause=MQCLIENTEXCEPTION
2026-08-11T10:01:41.125+08:00 INFO  d.f.m.outbox.OutboxDispatcher request_id= idempotency_key= order_id= user_id= sku_id= payment_tx= - Outbox publication deferred outbox_id=5aa84e4e-3597-483c-9c2c-4faee98fd57c command_id=4a4d4b985ad132bfd2d4324f47516ff80ae3971c0dbbac39d8057e7dafe1829f outcome=RETRYABLE cause=MQCLIENTEXCEPTION
2026-08-11T10:01:41.234+08:00 INFO  d.f.m.outbox.OutboxDispatcher request_id= idempotency_key= order_id= user_id= sku_id= payment_tx= - Outbox publication deferred outbox_id=575a2b91-643f-4fde-baa5-e0f93d4e3f93 command_id=31a5b7935b37772b95dd0e74d02eb3c37d39d6bf20740edead0b121e3e71fba8 outcome=RETRYABLE cause=MQCLIENTEXCEPTION
2026-08-11T10:01:41.349+08:00 INFO  d.f.m.outbox.OutboxDispatcher request_id= idempotency_key= order_id= user_id= sku_id= payment_tx= - Outbox publication deferred outbox_id=9c2f88fc-8aeb-429c-b019-153e05b7d09d command_id=1c56ca7169323b58ba4967c5b13231c2694e6100e19c96e1f962a213fc971886 outcome=RETRYABLE cause=MQCLIENTEXCEPTION
2026-08-11T10:01:41.353+08:00 INFO  d.f.m.outbox.OutboxDispatcher request_id= idempotency_key= order_id= user_id= sku_id= payment_tx= - Outbox publication deferred outbox_id=57f5f659-600e-4c8b-a3e7-d1b7f3c3c937 command_id=e19587521f7764a11a479412dff0f6fd4c0aa10f7e4932b5fe3bd5a92bd3873c outcome=RETRYABLE cause=MQCLIENTEXCEPTION
2026-08-11T10:01:41.355+08:00 INFO  d.f.m.outbox.OutboxDispatcher request_id= idempotency_key= order_id= user_id= sku_id= payment_tx= - Outbox publication deferred outbox_id=11cd6215-59a8-4fba-8daf-6dc2d3787bde command_id=692ab34c25af9b9e8c02932b5011fd95ae381c836cfcd9743d9ddd56bf3ca25c outcome=RETRYABLE cause=MQCLIENTEXCEPTION
2026-08-11T10:01:41.890+08:00 INFO  d.f.m.outbox.OutboxDispatcher request_id= idempotency_key= order_id= user_id= sku_id= payment_tx= - Outbox publication deferred outbox_id=5fa6624c-5cec-4d4f-bd8c-5c318939209d command_id=78e1af026369520537a25526138346163878deb0fd18306a64410357625cfdca outcome=RETRYABLE cause=MQCLIENTEXCEPTION
2026-08-11T10:01:41.892+08:00 INFO  d.f.m.outbox.OutboxDispatcher request_id= idempotency_key= order_id= user_id= sku_id= payment_tx= - Outbox publication deferred outbox_id=0ece5be8-1566-46e4-a239-18a2804c1e83 command_id=797194d79cbbcf41745a6f1dc535e400489862513196c1ba3b5c2e5b2e36ced3 outcome=RETRYABLE cause=MQCLIENTEXCEPTION
2026-08-11T10:01:42.005+08:00 INFO  d.f.m.outbox.OutboxDispatcher request_id= idempotency_key= order_id= user_id= sku_id= payment_tx= - Outbox publication deferred outbox_id=11b73d8e-7d3d-42e8-8e4c-7c117dc49319 command_id=3467dfeb5b61e4c6d22acd35b7b73fd3117a0fb61a48413e6d340e4179dee888 outcome=RETRYABLE cause=MQCLIENTEXCEPTION
2026-08-11T10:01:42.007+08:00 INFO  d.f.m.outbox.OutboxDispatcher request_id= idempotency_key= order_id= user_id= sku_id= payment_tx= - Outbox publication deferred outbox_id=a3615f5c-6adb-466a-990e-027c81db59b9 command_id=a95bf9d949bb309e68556942b9073bba7e8af26a6a2b5765ad00ea29eddff89c outcome=RETRYABLE cause=MQCLIENTEXCEPTION
2026-08-11T10:01:42.010+08:00 INFO  d.f.m.outbox.OutboxDispatcher request_id= idempotency_key= order_id= user_id= sku_id= payment_tx= - Outbox publication deferred outbox_id=1f4623e6-a4e6-4ef0-b9fd-8ef578b256d6 command_id=fcc33a93a1ed9e624d47a4971602b6ba698db3bd54d70d318c3168ee1abf4b4a outcome=RETRYABLE cause=MQCLIENTEXCEPTION
2026-08-11T10:01:42.123+08:00 INFO  d.f.m.outbox.OutboxDispatcher request_id= idempotency_key= order_id= user_id= sku_id= payment_tx= - Outbox publication deferred outbox_id=d90daec1-35e3-45ff-abaf-431bced44fc8 command_id=0ef32bcc34532fa9475b5cb794eaf40ea6a3809de805947c13185e0e265db1f0 outcome=RETRYABLE cause=MQCLIENTEXCEPTION
2026-08-11T10:01:42.125+08:00 INFO  d.f.m.outbox.OutboxDispatcher request_id= idempotency_key= order_id= user_id= sku_id= payment_tx= - Outbox publication deferred outbox_id=b8d8eea8-8b60-4109-ac62-4ff671746983 command_id=ca9a56b487a1b835ced6b8e162f3745418546c4f35bbf53e5db94bcf37217379 outcome=RETRYABLE cause=MQCLIENTEXCEPTION
2026-08-11T10:01:42.238+08:00 INFO  d.f.m.outbox.OutboxDispatcher request_id= idempotency_key= order_id= user_id= sku_id= payment_tx= - Outbox publication deferred outbox_id=5aa84e4e-3597-483c-9c2c-4faee98fd57c command_id=4a4d4b985ad132bfd2d4324f47516ff80ae3971c0dbbac39d8057e7dafe1829f outcome=RETRYABLE cause=MQCLIENTEXCEPTION
2026-08-11T10:01:42.351+08:00 INFO  d.f.m.outbox.OutboxDispatcher request_id= idempotency_key= order_id= user_id= sku_id= payment_tx= - Outbox publication deferred outbox_id=575a2b91-643f-4fde-baa5-e0f93d4e3f93 command_id=31a5b7935b37772b95dd0e74d02eb3c37d39d6bf20740edead0b121e3e71fba8 outcome=RETRYABLE cause=MQCLIENTEXCEPTION
2026-08-11T10:01:42.462+08:00 INFO  d.f.m.outbox.OutboxDispatcher request_id= idempotency_key= order_id= user_id= sku_id= payment_tx= - Outbox publication deferred outbox_id=9c2f88fc-8aeb-429c-b019-153e05b7d09d command_id=1c56ca7169323b58ba4967c5b13231c2694e6100e19c96e1f962a213fc971886 outcome=RETRYABLE cause=MQCLIENTEXCEPTION
2026-08-11T10:01:42.465+08:00 INFO  d.f.m.outbox.OutboxDispatcher request_id= idempotency_key= order_id= user_id= sku_id= payment_tx= - Outbox publication deferred outbox_id=57f5f659-600e-4c8b-a3e7-d1b7f3c3c937 command_id=e19587521f7764a11a479412dff0f6fd4c0aa10f7e4932b5fe3bd5a92bd3873c outcome=RETRYABLE cause=MQCLIENTEXCEPTION
2026-08-11T10:01:42.467+08:00 INFO  d.f.m.outbox.OutboxDispatcher request_id= idempotency_key= order_id= user_id= sku_id= payment_tx= - Outbox publication deferred outbox_id=11cd6215-59a8-4fba-8daf-6dc2d3787bde command_id=692ab34c25af9b9e8c02932b5011fd95ae381c836cfcd9743d9ddd56bf3ca25c outcome=RETRYABLE cause=MQCLIENTEXCEPTION
2026-08-11T10:01:43.000+08:00 INFO  d.f.m.outbox.OutboxDispatcher request_id= idempotency_key= order_id= user_id= sku_id= payment_tx= - Outbox publication deferred outbox_id=5fa6624c-5cec-4d4f-bd8c-5c318939209d command_id=78e1af026369520537a25526138346163878deb0fd18306a64410357625cfdca outcome=RETRYABLE cause=MQCLIENTEXCEPTION
2026-08-11T10:01:43.002+08:00 INFO  d.f.m.outbox.OutboxDispatcher request_id= idempotency_key= order_id= user_id= sku_id= payment_tx= - Outbox publication deferred outbox_id=0ece5be8-1566-46e4-a239-18a2804c1e83 command_id=797194d79cbbcf41745a6f1dc535e400489862513196c1ba3b5c2e5b2e36ced3 outcome=RETRYABLE cause=MQCLIENTEXCEPTION
2026-08-11T10:01:43.117+08:00 INFO  d.f.m.outbox.OutboxDispatcher request_id= idempotency_key= order_id= user_id= sku_id= payment_tx= - Outbox publication deferred outbox_id=11b73d8e-7d3d-42e8-8e4c-7c117dc49319 command_id=3467dfeb5b61e4c6d22acd35b7b73fd3117a0fb61a48413e6d340e4179dee888 outcome=RETRYABLE cause=MQCLIENTEXCEPTION
2026-08-11T10:01:43.122+08:00 INFO  d.f.m.outbox.OutboxDispatcher request_id= idempotency_key= order_id= user_id= sku_id= payment_tx= - Outbox publication deferred outbox_id=a3615f5c-6adb-466a-990e-027c81db59b9 command_id=a95bf9d949bb309e68556942b9073bba7e8af26a6a2b5765ad00ea29eddff89c outcome=RETRYABLE cause=MQCLIENTEXCEPTION
2026-08-11T10:01:43.156+08:00 INFO  d.f.m.outbox.OutboxDispatcher request_id= idempotency_key= order_id= user_id= sku_id= payment_tx= - Outbox publication deferred outbox_id=1f4623e6-a4e6-4ef0-b9fd-8ef578b256d6 command_id=fcc33a93a1ed9e624d47a4971602b6ba698db3bd54d70d318c3168ee1abf4b4a outcome=RETRYABLE cause=MQCLIENTEXCEPTION
2026-08-11T10:01:43.272+08:00 INFO  d.f.m.outbox.OutboxDispatcher request_id= idempotency_key= order_id= user_id= sku_id= payment_tx= - Outbox publication deferred outbox_id=d90daec1-35e3-45ff-abaf-431bced44fc8 command_id=0ef32bcc34532fa9475b5cb794eaf40ea6a3809de805947c13185e0e265db1f0 outcome=RETRYABLE cause=MQCLIENTEXCEPTION
2026-08-11T10:01:43.275+08:00 INFO  d.f.m.outbox.OutboxDispatcher request_id= idempotency_key= order_id= user_id= sku_id= payment_tx= - Outbox publication deferred outbox_id=b8d8eea8-8b60-4109-ac62-4ff671746983 command_id=ca9a56b487a1b835ced6b8e162f3745418546c4f35bbf53e5db94bcf37217379 outcome=RETRYABLE cause=MQCLIENTEXCEPTION
2026-08-11T10:01:43.277+08:00 INFO  d.f.m.outbox.OutboxDispatcher request_id= idempotency_key= order_id= user_id= sku_id= payment_tx= - Outbox publication deferred outbox_id=5aa84e4e-3597-483c-9c2c-4faee98fd57c command_id=4a4d4b985ad132bfd2d4324f47516ff80ae3971c0dbbac39d8057e7dafe1829f outcome=RETRYABLE cause=MQCLIENTEXCEPTION
2026-08-11T10:01:43.388+08:00 INFO  d.f.m.outbox.OutboxDispatcher request_id= idempotency_key= order_id= user_id= sku_id= payment_tx= - Outbox publication deferred outbox_id=575a2b91-643f-4fde-baa5-e0f93d4e3f93 command_id=31a5b7935b37772b95dd0e74d02eb3c37d39d6bf20740edead0b121e3e71fba8 outcome=RETRYABLE cause=MQCLIENTEXCEPTION
2026-08-11T10:01:43.503+08:00 INFO  d.f.m.outbox.OutboxDispatcher request_id= idempotency_key= order_id= user_id= sku_id= payment_tx= - Outbox publication deferred outbox_id=9c2f88fc-8aeb-429c-b019-153e05b7d09d command_id=1c56ca7169323b58ba4967c5b13231c2694e6100e19c96e1f962a213fc971886 outcome=RETRYABLE cause=MQCLIENTEXCEPTION
2026-08-11T10:01:43.506+08:00 INFO  d.f.m.outbox.OutboxDispatcher request_id= idempotency_key= order_id= user_id= sku_id= payment_tx= - Outbox publication deferred outbox_id=57f5f659-600e-4c8b-a3e7-d1b7f3c3c937 command_id=e19587521f7764a11a479412dff0f6fd4c0aa10f7e4932b5fe3bd5a92bd3873c outcome=RETRYABLE cause=MQCLIENTEXCEPTION
2026-08-11T10:01:43.509+08:00 INFO  d.f.m.outbox.OutboxDispatcher request_id= idempotency_key= order_id= user_id= sku_id= payment_tx= - Outbox publication deferred outbox_id=11cd6215-59a8-4fba-8daf-6dc2d3787bde command_id=692ab34c25af9b9e8c02932b5011fd95ae381c836cfcd9743d9ddd56bf3ca25c outcome=RETRYABLE cause=MQCLIENTEXCEPTION
2026-08-11T10:01:44.038+08:00 INFO  d.f.m.outbox.OutboxDispatcher request_id= idempotency_key= order_id= user_id= sku_id= payment_tx= - Outbox publication deferred outbox_id=5fa6624c-5cec-4d4f-bd8c-5c318939209d command_id=78e1af026369520537a25526138346163878deb0fd18306a64410357625cfdca outcome=RETRYABLE cause=MQCLIENTEXCEPTION
2026-08-11T10:01:44.040+08:00 INFO  d.f.m.outbox.OutboxDispatcher request_id= idempotency_key= order_id= user_id= sku_id= payment_tx= - Outbox publication deferred outbox_id=0ece5be8-1566-46e4-a239-18a2804c1e83 command_id=797194d79cbbcf41745a6f1dc535e400489862513196c1ba3b5c2e5b2e36ced3 outcome=RETRYABLE cause=MQCLIENTEXCEPTION
2026-08-11T10:01:44.155+08:00 INFO  d.f.m.outbox.OutboxDispatcher request_id= idempotency_key= order_id= user_id= sku_id= payment_tx= - Outbox publication deferred outbox_id=11b73d8e-7d3d-42e8-8e4c-7c117dc49319 command_id=3467dfeb5b61e4c6d22acd35b7b73fd3117a0fb61a48413e6d340e4179dee888 outcome=RETRYABLE cause=MQCLIENTEXCEPTION
2026-08-11T10:01:44.158+08:00 INFO  d.f.m.outbox.OutboxDispatcher request_id= idempotency_key= order_id= user_id= sku_id= payment_tx= - Outbox publication deferred outbox_id=a3615f5c-6adb-466a-990e-027c81db59b9 command_id=a95bf9d949bb309e68556942b9073bba7e8af26a6a2b5765ad00ea29eddff89c outcome=RETRYABLE cause=MQCLIENTEXCEPTION
2026-08-11T10:01:44.160+08:00 INFO  d.f.m.outbox.OutboxDispatcher request_id= idempotency_key= order_id= user_id= sku_id= payment_tx= - Outbox publication deferred outbox_id=1f4623e6-a4e6-4ef0-b9fd-8ef578b256d6 command_id=fcc33a93a1ed9e624d47a4971602b6ba698db3bd54d70d318c3168ee1abf4b4a outcome=RETRYABLE cause=MQCLIENTEXCEPTION
2026-08-11T10:01:44.373+08:00 INFO  d.f.m.outbox.OutboxDispatcher request_id= idempotency_key= order_id= user_id= sku_id= payment_tx= - Outbox publication deferred outbox_id=d90daec1-35e3-45ff-abaf-431bced44fc8 command_id=0ef32bcc34532fa9475b5cb794eaf40ea6a3809de805947c13185e0e265db1f0 outcome=RETRYABLE cause=MQCLIENTEXCEPTION
2026-08-11T10:01:44.376+08:00 INFO  d.f.m.outbox.OutboxDispatcher request_id= idempotency_key= order_id= user_id= sku_id= payment_tx= - Outbox publication deferred outbox_id=b8d8eea8-8b60-4109-ac62-4ff671746983 command_id=ca9a56b487a1b835ced6b8e162f3745418546c4f35bbf53e5db94bcf37217379 outcome=RETRYABLE cause=MQCLIENTEXCEPTION
2026-08-11T10:01:44.378+08:00 INFO  d.f.m.outbox.OutboxDispatcher request_id= idempotency_key= order_id= user_id= sku_id= payment_tx= - Outbox publication deferred outbox_id=5aa84e4e-3597-483c-9c2c-4faee98fd57c command_id=4a4d4b985ad132bfd2d4324f47516ff80ae3971c0dbbac39d8057e7dafe1829f outcome=RETRYABLE cause=MQCLIENTEXCEPTION
2026-08-11T10:01:44.490+08:00 INFO  d.f.m.outbox.OutboxDispatcher request_id= idempotency_key= order_id= user_id= sku_id= payment_tx= - Outbox publication deferred outbox_id=575a2b91-643f-4fde-baa5-e0f93d4e3f93 command_id=31a5b7935b37772b95dd0e74d02eb3c37d39d6bf20740edead0b121e3e71fba8 outcome=RETRYABLE cause=MQCLIENTEXCEPTION
2026-08-11T10:01:44.603+08:00 INFO  d.f.m.outbox.OutboxDispatcher request_id= idempotency_key= order_id= user_id= sku_id= payment_tx= - Outbox publication deferred outbox_id=9c2f88fc-8aeb-429c-b019-153e05b7d09d command_id=1c56ca7169323b58ba4967c5b13231c2694e6100e19c96e1f962a213fc971886 outcome=RETRYABLE cause=MQCLIENTEXCEPTION
2026-08-11T10:01:44.605+08:00 INFO  d.f.m.outbox.OutboxDispatcher request_id= idempotency_key= order_id= user_id= sku_id= payment_tx= - Outbox publication deferred outbox_id=57f5f659-600e-4c8b-a3e7-d1b7f3c3c937 command_id=e19587521f7764a11a479412dff0f6fd4c0aa10f7e4932b5fe3bd5a92bd3873c outcome=RETRYABLE cause=MQCLIENTEXCEPTION
2026-08-11T10:01:44.607+08:00 INFO  d.f.m.outbox.OutboxDispatcher request_id= idempotency_key= order_id= user_id= sku_id= payment_tx= - Outbox publication deferred outbox_id=11cd6215-59a8-4fba-8daf-6dc2d3787bde command_id=692ab34c25af9b9e8c02932b5011fd95ae381c836cfcd9743d9ddd56bf3ca25c outcome=RETRYABLE cause=MQCLIENTEXCEPTION
2026-08-11T10:01:45.143+08:00 INFO  d.f.m.outbox.OutboxDispatcher request_id= idempotency_key= order_id= user_id= sku_id= payment_tx= - Outbox publication deferred outbox_id=5fa6624c-5cec-4d4f-bd8c-5c318939209d command_id=78e1af026369520537a25526138346163878deb0fd18306a64410357625cfdca outcome=RETRYABLE cause=MQCLIENTEXCEPTION
2026-08-11T10:01:45.146+08:00 INFO  d.f.m.outbox.OutboxDispatcher request_id= idempotency_key= order_id= user_id= sku_id= payment_tx= - Outbox publication deferred outbox_id=0ece5be8-1566-46e4-a239-18a2804c1e83 command_id=797194d79cbbcf41745a6f1dc535e400489862513196c1ba3b5c2e5b2e36ced3 outcome=RETRYABLE cause=MQCLIENTEXCEPTION
2026-08-11T10:01:45.261+08:00 INFO  d.f.m.outbox.OutboxDispatcher request_id= idempotency_key= order_id= user_id= sku_id= payment_tx= - Outbox publication deferred outbox_id=11b73d8e-7d3d-42e8-8e4c-7c117dc49319 command_id=3467dfeb5b61e4c6d22acd35b7b73fd3117a0fb61a48413e6d340e4179dee888 outcome=RETRYABLE cause=MQCLIENTEXCEPTION
2026-08-11T10:01:45.264+08:00 INFO  d.f.m.outbox.OutboxDispatcher request_id= idempotency_key= order_id= user_id= sku_id= payment_tx= - Outbox publication deferred outbox_id=a3615f5c-6adb-466a-990e-027c81db59b9 command_id=a95bf9d949bb309e68556942b9073bba7e8af26a6a2b5765ad00ea29eddff89c outcome=RETRYABLE cause=MQCLIENTEXCEPTION
2026-08-11T10:01:45.266+08:00 INFO  d.f.m.outbox.OutboxDispatcher request_id= idempotency_key= order_id= user_id= sku_id= payment_tx= - Outbox publication deferred outbox_id=1f4623e6-a4e6-4ef0-b9fd-8ef578b256d6 command_id=fcc33a93a1ed9e624d47a4971602b6ba698db3bd54d70d318c3168ee1abf4b4a outcome=RETRYABLE cause=MQCLIENTEXCEPTION
2026-08-11T10:01:45.483+08:00 INFO  d.f.m.outbox.OutboxDispatcher request_id= idempotency_key= order_id= user_id= sku_id= payment_tx= - Outbox publication deferred outbox_id=d90daec1-35e3-45ff-abaf-431bced44fc8 command_id=0ef32bcc34532fa9475b5cb794eaf40ea6a3809de805947c13185e0e265db1f0 outcome=RETRYABLE cause=MQCLIENTEXCEPTION
2026-08-11T10:01:45.486+08:00 INFO  d.f.m.outbox.OutboxDispatcher request_id= idempotency_key= order_id= user_id= sku_id= payment_tx= - Outbox publication deferred outbox_id=b8d8eea8-8b60-4109-ac62-4ff671746983 command_id=ca9a56b487a1b835ced6b8e162f3745418546c4f35bbf53e5db94bcf37217379 outcome=RETRYABLE cause=MQCLIENTEXCEPTION
2026-08-11T10:01:45.488+08:00 INFO  d.f.m.outbox.OutboxDispatcher request_id= idempotency_key= order_id= user_id= sku_id= payment_tx= - Outbox publication deferred outbox_id=5aa84e4e-3597-483c-9c2c-4faee98fd57c command_id=4a4d4b985ad132bfd2d4324f47516ff80ae3971c0dbbac39d8057e7dafe1829f outcome=RETRYABLE cause=MQCLIENTEXCEPTION
2026-08-11T10:01:45.601+08:00 INFO  d.f.m.outbox.OutboxDispatcher request_id= idempotency_key= order_id= user_id= sku_id= payment_tx= - Outbox publication deferred outbox_id=575a2b91-643f-4fde-baa5-e0f93d4e3f93 command_id=31a5b7935b37772b95dd0e74d02eb3c37d39d6bf20740edead0b121e3e71fba8 outcome=RETRYABLE cause=MQCLIENTEXCEPTION
2026-08-11T10:01:45.716+08:00 INFO  d.f.m.outbox.OutboxDispatcher request_id= idempotency_key= order_id= user_id= sku_id= payment_tx= - Outbox publication deferred outbox_id=9c2f88fc-8aeb-429c-b019-153e05b7d09d command_id=1c56ca7169323b58ba4967c5b13231c2694e6100e19c96e1f962a213fc971886 outcome=RETRYABLE cause=MQCLIENTEXCEPTION
2026-08-11T10:01:45.719+08:00 INFO  d.f.m.outbox.OutboxDispatcher request_id= idempotency_key= order_id= user_id= sku_id= payment_tx= - Outbox publication deferred outbox_id=57f5f659-600e-4c8b-a3e7-d1b7f3c3c937 command_id=e19587521f7764a11a479412dff0f6fd4c0aa10f7e4932b5fe3bd5a92bd3873c outcome=RETRYABLE cause=MQCLIENTEXCEPTION
2026-08-11T10:01:45.721+08:00 INFO  d.f.m.outbox.OutboxDispatcher request_id= idempotency_key= order_id= user_id= sku_id= payment_tx= - Outbox publication deferred outbox_id=11cd6215-59a8-4fba-8daf-6dc2d3787bde command_id=692ab34c25af9b9e8c02932b5011fd95ae381c836cfcd9743d9ddd56bf3ca25c outcome=RETRYABLE cause=MQCLIENTEXCEPTION
2026-08-11T10:01:46.150+08:00 INFO  d.f.m.outbox.OutboxDispatcher request_id= idempotency_key= order_id= user_id= sku_id= payment_tx= - Outbox publication deferred outbox_id=5fa6624c-5cec-4d4f-bd8c-5c318939209d command_id=78e1af026369520537a25526138346163878deb0fd18306a64410357625cfdca outcome=RETRYABLE cause=MQCLIENTEXCEPTION
2026-08-11T10:01:46.260+08:00 INFO  d.f.m.outbox.OutboxDispatcher request_id= idempotency_key= order_id= user_id= sku_id= payment_tx= - Outbox publication deferred outbox_id=0ece5be8-1566-46e4-a239-18a2804c1e83 command_id=797194d79cbbcf41745a6f1dc535e400489862513196c1ba3b5c2e5b2e36ced3 outcome=RETRYABLE cause=MQCLIENTEXCEPTION
2026-08-11T10:01:46.379+08:00 INFO  d.f.m.outbox.OutboxDispatcher request_id= idempotency_key= order_id= user_id= sku_id= payment_tx= - Outbox publication deferred outbox_id=11b73d8e-7d3d-42e8-8e4c-7c117dc49319 command_id=3467dfeb5b61e4c6d22acd35b7b73fd3117a0fb61a48413e6d340e4179dee888 outcome=RETRYABLE cause=MQCLIENTEXCEPTION
2026-08-11T10:01:46.382+08:00 INFO  d.f.m.outbox.OutboxDispatcher request_id= idempotency_key= order_id= user_id= sku_id= payment_tx= - Outbox publication deferred outbox_id=a3615f5c-6adb-466a-990e-027c81db59b9 command_id=a95bf9d949bb309e68556942b9073bba7e8af26a6a2b5765ad00ea29eddff89c outcome=RETRYABLE cause=MQCLIENTEXCEPTION
2026-08-11T10:01:46.385+08:00 INFO  d.f.m.outbox.OutboxDispatcher request_id= idempotency_key= order_id= user_id= sku_id= payment_tx= - Outbox publication deferred outbox_id=1f4623e6-a4e6-4ef0-b9fd-8ef578b256d6 command_id=fcc33a93a1ed9e624d47a4971602b6ba698db3bd54d70d318c3168ee1abf4b4a outcome=RETRYABLE cause=MQCLIENTEXCEPTION
2026-08-11T10:01:46.503+08:00 INFO  d.f.m.outbox.OutboxDispatcher request_id= idempotency_key= order_id= user_id= sku_id= payment_tx= - Outbox publication deferred outbox_id=d90daec1-35e3-45ff-abaf-431bced44fc8 command_id=0ef32bcc34532fa9475b5cb794eaf40ea6a3809de805947c13185e0e265db1f0 outcome=RETRYABLE cause=MQCLIENTEXCEPTION
2026-08-11T10:01:46.508+08:00 INFO  d.f.m.outbox.OutboxDispatcher request_id= idempotency_key= order_id= user_id= sku_id= payment_tx= - Outbox publication deferred outbox_id=b8d8eea8-8b60-4109-ac62-4ff671746983 command_id=ca9a56b487a1b835ced6b8e162f3745418546c4f35bbf53e5db94bcf37217379 outcome=RETRYABLE cause=MQCLIENTEXCEPTION
2026-08-11T10:01:46.513+08:00 INFO  d.f.m.outbox.OutboxDispatcher request_id= idempotency_key= order_id= user_id= sku_id= payment_tx= - Outbox publication deferred outbox_id=5aa84e4e-3597-483c-9c2c-4faee98fd57c command_id=4a4d4b985ad132bfd2d4324f47516ff80ae3971c0dbbac39d8057e7dafe1829f outcome=RETRYABLE cause=MQCLIENTEXCEPTION
2026-08-11T10:01:46.634+08:00 INFO  d.f.m.outbox.OutboxDispatcher request_id= idempotency_key= order_id= user_id= sku_id= payment_tx= - Outbox publication deferred outbox_id=575a2b91-643f-4fde-baa5-e0f93d4e3f93 command_id=31a5b7935b37772b95dd0e74d02eb3c37d39d6bf20740edead0b121e3e71fba8 outcome=RETRYABLE cause=MQCLIENTEXCEPTION
2026-08-11T10:01:46.767+08:00 INFO  d.f.m.outbox.OutboxDispatcher request_id= idempotency_key= order_id= user_id= sku_id= payment_tx= - Outbox publication deferred outbox_id=9c2f88fc-8aeb-429c-b019-153e05b7d09d command_id=1c56ca7169323b58ba4967c5b13231c2694e6100e19c96e1f962a213fc971886 outcome=RETRYABLE cause=MQCLIENTEXCEPTION
2026-08-11T10:01:46.774+08:00 INFO  d.f.m.outbox.OutboxDispatcher request_id= idempotency_key= order_id= user_id= sku_id= payment_tx= - Outbox publication deferred outbox_id=57f5f659-600e-4c8b-a3e7-d1b7f3c3c937 command_id=e19587521f7764a11a479412dff0f6fd4c0aa10f7e4932b5fe3bd5a92bd3873c outcome=RETRYABLE cause=MQCLIENTEXCEPTION
2026-08-11T10:01:46.778+08:00 INFO  d.f.m.outbox.OutboxDispatcher request_id= idempotency_key= order_id= user_id= sku_id= payment_tx= - Outbox publication deferred outbox_id=11cd6215-59a8-4fba-8daf-6dc2d3787bde command_id=692ab34c25af9b9e8c02932b5011fd95ae381c836cfcd9743d9ddd56bf3ca25c outcome=RETRYABLE cause=MQCLIENTEXCEPTION
2026-08-11T10:01:47.248+08:00 INFO  d.f.m.outbox.OutboxDispatcher request_id= idempotency_key= order_id= user_id= sku_id= payment_tx= - Outbox publication outbox_id=5fa6624c-5cec-4d4f-bd8c-5c318939209d command_id=78e1af026369520537a25526138346163878deb0fd18306a64410357625cfdca outcome=ACKNOWLEDGED
2026-08-11T10:01:47.368+08:00 INFO  d.f.m.outbox.OutboxDispatcher request_id= idempotency_key= order_id= user_id= sku_id= payment_tx= - Outbox publication outbox_id=0ece5be8-1566-46e4-a239-18a2804c1e83 command_id=797194d79cbbcf41745a6f1dc535e400489862513196c1ba3b5c2e5b2e36ced3 outcome=ACKNOWLEDGED
2026-08-11T10:01:47.489+08:00 INFO  d.f.m.outbox.OutboxDispatcher request_id= idempotency_key= order_id= user_id= sku_id= payment_tx= - Outbox publication outbox_id=11b73d8e-7d3d-42e8-8e4c-7c117dc49319 command_id=3467dfeb5b61e4c6d22acd35b7b73fd3117a0fb61a48413e6d340e4179dee888 outcome=ACKNOWLEDGED
2026-08-11T10:01:47.493+08:00 INFO  d.f.m.outbox.OutboxDispatcher request_id= idempotency_key= order_id= user_id= sku_id= payment_tx= - Outbox publication outbox_id=a3615f5c-6adb-466a-990e-027c81db59b9 command_id=a95bf9d949bb309e68556942b9073bba7e8af26a6a2b5765ad00ea29eddff89c outcome=ACKNOWLEDGED
2026-08-11T10:01:47.498+08:00 INFO  d.f.m.outbox.OutboxDispatcher request_id= idempotency_key= order_id= user_id= sku_id= payment_tx= - Outbox publication outbox_id=1f4623e6-a4e6-4ef0-b9fd-8ef578b256d6 command_id=fcc33a93a1ed9e624d47a4971602b6ba698db3bd54d70d318c3168ee1abf4b4a outcome=ACKNOWLEDGED
2026-08-11T10:01:47.613+08:00 INFO  d.f.m.outbox.OutboxDispatcher request_id= idempotency_key= order_id= user_id= sku_id= payment_tx= - Outbox publication outbox_id=d90daec1-35e3-45ff-abaf-431bced44fc8 command_id=0ef32bcc34532fa9475b5cb794eaf40ea6a3809de805947c13185e0e265db1f0 outcome=ACKNOWLEDGED
2026-08-11T10:01:47.616+08:00 INFO  d.f.m.outbox.OutboxDispatcher request_id= idempotency_key= order_id= user_id= sku_id= payment_tx= - Outbox publication outbox_id=b8d8eea8-8b60-4109-ac62-4ff671746983 command_id=ca9a56b487a1b835ced6b8e162f3745418546c4f35bbf53e5db94bcf37217379 outcome=ACKNOWLEDGED
2026-08-11T10:01:47.620+08:00 INFO  d.f.m.outbox.OutboxDispatcher request_id= idempotency_key= order_id= user_id= sku_id= payment_tx= - Outbox publication outbox_id=5aa84e4e-3597-483c-9c2c-4faee98fd57c command_id=4a4d4b985ad132bfd2d4324f47516ff80ae3971c0dbbac39d8057e7dafe1829f outcome=ACKNOWLEDGED
2026-08-11T10:01:47.733+08:00 INFO  d.f.m.outbox.OutboxDispatcher request_id= idempotency_key= order_id= user_id= sku_id= payment_tx= - Outbox publication outbox_id=575a2b91-643f-4fde-baa5-e0f93d4e3f93 command_id=31a5b7935b37772b95dd0e74d02eb3c37d39d6bf20740edead0b121e3e71fba8 outcome=ACKNOWLEDGED
2026-08-11T10:01:47.851+08:00 INFO  d.f.m.outbox.OutboxDispatcher request_id= idempotency_key= order_id= user_id= sku_id= payment_tx= - Outbox publication outbox_id=9c2f88fc-8aeb-429c-b019-153e05b7d09d command_id=1c56ca7169323b58ba4967c5b13231c2694e6100e19c96e1f962a213fc971886 outcome=ACKNOWLEDGED
2026-08-11T10:01:47.858+08:00 INFO  d.f.m.outbox.OutboxDispatcher request_id= idempotency_key= order_id= user_id= sku_id= payment_tx= - Outbox publication outbox_id=57f5f659-600e-4c8b-a3e7-d1b7f3c3c937 command_id=e19587521f7764a11a479412dff0f6fd4c0aa10f7e4932b5fe3bd5a92bd3873c outcome=ACKNOWLEDGED
2026-08-11T10:01:47.865+08:00 INFO  d.f.m.outbox.OutboxDispatcher request_id= idempotency_key= order_id= user_id= sku_id= payment_tx= - Outbox publication outbox_id=11cd6215-59a8-4fba-8daf-6dc2d3787bde command_id=692ab34c25af9b9e8c02932b5011fd95ae381c836cfcd9743d9ddd56bf3ca25c outcome=ACKNOWLEDGED
2026-08-11T10:01:47.989+08:00 INFO  o.s.b.w.e.tomcat.GracefulShutdown request_id= idempotency_key= order_id= user_id= sku_id= payment_tx= - Commencing graceful shutdown. Waiting for active requests to complete
2026-08-11T10:01:49.995+08:00 INFO  o.s.b.w.e.tomcat.GracefulShutdown request_id= idempotency_key= order_id= user_id= sku_id= payment_tx= - Graceful shutdown complete
2026-08-11T10:01:49.996+08:00 ERROR org.apache.tomcat.util.net.Acceptor request_id= idempotency_key= order_id= user_id= sku_id= payment_tx= - Socket accept failed
java.nio.channels.AsynchronousCloseException: null
	at java.base/java.nio.channels.spi.AbstractInterruptibleChannel.end(AbstractInterruptibleChannel.java:218)
	at java.base/sun.nio.ch.ServerSocketChannelImpl.end(ServerSocketChannelImpl.java:372)
	at java.base/sun.nio.ch.ServerSocketChannelImpl.accept(ServerSocketChannelImpl.java:397)
	at org.apache.tomcat.util.net.NioEndpoint.serverSocketAccept(NioEndpoint.java:537)
	at org.apache.tomcat.util.net.NioEndpoint.serverSocketAccept(NioEndpoint.java:72)
	at org.apache.tomcat.util.net.Acceptor.run(Acceptor.java:127)
	at java.base/java.lang.Thread.run(Thread.java:1516)
2026-08-11T10:01:50.081+08:00 INFO  com.zaxxer.hikari.HikariDataSource request_id= idempotency_key= order_id= user_id= sku_id= payment_tx= - HikariPool-1 - Shutdown initiated...
2026-08-11T10:01:50.086+08:00 INFO  com.zaxxer.hikari.HikariDataSource request_id= idempotency_key= order_id= user_id= sku_id= payment_tx= - HikariPool-1 - Shutdown completed.
[INFO] Tests run: 1, Failures: 0, Errors: 0, Skipped: 0, Time elapsed: 37.53 s -- in dev.flashflow.V4OutboxBacklogDrainIntegrationTest
[INFO] Running dev.flashflow.ExperimentManifestValidatorTest
[INFO] Tests run: 4, Failures: 0, Errors: 0, Skipped: 0, Time elapsed: 0.016 s -- in dev.flashflow.ExperimentManifestValidatorTest
[INFO] Running dev.flashflow.V4OutboxProducerAckLossIntegrationTest
2026-08-11T10:01:50.116+08:00 INFO  o.s.t.c.s.AnnotationConfigContextLoaderUtils request_id= idempotency_key= order_id= user_id= sku_id= payment_tx= - Could not detect default configuration classes for test class [dev.flashflow.V4OutboxProducerAckLossIntegrationTest]: V4OutboxProducerAckLossIntegrationTest does not declare any static, non-private, non-final, nested classes annotated with @Configuration.
2026-08-11T10:01:50.117+08:00 INFO  o.s.b.t.c.SpringBootTestContextBootstrapper request_id= idempotency_key= order_id= user_id= sku_id= payment_tx= - Found @SpringBootConfiguration dev.flashflow.FlashFlowApplication for test class dev.flashflow.V4OutboxProducerAckLossIntegrationTest

  .   ____          _            __ _ _
 /\\ / ___'_ __ _ _(_)_ __  __ _ \ \ \ \
( ( )\___ | '_ | '_| | '_ \/ _` | \ \ \ \
 \\/  ___)| |_)| | | | | || (_| |  ) ) ) )
  '  |____| .__|_| |_|_| |_\__, | / / / /
 =========|_|==============|___/=/_/_/_/

 :: Spring Boot ::                (v3.5.5)

2026-08-11T10:01:50.134+08:00 INFO  d.f.V4OutboxProducerAckLossIntegrationTest request_id= idempotency_key= order_id= user_id= sku_id= payment_tx= - Starting V4OutboxProducerAckLossIntegrationTest using Java 26.0.2 with PID 51800 (started by yuzheng in /Users/yuzheng/Computeracy/Zhenkun26-GitHub/FlashFlow)
2026-08-11T10:01:50.134+08:00 INFO  d.f.V4OutboxProducerAckLossIntegrationTest request_id= idempotency_key= order_id= user_id= sku_id= payment_tx= - The following 1 profile is active: "test"
2026-08-11T10:01:50.272+08:00 INFO  o.s.d.r.c.RepositoryConfigurationDelegate request_id= idempotency_key= order_id= user_id= sku_id= payment_tx= - Multiple Spring Data modules found, entering strict repository configuration mode
2026-08-11T10:01:50.272+08:00 INFO  o.s.d.r.c.RepositoryConfigurationDelegate request_id= idempotency_key= order_id= user_id= sku_id= payment_tx= - Bootstrapping Spring Data Redis repositories in DEFAULT mode.
2026-08-11T10:01:50.277+08:00 INFO  o.s.d.r.c.RepositoryConfigurationDelegate request_id= idempotency_key= order_id= user_id= sku_id= payment_tx= - Finished Spring Data repository scanning in 4 ms. Found 0 Redis repository interfaces.
2026-08-11T10:01:50.297+08:00 INFO  o.s.b.w.e.tomcat.TomcatWebServer request_id= idempotency_key= order_id= user_id= sku_id= payment_tx= - Tomcat initialized with port 0 (http)
2026-08-11T10:01:50.298+08:00 INFO  o.a.catalina.core.StandardService request_id= idempotency_key= order_id= user_id= sku_id= payment_tx= - Starting service [Tomcat]
2026-08-11T10:01:50.298+08:00 INFO  o.a.catalina.core.StandardEngine request_id= idempotency_key= order_id= user_id= sku_id= payment_tx= - Starting Servlet engine: [Apache Tomcat/10.1.44]
2026-08-11T10:01:50.304+08:00 INFO  o.a.c.c.C.[Tomcat].[localhost].[/] request_id= idempotency_key= order_id= user_id= sku_id= payment_tx= - Initializing Spring embedded WebApplicationContext
2026-08-11T10:01:50.304+08:00 INFO  o.s.b.w.s.c.ServletWebServerApplicationContext request_id= idempotency_key= order_id= user_id= sku_id= payment_tx= - Root WebApplicationContext: initialization completed in 169 ms
Standard Commons Logging discovery in action with spring-jcl: please remove commons-logging.jar from classpath in order to avoid potential conflicts
2026-08-11T10:01:50.339+08:00 INFO  com.zaxxer.hikari.HikariDataSource request_id= idempotency_key= order_id= user_id= sku_id= payment_tx= - HikariPool-2 - Starting...
2026-08-11T10:01:50.354+08:00 INFO  com.zaxxer.hikari.pool.HikariPool request_id= idempotency_key= order_id= user_id= sku_id= payment_tx= - HikariPool-2 - Added connection com.mysql.cj.jdbc.ConnectionImpl@796a1cd1
2026-08-11T10:01:50.354+08:00 INFO  com.zaxxer.hikari.HikariDataSource request_id= idempotency_key= order_id= user_id= sku_id= payment_tx= - HikariPool-2 - Start completed.
2026-08-11T10:01:50.358+08:00 INFO  org.flywaydb.core.FlywayExecutor request_id= idempotency_key= order_id= user_id= sku_id= payment_tx= - Database: jdbc:mysql://localhost:55593/flashflow (MySQL 8.4)
2026-08-11T10:01:50.363+08:00 WARN  o.f.c.i.database.base.Database request_id= idempotency_key= order_id= user_id= sku_id= payment_tx= - Flyway upgrade recommended: MySQL 8.4 is newer than this version of Flyway and support has not been tested. The latest supported version of MySQL is 8.1.
2026-08-11T10:01:50.371+08:00 INFO  o.f.core.internal.command.DbValidate request_id= idempotency_key= order_id= user_id= sku_id= payment_tx= - Successfully validated 4 migrations (execution time 00:00.006s)
2026-08-11T10:01:50.375+08:00 INFO  o.f.core.internal.command.DbMigrate request_id= idempotency_key= order_id= user_id= sku_id= payment_tx= - Current version of schema `flashflow`: 4
2026-08-11T10:01:50.376+08:00 INFO  o.f.core.internal.command.DbMigrate request_id= idempotency_key= order_id= user_id= sku_id= payment_tx= - Schema `flashflow` is up to date. No migration necessary.
2026-08-11T10:01:50.532+08:00 INFO  o.s.b.a.e.web.EndpointLinksResolver request_id= idempotency_key= order_id= user_id= sku_id= payment_tx= - Exposing 2 endpoints beneath base path '/actuator'
2026-08-11T10:01:50.543+08:00 INFO  o.s.b.w.e.tomcat.TomcatWebServer request_id= idempotency_key= order_id= user_id= sku_id= payment_tx= - Tomcat started on port 58132 (http) with context path '/'
2026-08-11T10:01:50.548+08:00 INFO  d.f.V4OutboxProducerAckLossIntegrationTest request_id= idempotency_key= order_id= user_id= sku_id= payment_tx= - Started V4OutboxProducerAckLossIntegrationTest in 0.429 seconds (process running for 38.386)
2026-08-11T10:01:52.613+08:00 INFO  o.a.c.c.C.[Tomcat].[localhost].[/] request_id= idempotency_key= order_id= user_id= sku_id= payment_tx= - Initializing Spring DispatcherServlet 'dispatcherServlet'
2026-08-11T10:01:52.613+08:00 INFO  o.s.web.servlet.DispatcherServlet request_id= idempotency_key= order_id= user_id= sku_id= payment_tx= - Initializing Servlet 'dispatcherServlet'
2026-08-11T10:01:52.614+08:00 INFO  o.s.web.servlet.DispatcherServlet request_id= idempotency_key= order_id= user_id= sku_id= payment_tx= - Completed initialization in 1 ms
2026-08-11T10:01:52.644+08:00 INFO  d.f.m.o.OutboxAsyncOrderApplicationService request_id=c61a279c-1c2c-4499-a062-9732a15e7d9f idempotency_key=key-v4-ack-loss-2fd10a33 order_id= user_id=user-v4-ack-loss-2fd10a33 sku_id=sku-v4-ack-loss-2fd10a33 payment_tx= - Durable Outbox acceptance command_id=8b1ce0df96d631808451b7e848a02abceb5413260e96c7ab2e1986b56e02561d status=ACCEPTED
2026-08-11T10:01:52.773+08:00 WARN  d.f.m.outbox.OutboxDispatcher request_id= idempotency_key= order_id= user_id= sku_id= payment_tx= - Outbox dispatch poll failed cause=INJECTEDMESSAGINGFAULT
2026-08-11T10:01:56.765+08:00 INFO  d.f.m.outbox.OutboxDispatcher request_id= idempotency_key= order_id= user_id= sku_id= payment_tx= - Outbox publication outbox_id=8d0126b1-f1bc-44bb-83f3-1652b3bf907d command_id=8b1ce0df96d631808451b7e848a02abceb5413260e96c7ab2e1986b56e02561d outcome=ACKNOWLEDGED
2026-08-11T10:01:56.821+08:00 INFO  o.s.b.w.e.tomcat.GracefulShutdown request_id= idempotency_key= order_id= user_id= sku_id= payment_tx= - Commencing graceful shutdown. Waiting for active requests to complete
2026-08-11T10:01:58.828+08:00 INFO  o.s.b.w.e.tomcat.GracefulShutdown request_id= idempotency_key= order_id= user_id= sku_id= payment_tx= - Graceful shutdown complete
2026-08-11T10:01:58.829+08:00 ERROR org.apache.tomcat.util.net.Acceptor request_id= idempotency_key= order_id= user_id= sku_id= payment_tx= - Socket accept failed
java.nio.channels.AsynchronousCloseException: null
	at java.base/java.nio.channels.spi.AbstractInterruptibleChannel.end(AbstractInterruptibleChannel.java:218) ~[na:na]
	at java.base/sun.nio.ch.ServerSocketChannelImpl.end(ServerSocketChannelImpl.java:372) ~[na:na]
	at java.base/sun.nio.ch.ServerSocketChannelImpl.accept(ServerSocketChannelImpl.java:397) ~[na:na]
	at org.apache.tomcat.util.net.NioEndpoint.serverSocketAccept(NioEndpoint.java:537) ~[tomcat-embed-core-10.1.44.jar:10.1.44]
	at org.apache.tomcat.util.net.NioEndpoint.serverSocketAccept(NioEndpoint.java:72) ~[tomcat-embed-core-10.1.44.jar:10.1.44]
	at org.apache.tomcat.util.net.Acceptor.run(Acceptor.java:127) ~[tomcat-embed-core-10.1.44.jar:10.1.44]
	at java.base/java.lang.Thread.run(Thread.java:1516) ~[na:na]
2026-08-11T10:01:58.887+08:00 INFO  com.zaxxer.hikari.HikariDataSource request_id= idempotency_key= order_id= user_id= sku_id= payment_tx= - HikariPool-2 - Shutdown initiated...
2026-08-11T10:01:58.889+08:00 INFO  com.zaxxer.hikari.HikariDataSource request_id= idempotency_key= order_id= user_id= sku_id= payment_tx= - HikariPool-2 - Shutdown completed.
[INFO] Tests run: 1, Failures: 0, Errors: 0, Skipped: 0, Time elapsed: 8.778 s -- in dev.flashflow.V4OutboxProducerAckLossIntegrationTest
[INFO] Running dev.flashflow.ExpirationRollbackIntegrationTest
2026-08-11T10:01:58.895+08:00 INFO  o.s.t.c.s.AnnotationConfigContextLoaderUtils request_id= idempotency_key= order_id= user_id= sku_id= payment_tx= - Could not detect default configuration classes for test class [dev.flashflow.ExpirationRollbackIntegrationTest]: ExpirationRollbackIntegrationTest does not declare any static, non-private, non-final, nested classes annotated with @Configuration.
2026-08-11T10:01:58.897+08:00 INFO  o.s.b.t.c.SpringBootTestContextBootstrapper request_id= idempotency_key= order_id= user_id= sku_id= payment_tx= - Found @SpringBootConfiguration dev.flashflow.FlashFlowApplication for test class dev.flashflow.ExpirationRollbackIntegrationTest

  .   ____          _            __ _ _
 /\\ / ___'_ __ _ _(_)_ __  __ _ \ \ \ \
( ( )\___ | '_ | '_| | '_ \/ _` | \ \ \ \
 \\/  ___)| |_)| | | | | || (_| |  ) ) ) )
  '  |____| .__|_| |_|_| |_\__, | / / / /
 =========|_|==============|___/=/_/_/_/

 :: Spring Boot ::                (v3.5.5)

2026-08-11T10:01:58.920+08:00 INFO  d.f.ExpirationRollbackIntegrationTest request_id= idempotency_key= order_id= user_id= sku_id= payment_tx= - Starting ExpirationRollbackIntegrationTest using Java 26.0.2 with PID 51800 (started by yuzheng in /Users/yuzheng/Computeracy/Zhenkun26-GitHub/FlashFlow)
2026-08-11T10:01:58.921+08:00 INFO  d.f.ExpirationRollbackIntegrationTest request_id= idempotency_key= order_id= user_id= sku_id= payment_tx= - The following 1 profile is active: "test"
2026-08-11T10:01:59.030+08:00 INFO  o.s.d.r.c.RepositoryConfigurationDelegate request_id= idempotency_key= order_id= user_id= sku_id= payment_tx= - Multiple Spring Data modules found, entering strict repository configuration mode
2026-08-11T10:01:59.030+08:00 INFO  o.s.d.r.c.RepositoryConfigurationDelegate request_id= idempotency_key= order_id= user_id= sku_id= payment_tx= - Bootstrapping Spring Data Redis repositories in DEFAULT mode.
2026-08-11T10:01:59.036+08:00 INFO  o.s.d.r.c.RepositoryConfigurationDelegate request_id= idempotency_key= order_id= user_id= sku_id= payment_tx= - Finished Spring Data repository scanning in 5 ms. Found 0 Redis repository interfaces.
2026-08-11T10:01:59.159+08:00 INFO  com.zaxxer.hikari.HikariDataSource request_id= idempotency_key= order_id= user_id= sku_id= payment_tx= - HikariPool-3 - Starting...
2026-08-11T10:01:59.166+08:00 INFO  com.zaxxer.hikari.pool.HikariPool request_id= idempotency_key= order_id= user_id= sku_id= payment_tx= - HikariPool-3 - Added connection com.mysql.cj.jdbc.ConnectionImpl@20652a8b
2026-08-11T10:01:59.166+08:00 INFO  com.zaxxer.hikari.HikariDataSource request_id= idempotency_key= order_id= user_id= sku_id= payment_tx= - HikariPool-3 - Start completed.
2026-08-11T10:01:59.169+08:00 INFO  org.flywaydb.core.FlywayExecutor request_id= idempotency_key= order_id= user_id= sku_id= payment_tx= - Database: jdbc:mysql://localhost:55593/flashflow (MySQL 8.4)
2026-08-11T10:01:59.172+08:00 WARN  o.f.c.i.database.base.Database request_id= idempotency_key= order_id= user_id= sku_id= payment_tx= - Flyway upgrade recommended: MySQL 8.4 is newer than this version of Flyway and support has not been tested. The latest supported version of MySQL is 8.1.
2026-08-11T10:01:59.178+08:00 INFO  o.f.core.internal.command.DbValidate request_id= idempotency_key= order_id= user_id= sku_id= payment_tx= - Successfully validated 4 migrations (execution time 00:00.005s)
2026-08-11T10:01:59.181+08:00 INFO  o.f.core.internal.command.DbMigrate request_id= idempotency_key= order_id= user_id= sku_id= payment_tx= - Current version of schema `flashflow`: 4
2026-08-11T10:01:59.181+08:00 INFO  o.f.core.internal.command.DbMigrate request_id= idempotency_key= order_id= user_id= sku_id= payment_tx= - Schema `flashflow` is up to date. No migration necessary.
2026-08-11T10:01:59.260+08:00 INFO  o.s.b.a.e.web.EndpointLinksResolver request_id= idempotency_key= order_id= user_id= sku_id= payment_tx= - Exposing 2 endpoints beneath base path '/actuator'
2026-08-11T10:01:59.267+08:00 INFO  d.f.ExpirationRollbackIntegrationTest request_id= idempotency_key= order_id= user_id= sku_id= payment_tx= - Started ExpirationRollbackIntegrationTest in 0.364 seconds (process running for 47.106)
[INFO] Tests run: 1, Failures: 0, Errors: 0, Skipped: 0, Time elapsed: 0.419 s -- in dev.flashflow.ExpirationRollbackIntegrationTest
[INFO] Running dev.flashflow.MigrationConstraintTest
2026-08-11T10:01:59.314+08:00 INFO  o.s.t.c.s.AnnotationConfigContextLoaderUtils request_id= idempotency_key= order_id= user_id= sku_id= payment_tx= - Could not detect default configuration classes for test class [dev.flashflow.MigrationConstraintTest]: MigrationConstraintTest does not declare any static, non-private, non-final, nested classes annotated with @Configuration.
2026-08-11T10:01:59.314+08:00 INFO  o.s.b.t.c.SpringBootTestContextBootstrapper request_id= idempotency_key= order_id= user_id= sku_id= payment_tx= - Found @SpringBootConfiguration dev.flashflow.FlashFlowApplication for test class dev.flashflow.MigrationConstraintTest

  .   ____          _            __ _ _
 /\\ / ___'_ __ _ _(_)_ __  __ _ \ \ \ \
( ( )\___ | '_ | '_| | '_ \/ _` | \ \ \ \
 \\/  ___)| |_)| | | | | || (_| |  ) ) ) )
  '  |____| .__|_| |_|_| |_\__, | / / / /
 =========|_|==============|___/=/_/_/_/

 :: Spring Boot ::                (v3.5.5)

2026-08-11T10:01:59.325+08:00 INFO  d.flashflow.MigrationConstraintTest request_id= idempotency_key= order_id= user_id= sku_id= payment_tx= - Starting MigrationConstraintTest using Java 26.0.2 with PID 51800 (started by yuzheng in /Users/yuzheng/Computeracy/Zhenkun26-GitHub/FlashFlow)
2026-08-11T10:01:59.325+08:00 INFO  d.flashflow.MigrationConstraintTest request_id= idempotency_key= order_id= user_id= sku_id= payment_tx= - The following 1 profile is active: "test"
2026-08-11T10:01:59.398+08:00 INFO  o.s.d.r.c.RepositoryConfigurationDelegate request_id= idempotency_key= order_id= user_id= sku_id= payment_tx= - Multiple Spring Data modules found, entering strict repository configuration mode
2026-08-11T10:01:59.398+08:00 INFO  o.s.d.r.c.RepositoryConfigurationDelegate request_id= idempotency_key= order_id= user_id= sku_id= payment_tx= - Bootstrapping Spring Data Redis repositories in DEFAULT mode.
2026-08-11T10:01:59.402+08:00 INFO  o.s.d.r.c.RepositoryConfigurationDelegate request_id= idempotency_key= order_id= user_id= sku_id= payment_tx= - Finished Spring Data repository scanning in 4 ms. Found 0 Redis repository interfaces.
2026-08-11T10:01:59.434+08:00 INFO  com.zaxxer.hikari.HikariDataSource request_id= idempotency_key= order_id= user_id= sku_id= payment_tx= - HikariPool-4 - Starting...
2026-08-11T10:01:59.445+08:00 INFO  com.zaxxer.hikari.pool.HikariPool request_id= idempotency_key= order_id= user_id= sku_id= payment_tx= - HikariPool-4 - Added connection com.mysql.cj.jdbc.ConnectionImpl@56a70784
2026-08-11T10:01:59.446+08:00 INFO  com.zaxxer.hikari.HikariDataSource request_id= idempotency_key= order_id= user_id= sku_id= payment_tx= - HikariPool-4 - Start completed.
2026-08-11T10:01:59.449+08:00 INFO  org.flywaydb.core.FlywayExecutor request_id= idempotency_key= order_id= user_id= sku_id= payment_tx= - Database: jdbc:mysql://localhost:55593/flashflow (MySQL 8.4)
2026-08-11T10:01:59.453+08:00 WARN  o.f.c.i.database.base.Database request_id= idempotency_key= order_id= user_id= sku_id= payment_tx= - Flyway upgrade recommended: MySQL 8.4 is newer than this version of Flyway and support has not been tested. The latest supported version of MySQL is 8.1.
2026-08-11T10:01:59.461+08:00 INFO  o.f.core.internal.command.DbValidate request_id= idempotency_key= order_id= user_id= sku_id= payment_tx= - Successfully validated 4 migrations (execution time 00:00.006s)
2026-08-11T10:01:59.469+08:00 INFO  o.f.core.internal.command.DbMigrate request_id= idempotency_key= order_id= user_id= sku_id= payment_tx= - Current version of schema `flashflow`: 4
2026-08-11T10:01:59.470+08:00 INFO  o.f.core.internal.command.DbMigrate request_id= idempotency_key= order_id= user_id= sku_id= payment_tx= - Schema `flashflow` is up to date. No migration necessary.
2026-08-11T10:01:59.553+08:00 INFO  o.s.b.a.e.web.EndpointLinksResolver request_id= idempotency_key= order_id= user_id= sku_id= payment_tx= - Exposing 2 endpoints beneath base path '/actuator'
2026-08-11T10:01:59.558+08:00 INFO  d.flashflow.MigrationConstraintTest request_id= idempotency_key= order_id= user_id= sku_id= payment_tx= - Started MigrationConstraintTest in 0.243 seconds (process running for 47.398)
[INFO] Tests run: 2, Failures: 0, Errors: 0, Skipped: 0, Time elapsed: 0.287 s -- in dev.flashflow.MigrationConstraintTest
[INFO] Running dev.flashflow.DomainStateTest
[INFO] Tests run: 3, Failures: 0, Errors: 0, Skipped: 0, Time elapsed: 0.001 s -- in dev.flashflow.DomainStateTest
[INFO] Running dev.flashflow.PaymentAndExpirationIntegrationTest
2026-08-11T10:01:59.603+08:00 INFO  o.s.t.c.s.AnnotationConfigContextLoaderUtils request_id= idempotency_key= order_id= user_id= sku_id= payment_tx= - Could not detect default configuration classes for test class [dev.flashflow.PaymentAndExpirationIntegrationTest]: PaymentAndExpirationIntegrationTest does not declare any static, non-private, non-final, nested classes annotated with @Configuration.
2026-08-11T10:01:59.603+08:00 INFO  o.s.b.t.c.SpringBootTestContextBootstrapper request_id= idempotency_key= order_id= user_id= sku_id= payment_tx= - Found @SpringBootConfiguration dev.flashflow.FlashFlowApplication for test class dev.flashflow.PaymentAndExpirationIntegrationTest
[INFO] Tests run: 3, Failures: 0, Errors: 0, Skipped: 0, Time elapsed: 0.088 s -- in dev.flashflow.PaymentAndExpirationIntegrationTest
[INFO] Running dev.flashflow.ExpirationAdmissionFailureIntegrationTest
2026-08-11T10:01:59.691+08:00 INFO  o.s.t.c.s.AnnotationConfigContextLoaderUtils request_id= idempotency_key= order_id= user_id= sku_id= payment_tx= - Could not detect default configuration classes for test class [dev.flashflow.ExpirationAdmissionFailureIntegrationTest]: ExpirationAdmissionFailureIntegrationTest does not declare any static, non-private, non-final, nested classes annotated with @Configuration.
2026-08-11T10:01:59.691+08:00 INFO  o.s.b.t.c.SpringBootTestContextBootstrapper request_id= idempotency_key= order_id= user_id= sku_id= payment_tx= - Found @SpringBootConfiguration dev.flashflow.FlashFlowApplication for test class dev.flashflow.ExpirationAdmissionFailureIntegrationTest

  .   ____          _            __ _ _
 /\\ / ___'_ __ _ _(_)_ __  __ _ \ \ \ \
( ( )\___ | '_ | '_| | '_ \/ _` | \ \ \ \
 \\/  ___)| |_)| | | | | || (_| |  ) ) ) )
  '  |____| .__|_| |_|_| |_\__, | / / / /
 =========|_|==============|___/=/_/_/_/

 :: Spring Boot ::                (v3.5.5)

2026-08-11T10:01:59.697+08:00 INFO  d.f.ExpirationAdmissionFailureIntegrationTest request_id= idempotency_key= order_id= user_id= sku_id= payment_tx= - Starting ExpirationAdmissionFailureIntegrationTest using Java 26.0.2 with PID 51800 (started by yuzheng in /Users/yuzheng/Computeracy/Zhenkun26-GitHub/FlashFlow)
2026-08-11T10:01:59.698+08:00 INFO  d.f.ExpirationAdmissionFailureIntegrationTest request_id= idempotency_key= order_id= user_id= sku_id= payment_tx= - The following 1 profile is active: "test"
2026-08-11T10:01:59.754+08:00 INFO  o.s.d.r.c.RepositoryConfigurationDelegate request_id= idempotency_key= order_id= user_id= sku_id= payment_tx= - Multiple Spring Data modules found, entering strict repository configuration mode
2026-08-11T10:01:59.754+08:00 INFO  o.s.d.r.c.RepositoryConfigurationDelegate request_id= idempotency_key= order_id= user_id= sku_id= payment_tx= - Bootstrapping Spring Data Redis repositories in DEFAULT mode.
2026-08-11T10:01:59.758+08:00 INFO  o.s.d.r.c.RepositoryConfigurationDelegate request_id= idempotency_key= order_id= user_id= sku_id= payment_tx= - Finished Spring Data repository scanning in 3 ms. Found 0 Redis repository interfaces.
2026-08-11T10:01:59.968+08:00 INFO  com.zaxxer.hikari.HikariDataSource request_id= idempotency_key= order_id= user_id= sku_id= payment_tx= - HikariPool-5 - Starting...
2026-08-11T10:01:59.982+08:00 INFO  com.zaxxer.hikari.pool.HikariPool request_id= idempotency_key= order_id= user_id= sku_id= payment_tx= - HikariPool-5 - Added connection com.mysql.cj.jdbc.ConnectionImpl@2602f45
2026-08-11T10:01:59.983+08:00 INFO  com.zaxxer.hikari.HikariDataSource request_id= idempotency_key= order_id= user_id= sku_id= payment_tx= - HikariPool-5 - Start completed.
2026-08-11T10:01:59.989+08:00 INFO  org.flywaydb.core.FlywayExecutor request_id= idempotency_key= order_id= user_id= sku_id= payment_tx= - Database: jdbc:mysql://localhost:55593/flashflow (MySQL 8.4)
2026-08-11T10:01:59.994+08:00 WARN  o.f.c.i.database.base.Database request_id= idempotency_key= order_id= user_id= sku_id= payment_tx= - Flyway upgrade recommended: MySQL 8.4 is newer than this version of Flyway and support has not been tested. The latest supported version of MySQL is 8.1.
2026-08-11T10:02:00.007+08:00 INFO  o.f.core.internal.command.DbValidate request_id= idempotency_key= order_id= user_id= sku_id= payment_tx= - Successfully validated 4 migrations (execution time 00:00.010s)
2026-08-11T10:02:00.016+08:00 INFO  o.f.core.internal.command.DbMigrate request_id= idempotency_key= order_id= user_id= sku_id= payment_tx= - Current version of schema `flashflow`: 4
2026-08-11T10:02:00.017+08:00 INFO  o.f.core.internal.command.DbMigrate request_id= idempotency_key= order_id= user_id= sku_id= payment_tx= - Schema `flashflow` is up to date. No migration necessary.
2026-08-11T10:02:00.188+08:00 INFO  o.s.b.a.e.web.EndpointLinksResolver request_id= idempotency_key= order_id= user_id= sku_id= payment_tx= - Exposing 2 endpoints beneath base path '/actuator'
2026-08-11T10:02:00.199+08:00 INFO  d.f.ExpirationAdmissionFailureIntegrationTest request_id= idempotency_key= order_id= user_id= sku_id= payment_tx= - Started ExpirationAdmissionFailureIntegrationTest in 0.506 seconds (process running for 48.038)
[INFO] Tests run: 1, Failures: 0, Errors: 0, Skipped: 0, Time elapsed: 0.584 s -- in dev.flashflow.ExpirationAdmissionFailureIntegrationTest
[INFO] Running dev.flashflow.DelayedExpirationIntegrationTest
2026-08-11T10:02:00.275+08:00 INFO  o.s.t.c.s.AnnotationConfigContextLoaderUtils request_id= idempotency_key= order_id= user_id= sku_id= payment_tx= - Could not detect default configuration classes for test class [dev.flashflow.DelayedExpirationIntegrationTest]: DelayedExpirationIntegrationTest does not declare any static, non-private, non-final, nested classes annotated with @Configuration.
2026-08-11T10:02:00.276+08:00 INFO  o.s.b.t.c.SpringBootTestContextBootstrapper request_id= idempotency_key= order_id= user_id= sku_id= payment_tx= - Found @SpringBootConfiguration dev.flashflow.FlashFlowApplication for test class dev.flashflow.DelayedExpirationIntegrationTest
[INFO] Tests run: 2, Failures: 0, Errors: 0, Skipped: 0, Time elapsed: 0.163 s -- in dev.flashflow.DelayedExpirationIntegrationTest
[INFO] Running dev.flashflow.ForeignKeyLockUpgradeIntegrationTest
2026-08-11T10:02:00.438+08:00 INFO  o.s.t.c.s.AnnotationConfigContextLoaderUtils request_id= idempotency_key= order_id= user_id= sku_id= payment_tx= - Could not detect default configuration classes for test class [dev.flashflow.ForeignKeyLockUpgradeIntegrationTest]: ForeignKeyLockUpgradeIntegrationTest does not declare any static, non-private, non-final, nested classes annotated with @Configuration.
2026-08-11T10:02:00.439+08:00 INFO  o.s.b.t.c.SpringBootTestContextBootstrapper request_id= idempotency_key= order_id= user_id= sku_id= payment_tx= - Found @SpringBootConfiguration dev.flashflow.FlashFlowApplication for test class dev.flashflow.ForeignKeyLockUpgradeIntegrationTest
[INFO] Tests run: 2, Failures: 0, Errors: 0, Skipped: 0, Time elapsed: 0.130 s -- in dev.flashflow.ForeignKeyLockUpgradeIntegrationTest
[INFO] Running dev.flashflow.MessagingReadinessReporterTest
[INFO] Tests run: 3, Failures: 0, Errors: 0, Skipped: 0, Time elapsed: 0.023 s -- in dev.flashflow.MessagingReadinessReporterTest
[INFO] Running dev.flashflow.ExperimentReporterTest
[INFO] Tests run: 1, Failures: 0, Errors: 0, Skipped: 0, Time elapsed: 0.001 s -- in dev.flashflow.ExperimentReporterTest
[INFO] Running dev.flashflow.admission.AdmissionReconciliationFailureTest
[INFO] Tests run: 1, Failures: 0, Errors: 0, Skipped: 0, Time elapsed: 0.011 s -- in dev.flashflow.admission.AdmissionReconciliationFailureTest
[INFO] Running dev.flashflow.admission.RedisLuaAdmissionFailureTest
[INFO] Tests run: 1, Failures: 0, Errors: 0, Skipped: 0, Time elapsed: 0.180 s -- in dev.flashflow.admission.RedisLuaAdmissionFailureTest
[INFO] Running dev.flashflow.ConcurrentIdempotencyIntegrationTest
2026-08-11T10:02:00.790+08:00 INFO  o.s.t.c.s.AnnotationConfigContextLoaderUtils request_id= idempotency_key= order_id= user_id= sku_id= payment_tx= - Could not detect default configuration classes for test class [dev.flashflow.ConcurrentIdempotencyIntegrationTest]: ConcurrentIdempotencyIntegrationTest does not declare any static, non-private, non-final, nested classes annotated with @Configuration.
2026-08-11T10:02:00.791+08:00 INFO  o.s.b.t.c.SpringBootTestContextBootstrapper request_id= idempotency_key= order_id= user_id= sku_id= payment_tx= - Found @SpringBootConfiguration dev.flashflow.FlashFlowApplication for test class dev.flashflow.ConcurrentIdempotencyIntegrationTest
[INFO] Tests run: 2, Failures: 0, Errors: 0, Skipped: 0, Time elapsed: 0.170 s -- in dev.flashflow.ConcurrentIdempotencyIntegrationTest
[INFO] Running dev.flashflow.OutboxAcceptanceIntegrationTest
2026-08-11T10:02:00.962+08:00 INFO  o.s.t.c.s.AnnotationConfigContextLoaderUtils request_id= idempotency_key= order_id= user_id= sku_id= payment_tx= - Could not detect default configuration classes for test class [dev.flashflow.OutboxAcceptanceIntegrationTest]: OutboxAcceptanceIntegrationTest does not declare any static, non-private, non-final, nested classes annotated with @Configuration.
2026-08-11T10:02:00.964+08:00 INFO  o.s.b.t.c.SpringBootTestContextBootstrapper request_id= idempotency_key= order_id= user_id= sku_id= payment_tx= - Found @SpringBootConfiguration dev.flashflow.FlashFlowApplication for test class dev.flashflow.OutboxAcceptanceIntegrationTest

  .   ____          _            __ _ _
 /\\ / ___'_ __ _ _(_)_ __  __ _ \ \ \ \
( ( )\___ | '_ | '_| | '_ \/ _` | \ \ \ \
 \\/  ___)| |_)| | | | | || (_| |  ) ) ) )
  '  |____| .__|_| |_|_| |_\__, | / / / /
 =========|_|==============|___/=/_/_/_/

 :: Spring Boot ::                (v3.5.5)

2026-08-11T10:02:00.976+08:00 INFO  d.f.OutboxAcceptanceIntegrationTest request_id= idempotency_key= order_id= user_id= sku_id= payment_tx= - Starting OutboxAcceptanceIntegrationTest using Java 26.0.2 with PID 51800 (started by yuzheng in /Users/yuzheng/Computeracy/Zhenkun26-GitHub/FlashFlow)
2026-08-11T10:02:00.976+08:00 INFO  d.f.OutboxAcceptanceIntegrationTest request_id= idempotency_key= order_id= user_id= sku_id= payment_tx= - The following 1 profile is active: "test"
2026-08-11T10:02:01.075+08:00 INFO  o.s.d.r.c.RepositoryConfigurationDelegate request_id= idempotency_key= order_id= user_id= sku_id= payment_tx= - Multiple Spring Data modules found, entering strict repository configuration mode
2026-08-11T10:02:01.075+08:00 INFO  o.s.d.r.c.RepositoryConfigurationDelegate request_id= idempotency_key= order_id= user_id= sku_id= payment_tx= - Bootstrapping Spring Data Redis repositories in DEFAULT mode.
2026-08-11T10:02:01.080+08:00 INFO  o.s.d.r.c.RepositoryConfigurationDelegate request_id= idempotency_key= order_id= user_id= sku_id= payment_tx= - Finished Spring Data repository scanning in 4 ms. Found 0 Redis repository interfaces.
2026-08-11T10:02:01.156+08:00 INFO  com.zaxxer.hikari.HikariDataSource request_id= idempotency_key= order_id= user_id= sku_id= payment_tx= - HikariPool-6 - Starting...
2026-08-11T10:02:01.165+08:00 INFO  com.zaxxer.hikari.pool.HikariPool request_id= idempotency_key= order_id= user_id= sku_id= payment_tx= - HikariPool-6 - Added connection com.mysql.cj.jdbc.ConnectionImpl@922ebd6
2026-08-11T10:02:01.165+08:00 INFO  com.zaxxer.hikari.HikariDataSource request_id= idempotency_key= order_id= user_id= sku_id= payment_tx= - HikariPool-6 - Start completed.
2026-08-11T10:02:01.167+08:00 INFO  org.flywaydb.core.FlywayExecutor request_id= idempotency_key= order_id= user_id= sku_id= payment_tx= - Database: jdbc:mysql://localhost:55593/flashflow (MySQL 8.4)
2026-08-11T10:02:01.170+08:00 WARN  o.f.c.i.database.base.Database request_id= idempotency_key= order_id= user_id= sku_id= payment_tx= - Flyway upgrade recommended: MySQL 8.4 is newer than this version of Flyway and support has not been tested. The latest supported version of MySQL is 8.1.
2026-08-11T10:02:01.178+08:00 INFO  o.f.core.internal.command.DbValidate request_id= idempotency_key= order_id= user_id= sku_id= payment_tx= - Successfully validated 4 migrations (execution time 00:00.006s)
2026-08-11T10:02:01.186+08:00 INFO  o.f.core.internal.command.DbMigrate request_id= idempotency_key= order_id= user_id= sku_id= payment_tx= - Current version of schema `flashflow`: 4
2026-08-11T10:02:01.186+08:00 INFO  o.f.core.internal.command.DbMigrate request_id= idempotency_key= order_id= user_id= sku_id= payment_tx= - Schema `flashflow` is up to date. No migration necessary.
2026-08-11T10:02:01.279+08:00 INFO  o.s.b.a.e.web.EndpointLinksResolver request_id= idempotency_key= order_id= user_id= sku_id= payment_tx= - Exposing 2 endpoints beneath base path '/actuator'
2026-08-11T10:02:01.287+08:00 INFO  d.f.OutboxAcceptanceIntegrationTest request_id= idempotency_key= order_id= user_id= sku_id= payment_tx= - Started OutboxAcceptanceIntegrationTest in 0.322 seconds (process running for 49.126)
[INFO] Tests run: 2, Failures: 0, Errors: 0, Skipped: 0, Time elapsed: 0.381 s -- in dev.flashflow.OutboxAcceptanceIntegrationTest
[INFO] Running dev.flashflow.RedisLuaAdmissionIntegrationTest
2026-08-11T10:02:01.345+08:00 INFO  o.s.t.c.s.AnnotationConfigContextLoaderUtils request_id= idempotency_key= order_id= user_id= sku_id= payment_tx= - Could not detect default configuration classes for test class [dev.flashflow.RedisLuaAdmissionIntegrationTest]: RedisLuaAdmissionIntegrationTest does not declare any static, non-private, non-final, nested classes annotated with @Configuration.
2026-08-11T10:02:01.347+08:00 INFO  o.s.b.t.c.SpringBootTestContextBootstrapper request_id= idempotency_key= order_id= user_id= sku_id= payment_tx= - Found @SpringBootConfiguration dev.flashflow.FlashFlowApplication for test class dev.flashflow.RedisLuaAdmissionIntegrationTest

  .   ____          _            __ _ _
 /\\ / ___'_ __ _ _(_)_ __  __ _ \ \ \ \
( ( )\___ | '_ | '_| | '_ \/ _` | \ \ \ \
 \\/  ___)| |_)| | | | | || (_| |  ) ) ) )
  '  |____| .__|_| |_|_| |_\__, | / / / /
 =========|_|==============|___/=/_/_/_/

 :: Spring Boot ::                (v3.5.5)

2026-08-11T10:02:01.360+08:00 INFO  d.f.RedisLuaAdmissionIntegrationTest request_id= idempotency_key= order_id= user_id= sku_id= payment_tx= - Starting RedisLuaAdmissionIntegrationTest using Java 26.0.2 with PID 51800 (started by yuzheng in /Users/yuzheng/Computeracy/Zhenkun26-GitHub/FlashFlow)
2026-08-11T10:02:01.360+08:00 INFO  d.f.RedisLuaAdmissionIntegrationTest request_id= idempotency_key= order_id= user_id= sku_id= payment_tx= - The following 1 profile is active: "test"
2026-08-11T10:02:01.432+08:00 INFO  o.s.d.r.c.RepositoryConfigurationDelegate request_id= idempotency_key= order_id= user_id= sku_id= payment_tx= - Multiple Spring Data modules found, entering strict repository configuration mode
2026-08-11T10:02:01.432+08:00 INFO  o.s.d.r.c.RepositoryConfigurationDelegate request_id= idempotency_key= order_id= user_id= sku_id= payment_tx= - Bootstrapping Spring Data Redis repositories in DEFAULT mode.
2026-08-11T10:02:01.436+08:00 INFO  o.s.d.r.c.RepositoryConfigurationDelegate request_id= idempotency_key= order_id= user_id= sku_id= payment_tx= - Finished Spring Data repository scanning in 3 ms. Found 0 Redis repository interfaces.
2026-08-11T10:02:01.469+08:00 INFO  com.zaxxer.hikari.HikariDataSource request_id= idempotency_key= order_id= user_id= sku_id= payment_tx= - HikariPool-7 - Starting...
2026-08-11T10:02:01.477+08:00 INFO  com.zaxxer.hikari.pool.HikariPool request_id= idempotency_key= order_id= user_id= sku_id= payment_tx= - HikariPool-7 - Added connection com.mysql.cj.jdbc.ConnectionImpl@529d2e69
2026-08-11T10:02:01.477+08:00 INFO  com.zaxxer.hikari.HikariDataSource request_id= idempotency_key= order_id= user_id= sku_id= payment_tx= - HikariPool-7 - Start completed.
2026-08-11T10:02:01.480+08:00 INFO  org.flywaydb.core.FlywayExecutor request_id= idempotency_key= order_id= user_id= sku_id= payment_tx= - Database: jdbc:mysql://localhost:55593/flashflow (MySQL 8.4)
2026-08-11T10:02:01.483+08:00 WARN  o.f.c.i.database.base.Database request_id= idempotency_key= order_id= user_id= sku_id= payment_tx= - Flyway upgrade recommended: MySQL 8.4 is newer than this version of Flyway and support has not been tested. The latest supported version of MySQL is 8.1.
2026-08-11T10:02:01.490+08:00 INFO  o.f.core.internal.command.DbValidate request_id= idempotency_key= order_id= user_id= sku_id= payment_tx= - Successfully validated 4 migrations (execution time 00:00.005s)
2026-08-11T10:02:01.496+08:00 INFO  o.f.core.internal.command.DbMigrate request_id= idempotency_key= order_id= user_id= sku_id= payment_tx= - Current version of schema `flashflow`: 4
2026-08-11T10:02:01.496+08:00 INFO  o.f.core.internal.command.DbMigrate request_id= idempotency_key= order_id= user_id= sku_id= payment_tx= - Schema `flashflow` is up to date. No migration necessary.
2026-08-11T10:02:01.605+08:00 INFO  o.s.b.a.e.web.EndpointLinksResolver request_id= idempotency_key= order_id= user_id= sku_id= payment_tx= - Exposing 2 endpoints beneath base path '/actuator'
2026-08-11T10:02:01.612+08:00 INFO  d.f.RedisLuaAdmissionIntegrationTest request_id= idempotency_key= order_id= user_id= sku_id= payment_tx= - Started RedisLuaAdmissionIntegrationTest in 0.263 seconds (process running for 49.452)
[INFO] Tests run: 6, Failures: 0, Errors: 0, Skipped: 0, Time elapsed: 0.357 s -- in dev.flashflow.RedisLuaAdmissionIntegrationTest
[INFO] Running dev.flashflow.AdmissionReconciliationIntegrationTest
2026-08-11T10:02:01.702+08:00 INFO  o.s.t.c.s.AnnotationConfigContextLoaderUtils request_id= idempotency_key= order_id= user_id= sku_id= payment_tx= - Could not detect default configuration classes for test class [dev.flashflow.AdmissionReconciliationIntegrationTest]: AdmissionReconciliationIntegrationTest does not declare any static, non-private, non-final, nested classes annotated with @Configuration.
2026-08-11T10:02:01.702+08:00 INFO  o.s.b.t.c.SpringBootTestContextBootstrapper request_id= idempotency_key= order_id= user_id= sku_id= payment_tx= - Found @SpringBootConfiguration dev.flashflow.FlashFlowApplication for test class dev.flashflow.AdmissionReconciliationIntegrationTest
[INFO] Tests run: 6, Failures: 0, Errors: 0, Skipped: 0, Time elapsed: 0.222 s -- in dev.flashflow.AdmissionReconciliationIntegrationTest
[INFO] Running dev.flashflow.OrderCommandConsumerIntegrationTest
2026-08-11T10:02:01.924+08:00 INFO  o.s.t.c.s.AnnotationConfigContextLoaderUtils request_id= idempotency_key= order_id= user_id= sku_id= payment_tx= - Could not detect default configuration classes for test class [dev.flashflow.OrderCommandConsumerIntegrationTest]: OrderCommandConsumerIntegrationTest does not declare any static, non-private, non-final, nested classes annotated with @Configuration.
2026-08-11T10:02:01.925+08:00 INFO  o.s.b.t.c.SpringBootTestContextBootstrapper request_id= idempotency_key= order_id= user_id= sku_id= payment_tx= - Found @SpringBootConfiguration dev.flashflow.FlashFlowApplication for test class dev.flashflow.OrderCommandConsumerIntegrationTest
[INFO] Tests run: 4, Failures: 0, Errors: 0, Skipped: 0, Time elapsed: 0.148 s -- in dev.flashflow.OrderCommandConsumerIntegrationTest
[INFO] Running dev.flashflow.CommandLedgerIntegrationTest
2026-08-11T10:02:02.073+08:00 INFO  o.s.t.c.s.AnnotationConfigContextLoaderUtils request_id= idempotency_key= order_id= user_id= sku_id= payment_tx= - Could not detect default configuration classes for test class [dev.flashflow.CommandLedgerIntegrationTest]: CommandLedgerIntegrationTest does not declare any static, non-private, non-final, nested classes annotated with @Configuration.
2026-08-11T10:02:02.073+08:00 INFO  o.s.b.t.c.SpringBootTestContextBootstrapper request_id= idempotency_key= order_id= user_id= sku_id= payment_tx= - Found @SpringBootConfiguration dev.flashflow.FlashFlowApplication for test class dev.flashflow.CommandLedgerIntegrationTest
[INFO] Tests run: 2, Failures: 0, Errors: 0, Skipped: 0, Time elapsed: 0.038 s -- in dev.flashflow.CommandLedgerIntegrationTest
[INFO] Running dev.flashflow.V3ControlledComparisonIntegrationTest
2026-08-11T10:02:02.112+08:00 INFO  o.s.t.c.s.AnnotationConfigContextLoaderUtils request_id= idempotency_key= order_id= user_id= sku_id= payment_tx= - Could not detect default configuration classes for test class [dev.flashflow.V3ControlledComparisonIntegrationTest]: V3ControlledComparisonIntegrationTest does not declare any static, non-private, non-final, nested classes annotated with @Configuration.
2026-08-11T10:02:02.113+08:00 INFO  o.s.b.t.c.SpringBootTestContextBootstrapper request_id= idempotency_key= order_id= user_id= sku_id= payment_tx= - Found @SpringBootConfiguration dev.flashflow.FlashFlowApplication for test class dev.flashflow.V3ControlledComparisonIntegrationTest

  .   ____          _            __ _ _
 /\\ / ___'_ __ _ _(_)_ __  __ _ \ \ \ \
( ( )\___ | '_ | '_| | '_ \/ _` | \ \ \ \
 \\/  ___)| |_)| | | | | || (_| |  ) ) ) )
  '  |____| .__|_| |_|_| |_\__, | / / / /
 =========|_|==============|___/=/_/_/_/

 :: Spring Boot ::                (v3.5.5)

2026-08-11T10:02:02.121+08:00 INFO  d.f.V3ControlledComparisonIntegrationTest request_id= idempotency_key= order_id= user_id= sku_id= payment_tx= - Starting V3ControlledComparisonIntegrationTest using Java 26.0.2 with PID 51800 (started by yuzheng in /Users/yuzheng/Computeracy/Zhenkun26-GitHub/FlashFlow)
2026-08-11T10:02:02.121+08:00 INFO  d.f.V3ControlledComparisonIntegrationTest request_id= idempotency_key= order_id= user_id= sku_id= payment_tx= - The following 1 profile is active: "test"
2026-08-11T10:02:02.185+08:00 INFO  o.s.d.r.c.RepositoryConfigurationDelegate request_id= idempotency_key= order_id= user_id= sku_id= payment_tx= - Multiple Spring Data modules found, entering strict repository configuration mode
2026-08-11T10:02:02.185+08:00 INFO  o.s.d.r.c.RepositoryConfigurationDelegate request_id= idempotency_key= order_id= user_id= sku_id= payment_tx= - Bootstrapping Spring Data Redis repositories in DEFAULT mode.
2026-08-11T10:02:02.189+08:00 INFO  o.s.d.r.c.RepositoryConfigurationDelegate request_id= idempotency_key= order_id= user_id= sku_id= payment_tx= - Finished Spring Data repository scanning in 3 ms. Found 0 Redis repository interfaces.
2026-08-11T10:02:02.206+08:00 INFO  o.s.b.w.e.tomcat.TomcatWebServer request_id= idempotency_key= order_id= user_id= sku_id= payment_tx= - Tomcat initialized with port 0 (http)
2026-08-11T10:02:02.207+08:00 INFO  o.a.catalina.core.StandardService request_id= idempotency_key= order_id= user_id= sku_id= payment_tx= - Starting service [Tomcat]
2026-08-11T10:02:02.207+08:00 INFO  o.a.catalina.core.StandardEngine request_id= idempotency_key= order_id= user_id= sku_id= payment_tx= - Starting Servlet engine: [Apache Tomcat/10.1.44]
2026-08-11T10:02:02.214+08:00 INFO  o.a.c.c.C.[Tomcat].[localhost].[/] request_id= idempotency_key= order_id= user_id= sku_id= payment_tx= - Initializing Spring embedded WebApplicationContext
2026-08-11T10:02:02.214+08:00 INFO  o.s.b.w.s.c.ServletWebServerApplicationContext request_id= idempotency_key= order_id= user_id= sku_id= payment_tx= - Root WebApplicationContext: initialization completed in 93 ms
Standard Commons Logging discovery in action with spring-jcl: please remove commons-logging.jar from classpath in order to avoid potential conflicts
2026-08-11T10:02:02.242+08:00 INFO  com.zaxxer.hikari.HikariDataSource request_id= idempotency_key= order_id= user_id= sku_id= payment_tx= - HikariPool-8 - Starting...
2026-08-11T10:02:02.249+08:00 INFO  com.zaxxer.hikari.pool.HikariPool request_id= idempotency_key= order_id= user_id= sku_id= payment_tx= - HikariPool-8 - Added connection com.mysql.cj.jdbc.ConnectionImpl@11384ad7
2026-08-11T10:02:02.249+08:00 INFO  com.zaxxer.hikari.HikariDataSource request_id= idempotency_key= order_id= user_id= sku_id= payment_tx= - HikariPool-8 - Start completed.
2026-08-11T10:02:02.252+08:00 INFO  org.flywaydb.core.FlywayExecutor request_id= idempotency_key= order_id= user_id= sku_id= payment_tx= - Database: jdbc:mysql://localhost:55593/flashflow (MySQL 8.4)
2026-08-11T10:02:02.256+08:00 WARN  o.f.c.i.database.base.Database request_id= idempotency_key= order_id= user_id= sku_id= payment_tx= - Flyway upgrade recommended: MySQL 8.4 is newer than this version of Flyway and support has not been tested. The latest supported version of MySQL is 8.1.
2026-08-11T10:02:02.259+08:00 INFO  o.f.core.internal.command.DbValidate request_id= idempotency_key= order_id= user_id= sku_id= payment_tx= - Successfully validated 4 migrations (execution time 00:00.003s)
2026-08-11T10:02:02.263+08:00 INFO  o.f.core.internal.command.DbMigrate request_id= idempotency_key= order_id= user_id= sku_id= payment_tx= - Current version of schema `flashflow`: 4
2026-08-11T10:02:02.264+08:00 INFO  o.f.core.internal.command.DbMigrate request_id= idempotency_key= order_id= user_id= sku_id= payment_tx= - Schema `flashflow` is up to date. No migration necessary.
2026-08-11T10:02:02.377+08:00 INFO  o.s.b.a.e.web.EndpointLinksResolver request_id= idempotency_key= order_id= user_id= sku_id= payment_tx= - Exposing 2 endpoints beneath base path '/actuator'
2026-08-11T10:02:02.382+08:00 INFO  o.s.b.w.e.tomcat.TomcatWebServer request_id= idempotency_key= order_id= user_id= sku_id= payment_tx= - Tomcat started on port 58213 (http) with context path '/'
2026-08-11T10:02:02.385+08:00 INFO  d.f.V3ControlledComparisonIntegrationTest request_id= idempotency_key= order_id= user_id= sku_id= payment_tx= - Started V3ControlledComparisonIntegrationTest in 0.271 seconds (process running for 50.224)
2026-08-11T10:02:04.457+08:00 INFO  o.a.c.c.C.[Tomcat].[localhost].[/] request_id= idempotency_key= order_id= user_id= sku_id= payment_tx= - Initializing Spring DispatcherServlet 'dispatcherServlet'
2026-08-11T10:02:04.457+08:00 INFO  o.s.web.servlet.DispatcherServlet request_id= idempotency_key= order_id= user_id= sku_id= payment_tx= - Initializing Servlet 'dispatcherServlet'
2026-08-11T10:02:04.458+08:00 INFO  o.s.web.servlet.DispatcherServlet request_id= idempotency_key= order_id= user_id= sku_id= payment_tx= - Completed initialization in 1 ms
2026-08-11T10:02:04.545+08:00 INFO  o.s.b.w.e.tomcat.GracefulShutdown request_id= idempotency_key= order_id= user_id= sku_id= payment_tx= - Commencing graceful shutdown. Waiting for active requests to complete
2026-08-11T10:02:06.550+08:00 INFO  o.s.b.w.e.tomcat.GracefulShutdown request_id= idempotency_key= order_id= user_id= sku_id= payment_tx= - Graceful shutdown complete
2026-08-11T10:02:06.550+08:00 ERROR org.apache.tomcat.util.net.Acceptor request_id= idempotency_key= order_id= user_id= sku_id= payment_tx= - Socket accept failed
java.nio.channels.AsynchronousCloseException: null
	at java.base/java.nio.channels.spi.AbstractInterruptibleChannel.end(AbstractInterruptibleChannel.java:218) ~[na:na]
	at java.base/sun.nio.ch.ServerSocketChannelImpl.end(ServerSocketChannelImpl.java:372) ~[na:na]
	at java.base/sun.nio.ch.ServerSocketChannelImpl.accept(ServerSocketChannelImpl.java:397) ~[na:na]
	at org.apache.tomcat.util.net.NioEndpoint.serverSocketAccept(NioEndpoint.java:537) ~[tomcat-embed-core-10.1.44.jar:10.1.44]
	at org.apache.tomcat.util.net.NioEndpoint.serverSocketAccept(NioEndpoint.java:72) ~[tomcat-embed-core-10.1.44.jar:10.1.44]
	at org.apache.tomcat.util.net.Acceptor.run(Acceptor.java:127) ~[tomcat-embed-core-10.1.44.jar:10.1.44]
	at java.base/java.lang.Thread.run(Thread.java:1516) ~[na:na]
2026-08-11T10:02:08.308+08:00 INFO  com.zaxxer.hikari.HikariDataSource request_id= idempotency_key= order_id= user_id= sku_id= payment_tx= - HikariPool-8 - Shutdown initiated...
2026-08-11T10:02:08.313+08:00 INFO  com.zaxxer.hikari.HikariDataSource request_id= idempotency_key= order_id= user_id= sku_id= payment_tx= - HikariPool-8 - Shutdown completed.
[ERROR] Tests run: 1, Failures: 1, Errors: 0, Skipped: 0, Time elapsed: 6.209 s <<< FAILURE! -- in dev.flashflow.V3ControlledComparisonIntegrationTest
[ERROR] dev.flashflow.V3ControlledComparisonIntegrationTest.separatesSynchronousCompletionFromV3AcceptanceAndCompletion -- Time elapsed: 2.156 s <<< FAILURE!
org.opentest4j.AssertionFailedError: 

expected: 202 ACCEPTED
 but was: 503 SERVICE_UNAVAILABLE
	at dev.flashflow.V3ControlledComparisonIntegrationTest.separatesSynchronousCompletionFromV3AcceptanceAndCompletion(V3ControlledComparisonIntegrationTest.java:76)
	at java.base/java.lang.reflect.Method.invoke(Method.java:565)
	at java.base/java.util.ArrayList.forEach(ArrayList.java:1612)
	at java.base/java.util.ArrayList.forEach(ArrayList.java:1612)

[INFO] Running dev.flashflow.shared.config.UnsafeStrategyGuardTest
[INFO] Tests run: 2, Failures: 0, Errors: 0, Skipped: 0, Time elapsed: 0.012 s -- in dev.flashflow.shared.config.UnsafeStrategyGuardTest
[INFO] Running dev.flashflow.shared.config.MessagingConfigurationGuardTest
[INFO] Tests run: 5, Failures: 0, Errors: 0, Skipped: 0, Time elapsed: 0.003 s -- in dev.flashflow.shared.config.MessagingConfigurationGuardTest
[INFO] Running dev.flashflow.shared.config.AdmissionConfigurationGuardTest
[INFO] Tests run: 2, Failures: 0, Errors: 0, Skipped: 0, Time elapsed: 0.002 s -- in dev.flashflow.shared.config.AdmissionConfigurationGuardTest
[INFO] Running dev.flashflow.AdmissionCrossStoreFailureIntegrationTest
2026-08-11T10:02:08.342+08:00 INFO  o.s.t.c.s.AnnotationConfigContextLoaderUtils request_id= idempotency_key= order_id= user_id= sku_id= payment_tx= - Could not detect default configuration classes for test class [dev.flashflow.AdmissionCrossStoreFailureIntegrationTest]: AdmissionCrossStoreFailureIntegrationTest does not declare any static, non-private, non-final, nested classes annotated with @Configuration.
2026-08-11T10:02:08.343+08:00 INFO  o.s.b.t.c.SpringBootTestContextBootstrapper request_id= idempotency_key= order_id= user_id= sku_id= payment_tx= - Found @SpringBootConfiguration dev.flashflow.FlashFlowApplication for test class dev.flashflow.AdmissionCrossStoreFailureIntegrationTest
[INFO] Tests run: 4, Failures: 0, Errors: 0, Skipped: 0, Time elapsed: 0.067 s -- in dev.flashflow.AdmissionCrossStoreFailureIntegrationTest
[INFO] Running dev.flashflow.LiveRocketMqRedeliveryIntegrationTest
2026-08-11T10:02:08.409+08:00 INFO  o.s.t.c.s.AnnotationConfigContextLoaderUtils request_id= idempotency_key= order_id= user_id= sku_id= payment_tx= - Could not detect default configuration classes for test class [dev.flashflow.LiveRocketMqRedeliveryIntegrationTest]: LiveRocketMqRedeliveryIntegrationTest does not declare any static, non-private, non-final, nested classes annotated with @Configuration.
2026-08-11T10:02:08.410+08:00 INFO  o.s.b.t.c.SpringBootTestContextBootstrapper request_id= idempotency_key= order_id= user_id= sku_id= payment_tx= - Found @SpringBootConfiguration dev.flashflow.FlashFlowApplication for test class dev.flashflow.LiveRocketMqRedeliveryIntegrationTest

  .   ____          _            __ _ _
 /\\ / ___'_ __ _ _(_)_ __  __ _ \ \ \ \
( ( )\___ | '_ | '_| | '_ \/ _` | \ \ \ \
 \\/  ___)| |_)| | | | | || (_| |  ) ) ) )
  '  |____| .__|_| |_|_| |_\__, | / / / /
 =========|_|==============|___/=/_/_/_/

 :: Spring Boot ::                (v3.5.5)

2026-08-11T10:02:08.419+08:00 INFO  d.f.LiveRocketMqRedeliveryIntegrationTest request_id= idempotency_key= order_id= user_id= sku_id= payment_tx= - Starting LiveRocketMqRedeliveryIntegrationTest using Java 26.0.2 with PID 51800 (started by yuzheng in /Users/yuzheng/Computeracy/Zhenkun26-GitHub/FlashFlow)
2026-08-11T10:02:08.419+08:00 INFO  d.f.LiveRocketMqRedeliveryIntegrationTest request_id= idempotency_key= order_id= user_id= sku_id= payment_tx= - The following 1 profile is active: "test"
2026-08-11T10:02:08.491+08:00 INFO  o.s.d.r.c.RepositoryConfigurationDelegate request_id= idempotency_key= order_id= user_id= sku_id= payment_tx= - Multiple Spring Data modules found, entering strict repository configuration mode
2026-08-11T10:02:08.491+08:00 INFO  o.s.d.r.c.RepositoryConfigurationDelegate request_id= idempotency_key= order_id= user_id= sku_id= payment_tx= - Bootstrapping Spring Data Redis repositories in DEFAULT mode.
2026-08-11T10:02:08.497+08:00 INFO  o.s.d.r.c.RepositoryConfigurationDelegate request_id= idempotency_key= order_id= user_id= sku_id= payment_tx= - Finished Spring Data repository scanning in 4 ms. Found 0 Redis repository interfaces.
2026-08-11T10:02:08.521+08:00 INFO  o.s.b.w.e.tomcat.TomcatWebServer request_id= idempotency_key= order_id= user_id= sku_id= payment_tx= - Tomcat initialized with port 0 (http)
2026-08-11T10:02:08.522+08:00 INFO  o.a.catalina.core.StandardService request_id= idempotency_key= order_id= user_id= sku_id= payment_tx= - Starting service [Tomcat]
2026-08-11T10:02:08.522+08:00 INFO  o.a.catalina.core.StandardEngine request_id= idempotency_key= order_id= user_id= sku_id= payment_tx= - Starting Servlet engine: [Apache Tomcat/10.1.44]
2026-08-11T10:02:08.529+08:00 INFO  o.a.c.c.C.[Tomcat].[localhost].[/] request_id= idempotency_key= order_id= user_id= sku_id= payment_tx= - Initializing Spring embedded WebApplicationContext
2026-08-11T10:02:08.529+08:00 INFO  o.s.b.w.s.c.ServletWebServerApplicationContext request_id= idempotency_key= order_id= user_id= sku_id= payment_tx= - Root WebApplicationContext: initialization completed in 109 ms
Standard Commons Logging discovery in action with spring-jcl: please remove commons-logging.jar from classpath in order to avoid potential conflicts
2026-08-11T10:02:08.621+08:00 INFO  com.zaxxer.hikari.HikariDataSource request_id= idempotency_key= order_id= user_id= sku_id= payment_tx= - HikariPool-9 - Starting...
2026-08-11T10:02:08.630+08:00 INFO  com.zaxxer.hikari.pool.HikariPool request_id= idempotency_key= order_id= user_id= sku_id= payment_tx= - HikariPool-9 - Added connection com.mysql.cj.jdbc.ConnectionImpl@7a356faf
2026-08-11T10:02:08.630+08:00 INFO  com.zaxxer.hikari.HikariDataSource request_id= idempotency_key= order_id= user_id= sku_id= payment_tx= - HikariPool-9 - Start completed.
2026-08-11T10:02:08.632+08:00 INFO  org.flywaydb.core.FlywayExecutor request_id= idempotency_key= order_id= user_id= sku_id= payment_tx= - Database: jdbc:mysql://localhost:55593/flashflow (MySQL 8.4)
2026-08-11T10:02:08.634+08:00 WARN  o.f.c.i.database.base.Database request_id= idempotency_key= order_id= user_id= sku_id= payment_tx= - Flyway upgrade recommended: MySQL 8.4 is newer than this version of Flyway and support has not been tested. The latest supported version of MySQL is 8.1.
2026-08-11T10:02:08.638+08:00 INFO  o.f.core.internal.command.DbValidate request_id= idempotency_key= order_id= user_id= sku_id= payment_tx= - Successfully validated 4 migrations (execution time 00:00.003s)
2026-08-11T10:02:08.641+08:00 INFO  o.f.core.internal.command.DbMigrate request_id= idempotency_key= order_id= user_id= sku_id= payment_tx= - Current version of schema `flashflow`: 4
2026-08-11T10:02:08.641+08:00 INFO  o.f.core.internal.command.DbMigrate request_id= idempotency_key= order_id= user_id= sku_id= payment_tx= - Schema `flashflow` is up to date. No migration necessary.
2026-08-11T10:02:08.746+08:00 INFO  o.s.b.a.e.web.EndpointLinksResolver request_id= idempotency_key= order_id= user_id= sku_id= payment_tx= - Exposing 2 endpoints beneath base path '/actuator'
2026-08-11T10:02:08.752+08:00 INFO  o.s.b.w.e.tomcat.TomcatWebServer request_id= idempotency_key= order_id= user_id= sku_id= payment_tx= - Tomcat started on port 58268 (http) with context path '/'
2026-08-11T10:02:08.754+08:00 INFO  d.f.LiveRocketMqRedeliveryIntegrationTest request_id= idempotency_key= order_id= user_id= sku_id= payment_tx= - Started LiveRocketMqRedeliveryIntegrationTest in 0.343 seconds (process running for 56.594)
2026-08-11T10:02:10.795+08:00 INFO  o.a.c.c.C.[Tomcat].[localhost].[/] request_id= idempotency_key= order_id= user_id= sku_id= payment_tx= - Initializing Spring DispatcherServlet 'dispatcherServlet'
2026-08-11T10:02:10.796+08:00 INFO  o.s.web.servlet.DispatcherServlet request_id= idempotency_key= order_id= user_id= sku_id= payment_tx= - Initializing Servlet 'dispatcherServlet'
2026-08-11T10:02:10.796+08:00 INFO  o.s.web.servlet.DispatcherServlet request_id= idempotency_key= order_id= user_id= sku_id= payment_tx= - Completed initialization in 0 ms
2026-08-11T10:02:10.830+08:00 INFO  d.f.m.AsyncOrderApplicationService request_id=b3f2ac58-1042-41b3-ad2a-a6bdd971f5ff idempotency_key=key-redelivery order_id= user_id=user-redelivery sku_id=sku-redelivery payment_tx= - Asynchronous publication command_id=c96a0af58397f512ce41cca417eee9eee47778bff09a3b87e8e8edb9c7e14fe6 outcome=BROKER_ACKNOWLEDGED status=ACCEPTED cause=SEND_OK
2026-08-11T10:02:30.357+08:00 INFO  o.s.b.w.e.tomcat.GracefulShutdown request_id= idempotency_key= order_id= user_id= sku_id= payment_tx= - Commencing graceful shutdown. Waiting for active requests to complete
2026-08-11T10:02:32.369+08:00 INFO  o.s.b.w.e.tomcat.GracefulShutdown request_id= idempotency_key= order_id= user_id= sku_id= payment_tx= - Graceful shutdown complete
2026-08-11T10:02:32.369+08:00 ERROR org.apache.tomcat.util.net.Acceptor request_id= idempotency_key= order_id= user_id= sku_id= payment_tx= - Socket accept failed
java.nio.channels.AsynchronousCloseException: null
	at java.base/java.nio.channels.spi.AbstractInterruptibleChannel.end(AbstractInterruptibleChannel.java:218) ~[na:na]
	at java.base/sun.nio.ch.ServerSocketChannelImpl.end(ServerSocketChannelImpl.java:372) ~[na:na]
	at java.base/sun.nio.ch.ServerSocketChannelImpl.accept(ServerSocketChannelImpl.java:397) ~[na:na]
	at org.apache.tomcat.util.net.NioEndpoint.serverSocketAccept(NioEndpoint.java:537) ~[tomcat-embed-core-10.1.44.jar:10.1.44]
	at org.apache.tomcat.util.net.NioEndpoint.serverSocketAccept(NioEndpoint.java:72) ~[tomcat-embed-core-10.1.44.jar:10.1.44]
	at org.apache.tomcat.util.net.Acceptor.run(Acceptor.java:127) ~[tomcat-embed-core-10.1.44.jar:10.1.44]
	at java.base/java.lang.Thread.run(Thread.java:1516) ~[na:na]
2026-08-11T10:02:32.441+08:00 INFO  com.zaxxer.hikari.HikariDataSource request_id= idempotency_key= order_id= user_id= sku_id= payment_tx= - HikariPool-9 - Shutdown initiated...
2026-08-11T10:02:32.443+08:00 INFO  com.zaxxer.hikari.HikariDataSource request_id= idempotency_key= order_id= user_id= sku_id= payment_tx= - HikariPool-9 - Shutdown completed.
[INFO] Tests run: 1, Failures: 0, Errors: 0, Skipped: 0, Time elapsed: 24.04 s -- in dev.flashflow.LiveRocketMqRedeliveryIntegrationTest
[INFO] Running dev.flashflow.V4OutboxRocketMqEndToEndIntegrationTest
2026-08-11T10:02:32.452+08:00 INFO  o.s.t.c.s.AnnotationConfigContextLoaderUtils request_id= idempotency_key= order_id= user_id= sku_id= payment_tx= - Could not detect default configuration classes for test class [dev.flashflow.V4OutboxRocketMqEndToEndIntegrationTest]: V4OutboxRocketMqEndToEndIntegrationTest does not declare any static, non-private, non-final, nested classes annotated with @Configuration.
2026-08-11T10:02:32.455+08:00 INFO  o.s.b.t.c.SpringBootTestContextBootstrapper request_id= idempotency_key= order_id= user_id= sku_id= payment_tx= - Found @SpringBootConfiguration dev.flashflow.FlashFlowApplication for test class dev.flashflow.V4OutboxRocketMqEndToEndIntegrationTest

  .   ____          _            __ _ _
 /\\ / ___'_ __ _ _(_)_ __  __ _ \ \ \ \
( ( )\___ | '_ | '_| | '_ \/ _` | \ \ \ \
 \\/  ___)| |_)| | | | | || (_| |  ) ) ) )
  '  |____| .__|_| |_|_| |_\__, | / / / /
 =========|_|==============|___/=/_/_/_/

 :: Spring Boot ::                (v3.5.5)

2026-08-11T10:02:32.476+08:00 INFO  d.f.V4OutboxRocketMqEndToEndIntegrationTest request_id= idempotency_key= order_id= user_id= sku_id= payment_tx= - Starting V4OutboxRocketMqEndToEndIntegrationTest using Java 26.0.2 with PID 51800 (started by yuzheng in /Users/yuzheng/Computeracy/Zhenkun26-GitHub/FlashFlow)
2026-08-11T10:02:32.476+08:00 INFO  d.f.V4OutboxRocketMqEndToEndIntegrationTest request_id= idempotency_key= order_id= user_id= sku_id= payment_tx= - The following 1 profile is active: "test"
2026-08-11T10:02:32.612+08:00 INFO  o.s.d.r.c.RepositoryConfigurationDelegate request_id= idempotency_key= order_id= user_id= sku_id= payment_tx= - Multiple Spring Data modules found, entering strict repository configuration mode
2026-08-11T10:02:32.612+08:00 INFO  o.s.d.r.c.RepositoryConfigurationDelegate request_id= idempotency_key= order_id= user_id= sku_id= payment_tx= - Bootstrapping Spring Data Redis repositories in DEFAULT mode.
2026-08-11T10:02:32.617+08:00 INFO  o.s.d.r.c.RepositoryConfigurationDelegate request_id= idempotency_key= order_id= user_id= sku_id= payment_tx= - Finished Spring Data repository scanning in 4 ms. Found 0 Redis repository interfaces.
2026-08-11T10:02:32.640+08:00 INFO  o.s.b.w.e.tomcat.TomcatWebServer request_id= idempotency_key= order_id= user_id= sku_id= payment_tx= - Tomcat initialized with port 0 (http)
2026-08-11T10:02:32.640+08:00 INFO  o.a.catalina.core.StandardService request_id= idempotency_key= order_id= user_id= sku_id= payment_tx= - Starting service [Tomcat]
2026-08-11T10:02:32.640+08:00 INFO  o.a.catalina.core.StandardEngine request_id= idempotency_key= order_id= user_id= sku_id= payment_tx= - Starting Servlet engine: [Apache Tomcat/10.1.44]
2026-08-11T10:02:32.648+08:00 INFO  o.a.c.c.C.[Tomcat].[localhost].[/] request_id= idempotency_key= order_id= user_id= sku_id= payment_tx= - Initializing Spring embedded WebApplicationContext
2026-08-11T10:02:32.648+08:00 INFO  o.s.b.w.s.c.ServletWebServerApplicationContext request_id= idempotency_key= order_id= user_id= sku_id= payment_tx= - Root WebApplicationContext: initialization completed in 171 ms
Standard Commons Logging discovery in action with spring-jcl: please remove commons-logging.jar from classpath in order to avoid potential conflicts
2026-08-11T10:02:32.680+08:00 INFO  com.zaxxer.hikari.HikariDataSource request_id= idempotency_key= order_id= user_id= sku_id= payment_tx= - HikariPool-10 - Starting...
2026-08-11T10:02:32.689+08:00 INFO  com.zaxxer.hikari.pool.HikariPool request_id= idempotency_key= order_id= user_id= sku_id= payment_tx= - HikariPool-10 - Added connection com.mysql.cj.jdbc.ConnectionImpl@18aafb60
2026-08-11T10:02:32.689+08:00 INFO  com.zaxxer.hikari.HikariDataSource request_id= idempotency_key= order_id= user_id= sku_id= payment_tx= - HikariPool-10 - Start completed.
2026-08-11T10:02:32.694+08:00 INFO  org.flywaydb.core.FlywayExecutor request_id= idempotency_key= order_id= user_id= sku_id= payment_tx= - Database: jdbc:mysql://localhost:55593/flashflow (MySQL 8.4)
2026-08-11T10:02:32.703+08:00 WARN  o.f.c.i.database.base.Database request_id= idempotency_key= order_id= user_id= sku_id= payment_tx= - Flyway upgrade recommended: MySQL 8.4 is newer than this version of Flyway and support has not been tested. The latest supported version of MySQL is 8.1.
2026-08-11T10:02:32.713+08:00 INFO  o.f.core.internal.command.DbValidate request_id= idempotency_key= order_id= user_id= sku_id= payment_tx= - Successfully validated 4 migrations (execution time 00:00.007s)
2026-08-11T10:02:32.718+08:00 INFO  o.f.core.internal.command.DbMigrate request_id= idempotency_key= order_id= user_id= sku_id= payment_tx= - Current version of schema `flashflow`: 4
2026-08-11T10:02:32.719+08:00 INFO  o.f.core.internal.command.DbMigrate request_id= idempotency_key= order_id= user_id= sku_id= payment_tx= - Schema `flashflow` is up to date. No migration necessary.
2026-08-11T10:02:32.852+08:00 INFO  o.s.b.a.e.web.EndpointLinksResolver request_id= idempotency_key= order_id= user_id= sku_id= payment_tx= - Exposing 2 endpoints beneath base path '/actuator'
2026-08-11T10:02:32.858+08:00 INFO  o.s.b.w.e.tomcat.TomcatWebServer request_id= idempotency_key= order_id= user_id= sku_id= payment_tx= - Tomcat started on port 58359 (http) with context path '/'
2026-08-11T10:02:32.860+08:00 INFO  d.f.V4OutboxRocketMqEndToEndIntegrationTest request_id= idempotency_key= order_id= user_id= sku_id= payment_tx= - Started V4OutboxRocketMqEndToEndIntegrationTest in 0.398 seconds (process running for 80.701)
2026-08-11T10:02:34.908+08:00 INFO  o.a.c.c.C.[Tomcat].[localhost].[/] request_id= idempotency_key= order_id= user_id= sku_id= payment_tx= - Initializing Spring DispatcherServlet 'dispatcherServlet'
2026-08-11T10:02:34.908+08:00 INFO  o.s.web.servlet.DispatcherServlet request_id= idempotency_key= order_id= user_id= sku_id= payment_tx= - Initializing Servlet 'dispatcherServlet'
2026-08-11T10:02:34.908+08:00 INFO  o.s.web.servlet.DispatcherServlet request_id= idempotency_key= order_id= user_id= sku_id= payment_tx= - Completed initialization in 0 ms
2026-08-11T10:02:34.938+08:00 INFO  d.f.m.o.OutboxAsyncOrderApplicationService request_id=159cfab1-c2a3-447c-b116-8f39a3060a7d idempotency_key=key-v4-3497f393 order_id= user_id=user-v4-3497f393 sku_id=sku-v4-3497f393 payment_tx= - Durable Outbox acceptance command_id=051ee3bb7e1e6fde35125d65feca0fa9fb4445d51b9c35a94695ae045a81c79b status=ACCEPTED
2026-08-11T10:02:35.004+08:00 INFO  d.f.m.outbox.OutboxDispatcher request_id= idempotency_key= order_id= user_id= sku_id= payment_tx= - Outbox publication outbox_id=c22ff2b1-1cc1-414e-b4f7-a57ac47f91dd command_id=051ee3bb7e1e6fde35125d65feca0fa9fb4445d51b9c35a94695ae045a81c79b outcome=ACKNOWLEDGED
2026-08-11T10:02:47.523+08:00 INFO  d.f.m.o.OutboxAsyncOrderApplicationService request_id=69a555f2-5328-4192-a60a-3300dee8a01b idempotency_key=key-v4-outage-3497f393 order_id= user_id=user-v4-outage-3497f393 sku_id=sku-v4-outage-3497f393 payment_tx= - Durable Outbox acceptance command_id=c3b162c99d70a556c99aa90b41b397300c98e5d15e003720f3eb5a4f13bea3d7 status=ACCEPTED
2026-08-11T10:02:47.635+08:00 INFO  d.f.m.outbox.OutboxDispatcher request_id= idempotency_key= order_id= user_id= sku_id= payment_tx= - Outbox publication deferred outbox_id=0915cba4-b3fa-4cb2-9fab-2b9b205e3f7b command_id=c3b162c99d70a556c99aa90b41b397300c98e5d15e003720f3eb5a4f13bea3d7 outcome=RETRYABLE cause=MQCLIENTEXCEPTION
2026-08-11T10:02:47.750+08:00 INFO  d.f.m.outbox.OutboxDispatcher request_id= idempotency_key= order_id= user_id= sku_id= payment_tx= - Outbox publication deferred outbox_id=0915cba4-b3fa-4cb2-9fab-2b9b205e3f7b command_id=c3b162c99d70a556c99aa90b41b397300c98e5d15e003720f3eb5a4f13bea3d7 outcome=RETRYABLE cause=MQCLIENTEXCEPTION
2026-08-11T10:02:47.973+08:00 INFO  d.f.m.outbox.OutboxDispatcher request_id= idempotency_key= order_id= user_id= sku_id= payment_tx= - Outbox publication deferred outbox_id=0915cba4-b3fa-4cb2-9fab-2b9b205e3f7b command_id=c3b162c99d70a556c99aa90b41b397300c98e5d15e003720f3eb5a4f13bea3d7 outcome=RETRYABLE cause=MQCLIENTEXCEPTION
2026-08-11T10:02:48.407+08:00 INFO  d.f.m.outbox.OutboxDispatcher request_id= idempotency_key= order_id= user_id= sku_id= payment_tx= - Outbox publication deferred outbox_id=0915cba4-b3fa-4cb2-9fab-2b9b205e3f7b command_id=c3b162c99d70a556c99aa90b41b397300c98e5d15e003720f3eb5a4f13bea3d7 outcome=RETRYABLE cause=MQCLIENTEXCEPTION
2026-08-11T10:02:49.299+08:00 INFO  d.f.m.outbox.OutboxDispatcher request_id= idempotency_key= order_id= user_id= sku_id= payment_tx= - Outbox publication outbox_id=0915cba4-b3fa-4cb2-9fab-2b9b205e3f7b command_id=c3b162c99d70a556c99aa90b41b397300c98e5d15e003720f3eb5a4f13bea3d7 outcome=ACKNOWLEDGED
2026-08-11T10:02:51.260+08:00 INFO  o.s.b.w.e.tomcat.GracefulShutdown request_id= idempotency_key= order_id= user_id= sku_id= payment_tx= - Commencing graceful shutdown. Waiting for active requests to complete
2026-08-11T10:02:53.267+08:00 INFO  o.s.b.w.e.tomcat.GracefulShutdown request_id= idempotency_key= order_id= user_id= sku_id= payment_tx= - Graceful shutdown complete
2026-08-11T10:02:53.267+08:00 ERROR org.apache.tomcat.util.net.Acceptor request_id= idempotency_key= order_id= user_id= sku_id= payment_tx= - Socket accept failed
java.nio.channels.AsynchronousCloseException: null
	at java.base/java.nio.channels.spi.AbstractInterruptibleChannel.end(AbstractInterruptibleChannel.java:218) ~[na:na]
	at java.base/sun.nio.ch.ServerSocketChannelImpl.end(ServerSocketChannelImpl.java:372) ~[na:na]
	at java.base/sun.nio.ch.ServerSocketChannelImpl.accept(ServerSocketChannelImpl.java:397) ~[na:na]
	at org.apache.tomcat.util.net.NioEndpoint.serverSocketAccept(NioEndpoint.java:537) ~[tomcat-embed-core-10.1.44.jar:10.1.44]
	at org.apache.tomcat.util.net.NioEndpoint.serverSocketAccept(NioEndpoint.java:72) ~[tomcat-embed-core-10.1.44.jar:10.1.44]
	at org.apache.tomcat.util.net.Acceptor.run(Acceptor.java:127) ~[tomcat-embed-core-10.1.44.jar:10.1.44]
	at java.base/java.lang.Thread.run(Thread.java:1516) ~[na:na]
2026-08-11T10:02:53.311+08:00 INFO  com.zaxxer.hikari.HikariDataSource request_id= idempotency_key= order_id= user_id= sku_id= payment_tx= - HikariPool-10 - Shutdown initiated...
2026-08-11T10:02:53.314+08:00 INFO  com.zaxxer.hikari.HikariDataSource request_id= idempotency_key= order_id= user_id= sku_id= payment_tx= - HikariPool-10 - Shutdown completed.
[INFO] Tests run: 2, Failures: 0, Errors: 0, Skipped: 0, Time elapsed: 20.87 s -- in dev.flashflow.V4OutboxRocketMqEndToEndIntegrationTest
[INFO] Running dev.flashflow.V4OutboxConcurrentRedeliveryIntegrationTest
2026-08-11T10:02:53.333+08:00 INFO  o.s.t.c.s.AnnotationConfigContextLoaderUtils request_id= idempotency_key= order_id= user_id= sku_id= payment_tx= - Could not detect default configuration classes for test class [dev.flashflow.V4OutboxConcurrentRedeliveryIntegrationTest]: V4OutboxConcurrentRedeliveryIntegrationTest does not declare any static, non-private, non-final, nested classes annotated with @Configuration.
2026-08-11T10:02:53.344+08:00 INFO  o.s.b.t.c.SpringBootTestContextBootstrapper request_id= idempotency_key= order_id= user_id= sku_id= payment_tx= - Found @SpringBootConfiguration dev.flashflow.FlashFlowApplication for test class dev.flashflow.V4OutboxConcurrentRedeliveryIntegrationTest

  .   ____          _            __ _ _
 /\\ / ___'_ __ _ _(_)_ __  __ _ \ \ \ \
( ( )\___ | '_ | '_| | '_ \/ _` | \ \ \ \
 \\/  ___)| |_)| | | | | || (_| |  ) ) ) )
  '  |____| .__|_| |_|_| |_\__, | / / / /
 =========|_|==============|___/=/_/_/_/

 :: Spring Boot ::                (v3.5.5)

2026-08-11T10:02:53.371+08:00 INFO  d.f.V4OutboxConcurrentRedeliveryIntegrationTest request_id= idempotency_key= order_id= user_id= sku_id= payment_tx= - Starting V4OutboxConcurrentRedeliveryIntegrationTest using Java 26.0.2 with PID 51800 (started by yuzheng in /Users/yuzheng/Computeracy/Zhenkun26-GitHub/FlashFlow)
2026-08-11T10:02:53.372+08:00 INFO  d.f.V4OutboxConcurrentRedeliveryIntegrationTest request_id= idempotency_key= order_id= user_id= sku_id= payment_tx= - The following 1 profile is active: "test"
2026-08-11T10:02:53.472+08:00 INFO  o.s.d.r.c.RepositoryConfigurationDelegate request_id= idempotency_key= order_id= user_id= sku_id= payment_tx= - Multiple Spring Data modules found, entering strict repository configuration mode
2026-08-11T10:02:53.472+08:00 INFO  o.s.d.r.c.RepositoryConfigurationDelegate request_id= idempotency_key= order_id= user_id= sku_id= payment_tx= - Bootstrapping Spring Data Redis repositories in DEFAULT mode.
2026-08-11T10:02:53.477+08:00 INFO  o.s.d.r.c.RepositoryConfigurationDelegate request_id= idempotency_key= order_id= user_id= sku_id= payment_tx= - Finished Spring Data repository scanning in 3 ms. Found 0 Redis repository interfaces.
2026-08-11T10:02:53.493+08:00 INFO  o.s.b.w.e.tomcat.TomcatWebServer request_id= idempotency_key= order_id= user_id= sku_id= payment_tx= - Tomcat initialized with port 0 (http)
2026-08-11T10:02:53.493+08:00 INFO  o.a.catalina.core.StandardService request_id= idempotency_key= order_id= user_id= sku_id= payment_tx= - Starting service [Tomcat]
2026-08-11T10:02:53.493+08:00 INFO  o.a.catalina.core.StandardEngine request_id= idempotency_key= order_id= user_id= sku_id= payment_tx= - Starting Servlet engine: [Apache Tomcat/10.1.44]
2026-08-11T10:02:53.499+08:00 INFO  o.a.c.c.C.[Tomcat].[localhost].[/] request_id= idempotency_key= order_id= user_id= sku_id= payment_tx= - Initializing Spring embedded WebApplicationContext
2026-08-11T10:02:53.499+08:00 INFO  o.s.b.w.s.c.ServletWebServerApplicationContext request_id= idempotency_key= order_id= user_id= sku_id= payment_tx= - Root WebApplicationContext: initialization completed in 127 ms
Standard Commons Logging discovery in action with spring-jcl: please remove commons-logging.jar from classpath in order to avoid potential conflicts
2026-08-11T10:02:53.537+08:00 INFO  com.zaxxer.hikari.HikariDataSource request_id= idempotency_key= order_id= user_id= sku_id= payment_tx= - HikariPool-11 - Starting...
2026-08-11T10:02:53.548+08:00 INFO  com.zaxxer.hikari.pool.HikariPool request_id= idempotency_key= order_id= user_id= sku_id= payment_tx= - HikariPool-11 - Added connection com.mysql.cj.jdbc.ConnectionImpl@d59296f
2026-08-11T10:02:53.548+08:00 INFO  com.zaxxer.hikari.HikariDataSource request_id= idempotency_key= order_id= user_id= sku_id= payment_tx= - HikariPool-11 - Start completed.
2026-08-11T10:02:53.552+08:00 INFO  org.flywaydb.core.FlywayExecutor request_id= idempotency_key= order_id= user_id= sku_id= payment_tx= - Database: jdbc:mysql://localhost:55593/flashflow (MySQL 8.4)
2026-08-11T10:02:53.555+08:00 WARN  o.f.c.i.database.base.Database request_id= idempotency_key= order_id= user_id= sku_id= payment_tx= - Flyway upgrade recommended: MySQL 8.4 is newer than this version of Flyway and support has not been tested. The latest supported version of MySQL is 8.1.
2026-08-11T10:02:53.559+08:00 INFO  o.f.core.internal.command.DbValidate request_id= idempotency_key= order_id= user_id= sku_id= payment_tx= - Successfully validated 4 migrations (execution time 00:00.003s)
2026-08-11T10:02:53.562+08:00 INFO  o.f.core.internal.command.DbMigrate request_id= idempotency_key= order_id= user_id= sku_id= payment_tx= - Current version of schema `flashflow`: 4
2026-08-11T10:02:53.562+08:00 INFO  o.f.core.internal.command.DbMigrate request_id= idempotency_key= order_id= user_id= sku_id= payment_tx= - Schema `flashflow` is up to date. No migration necessary.
2026-08-11T10:02:53.650+08:00 INFO  o.s.b.a.e.web.EndpointLinksResolver request_id= idempotency_key= order_id= user_id= sku_id= payment_tx= - Exposing 2 endpoints beneath base path '/actuator'
2026-08-11T10:02:53.658+08:00 INFO  o.s.b.w.e.tomcat.TomcatWebServer request_id= idempotency_key= order_id= user_id= sku_id= payment_tx= - Tomcat started on port 58560 (http) with context path '/'
2026-08-11T10:02:53.660+08:00 INFO  d.f.V4OutboxConcurrentRedeliveryIntegrationTest request_id= idempotency_key= order_id= user_id= sku_id= payment_tx= - Started V4OutboxConcurrentRedeliveryIntegrationTest in 0.314 seconds (process running for 101.503)
2026-08-11T10:02:55.690+08:00 INFO  o.a.c.c.C.[Tomcat].[localhost].[/] request_id= idempotency_key= order_id= user_id= sku_id= payment_tx= - Initializing Spring DispatcherServlet 'dispatcherServlet'
2026-08-11T10:02:55.691+08:00 INFO  o.s.web.servlet.DispatcherServlet request_id= idempotency_key= order_id= user_id= sku_id= payment_tx= - Initializing Servlet 'dispatcherServlet'
2026-08-11T10:02:55.691+08:00 INFO  o.s.web.servlet.DispatcherServlet request_id= idempotency_key= order_id= user_id= sku_id= payment_tx= - Completed initialization in 0 ms
2026-08-11T10:02:55.710+08:00 INFO  d.f.m.o.OutboxAsyncOrderApplicationService request_id=6ab107e2-be5e-4df5-a8df-0e66e9c69813 idempotency_key=key-2f4aab8f-0 order_id= user_id=user-2f4aab8f-0 sku_id=sku-v4-concurrent-2f4aab8f payment_tx= - Durable Outbox acceptance command_id=09d57716178c96d7279e0bf7d4d7c86a46c087c6b61adf428db3dcce650a37d0 status=ACCEPTED
2026-08-11T10:02:55.719+08:00 INFO  d.f.m.o.OutboxAsyncOrderApplicationService request_id=49352e4e-92c0-4f8f-bd57-40a0520242f2 idempotency_key=key-2f4aab8f-1 order_id= user_id=user-2f4aab8f-1 sku_id=sku-v4-concurrent-2f4aab8f payment_tx= - Durable Outbox acceptance command_id=b009d06d7c2d1a0aaea7e253ce74e04316397d49b6ba562744e3f115cd6d5309 status=ACCEPTED
2026-08-11T10:02:55.720+08:00 INFO  d.f.m.outbox.OutboxDispatcher request_id= idempotency_key= order_id= user_id= sku_id= payment_tx= - Outbox publication deferred outbox_id=36a230f8-5c62-4f35-9456-720f3522653f command_id=09d57716178c96d7279e0bf7d4d7c86a46c087c6b61adf428db3dcce650a37d0 outcome=RETRYABLE cause=MQCLIENTEXCEPTION
2026-08-11T10:02:55.725+08:00 INFO  d.f.m.o.OutboxAsyncOrderApplicationService request_id=5ddedbb7-aeec-4f42-b272-168124428798 idempotency_key=key-2f4aab8f-2 order_id= user_id=user-2f4aab8f-2 sku_id=sku-v4-concurrent-2f4aab8f payment_tx= - Durable Outbox acceptance command_id=db2a38cb504d02397690b2a28cb64afd5003edc588adf7946b4fef80a606acf5 status=ACCEPTED
2026-08-11T10:02:55.731+08:00 INFO  d.f.m.o.OutboxAsyncOrderApplicationService request_id=d2673a5a-17ce-4d87-856c-deba80478339 idempotency_key=key-2f4aab8f-3 order_id= user_id=user-2f4aab8f-3 sku_id=sku-v4-concurrent-2f4aab8f payment_tx= - Durable Outbox acceptance command_id=e7387384835312849cde796ab11f85c6bad290f247aa97d9956f7777d360e34b status=ACCEPTED
2026-08-11T10:02:55.736+08:00 INFO  d.f.m.o.OutboxAsyncOrderApplicationService request_id=afa7db51-fb03-44c5-a61b-ebdb84821a56 idempotency_key=key-2f4aab8f-4 order_id= user_id=user-2f4aab8f-4 sku_id=sku-v4-concurrent-2f4aab8f payment_tx= - Durable Outbox acceptance command_id=1971b7696aad20cd1db353f787c4c80a2f8eee3e6e74d0b11ee04c3c5d862935 status=ACCEPTED
2026-08-11T10:02:55.741+08:00 INFO  d.f.m.o.OutboxAsyncOrderApplicationService request_id=0365926d-e472-40a3-87f9-119c35e46dbc idempotency_key=key-2f4aab8f-5 order_id= user_id=user-2f4aab8f-5 sku_id=sku-v4-concurrent-2f4aab8f payment_tx= - Durable Outbox acceptance command_id=7905c0808f1273c0ed89fec82f6930cc37d0511b32e2f1360e927d5dfdb07a04 status=ACCEPTED
2026-08-11T10:02:55.747+08:00 INFO  d.f.m.o.OutboxAsyncOrderApplicationService request_id=dc0c669d-fa2e-4ade-a600-3326a6f8a114 idempotency_key=key-2f4aab8f-6 order_id= user_id=user-2f4aab8f-6 sku_id=sku-v4-concurrent-2f4aab8f payment_tx= - Durable Outbox acceptance command_id=1e3f4e827f87d5393a70380801cb7d58c871592cae3fb2ef2a997b58c4001d25 status=ACCEPTED
2026-08-11T10:02:55.752+08:00 INFO  d.f.m.o.OutboxAsyncOrderApplicationService request_id=7f5c8110-e50c-4393-8291-4de54e7508f6 idempotency_key=key-2f4aab8f-7 order_id= user_id=user-2f4aab8f-7 sku_id=sku-v4-concurrent-2f4aab8f payment_tx= - Durable Outbox acceptance command_id=1bfdb50b21c834db3d4dbac0f4906082ec96729e3f0a2a20e1a25a2ca508dfed status=ACCEPTED
2026-08-11T10:02:55.761+08:00 INFO  d.f.m.outbox.OutboxDispatcher request_id= idempotency_key= order_id= user_id= sku_id= payment_tx= - Outbox publication deferred outbox_id=cd519293-9588-40b5-8915-d0aba639a1bd command_id=b009d06d7c2d1a0aaea7e253ce74e04316397d49b6ba562744e3f115cd6d5309 outcome=RETRYABLE cause=MQCLIENTEXCEPTION
2026-08-11T10:02:55.763+08:00 INFO  d.f.m.outbox.OutboxDispatcher request_id= idempotency_key= order_id= user_id= sku_id= payment_tx= - Outbox publication deferred outbox_id=a430480a-7942-482c-b50a-b0e0c08f211b command_id=db2a38cb504d02397690b2a28cb64afd5003edc588adf7946b4fef80a606acf5 outcome=RETRYABLE cause=MQCLIENTEXCEPTION
2026-08-11T10:02:55.982+08:00 INFO  d.f.m.outbox.OutboxDispatcher request_id= idempotency_key= order_id= user_id= sku_id= payment_tx= - Outbox publication deferred outbox_id=2efcac13-b8b3-42da-b164-7f6e5058bc1c command_id=e7387384835312849cde796ab11f85c6bad290f247aa97d9956f7777d360e34b outcome=RETRYABLE cause=MQCLIENTEXCEPTION
2026-08-11T10:02:55.984+08:00 INFO  d.f.m.outbox.OutboxDispatcher request_id= idempotency_key= order_id= user_id= sku_id= payment_tx= - Outbox publication deferred outbox_id=5580a9e5-0ab0-46d6-ad6a-be6cd96269a5 command_id=1971b7696aad20cd1db353f787c4c80a2f8eee3e6e74d0b11ee04c3c5d862935 outcome=RETRYABLE cause=MQCLIENTEXCEPTION
2026-08-11T10:02:56.243+08:00 INFO  d.f.m.outbox.OutboxDispatcher request_id= idempotency_key= order_id= user_id= sku_id= payment_tx= - Outbox publication deferred outbox_id=8c20d1bf-5bf4-47be-a286-1c10f9cb8033 command_id=7905c0808f1273c0ed89fec82f6930cc37d0511b32e2f1360e927d5dfdb07a04 outcome=RETRYABLE cause=MQCLIENTEXCEPTION
2026-08-11T10:02:56.245+08:00 INFO  d.f.m.outbox.OutboxDispatcher request_id= idempotency_key= order_id= user_id= sku_id= payment_tx= - Outbox publication deferred outbox_id=cd9f864f-0766-4d92-9bb8-ea27edf81797 command_id=1e3f4e827f87d5393a70380801cb7d58c871592cae3fb2ef2a997b58c4001d25 outcome=RETRYABLE cause=MQCLIENTEXCEPTION
2026-08-11T10:02:56.508+08:00 INFO  d.f.m.outbox.OutboxDispatcher request_id= idempotency_key= order_id= user_id= sku_id= payment_tx= - Outbox publication deferred outbox_id=ef9632b7-1ee4-49dc-9211-cf93f448e0e8 command_id=1bfdb50b21c834db3d4dbac0f4906082ec96729e3f0a2a20e1a25a2ca508dfed outcome=RETRYABLE cause=MQCLIENTEXCEPTION
2026-08-11T10:02:56.510+08:00 INFO  d.f.m.outbox.OutboxDispatcher request_id= idempotency_key= order_id= user_id= sku_id= payment_tx= - Outbox publication deferred outbox_id=36a230f8-5c62-4f35-9456-720f3522653f command_id=09d57716178c96d7279e0bf7d4d7c86a46c087c6b61adf428db3dcce650a37d0 outcome=RETRYABLE cause=MQCLIENTEXCEPTION
2026-08-11T10:02:56.770+08:00 INFO  d.f.m.outbox.OutboxDispatcher request_id= idempotency_key= order_id= user_id= sku_id= payment_tx= - Outbox publication deferred outbox_id=cd519293-9588-40b5-8915-d0aba639a1bd command_id=b009d06d7c2d1a0aaea7e253ce74e04316397d49b6ba562744e3f115cd6d5309 outcome=RETRYABLE cause=MQCLIENTEXCEPTION
2026-08-11T10:02:56.773+08:00 INFO  d.f.m.outbox.OutboxDispatcher request_id= idempotency_key= order_id= user_id= sku_id= payment_tx= - Outbox publication deferred outbox_id=a430480a-7942-482c-b50a-b0e0c08f211b command_id=db2a38cb504d02397690b2a28cb64afd5003edc588adf7946b4fef80a606acf5 outcome=RETRYABLE cause=MQCLIENTEXCEPTION
2026-08-11T10:02:57.034+08:00 INFO  d.f.m.outbox.OutboxDispatcher request_id= idempotency_key= order_id= user_id= sku_id= payment_tx= - Outbox publication deferred outbox_id=2efcac13-b8b3-42da-b164-7f6e5058bc1c command_id=e7387384835312849cde796ab11f85c6bad290f247aa97d9956f7777d360e34b outcome=RETRYABLE cause=MQCLIENTEXCEPTION
2026-08-11T10:02:57.036+08:00 INFO  d.f.m.outbox.OutboxDispatcher request_id= idempotency_key= order_id= user_id= sku_id= payment_tx= - Outbox publication deferred outbox_id=5580a9e5-0ab0-46d6-ad6a-be6cd96269a5 command_id=1971b7696aad20cd1db353f787c4c80a2f8eee3e6e74d0b11ee04c3c5d862935 outcome=RETRYABLE cause=MQCLIENTEXCEPTION
2026-08-11T10:02:57.296+08:00 INFO  d.f.m.outbox.OutboxDispatcher request_id= idempotency_key= order_id= user_id= sku_id= payment_tx= - Outbox publication deferred outbox_id=8c20d1bf-5bf4-47be-a286-1c10f9cb8033 command_id=7905c0808f1273c0ed89fec82f6930cc37d0511b32e2f1360e927d5dfdb07a04 outcome=RETRYABLE cause=MQCLIENTEXCEPTION
2026-08-11T10:02:57.299+08:00 INFO  d.f.m.outbox.OutboxDispatcher request_id= idempotency_key= order_id= user_id= sku_id= payment_tx= - Outbox publication deferred outbox_id=cd9f864f-0766-4d92-9bb8-ea27edf81797 command_id=1e3f4e827f87d5393a70380801cb7d58c871592cae3fb2ef2a997b58c4001d25 outcome=RETRYABLE cause=MQCLIENTEXCEPTION
2026-08-11T10:02:57.557+08:00 INFO  d.f.m.outbox.OutboxDispatcher request_id= idempotency_key= order_id= user_id= sku_id= payment_tx= - Outbox publication deferred outbox_id=ef9632b7-1ee4-49dc-9211-cf93f448e0e8 command_id=1bfdb50b21c834db3d4dbac0f4906082ec96729e3f0a2a20e1a25a2ca508dfed outcome=RETRYABLE cause=MQCLIENTEXCEPTION
2026-08-11T10:02:57.560+08:00 INFO  d.f.m.outbox.OutboxDispatcher request_id= idempotency_key= order_id= user_id= sku_id= payment_tx= - Outbox publication deferred outbox_id=36a230f8-5c62-4f35-9456-720f3522653f command_id=09d57716178c96d7279e0bf7d4d7c86a46c087c6b61adf428db3dcce650a37d0 outcome=RETRYABLE cause=MQCLIENTEXCEPTION
2026-08-11T10:02:57.822+08:00 INFO  d.f.m.outbox.OutboxDispatcher request_id= idempotency_key= order_id= user_id= sku_id= payment_tx= - Outbox publication deferred outbox_id=cd519293-9588-40b5-8915-d0aba639a1bd command_id=b009d06d7c2d1a0aaea7e253ce74e04316397d49b6ba562744e3f115cd6d5309 outcome=RETRYABLE cause=MQCLIENTEXCEPTION
2026-08-11T10:02:57.825+08:00 INFO  d.f.m.outbox.OutboxDispatcher request_id= idempotency_key= order_id= user_id= sku_id= payment_tx= - Outbox publication deferred outbox_id=a430480a-7942-482c-b50a-b0e0c08f211b command_id=db2a38cb504d02397690b2a28cb64afd5003edc588adf7946b4fef80a606acf5 outcome=RETRYABLE cause=MQCLIENTEXCEPTION
2026-08-11T10:02:58.088+08:00 INFO  d.f.m.outbox.OutboxDispatcher request_id= idempotency_key= order_id= user_id= sku_id= payment_tx= - Outbox publication deferred outbox_id=2efcac13-b8b3-42da-b164-7f6e5058bc1c command_id=e7387384835312849cde796ab11f85c6bad290f247aa97d9956f7777d360e34b outcome=RETRYABLE cause=MQCLIENTEXCEPTION
2026-08-11T10:02:58.090+08:00 INFO  d.f.m.outbox.OutboxDispatcher request_id= idempotency_key= order_id= user_id= sku_id= payment_tx= - Outbox publication deferred outbox_id=5580a9e5-0ab0-46d6-ad6a-be6cd96269a5 command_id=1971b7696aad20cd1db353f787c4c80a2f8eee3e6e74d0b11ee04c3c5d862935 outcome=RETRYABLE cause=MQCLIENTEXCEPTION
2026-08-11T10:02:58.353+08:00 INFO  d.f.m.outbox.OutboxDispatcher request_id= idempotency_key= order_id= user_id= sku_id= payment_tx= - Outbox publication deferred outbox_id=8c20d1bf-5bf4-47be-a286-1c10f9cb8033 command_id=7905c0808f1273c0ed89fec82f6930cc37d0511b32e2f1360e927d5dfdb07a04 outcome=RETRYABLE cause=MQCLIENTEXCEPTION
2026-08-11T10:02:58.355+08:00 INFO  d.f.m.outbox.OutboxDispatcher request_id= idempotency_key= order_id= user_id= sku_id= payment_tx= - Outbox publication deferred outbox_id=cd9f864f-0766-4d92-9bb8-ea27edf81797 command_id=1e3f4e827f87d5393a70380801cb7d58c871592cae3fb2ef2a997b58c4001d25 outcome=RETRYABLE cause=MQCLIENTEXCEPTION
2026-08-11T10:02:58.618+08:00 INFO  d.f.m.outbox.OutboxDispatcher request_id= idempotency_key= order_id= user_id= sku_id= payment_tx= - Outbox publication deferred outbox_id=ef9632b7-1ee4-49dc-9211-cf93f448e0e8 command_id=1bfdb50b21c834db3d4dbac0f4906082ec96729e3f0a2a20e1a25a2ca508dfed outcome=RETRYABLE cause=MQCLIENTEXCEPTION
2026-08-11T10:02:58.620+08:00 INFO  d.f.m.outbox.OutboxDispatcher request_id= idempotency_key= order_id= user_id= sku_id= payment_tx= - Outbox publication deferred outbox_id=36a230f8-5c62-4f35-9456-720f3522653f command_id=09d57716178c96d7279e0bf7d4d7c86a46c087c6b61adf428db3dcce650a37d0 outcome=RETRYABLE cause=MQCLIENTEXCEPTION
2026-08-11T10:02:58.883+08:00 INFO  d.f.m.outbox.OutboxDispatcher request_id= idempotency_key= order_id= user_id= sku_id= payment_tx= - Outbox publication deferred outbox_id=cd519293-9588-40b5-8915-d0aba639a1bd command_id=b009d06d7c2d1a0aaea7e253ce74e04316397d49b6ba562744e3f115cd6d5309 outcome=RETRYABLE cause=MQCLIENTEXCEPTION
2026-08-11T10:02:58.885+08:00 INFO  d.f.m.outbox.OutboxDispatcher request_id= idempotency_key= order_id= user_id= sku_id= payment_tx= - Outbox publication deferred outbox_id=a430480a-7942-482c-b50a-b0e0c08f211b command_id=db2a38cb504d02397690b2a28cb64afd5003edc588adf7946b4fef80a606acf5 outcome=RETRYABLE cause=MQCLIENTEXCEPTION
2026-08-11T10:02:59.170+08:00 INFO  d.f.m.outbox.OutboxDispatcher request_id= idempotency_key= order_id= user_id= sku_id= payment_tx= - Outbox publication deferred outbox_id=2efcac13-b8b3-42da-b164-7f6e5058bc1c command_id=e7387384835312849cde796ab11f85c6bad290f247aa97d9956f7777d360e34b outcome=RETRYABLE cause=MQCLIENTEXCEPTION
2026-08-11T10:02:59.176+08:00 INFO  d.f.m.outbox.OutboxDispatcher request_id= idempotency_key= order_id= user_id= sku_id= payment_tx= - Outbox publication deferred outbox_id=5580a9e5-0ab0-46d6-ad6a-be6cd96269a5 command_id=1971b7696aad20cd1db353f787c4c80a2f8eee3e6e74d0b11ee04c3c5d862935 outcome=RETRYABLE cause=MQCLIENTEXCEPTION
2026-08-11T10:02:59.467+08:00 INFO  d.f.m.outbox.OutboxDispatcher request_id= idempotency_key= order_id= user_id= sku_id= payment_tx= - Outbox publication outbox_id=8c20d1bf-5bf4-47be-a286-1c10f9cb8033 command_id=7905c0808f1273c0ed89fec82f6930cc37d0511b32e2f1360e927d5dfdb07a04 outcome=ACKNOWLEDGED
2026-08-11T10:02:59.475+08:00 INFO  d.f.m.outbox.OutboxDispatcher request_id= idempotency_key= order_id= user_id= sku_id= payment_tx= - Outbox publication outbox_id=cd9f864f-0766-4d92-9bb8-ea27edf81797 command_id=1e3f4e827f87d5393a70380801cb7d58c871592cae3fb2ef2a997b58c4001d25 outcome=ACKNOWLEDGED
2026-08-11T10:02:59.741+08:00 INFO  d.f.m.outbox.OutboxDispatcher request_id= idempotency_key= order_id= user_id= sku_id= payment_tx= - Outbox publication outbox_id=ef9632b7-1ee4-49dc-9211-cf93f448e0e8 command_id=1bfdb50b21c834db3d4dbac0f4906082ec96729e3f0a2a20e1a25a2ca508dfed outcome=ACKNOWLEDGED
2026-08-11T10:02:59.745+08:00 INFO  d.f.m.outbox.OutboxDispatcher request_id= idempotency_key= order_id= user_id= sku_id= payment_tx= - Outbox publication outbox_id=36a230f8-5c62-4f35-9456-720f3522653f command_id=09d57716178c96d7279e0bf7d4d7c86a46c087c6b61adf428db3dcce650a37d0 outcome=ACKNOWLEDGED
2026-08-11T10:03:00.032+08:00 INFO  d.f.m.outbox.OutboxDispatcher request_id= idempotency_key= order_id= user_id= sku_id= payment_tx= - Outbox publication outbox_id=cd519293-9588-40b5-8915-d0aba639a1bd command_id=b009d06d7c2d1a0aaea7e253ce74e04316397d49b6ba562744e3f115cd6d5309 outcome=ACKNOWLEDGED
2026-08-11T10:03:00.037+08:00 INFO  d.f.m.outbox.OutboxDispatcher request_id= idempotency_key= order_id= user_id= sku_id= payment_tx= - Outbox publication outbox_id=a430480a-7942-482c-b50a-b0e0c08f211b command_id=db2a38cb504d02397690b2a28cb64afd5003edc588adf7946b4fef80a606acf5 outcome=ACKNOWLEDGED
2026-08-11T10:03:00.324+08:00 INFO  d.f.m.outbox.OutboxDispatcher request_id= idempotency_key= order_id= user_id= sku_id= payment_tx= - Outbox publication outbox_id=2efcac13-b8b3-42da-b164-7f6e5058bc1c command_id=e7387384835312849cde796ab11f85c6bad290f247aa97d9956f7777d360e34b outcome=ACKNOWLEDGED
2026-08-11T10:03:00.331+08:00 INFO  d.f.m.outbox.OutboxDispatcher request_id= idempotency_key= order_id= user_id= sku_id= payment_tx= - Outbox publication outbox_id=5580a9e5-0ab0-46d6-ad6a-be6cd96269a5 command_id=1971b7696aad20cd1db353f787c4c80a2f8eee3e6e74d0b11ee04c3c5d862935 outcome=ACKNOWLEDGED
2026-08-11T10:03:35.594+08:00 INFO  o.s.b.w.e.tomcat.GracefulShutdown request_id= idempotency_key= order_id= user_id= sku_id= payment_tx= - Commencing graceful shutdown. Waiting for active requests to complete
2026-08-11T10:03:37.599+08:00 INFO  o.s.b.w.e.tomcat.GracefulShutdown request_id= idempotency_key= order_id= user_id= sku_id= payment_tx= - Graceful shutdown complete
2026-08-11T10:03:37.599+08:00 ERROR org.apache.tomcat.util.net.Acceptor request_id= idempotency_key= order_id= user_id= sku_id= payment_tx= - Socket accept failed
java.nio.channels.AsynchronousCloseException: null
	at java.base/java.nio.channels.spi.AbstractInterruptibleChannel.end(AbstractInterruptibleChannel.java:218) ~[na:na]
	at java.base/sun.nio.ch.ServerSocketChannelImpl.end(ServerSocketChannelImpl.java:372) ~[na:na]
	at java.base/sun.nio.ch.ServerSocketChannelImpl.accept(ServerSocketChannelImpl.java:397) ~[na:na]
	at org.apache.tomcat.util.net.NioEndpoint.serverSocketAccept(NioEndpoint.java:537) ~[tomcat-embed-core-10.1.44.jar:10.1.44]
	at org.apache.tomcat.util.net.NioEndpoint.serverSocketAccept(NioEndpoint.java:72) ~[tomcat-embed-core-10.1.44.jar:10.1.44]
	at org.apache.tomcat.util.net.Acceptor.run(Acceptor.java:127) ~[tomcat-embed-core-10.1.44.jar:10.1.44]
	at java.base/java.lang.Thread.run(Thread.java:1516) ~[na:na]
2026-08-11T10:03:37.654+08:00 INFO  com.zaxxer.hikari.HikariDataSource request_id= idempotency_key= order_id= user_id= sku_id= payment_tx= - HikariPool-11 - Shutdown initiated...
2026-08-11T10:03:37.657+08:00 INFO  com.zaxxer.hikari.HikariDataSource request_id= idempotency_key= order_id= user_id= sku_id= payment_tx= - HikariPool-11 - Shutdown completed.
[INFO] Tests run: 1, Failures: 0, Errors: 0, Skipped: 0, Time elapsed: 44.33 s -- in dev.flashflow.V4OutboxConcurrentRedeliveryIntegrationTest
[INFO] Running dev.flashflow.ExperimentEvidenceReporterTest
[INFO] Tests run: 5, Failures: 0, Errors: 0, Skipped: 0, Time elapsed: 0.034 s -- in dev.flashflow.ExperimentEvidenceReporterTest
[INFO] Running dev.flashflow.ordering.FlashFlowMetricsTest
[INFO] Tests run: 3, Failures: 0, Errors: 0, Skipped: 0, Time elapsed: 0.003 s -- in dev.flashflow.ordering.FlashFlowMetricsTest
[INFO] Running dev.flashflow.OrderIntegrationTest
2026-08-11T10:03:37.705+08:00 INFO  o.s.t.c.s.AnnotationConfigContextLoaderUtils request_id= idempotency_key= order_id= user_id= sku_id= payment_tx= - Could not detect default configuration classes for test class [dev.flashflow.OrderIntegrationTest]: OrderIntegrationTest does not declare any static, non-private, non-final, nested classes annotated with @Configuration.
2026-08-11T10:03:37.706+08:00 INFO  o.s.b.t.c.SpringBootTestContextBootstrapper request_id= idempotency_key= order_id= user_id= sku_id= payment_tx= - Found @SpringBootConfiguration dev.flashflow.FlashFlowApplication for test class dev.flashflow.OrderIntegrationTest
[INFO] Tests run: 2, Failures: 0, Errors: 0, Skipped: 0, Time elapsed: 0.064 s -- in dev.flashflow.OrderIntegrationTest
[INFO] Running dev.flashflow.StrategyInvariantIntegrationTest
2026-08-11T10:03:37.769+08:00 INFO  o.s.t.c.s.AnnotationConfigContextLoaderUtils request_id= idempotency_key= order_id= user_id= sku_id= payment_tx= - Could not detect default configuration classes for test class [dev.flashflow.StrategyInvariantIntegrationTest]: StrategyInvariantIntegrationTest does not declare any static, non-private, non-final, nested classes annotated with @Configuration.
2026-08-11T10:03:37.769+08:00 INFO  o.s.b.t.c.SpringBootTestContextBootstrapper request_id= idempotency_key= order_id= user_id= sku_id= payment_tx= - Found @SpringBootConfiguration dev.flashflow.FlashFlowApplication for test class dev.flashflow.StrategyInvariantIntegrationTest
[INFO] Tests run: 5, Failures: 0, Errors: 0, Skipped: 0, Time elapsed: 0.277 s -- in dev.flashflow.StrategyInvariantIntegrationTest
[INFO] Running dev.flashflow.RedisOrderingIntegrationTest
2026-08-11T10:03:38.047+08:00 INFO  o.s.t.c.s.AnnotationConfigContextLoaderUtils request_id= idempotency_key= order_id= user_id= sku_id= payment_tx= - Could not detect default configuration classes for test class [dev.flashflow.RedisOrderingIntegrationTest]: RedisOrderingIntegrationTest does not declare any static, non-private, non-final, nested classes annotated with @Configuration.
2026-08-11T10:03:38.048+08:00 INFO  o.s.b.t.c.SpringBootTestContextBootstrapper request_id= idempotency_key= order_id= user_id= sku_id= payment_tx= - Found @SpringBootConfiguration dev.flashflow.FlashFlowApplication for test class dev.flashflow.RedisOrderingIntegrationTest
[INFO] Tests run: 4, Failures: 0, Errors: 0, Skipped: 0, Time elapsed: 0.136 s -- in dev.flashflow.RedisOrderingIntegrationTest
[INFO] Running dev.flashflow.UnsafeInterleavingTest
[INFO] Tests run: 1, Failures: 0, Errors: 0, Skipped: 0, Time elapsed: 0.056 s -- in dev.flashflow.UnsafeInterleavingTest
[INFO] Running dev.flashflow.LiveRocketMqScannerRecoveryIntegrationTest
2026-08-11T10:03:38.239+08:00 INFO  o.s.t.c.s.AnnotationConfigContextLoaderUtils request_id= idempotency_key= order_id= user_id= sku_id= payment_tx= - Could not detect default configuration classes for test class [dev.flashflow.LiveRocketMqScannerRecoveryIntegrationTest]: LiveRocketMqScannerRecoveryIntegrationTest does not declare any static, non-private, non-final, nested classes annotated with @Configuration.
2026-08-11T10:03:38.239+08:00 INFO  o.s.b.t.c.SpringBootTestContextBootstrapper request_id= idempotency_key= order_id= user_id= sku_id= payment_tx= - Found @SpringBootConfiguration dev.flashflow.FlashFlowApplication for test class dev.flashflow.LiveRocketMqScannerRecoveryIntegrationTest

  .   ____          _            __ _ _
 /\\ / ___'_ __ _ _(_)_ __  __ _ \ \ \ \
( ( )\___ | '_ | '_| | '_ \/ _` | \ \ \ \
 \\/  ___)| |_)| | | | | || (_| |  ) ) ) )
  '  |____| .__|_| |_|_| |_\__, | / / / /
 =========|_|==============|___/=/_/_/_/

 :: Spring Boot ::                (v3.5.5)

2026-08-11T10:03:38.248+08:00 INFO  d.f.LiveRocketMqScannerRecoveryIntegrationTest request_id= idempotency_key= order_id= user_id= sku_id= payment_tx= - Starting LiveRocketMqScannerRecoveryIntegrationTest using Java 26.0.2 with PID 51800 (started by yuzheng in /Users/yuzheng/Computeracy/Zhenkun26-GitHub/FlashFlow)
2026-08-11T10:03:38.248+08:00 INFO  d.f.LiveRocketMqScannerRecoveryIntegrationTest request_id= idempotency_key= order_id= user_id= sku_id= payment_tx= - The following 1 profile is active: "test"
2026-08-11T10:03:38.331+08:00 INFO  o.s.d.r.c.RepositoryConfigurationDelegate request_id= idempotency_key= order_id= user_id= sku_id= payment_tx= - Multiple Spring Data modules found, entering strict repository configuration mode
2026-08-11T10:03:38.331+08:00 INFO  o.s.d.r.c.RepositoryConfigurationDelegate request_id= idempotency_key= order_id= user_id= sku_id= payment_tx= - Bootstrapping Spring Data Redis repositories in DEFAULT mode.
2026-08-11T10:03:38.335+08:00 INFO  o.s.d.r.c.RepositoryConfigurationDelegate request_id= idempotency_key= order_id= user_id= sku_id= payment_tx= - Finished Spring Data repository scanning in 3 ms. Found 0 Redis repository interfaces.
2026-08-11T10:03:38.350+08:00 INFO  o.s.b.w.e.tomcat.TomcatWebServer request_id= idempotency_key= order_id= user_id= sku_id= payment_tx= - Tomcat initialized with port 0 (http)
2026-08-11T10:03:38.351+08:00 INFO  o.a.catalina.core.StandardService request_id= idempotency_key= order_id= user_id= sku_id= payment_tx= - Starting service [Tomcat]
2026-08-11T10:03:38.351+08:00 INFO  o.a.catalina.core.StandardEngine request_id= idempotency_key= order_id= user_id= sku_id= payment_tx= - Starting Servlet engine: [Apache Tomcat/10.1.44]
2026-08-11T10:03:38.381+08:00 INFO  o.a.c.c.C.[Tomcat].[localhost].[/] request_id= idempotency_key= order_id= user_id= sku_id= payment_tx= - Initializing Spring embedded WebApplicationContext
2026-08-11T10:03:38.382+08:00 INFO  o.s.b.w.s.c.ServletWebServerApplicationContext request_id= idempotency_key= order_id= user_id= sku_id= payment_tx= - Root WebApplicationContext: initialization completed in 134 ms
Standard Commons Logging discovery in action with spring-jcl: please remove commons-logging.jar from classpath in order to avoid potential conflicts
2026-08-11T10:03:38.406+08:00 INFO  com.zaxxer.hikari.HikariDataSource request_id= idempotency_key= order_id= user_id= sku_id= payment_tx= - HikariPool-12 - Starting...
2026-08-11T10:03:38.412+08:00 INFO  com.zaxxer.hikari.pool.HikariPool request_id= idempotency_key= order_id= user_id= sku_id= payment_tx= - HikariPool-12 - Added connection com.mysql.cj.jdbc.ConnectionImpl@70478c85
2026-08-11T10:03:38.412+08:00 INFO  com.zaxxer.hikari.HikariDataSource request_id= idempotency_key= order_id= user_id= sku_id= payment_tx= - HikariPool-12 - Start completed.
2026-08-11T10:03:38.418+08:00 INFO  org.flywaydb.core.FlywayExecutor request_id= idempotency_key= order_id= user_id= sku_id= payment_tx= - Database: jdbc:mysql://localhost:55593/flashflow (MySQL 8.4)
2026-08-11T10:03:38.424+08:00 WARN  o.f.c.i.database.base.Database request_id= idempotency_key= order_id= user_id= sku_id= payment_tx= - Flyway upgrade recommended: MySQL 8.4 is newer than this version of Flyway and support has not been tested. The latest supported version of MySQL is 8.1.
2026-08-11T10:03:38.432+08:00 INFO  o.f.core.internal.command.DbValidate request_id= idempotency_key= order_id= user_id= sku_id= payment_tx= - Successfully validated 4 migrations (execution time 00:00.005s)
2026-08-11T10:03:38.435+08:00 INFO  o.f.core.internal.command.DbMigrate request_id= idempotency_key= order_id= user_id= sku_id= payment_tx= - Current version of schema `flashflow`: 4
2026-08-11T10:03:38.435+08:00 INFO  o.f.core.internal.command.DbMigrate request_id= idempotency_key= order_id= user_id= sku_id= payment_tx= - Schema `flashflow` is up to date. No migration necessary.
2026-08-11T10:03:38.601+08:00 INFO  o.s.b.a.e.web.EndpointLinksResolver request_id= idempotency_key= order_id= user_id= sku_id= payment_tx= - Exposing 2 endpoints beneath base path '/actuator'
2026-08-11T10:03:38.606+08:00 INFO  o.s.b.w.e.tomcat.TomcatWebServer request_id= idempotency_key= order_id= user_id= sku_id= payment_tx= - Tomcat started on port 58849 (http) with context path '/'
2026-08-11T10:03:38.608+08:00 INFO  d.f.LiveRocketMqScannerRecoveryIntegrationTest request_id= idempotency_key= order_id= user_id= sku_id= payment_tx= - Started LiveRocketMqScannerRecoveryIntegrationTest in 0.367 seconds (process running for 146.453)
2026-08-11T10:03:40.660+08:00 INFO  o.a.c.c.C.[Tomcat].[localhost].[/] request_id= idempotency_key= order_id= user_id= sku_id= payment_tx= - Initializing Spring DispatcherServlet 'dispatcherServlet'
2026-08-11T10:03:40.660+08:00 INFO  o.s.web.servlet.DispatcherServlet request_id= idempotency_key= order_id= user_id= sku_id= payment_tx= - Initializing Servlet 'dispatcherServlet'
2026-08-11T10:03:40.660+08:00 INFO  o.s.web.servlet.DispatcherServlet request_id= idempotency_key= order_id= user_id= sku_id= payment_tx= - Completed initialization in 0 ms
2026-08-11T10:03:40.685+08:00 INFO  d.f.m.AsyncOrderApplicationService request_id=1981a31a-8f1a-40d7-abbe-9b74d07eedb0 idempotency_key=key-scanner order_id= user_id=user-scanner sku_id=sku-scanner payment_tx= - Asynchronous publication command_id=eee0647f195fc7bb6cf1d451c8d87694596e127a8cb53b317cb43388331adfa0 outcome=BROKER_ACKNOWLEDGED status=ACCEPTED cause=SEND_OK
2026-08-11T10:03:41.861+08:00 INFO  o.s.b.w.e.tomcat.GracefulShutdown request_id= idempotency_key= order_id= user_id= sku_id= payment_tx= - Commencing graceful shutdown. Waiting for active requests to complete
2026-08-11T10:03:43.869+08:00 INFO  o.s.b.w.e.tomcat.GracefulShutdown request_id= idempotency_key= order_id= user_id= sku_id= payment_tx= - Graceful shutdown complete
2026-08-11T10:03:43.869+08:00 ERROR org.apache.tomcat.util.net.Acceptor request_id= idempotency_key= order_id= user_id= sku_id= payment_tx= - Socket accept failed
java.nio.channels.AsynchronousCloseException: null
	at java.base/java.nio.channels.spi.AbstractInterruptibleChannel.end(AbstractInterruptibleChannel.java:218) ~[na:na]
	at java.base/sun.nio.ch.ServerSocketChannelImpl.end(ServerSocketChannelImpl.java:372) ~[na:na]
	at java.base/sun.nio.ch.ServerSocketChannelImpl.accept(ServerSocketChannelImpl.java:397) ~[na:na]
	at org.apache.tomcat.util.net.NioEndpoint.serverSocketAccept(NioEndpoint.java:537) ~[tomcat-embed-core-10.1.44.jar:10.1.44]
	at org.apache.tomcat.util.net.NioEndpoint.serverSocketAccept(NioEndpoint.java:72) ~[tomcat-embed-core-10.1.44.jar:10.1.44]
	at org.apache.tomcat.util.net.Acceptor.run(Acceptor.java:127) ~[tomcat-embed-core-10.1.44.jar:10.1.44]
	at java.base/java.lang.Thread.run(Thread.java:1516) ~[na:na]
2026-08-11T10:03:43.918+08:00 INFO  com.zaxxer.hikari.HikariDataSource request_id= idempotency_key= order_id= user_id= sku_id= payment_tx= - HikariPool-12 - Shutdown initiated...
2026-08-11T10:03:43.920+08:00 INFO  com.zaxxer.hikari.HikariDataSource request_id= idempotency_key= order_id= user_id= sku_id= payment_tx= - HikariPool-12 - Shutdown completed.
[INFO] Tests run: 1, Failures: 0, Errors: 0, Skipped: 0, Time elapsed: 5.685 s -- in dev.flashflow.LiveRocketMqScannerRecoveryIntegrationTest
[INFO] Running dev.flashflow.LiveRocketMqExpirationAckLossIntegrationTest
2026-08-11T10:03:43.925+08:00 INFO  o.s.t.c.s.AnnotationConfigContextLoaderUtils request_id= idempotency_key= order_id= user_id= sku_id= payment_tx= - Could not detect default configuration classes for test class [dev.flashflow.LiveRocketMqExpirationAckLossIntegrationTest]: LiveRocketMqExpirationAckLossIntegrationTest does not declare any static, non-private, non-final, nested classes annotated with @Configuration.
2026-08-11T10:03:43.926+08:00 INFO  o.s.b.t.c.SpringBootTestContextBootstrapper request_id= idempotency_key= order_id= user_id= sku_id= payment_tx= - Found @SpringBootConfiguration dev.flashflow.FlashFlowApplication for test class dev.flashflow.LiveRocketMqExpirationAckLossIntegrationTest

  .   ____          _            __ _ _
 /\\ / ___'_ __ _ _(_)_ __  __ _ \ \ \ \
( ( )\___ | '_ | '_| | '_ \/ _` | \ \ \ \
 \\/  ___)| |_)| | | | | || (_| |  ) ) ) )
  '  |____| .__|_| |_|_| |_\__, | / / / /
 =========|_|==============|___/=/_/_/_/

 :: Spring Boot ::                (v3.5.5)

2026-08-11T10:03:43.936+08:00 INFO  d.f.LiveRocketMqExpirationAckLossIntegrationTest request_id= idempotency_key= order_id= user_id= sku_id= payment_tx= - Starting LiveRocketMqExpirationAckLossIntegrationTest using Java 26.0.2 with PID 51800 (started by yuzheng in /Users/yuzheng/Computeracy/Zhenkun26-GitHub/FlashFlow)
2026-08-11T10:03:43.937+08:00 INFO  d.f.LiveRocketMqExpirationAckLossIntegrationTest request_id= idempotency_key= order_id= user_id= sku_id= payment_tx= - The following 1 profile is active: "test"
2026-08-11T10:03:44.020+08:00 INFO  o.s.d.r.c.RepositoryConfigurationDelegate request_id= idempotency_key= order_id= user_id= sku_id= payment_tx= - Multiple Spring Data modules found, entering strict repository configuration mode
2026-08-11T10:03:44.020+08:00 INFO  o.s.d.r.c.RepositoryConfigurationDelegate request_id= idempotency_key= order_id= user_id= sku_id= payment_tx= - Bootstrapping Spring Data Redis repositories in DEFAULT mode.
2026-08-11T10:03:44.025+08:00 INFO  o.s.d.r.c.RepositoryConfigurationDelegate request_id= idempotency_key= order_id= user_id= sku_id= payment_tx= - Finished Spring Data repository scanning in 3 ms. Found 0 Redis repository interfaces.
2026-08-11T10:03:44.041+08:00 INFO  o.s.b.w.e.tomcat.TomcatWebServer request_id= idempotency_key= order_id= user_id= sku_id= payment_tx= - Tomcat initialized with port 0 (http)
2026-08-11T10:03:44.042+08:00 INFO  o.a.catalina.core.StandardService request_id= idempotency_key= order_id= user_id= sku_id= payment_tx= - Starting service [Tomcat]
2026-08-11T10:03:44.042+08:00 INFO  o.a.catalina.core.StandardEngine request_id= idempotency_key= order_id= user_id= sku_id= payment_tx= - Starting Servlet engine: [Apache Tomcat/10.1.44]
2026-08-11T10:03:44.073+08:00 INFO  o.a.c.c.C.[Tomcat].[localhost].[/] request_id= idempotency_key= order_id= user_id= sku_id= payment_tx= - Initializing Spring embedded WebApplicationContext
2026-08-11T10:03:44.073+08:00 INFO  o.s.b.w.s.c.ServletWebServerApplicationContext request_id= idempotency_key= order_id= user_id= sku_id= payment_tx= - Root WebApplicationContext: initialization completed in 136 ms
Standard Commons Logging discovery in action with spring-jcl: please remove commons-logging.jar from classpath in order to avoid potential conflicts
2026-08-11T10:03:44.094+08:00 INFO  com.zaxxer.hikari.HikariDataSource request_id= idempotency_key= order_id= user_id= sku_id= payment_tx= - HikariPool-13 - Starting...
2026-08-11T10:03:44.107+08:00 INFO  com.zaxxer.hikari.pool.HikariPool request_id= idempotency_key= order_id= user_id= sku_id= payment_tx= - HikariPool-13 - Added connection com.mysql.cj.jdbc.ConnectionImpl@3138f681
2026-08-11T10:03:44.107+08:00 INFO  com.zaxxer.hikari.HikariDataSource request_id= idempotency_key= order_id= user_id= sku_id= payment_tx= - HikariPool-13 - Start completed.
2026-08-11T10:03:44.110+08:00 INFO  org.flywaydb.core.FlywayExecutor request_id= idempotency_key= order_id= user_id= sku_id= payment_tx= - Database: jdbc:mysql://localhost:55593/flashflow (MySQL 8.4)
2026-08-11T10:03:44.118+08:00 WARN  o.f.c.i.database.base.Database request_id= idempotency_key= order_id= user_id= sku_id= payment_tx= - Flyway upgrade recommended: MySQL 8.4 is newer than this version of Flyway and support has not been tested. The latest supported version of MySQL is 8.1.
2026-08-11T10:03:44.124+08:00 INFO  o.f.core.internal.command.DbValidate request_id= idempotency_key= order_id= user_id= sku_id= payment_tx= - Successfully validated 4 migrations (execution time 00:00.004s)
2026-08-11T10:03:44.126+08:00 INFO  o.f.core.internal.command.DbMigrate request_id= idempotency_key= order_id= user_id= sku_id= payment_tx= - Current version of schema `flashflow`: 4
2026-08-11T10:03:44.127+08:00 INFO  o.f.core.internal.command.DbMigrate request_id= idempotency_key= order_id= user_id= sku_id= payment_tx= - Schema `flashflow` is up to date. No migration necessary.
2026-08-11T10:03:44.211+08:00 INFO  o.s.b.a.e.web.EndpointLinksResolver request_id= idempotency_key= order_id= user_id= sku_id= payment_tx= - Exposing 2 endpoints beneath base path '/actuator'
2026-08-11T10:03:44.215+08:00 INFO  o.s.b.w.e.tomcat.TomcatWebServer request_id= idempotency_key= order_id= user_id= sku_id= payment_tx= - Tomcat started on port 58923 (http) with context path '/'
2026-08-11T10:03:44.216+08:00 INFO  d.f.LiveRocketMqExpirationAckLossIntegrationTest request_id= idempotency_key= order_id= user_id= sku_id= payment_tx= - Started LiveRocketMqExpirationAckLossIntegrationTest in 0.288 seconds (process running for 152.062)
2026-08-11T10:03:46.241+08:00 INFO  o.a.c.c.C.[Tomcat].[localhost].[/] request_id= idempotency_key= order_id= user_id= sku_id= payment_tx= - Initializing Spring DispatcherServlet 'dispatcherServlet'
2026-08-11T10:03:46.241+08:00 INFO  o.s.web.servlet.DispatcherServlet request_id= idempotency_key= order_id= user_id= sku_id= payment_tx= - Initializing Servlet 'dispatcherServlet'
2026-08-11T10:03:46.241+08:00 INFO  o.s.web.servlet.DispatcherServlet request_id= idempotency_key= order_id= user_id= sku_id= payment_tx= - Completed initialization in 0 ms
2026-08-11T10:03:46.251+08:00 INFO  d.f.m.AsyncOrderApplicationService request_id=966cdb8f-8f8b-4849-9b8d-e39c4c2faa7e idempotency_key=key-exp-ack order_id= user_id=user-exp-ack sku_id=sku-exp-ack payment_tx= - Asynchronous publication command_id=9f8bf1c211762fb870c1797adfecf90b73c3e585b6a6245da5b166a09acc6815 outcome=BROKER_ACKNOWLEDGED status=ACCEPTED cause=SEND_OK
2026-08-11T10:04:05.784+08:00 INFO  o.s.b.w.e.tomcat.GracefulShutdown request_id= idempotency_key= order_id= user_id= sku_id= payment_tx= - Commencing graceful shutdown. Waiting for active requests to complete
2026-08-11T10:04:07.791+08:00 INFO  o.s.b.w.e.tomcat.GracefulShutdown request_id= idempotency_key= order_id= user_id= sku_id= payment_tx= - Graceful shutdown complete
2026-08-11T10:04:07.791+08:00 ERROR org.apache.tomcat.util.net.Acceptor request_id= idempotency_key= order_id= user_id= sku_id= payment_tx= - Socket accept failed
java.nio.channels.AsynchronousCloseException: null
	at java.base/java.nio.channels.spi.AbstractInterruptibleChannel.end(AbstractInterruptibleChannel.java:218) ~[na:na]
	at java.base/sun.nio.ch.ServerSocketChannelImpl.end(ServerSocketChannelImpl.java:372) ~[na:na]
	at java.base/sun.nio.ch.ServerSocketChannelImpl.accept(ServerSocketChannelImpl.java:397) ~[na:na]
	at org.apache.tomcat.util.net.NioEndpoint.serverSocketAccept(NioEndpoint.java:537) ~[tomcat-embed-core-10.1.44.jar:10.1.44]
	at org.apache.tomcat.util.net.NioEndpoint.serverSocketAccept(NioEndpoint.java:72) ~[tomcat-embed-core-10.1.44.jar:10.1.44]
	at org.apache.tomcat.util.net.Acceptor.run(Acceptor.java:127) ~[tomcat-embed-core-10.1.44.jar:10.1.44]
	at java.base/java.lang.Thread.run(Thread.java:1516) ~[na:na]
2026-08-11T10:04:07.839+08:00 INFO  com.zaxxer.hikari.HikariDataSource request_id= idempotency_key= order_id= user_id= sku_id= payment_tx= - HikariPool-13 - Shutdown initiated...
2026-08-11T10:04:07.841+08:00 INFO  com.zaxxer.hikari.HikariDataSource request_id= idempotency_key= order_id= user_id= sku_id= payment_tx= - HikariPool-13 - Shutdown completed.
[INFO] Tests run: 1, Failures: 0, Errors: 0, Skipped: 0, Time elapsed: 23.92 s -- in dev.flashflow.LiveRocketMqExpirationAckLossIntegrationTest
[INFO] Running dev.flashflow.OrderingClaimRaceIntegrationTest
2026-08-11T10:04:07.851+08:00 INFO  o.s.t.c.s.AnnotationConfigContextLoaderUtils request_id= idempotency_key= order_id= user_id= sku_id= payment_tx= - Could not detect default configuration classes for test class [dev.flashflow.OrderingClaimRaceIntegrationTest]: OrderingClaimRaceIntegrationTest does not declare any static, non-private, non-final, nested classes annotated with @Configuration.
2026-08-11T10:04:07.852+08:00 INFO  o.s.b.t.c.SpringBootTestContextBootstrapper request_id= idempotency_key= order_id= user_id= sku_id= payment_tx= - Found @SpringBootConfiguration dev.flashflow.FlashFlowApplication for test class dev.flashflow.OrderingClaimRaceIntegrationTest
[INFO] Tests run: 3, Failures: 0, Errors: 0, Skipped: 0, Time elapsed: 0.091 s -- in dev.flashflow.OrderingClaimRaceIntegrationTest
[INFO] Running dev.flashflow.ApplicationSmokeTest
2026-08-11T10:04:07.941+08:00 INFO  o.s.t.c.s.AnnotationConfigContextLoaderUtils request_id= idempotency_key= order_id= user_id= sku_id= payment_tx= - Could not detect default configuration classes for test class [dev.flashflow.ApplicationSmokeTest]: ApplicationSmokeTest does not declare any static, non-private, non-final, nested classes annotated with @Configuration.
2026-08-11T10:04:07.942+08:00 INFO  o.s.b.t.c.SpringBootTestContextBootstrapper request_id= idempotency_key= order_id= user_id= sku_id= payment_tx= - Found @SpringBootConfiguration dev.flashflow.FlashFlowApplication for test class dev.flashflow.ApplicationSmokeTest
[INFO] Tests run: 1, Failures: 0, Errors: 0, Skipped: 0, Time elapsed: 0.012 s -- in dev.flashflow.ApplicationSmokeTest
[INFO] Running dev.flashflow.messaging.AsyncOrderApplicationServiceTest
2026-08-11T10:04:07.959+08:00 INFO  d.f.m.AsyncOrderApplicationService request_id= idempotency_key=key-2 order_id= user_id=user-2 sku_id=sku-1 payment_tx= - Asynchronous publication command_id=01f6edbdbcb069068af0743c4a6c1cdf608ddb350e20c922f2699fa0232ba5f4 outcome=DEFINITELY_NOT_PUBLISHED status=RETRYABLE cause=CONNECT_FAILED
2026-08-11T10:04:07.960+08:00 INFO  d.f.m.AsyncOrderApplicationService request_id= idempotency_key=key-3 order_id= user_id=user-3 sku_id=sku-1 payment_tx= - Asynchronous publication command_id=1cc3cdc8f3519b00083f110b3605cd4a5b770b7e5245fbd4722e3d69cc876121 outcome=AMBIGUOUS status=UNRESOLVED cause=REMOTING_TIMEOUT
2026-08-11T10:04:07.960+08:00 INFO  d.f.m.AsyncOrderApplicationService request_id= idempotency_key=key-3 order_id= user_id=user-3 sku_id=sku-1 payment_tx= - Asynchronous publication command_id=1cc3cdc8f3519b00083f110b3605cd4a5b770b7e5245fbd4722e3d69cc876121 outcome=AMBIGUOUS status=UNRESOLVED cause=REMOTING_TIMEOUT
2026-08-11T10:04:07.960+08:00 INFO  d.f.m.AsyncOrderApplicationService request_id= idempotency_key=key-1 order_id= user_id=user-1 sku_id=sku-1 payment_tx= - Asynchronous publication command_id=eb5faa2199474e8f5bc1a28fb0121e6030966fc10dd104d1a1406803200ea69a outcome=BROKER_ACKNOWLEDGED status=ACCEPTED cause=SEND_OK
[INFO] Tests run: 2, Failures: 0, Errors: 0, Skipped: 0, Time elapsed: 0.007 s -- in dev.flashflow.messaging.AsyncOrderApplicationServiceTest
[INFO] Running dev.flashflow.messaging.RocketMqListenerContractTest
[INFO] Tests run: 1, Failures: 0, Errors: 0, Skipped: 0, Time elapsed: 0.007 s -- in dev.flashflow.messaging.RocketMqListenerContractTest
[INFO] Running dev.flashflow.messaging.OutboxAsyncOrderApplicationServiceTest
2026-08-11T10:04:08.078+08:00 INFO  d.f.m.o.OutboxAsyncOrderApplicationService request_id= idempotency_key=key-1 order_id= user_id=user-1 sku_id=sku-1 payment_tx= - Durable Outbox acceptance command_id=a7e3407f561a93b1e814e8043a124494518c72dc766988244ddc280fe0b281c4 status=ACCEPTED
2026-08-11T10:04:08.085+08:00 WARN  d.f.m.o.OutboxAsyncOrderApplicationService request_id= idempotency_key=key-1 order_id= user_id=user-1 sku_id=sku-1 payment_tx= - Durable Outbox acceptance unresolved command_id=a7e3407f561a93b1e814e8043a124494518c72dc766988244ddc280fe0b281c4 cause=IllegalStateException
[INFO] Tests run: 2, Failures: 0, Errors: 0, Skipped: 0, Time elapsed: 0.117 s -- in dev.flashflow.messaging.OutboxAsyncOrderApplicationServiceTest
[INFO] Running dev.flashflow.messaging.OrderCommandContractTest
[INFO] Tests run: 2, Failures: 0, Errors: 0, Skipped: 0, Time elapsed: 0.003 s -- in dev.flashflow.messaging.OrderCommandContractTest
[INFO] Running dev.flashflow.messaging.SyntheticMessagingSpikeTest
[INFO] Tests run: 2, Failures: 0, Errors: 0, Skipped: 0, Time elapsed: 0.001 s -- in dev.flashflow.messaging.SyntheticMessagingSpikeTest
[INFO] Running dev.flashflow.messaging.DeterministicPublicationCoordinatorTest
[INFO] Tests run: 3, Failures: 0, Errors: 0, Skipped: 0, Time elapsed: 0.001 s -- in dev.flashflow.messaging.DeterministicPublicationCoordinatorTest
[INFO] Running dev.flashflow.messaging.InProcessOrderCommandConsumerTest
[INFO] Tests run: 2, Failures: 0, Errors: 0, Skipped: 0, Time elapsed: 0.003 s -- in dev.flashflow.messaging.InProcessOrderCommandConsumerTest
[INFO] Running dev.flashflow.messaging.OutboxDispatcherTest
2026-08-11T10:04:08.174+08:00 INFO  d.f.m.outbox.OutboxDispatcher request_id= idempotency_key=key-1 order_id= user_id=user-1 sku_id=sku-1 payment_tx= - Outbox publication deferred outbox_id=outbox command_id=aaaaaaaaaaaaaaaaaaaaaaaaaaaaaaaaaaaaaaaaaaaaaaaaaaaaaaaaaaaaaaaa outcome=RETRYABLE cause=REMOTING_TIMEOUT
2026-08-11T10:04:08.177+08:00 WARN  d.f.m.outbox.OutboxDispatcher request_id= idempotency_key=key-1 order_id= user_id=user-1 sku_id=sku-1 payment_tx= - Outbox publication exhausted outbox_id=outbox command_id=aaaaaaaaaaaaaaaaaaaaaaaaaaaaaaaaaaaaaaaaaaaaaaaaaaaaaaaaaaaaaaaa cause=CONNECT_FAILED
2026-08-11T10:04:08.178+08:00 INFO  d.f.m.outbox.OutboxDispatcher request_id= idempotency_key=key-1 order_id= user_id=user-1 sku_id=sku-1 payment_tx= - Outbox publication outbox_id=outbox command_id=aaaaaaaaaaaaaaaaaaaaaaaaaaaaaaaaaaaaaaaaaaaaaaaaaaaaaaaaaaaaaaaa outcome=ACKNOWLEDGED
[INFO] Tests run: 3, Failures: 0, Errors: 0, Skipped: 0, Time elapsed: 0.083 s -- in dev.flashflow.messaging.OutboxDispatcherTest
[INFO] Running dev.flashflow.OutboxPersistenceIntegrationTest
2026-08-11T10:04:08.179+08:00 INFO  o.s.t.c.s.AnnotationConfigContextLoaderUtils request_id= idempotency_key=key-1 order_id= user_id=user-1 sku_id=sku-1 payment_tx= - Could not detect default configuration classes for test class [dev.flashflow.OutboxPersistenceIntegrationTest]: OutboxPersistenceIntegrationTest does not declare any static, non-private, non-final, nested classes annotated with @Configuration.
2026-08-11T10:04:08.180+08:00 INFO  o.s.b.t.c.SpringBootTestContextBootstrapper request_id= idempotency_key=key-1 order_id= user_id=user-1 sku_id=sku-1 payment_tx= - Found @SpringBootConfiguration dev.flashflow.FlashFlowApplication for test class dev.flashflow.OutboxPersistenceIntegrationTest
[INFO] Tests run: 6, Failures: 0, Errors: 0, Skipped: 0, Time elapsed: 0.088 s -- in dev.flashflow.OutboxPersistenceIntegrationTest
[INFO] Running dev.flashflow.LiveRocketMqRetryExhaustionIntegrationTest
2026-08-11T10:04:08.268+08:00 INFO  o.s.t.c.s.AnnotationConfigContextLoaderUtils request_id= idempotency_key=key-1 order_id= user_id=user-1 sku_id=sku-1 payment_tx= - Could not detect default configuration classes for test class [dev.flashflow.LiveRocketMqRetryExhaustionIntegrationTest]: LiveRocketMqRetryExhaustionIntegrationTest does not declare any static, non-private, non-final, nested classes annotated with @Configuration.
2026-08-11T10:04:08.269+08:00 INFO  o.s.b.t.c.SpringBootTestContextBootstrapper request_id= idempotency_key=key-1 order_id= user_id=user-1 sku_id=sku-1 payment_tx= - Found @SpringBootConfiguration dev.flashflow.FlashFlowApplication for test class dev.flashflow.LiveRocketMqRetryExhaustionIntegrationTest

  .   ____          _            __ _ _
 /\\ / ___'_ __ _ _(_)_ __  __ _ \ \ \ \
( ( )\___ | '_ | '_| | '_ \/ _` | \ \ \ \
 \\/  ___)| |_)| | | | | || (_| |  ) ) ) )
  '  |____| .__|_| |_|_| |_\__, | / / / /
 =========|_|==============|___/=/_/_/_/

 :: Spring Boot ::                (v3.5.5)

2026-08-11T10:04:08.289+08:00 INFO  d.f.LiveRocketMqRetryExhaustionIntegrationTest request_id= idempotency_key=key-1 order_id= user_id=user-1 sku_id=sku-1 payment_tx= - Starting LiveRocketMqRetryExhaustionIntegrationTest using Java 26.0.2 with PID 51800 (started by yuzheng in /Users/yuzheng/Computeracy/Zhenkun26-GitHub/FlashFlow)
2026-08-11T10:04:08.289+08:00 INFO  d.f.LiveRocketMqRetryExhaustionIntegrationTest request_id= idempotency_key=key-1 order_id= user_id=user-1 sku_id=sku-1 payment_tx= - The following 1 profile is active: "test"
2026-08-11T10:04:08.383+08:00 INFO  o.s.d.r.c.RepositoryConfigurationDelegate request_id= idempotency_key=key-1 order_id= user_id=user-1 sku_id=sku-1 payment_tx= - Multiple Spring Data modules found, entering strict repository configuration mode
2026-08-11T10:04:08.384+08:00 INFO  o.s.d.r.c.RepositoryConfigurationDelegate request_id= idempotency_key=key-1 order_id= user_id=user-1 sku_id=sku-1 payment_tx= - Bootstrapping Spring Data Redis repositories in DEFAULT mode.
2026-08-11T10:04:08.388+08:00 INFO  o.s.d.r.c.RepositoryConfigurationDelegate request_id= idempotency_key=key-1 order_id= user_id=user-1 sku_id=sku-1 payment_tx= - Finished Spring Data repository scanning in 3 ms. Found 0 Redis repository interfaces.
2026-08-11T10:04:08.402+08:00 INFO  o.s.b.w.e.tomcat.TomcatWebServer request_id= idempotency_key=key-1 order_id= user_id=user-1 sku_id=sku-1 payment_tx= - Tomcat initialized with port 0 (http)
2026-08-11T10:04:08.403+08:00 INFO  o.a.catalina.core.StandardService request_id= idempotency_key=key-1 order_id= user_id=user-1 sku_id=sku-1 payment_tx= - Starting service [Tomcat]
2026-08-11T10:04:08.403+08:00 INFO  o.a.catalina.core.StandardEngine request_id= idempotency_key=key-1 order_id= user_id=user-1 sku_id=sku-1 payment_tx= - Starting Servlet engine: [Apache Tomcat/10.1.44]
2026-08-11T10:04:08.431+08:00 INFO  o.a.c.c.C.[Tomcat].[localhost].[/] request_id= idempotency_key=key-1 order_id= user_id=user-1 sku_id=sku-1 payment_tx= - Initializing Spring embedded WebApplicationContext
2026-08-11T10:04:08.431+08:00 INFO  o.s.b.w.s.c.ServletWebServerApplicationContext request_id= idempotency_key=key-1 order_id= user_id=user-1 sku_id=sku-1 payment_tx= - Root WebApplicationContext: initialization completed in 141 ms
Standard Commons Logging discovery in action with spring-jcl: please remove commons-logging.jar from classpath in order to avoid potential conflicts
2026-08-11T10:04:08.456+08:00 INFO  com.zaxxer.hikari.HikariDataSource request_id= idempotency_key=key-1 order_id= user_id=user-1 sku_id=sku-1 payment_tx= - HikariPool-14 - Starting...
2026-08-11T10:04:08.469+08:00 INFO  com.zaxxer.hikari.pool.HikariPool request_id= idempotency_key=key-1 order_id= user_id=user-1 sku_id=sku-1 payment_tx= - HikariPool-14 - Added connection com.mysql.cj.jdbc.ConnectionImpl@7f613215
2026-08-11T10:04:08.469+08:00 INFO  com.zaxxer.hikari.HikariDataSource request_id= idempotency_key=key-1 order_id= user_id=user-1 sku_id=sku-1 payment_tx= - HikariPool-14 - Start completed.
2026-08-11T10:04:08.476+08:00 INFO  org.flywaydb.core.FlywayExecutor request_id= idempotency_key=key-1 order_id= user_id=user-1 sku_id=sku-1 payment_tx= - Database: jdbc:mysql://localhost:55593/flashflow (MySQL 8.4)
2026-08-11T10:04:08.485+08:00 WARN  o.f.c.i.database.base.Database request_id= idempotency_key=key-1 order_id= user_id=user-1 sku_id=sku-1 payment_tx= - Flyway upgrade recommended: MySQL 8.4 is newer than this version of Flyway and support has not been tested. The latest supported version of MySQL is 8.1.
2026-08-11T10:04:08.504+08:00 INFO  o.f.core.internal.command.DbValidate request_id= idempotency_key=key-1 order_id= user_id=user-1 sku_id=sku-1 payment_tx= - Successfully validated 4 migrations (execution time 00:00.016s)
2026-08-11T10:04:08.508+08:00 INFO  o.f.core.internal.command.DbMigrate request_id= idempotency_key=key-1 order_id= user_id=user-1 sku_id=sku-1 payment_tx= - Current version of schema `flashflow`: 4
2026-08-11T10:04:08.508+08:00 INFO  o.f.core.internal.command.DbMigrate request_id= idempotency_key=key-1 order_id= user_id=user-1 sku_id=sku-1 payment_tx= - Schema `flashflow` is up to date. No migration necessary.
2026-08-11T10:04:08.619+08:00 INFO  o.s.b.a.e.web.EndpointLinksResolver request_id= idempotency_key=key-1 order_id= user_id=user-1 sku_id=sku-1 payment_tx= - Exposing 2 endpoints beneath base path '/actuator'
2026-08-11T10:04:08.623+08:00 INFO  o.s.b.w.e.tomcat.TomcatWebServer request_id= idempotency_key=key-1 order_id= user_id=user-1 sku_id=sku-1 payment_tx= - Tomcat started on port 59040 (http) with context path '/'
2026-08-11T10:04:08.625+08:00 INFO  d.f.LiveRocketMqRetryExhaustionIntegrationTest request_id= idempotency_key=key-1 order_id= user_id=user-1 sku_id=sku-1 payment_tx= - Started LiveRocketMqRetryExhaustionIntegrationTest in 0.355 seconds (process running for 176.472)
2026-08-11T10:04:10.755+08:00 INFO  o.a.c.c.C.[Tomcat].[localhost].[/] request_id= idempotency_key= order_id= user_id= sku_id= payment_tx= - Initializing Spring DispatcherServlet 'dispatcherServlet'
2026-08-11T10:04:10.755+08:00 INFO  o.s.web.servlet.DispatcherServlet request_id= idempotency_key= order_id= user_id= sku_id= payment_tx= - Initializing Servlet 'dispatcherServlet'
2026-08-11T10:04:10.756+08:00 INFO  o.s.web.servlet.DispatcherServlet request_id= idempotency_key= order_id= user_id= sku_id= payment_tx= - Completed initialization in 1 ms
2026-08-11T10:04:10.783+08:00 INFO  d.f.m.AsyncOrderApplicationService request_id=4ac0d367-ee19-4dfd-9a5f-bb28bf80adfc idempotency_key=key-exhaustion order_id= user_id=user-exhaustion sku_id=sku-exhaustion payment_tx= - Asynchronous publication command_id=376c29b67fdb29614b85c23214fb61aff7f3c58a83fd98b5832fbff2e0e36777 outcome=BROKER_ACKNOWLEDGED status=ACCEPTED cause=SEND_OK
2026-08-11T10:04:30.205+08:00 INFO  d.f.m.AsyncOrderApplicationService request_id=d9485992-2519-4835-8fec-64d1f964b1d3 idempotency_key=key-exhaustion order_id= user_id=user-exhaustion sku_id=sku-exhaustion payment_tx= - Asynchronous publication command_id=376c29b67fdb29614b85c23214fb61aff7f3c58a83fd98b5832fbff2e0e36777 outcome=BROKER_ACKNOWLEDGED status=ACCEPTED cause=SEND_OK
2026-08-11T10:04:30.213+08:00 INFO  o.s.b.w.e.tomcat.GracefulShutdown request_id= idempotency_key=key-1 order_id= user_id=user-1 sku_id=sku-1 payment_tx= - Commencing graceful shutdown. Waiting for active requests to complete
2026-08-11T10:04:32.219+08:00 INFO  o.s.b.w.e.tomcat.GracefulShutdown request_id= idempotency_key= order_id= user_id= sku_id= payment_tx= - Graceful shutdown complete
2026-08-11T10:04:32.219+08:00 ERROR org.apache.tomcat.util.net.Acceptor request_id= idempotency_key= order_id= user_id= sku_id= payment_tx= - Socket accept failed
java.nio.channels.AsynchronousCloseException: null
	at java.base/java.nio.channels.spi.AbstractInterruptibleChannel.end(AbstractInterruptibleChannel.java:218) ~[na:na]
	at java.base/sun.nio.ch.ServerSocketChannelImpl.end(ServerSocketChannelImpl.java:372) ~[na:na]
	at java.base/sun.nio.ch.ServerSocketChannelImpl.accept(ServerSocketChannelImpl.java:397) ~[na:na]
	at org.apache.tomcat.util.net.NioEndpoint.serverSocketAccept(NioEndpoint.java:537) ~[tomcat-embed-core-10.1.44.jar:10.1.44]
	at org.apache.tomcat.util.net.NioEndpoint.serverSocketAccept(NioEndpoint.java:72) ~[tomcat-embed-core-10.1.44.jar:10.1.44]
	at org.apache.tomcat.util.net.Acceptor.run(Acceptor.java:127) ~[tomcat-embed-core-10.1.44.jar:10.1.44]
	at java.base/java.lang.Thread.run(Thread.java:1516) ~[na:na]
2026-08-11T10:04:32.584+08:00 INFO  com.zaxxer.hikari.HikariDataSource request_id= idempotency_key=key-1 order_id= user_id=user-1 sku_id=sku-1 payment_tx= - HikariPool-14 - Shutdown initiated...
2026-08-11T10:04:32.587+08:00 INFO  com.zaxxer.hikari.HikariDataSource request_id= idempotency_key=key-1 order_id= user_id=user-1 sku_id=sku-1 payment_tx= - HikariPool-14 - Shutdown completed.
[INFO] Tests run: 1, Failures: 0, Errors: 0, Skipped: 0, Time elapsed: 24.33 s -- in dev.flashflow.LiveRocketMqRetryExhaustionIntegrationTest
[INFO] Running dev.flashflow.LiveRocketMqEndToEndIntegrationTest
2026-08-11T10:04:32.601+08:00 INFO  o.s.t.c.s.AnnotationConfigContextLoaderUtils request_id= idempotency_key=key-1 order_id= user_id=user-1 sku_id=sku-1 payment_tx= - Could not detect default configuration classes for test class [dev.flashflow.LiveRocketMqEndToEndIntegrationTest]: LiveRocketMqEndToEndIntegrationTest does not declare any static, non-private, non-final, nested classes annotated with @Configuration.
2026-08-11T10:04:32.602+08:00 INFO  o.s.b.t.c.SpringBootTestContextBootstrapper request_id= idempotency_key=key-1 order_id= user_id=user-1 sku_id=sku-1 payment_tx= - Found @SpringBootConfiguration dev.flashflow.FlashFlowApplication for test class dev.flashflow.LiveRocketMqEndToEndIntegrationTest

  .   ____          _            __ _ _
 /\\ / ___'_ __ _ _(_)_ __  __ _ \ \ \ \
( ( )\___ | '_ | '_| | '_ \/ _` | \ \ \ \
 \\/  ___)| |_)| | | | | || (_| |  ) ) ) )
  '  |____| .__|_| |_|_| |_\__, | / / / /
 =========|_|==============|___/=/_/_/_/

 :: Spring Boot ::                (v3.5.5)

2026-08-11T10:04:32.614+08:00 INFO  d.f.LiveRocketMqEndToEndIntegrationTest request_id= idempotency_key=key-1 order_id= user_id=user-1 sku_id=sku-1 payment_tx= - Starting LiveRocketMqEndToEndIntegrationTest using Java 26.0.2 with PID 51800 (started by yuzheng in /Users/yuzheng/Computeracy/Zhenkun26-GitHub/FlashFlow)
2026-08-11T10:04:32.614+08:00 INFO  d.f.LiveRocketMqEndToEndIntegrationTest request_id= idempotency_key=key-1 order_id= user_id=user-1 sku_id=sku-1 payment_tx= - The following 1 profile is active: "test"
2026-08-11T10:04:32.714+08:00 INFO  o.s.d.r.c.RepositoryConfigurationDelegate request_id= idempotency_key=key-1 order_id= user_id=user-1 sku_id=sku-1 payment_tx= - Multiple Spring Data modules found, entering strict repository configuration mode
2026-08-11T10:04:32.714+08:00 INFO  o.s.d.r.c.RepositoryConfigurationDelegate request_id= idempotency_key=key-1 order_id= user_id=user-1 sku_id=sku-1 payment_tx= - Bootstrapping Spring Data Redis repositories in DEFAULT mode.
2026-08-11T10:04:32.720+08:00 INFO  o.s.d.r.c.RepositoryConfigurationDelegate request_id= idempotency_key=key-1 order_id= user_id=user-1 sku_id=sku-1 payment_tx= - Finished Spring Data repository scanning in 3 ms. Found 0 Redis repository interfaces.
2026-08-11T10:04:32.733+08:00 INFO  o.s.b.w.e.tomcat.TomcatWebServer request_id= idempotency_key=key-1 order_id= user_id=user-1 sku_id=sku-1 payment_tx= - Tomcat initialized with port 0 (http)
2026-08-11T10:04:32.734+08:00 INFO  o.a.catalina.core.StandardService request_id= idempotency_key=key-1 order_id= user_id=user-1 sku_id=sku-1 payment_tx= - Starting service [Tomcat]
2026-08-11T10:04:32.734+08:00 INFO  o.a.catalina.core.StandardEngine request_id= idempotency_key=key-1 order_id= user_id=user-1 sku_id=sku-1 payment_tx= - Starting Servlet engine: [Apache Tomcat/10.1.44]
2026-08-11T10:04:32.762+08:00 INFO  o.a.c.c.C.[Tomcat].[localhost].[/] request_id= idempotency_key=key-1 order_id= user_id=user-1 sku_id=sku-1 payment_tx= - Initializing Spring embedded WebApplicationContext
2026-08-11T10:04:32.762+08:00 INFO  o.s.b.w.s.c.ServletWebServerApplicationContext request_id= idempotency_key=key-1 order_id= user_id=user-1 sku_id=sku-1 payment_tx= - Root WebApplicationContext: initialization completed in 148 ms
Standard Commons Logging discovery in action with spring-jcl: please remove commons-logging.jar from classpath in order to avoid potential conflicts
2026-08-11T10:04:32.785+08:00 INFO  com.zaxxer.hikari.HikariDataSource request_id= idempotency_key=key-1 order_id= user_id=user-1 sku_id=sku-1 payment_tx= - HikariPool-15 - Starting...
2026-08-11T10:04:32.797+08:00 INFO  com.zaxxer.hikari.pool.HikariPool request_id= idempotency_key=key-1 order_id= user_id=user-1 sku_id=sku-1 payment_tx= - HikariPool-15 - Added connection com.mysql.cj.jdbc.ConnectionImpl@3bcbb4f9
2026-08-11T10:04:32.797+08:00 INFO  com.zaxxer.hikari.HikariDataSource request_id= idempotency_key=key-1 order_id= user_id=user-1 sku_id=sku-1 payment_tx= - HikariPool-15 - Start completed.
2026-08-11T10:04:32.801+08:00 INFO  org.flywaydb.core.FlywayExecutor request_id= idempotency_key=key-1 order_id= user_id=user-1 sku_id=sku-1 payment_tx= - Database: jdbc:mysql://localhost:55593/flashflow (MySQL 8.4)
2026-08-11T10:04:32.807+08:00 WARN  o.f.c.i.database.base.Database request_id= idempotency_key=key-1 order_id= user_id=user-1 sku_id=sku-1 payment_tx= - Flyway upgrade recommended: MySQL 8.4 is newer than this version of Flyway and support has not been tested. The latest supported version of MySQL is 8.1.
2026-08-11T10:04:32.816+08:00 INFO  o.f.core.internal.command.DbValidate request_id= idempotency_key=key-1 order_id= user_id=user-1 sku_id=sku-1 payment_tx= - Successfully validated 4 migrations (execution time 00:00.006s)
2026-08-11T10:04:32.821+08:00 INFO  o.f.core.internal.command.DbMigrate request_id= idempotency_key=key-1 order_id= user_id=user-1 sku_id=sku-1 payment_tx= - Current version of schema `flashflow`: 4
2026-08-11T10:04:32.821+08:00 INFO  o.f.core.internal.command.DbMigrate request_id= idempotency_key=key-1 order_id= user_id=user-1 sku_id=sku-1 payment_tx= - Schema `flashflow` is up to date. No migration necessary.
2026-08-11T10:04:32.901+08:00 INFO  o.s.b.a.e.web.EndpointLinksResolver request_id= idempotency_key=key-1 order_id= user_id=user-1 sku_id=sku-1 payment_tx= - Exposing 2 endpoints beneath base path '/actuator'
2026-08-11T10:04:32.905+08:00 INFO  o.s.b.w.e.tomcat.TomcatWebServer request_id= idempotency_key=key-1 order_id= user_id=user-1 sku_id=sku-1 payment_tx= - Tomcat started on port 59120 (http) with context path '/'
2026-08-11T10:04:32.907+08:00 INFO  d.f.LiveRocketMqEndToEndIntegrationTest request_id= idempotency_key=key-1 order_id= user_id=user-1 sku_id=sku-1 payment_tx= - Started LiveRocketMqEndToEndIntegrationTest in 0.303 seconds (process running for 200.755)
2026-08-11T10:04:34.946+08:00 INFO  o.a.c.c.C.[Tomcat].[localhost].[/] request_id= idempotency_key= order_id= user_id= sku_id= payment_tx= - Initializing Spring DispatcherServlet 'dispatcherServlet'
2026-08-11T10:04:34.946+08:00 INFO  o.s.web.servlet.DispatcherServlet request_id= idempotency_key= order_id= user_id= sku_id= payment_tx= - Initializing Servlet 'dispatcherServlet'
2026-08-11T10:04:34.946+08:00 INFO  o.s.web.servlet.DispatcherServlet request_id= idempotency_key= order_id= user_id= sku_id= payment_tx= - Completed initialization in 0 ms
2026-08-11T10:04:34.963+08:00 INFO  d.f.m.AsyncOrderApplicationService request_id=88420d78-7973-4492-bf64-d616a4cff37b idempotency_key=key-live order_id= user_id=user-live sku_id=sku-live payment_tx= - Asynchronous publication command_id=e2b2c6feda34496e10ea7b5ef6bac451b4866cb9855d6437ce0a2391eb523024 outcome=BROKER_ACKNOWLEDGED status=ACCEPTED cause=SEND_OK
2026-08-11T10:04:40.304+08:00 INFO  d.f.m.AsyncOrderApplicationService request_id=ce04ed73-c5d2-486c-9ed8-25f4e1a7b1bc idempotency_key=key-contract order_id= user_id=user-contract sku_id=sku-contract-a payment_tx= - Asynchronous publication command_id=1d32e54b7bda4a365a35f17783a2bfbf36e9b66768e6a459d06acbb43229669e outcome=BROKER_ACKNOWLEDGED status=ACCEPTED cause=SEND_OK
2026-08-11T10:04:57.533+08:00 INFO  d.f.m.AsyncOrderApplicationService request_id=8109054c-7a22-4678-96f2-7db6b7d739ff idempotency_key=key-restart-b0422c27 order_id= user_id=user-restart-b0422c27 sku_id=sku-restart-b0422c27 payment_tx= - Asynchronous publication command_id=f179fdb7f67559de583ee902bac61b38ee5d211a7d82512e4f62ca7fdcc7ab83 outcome=DEFINITELY_NOT_PUBLISHED status=RETRYABLE cause=MQCLIENTEXCEPTION
2026-08-11T10:04:57.636+08:00 INFO  d.f.m.AsyncOrderApplicationService request_id=9a930463-55b9-4c8b-b4c1-05398c0fa323 idempotency_key=key-restart-b0422c27 order_id= user_id=user-restart-b0422c27 sku_id=sku-restart-b0422c27 payment_tx= - Asynchronous publication command_id=f179fdb7f67559de583ee902bac61b38ee5d211a7d82512e4f62ca7fdcc7ab83 outcome=DEFINITELY_NOT_PUBLISHED status=RETRYABLE cause=MQCLIENTEXCEPTION
2026-08-11T10:04:57.753+08:00 INFO  d.f.m.AsyncOrderApplicationService request_id=ed487689-9347-4d5e-970f-4c315a0bab95 idempotency_key=key-restart-b0422c27 order_id= user_id=user-restart-b0422c27 sku_id=sku-restart-b0422c27 payment_tx= - Asynchronous publication command_id=f179fdb7f67559de583ee902bac61b38ee5d211a7d82512e4f62ca7fdcc7ab83 outcome=DEFINITELY_NOT_PUBLISHED status=RETRYABLE cause=MQCLIENTEXCEPTION
2026-08-11T10:04:57.868+08:00 INFO  d.f.m.AsyncOrderApplicationService request_id=b7515d36-7fdb-4e5d-b6e8-79b143aaef51 idempotency_key=key-restart-b0422c27 order_id= user_id=user-restart-b0422c27 sku_id=sku-restart-b0422c27 payment_tx= - Asynchronous publication command_id=f179fdb7f67559de583ee902bac61b38ee5d211a7d82512e4f62ca7fdcc7ab83 outcome=DEFINITELY_NOT_PUBLISHED status=RETRYABLE cause=MQCLIENTEXCEPTION
2026-08-11T10:04:57.987+08:00 INFO  d.f.m.AsyncOrderApplicationService request_id=0968173a-fd19-4822-8af4-e843773a9976 idempotency_key=key-restart-b0422c27 order_id= user_id=user-restart-b0422c27 sku_id=sku-restart-b0422c27 payment_tx= - Asynchronous publication command_id=f179fdb7f67559de583ee902bac61b38ee5d211a7d82512e4f62ca7fdcc7ab83 outcome=DEFINITELY_NOT_PUBLISHED status=RETRYABLE cause=MQCLIENTEXCEPTION
2026-08-11T10:04:58.106+08:00 INFO  d.f.m.AsyncOrderApplicationService request_id=acae1598-5017-41e7-adbf-f75d6e418d5a idempotency_key=key-restart-b0422c27 order_id= user_id=user-restart-b0422c27 sku_id=sku-restart-b0422c27 payment_tx= - Asynchronous publication command_id=f179fdb7f67559de583ee902bac61b38ee5d211a7d82512e4f62ca7fdcc7ab83 outcome=DEFINITELY_NOT_PUBLISHED status=RETRYABLE cause=MQCLIENTEXCEPTION
2026-08-11T10:04:58.221+08:00 INFO  d.f.m.AsyncOrderApplicationService request_id=859480ad-b741-4571-861b-101915348ba8 idempotency_key=key-restart-b0422c27 order_id= user_id=user-restart-b0422c27 sku_id=sku-restart-b0422c27 payment_tx= - Asynchronous publication command_id=f179fdb7f67559de583ee902bac61b38ee5d211a7d82512e4f62ca7fdcc7ab83 outcome=DEFINITELY_NOT_PUBLISHED status=RETRYABLE cause=MQCLIENTEXCEPTION
2026-08-11T10:04:58.339+08:00 INFO  d.f.m.AsyncOrderApplicationService request_id=6df1c7e3-795b-477b-91c3-1eb850538f37 idempotency_key=key-restart-b0422c27 order_id= user_id=user-restart-b0422c27 sku_id=sku-restart-b0422c27 payment_tx= - Asynchronous publication command_id=f179fdb7f67559de583ee902bac61b38ee5d211a7d82512e4f62ca7fdcc7ab83 outcome=DEFINITELY_NOT_PUBLISHED status=RETRYABLE cause=MQCLIENTEXCEPTION
2026-08-11T10:04:58.457+08:00 INFO  d.f.m.AsyncOrderApplicationService request_id=0eb45273-4fc8-44ed-aefd-0d4846e857b0 idempotency_key=key-restart-b0422c27 order_id= user_id=user-restart-b0422c27 sku_id=sku-restart-b0422c27 payment_tx= - Asynchronous publication command_id=f179fdb7f67559de583ee902bac61b38ee5d211a7d82512e4f62ca7fdcc7ab83 outcome=DEFINITELY_NOT_PUBLISHED status=RETRYABLE cause=MQCLIENTEXCEPTION
2026-08-11T10:04:58.580+08:00 INFO  d.f.m.AsyncOrderApplicationService request_id=97df3ae6-2693-42b0-a9c7-ecf21db47faf idempotency_key=key-restart-b0422c27 order_id= user_id=user-restart-b0422c27 sku_id=sku-restart-b0422c27 payment_tx= - Asynchronous publication command_id=f179fdb7f67559de583ee902bac61b38ee5d211a7d82512e4f62ca7fdcc7ab83 outcome=DEFINITELY_NOT_PUBLISHED status=RETRYABLE cause=MQCLIENTEXCEPTION
2026-08-11T10:04:58.698+08:00 INFO  d.f.m.AsyncOrderApplicationService request_id=0e83e618-4e4b-4073-85cc-d83b40e0a018 idempotency_key=key-restart-b0422c27 order_id= user_id=user-restart-b0422c27 sku_id=sku-restart-b0422c27 payment_tx= - Asynchronous publication command_id=f179fdb7f67559de583ee902bac61b38ee5d211a7d82512e4f62ca7fdcc7ab83 outcome=DEFINITELY_NOT_PUBLISHED status=RETRYABLE cause=MQCLIENTEXCEPTION
2026-08-11T10:04:58.812+08:00 INFO  d.f.m.AsyncOrderApplicationService request_id=4a290303-839c-46c7-8d32-c93379430aa3 idempotency_key=key-restart-b0422c27 order_id= user_id=user-restart-b0422c27 sku_id=sku-restart-b0422c27 payment_tx= - Asynchronous publication command_id=f179fdb7f67559de583ee902bac61b38ee5d211a7d82512e4f62ca7fdcc7ab83 outcome=DEFINITELY_NOT_PUBLISHED status=RETRYABLE cause=MQCLIENTEXCEPTION
2026-08-11T10:04:58.926+08:00 INFO  d.f.m.AsyncOrderApplicationService request_id=f7511388-0ca7-4e55-96ab-96996ff08337 idempotency_key=key-restart-b0422c27 order_id= user_id=user-restart-b0422c27 sku_id=sku-restart-b0422c27 payment_tx= - Asynchronous publication command_id=f179fdb7f67559de583ee902bac61b38ee5d211a7d82512e4f62ca7fdcc7ab83 outcome=DEFINITELY_NOT_PUBLISHED status=RETRYABLE cause=MQCLIENTEXCEPTION
2026-08-11T10:04:59.046+08:00 INFO  d.f.m.AsyncOrderApplicationService request_id=d0143841-b68b-4fd1-813e-8bc95e6e8e4d idempotency_key=key-restart-b0422c27 order_id= user_id=user-restart-b0422c27 sku_id=sku-restart-b0422c27 payment_tx= - Asynchronous publication command_id=f179fdb7f67559de583ee902bac61b38ee5d211a7d82512e4f62ca7fdcc7ab83 outcome=DEFINITELY_NOT_PUBLISHED status=RETRYABLE cause=MQCLIENTEXCEPTION
2026-08-11T10:04:59.161+08:00 INFO  d.f.m.AsyncOrderApplicationService request_id=54d555ac-edfb-419a-aaa8-60a3973947f8 idempotency_key=key-restart-b0422c27 order_id= user_id=user-restart-b0422c27 sku_id=sku-restart-b0422c27 payment_tx= - Asynchronous publication command_id=f179fdb7f67559de583ee902bac61b38ee5d211a7d82512e4f62ca7fdcc7ab83 outcome=DEFINITELY_NOT_PUBLISHED status=RETRYABLE cause=MQCLIENTEXCEPTION
2026-08-11T10:04:59.270+08:00 INFO  d.f.m.AsyncOrderApplicationService request_id=7205ae3d-1214-48d6-b83c-8644a56a21f5 idempotency_key=key-restart-b0422c27 order_id= user_id=user-restart-b0422c27 sku_id=sku-restart-b0422c27 payment_tx= - Asynchronous publication command_id=f179fdb7f67559de583ee902bac61b38ee5d211a7d82512e4f62ca7fdcc7ab83 outcome=DEFINITELY_NOT_PUBLISHED status=RETRYABLE cause=MQCLIENTEXCEPTION
2026-08-11T10:04:59.399+08:00 INFO  d.f.m.AsyncOrderApplicationService request_id=63d57975-fb1c-4c56-938e-e5a3c2a35591 idempotency_key=key-restart-b0422c27 order_id= user_id=user-restart-b0422c27 sku_id=sku-restart-b0422c27 payment_tx= - Asynchronous publication command_id=f179fdb7f67559de583ee902bac61b38ee5d211a7d82512e4f62ca7fdcc7ab83 outcome=BROKER_ACKNOWLEDGED status=ACCEPTED cause=SEND_OK
2026-08-11T10:05:01.280+08:00 INFO  o.s.b.w.e.tomcat.GracefulShutdown request_id= idempotency_key=key-1 order_id= user_id=user-1 sku_id=sku-1 payment_tx= - Commencing graceful shutdown. Waiting for active requests to complete
2026-08-11T10:05:03.286+08:00 INFO  o.s.b.w.e.tomcat.GracefulShutdown request_id= idempotency_key= order_id= user_id= sku_id= payment_tx= - Graceful shutdown complete
2026-08-11T10:05:03.286+08:00 ERROR org.apache.tomcat.util.net.Acceptor request_id= idempotency_key= order_id= user_id= sku_id= payment_tx= - Socket accept failed
java.nio.channels.AsynchronousCloseException: null
	at java.base/java.nio.channels.spi.AbstractInterruptibleChannel.end(AbstractInterruptibleChannel.java:218) ~[na:na]
	at java.base/sun.nio.ch.ServerSocketChannelImpl.end(ServerSocketChannelImpl.java:372) ~[na:na]
	at java.base/sun.nio.ch.ServerSocketChannelImpl.accept(ServerSocketChannelImpl.java:397) ~[na:na]
	at org.apache.tomcat.util.net.NioEndpoint.serverSocketAccept(NioEndpoint.java:537) ~[tomcat-embed-core-10.1.44.jar:10.1.44]
	at org.apache.tomcat.util.net.NioEndpoint.serverSocketAccept(NioEndpoint.java:72) ~[tomcat-embed-core-10.1.44.jar:10.1.44]
	at org.apache.tomcat.util.net.Acceptor.run(Acceptor.java:127) ~[tomcat-embed-core-10.1.44.jar:10.1.44]
	at java.base/java.lang.Thread.run(Thread.java:1516) ~[na:na]
2026-08-11T10:05:03.329+08:00 INFO  com.zaxxer.hikari.HikariDataSource request_id= idempotency_key=key-1 order_id= user_id=user-1 sku_id=sku-1 payment_tx= - HikariPool-15 - Shutdown initiated...
2026-08-11T10:05:03.332+08:00 INFO  com.zaxxer.hikari.HikariDataSource request_id= idempotency_key=key-1 order_id= user_id=user-1 sku_id=sku-1 payment_tx= - HikariPool-15 - Shutdown completed.
[INFO] Tests run: 5, Failures: 0, Errors: 0, Skipped: 0, Time elapsed: 30.74 s -- in dev.flashflow.LiveRocketMqEndToEndIntegrationTest
[INFO] 
[INFO] Results:
[INFO] 
[ERROR] Failures: 
[ERROR]   V3ControlledComparisonIntegrationTest.separatesSynchronousCompletionFromV3AcceptanceAndCompletion:76 
expected: 202 ACCEPTED
 but was: 503 SERVICE_UNAVAILABLE
[INFO] 
[ERROR] Tests run: 123, Failures: 1, Errors: 0, Skipped: 0
[INFO] 
[INFO] ------------------------------------------------------------------------
[INFO] BUILD FAILURE
[INFO] ------------------------------------------------------------------------
[INFO] Total time:  03:53 min
[INFO] Finished at: 2026-08-11T10:05:03+08:00
[INFO] ------------------------------------------------------------------------
[ERROR] Failed to execute goal org.apache.maven.plugins:maven-surefire-plugin:3.5.3:test (default-test) on project flashflow: There are test failures.
[ERROR] 
[ERROR] See /Users/yuzheng/Computeracy/Zhenkun26-GitHub/FlashFlow/target/surefire-reports for the individual test results.
[ERROR] See dump files (if any exist) [date].dump, [date]-jvmRun[N].dump and [date].dumpstream.
[ERROR] -> [Help 1]
[ERROR] 
[ERROR] To see the full stack trace of the errors, re-run Maven with the -e switch.
[ERROR] Re-run Maven using the -X switch to enable full debug logging.
[ERROR] 
[ERROR] For more information about the errors and possible solutions, please read the following articles:
[ERROR] [Help 1] http://cwiki.apache.org/confluence/display/MAVEN/MojoFailureException
