[INFO] Scanning for projects...
[INFO] 
[INFO] ----------------------< dev.flashflow:flashflow >-----------------------
[INFO] Building FlashFlow 0.1.0-SNAPSHOT
[INFO]   from pom.xml
[INFO] --------------------------------[ jar ]---------------------------------
[WARNING] 1 problem was encountered while building the effective model for org.javassist:javassist:jar:3.21.0-GA during dependency collection step for project (use -X to see details)
[INFO] 
[INFO] --- resources:3.3.1:resources (default-resources) @ flashflow ---
[INFO] Copying 5 resources from src/main/resources to target/classes
[INFO] Copying 11 resources from src/main/resources to target/classes
[INFO] 
[INFO] --- compiler:3.14.0:compile (default-compile) @ flashflow ---
[INFO] Nothing to compile - all classes are up to date.
[INFO] 
[INFO] --- resources:3.3.1:testResources (default-testResources) @ flashflow ---
[INFO] skip non existing resourceDirectory /Users/yuzheng/Computeracy/Zhenkun26-GitHub/FlashFlow/src/test/resources
[INFO] 
[INFO] --- compiler:3.14.0:testCompile (default-testCompile) @ flashflow ---
[INFO] Recompiling the module because of changed source code.
[INFO] Compiling 54 source files with javac [debug parameters release 21] to target/test-classes
[WARNING] /Users/yuzheng/Computeracy/Zhenkun26-GitHub/FlashFlow/src/test/java/dev/flashflow/ExpirationAdmissionFailureIntegrationTest.java:[26,6] org.springframework.boot.test.mock.mockito 中的 org.springframework.boot.test.mock.mockito.MockBean 已过时, 且标记为待删除
[WARNING] /Users/yuzheng/Computeracy/Zhenkun26-GitHub/FlashFlow/src/test/java/dev/flashflow/ExpirationRollbackIntegrationTest.java:[21,6] org.springframework.boot.test.mock.mockito 中的 org.springframework.boot.test.mock.mockito.MockBean 已过时, 且标记为待删除
[INFO] /Users/yuzheng/Computeracy/Zhenkun26-GitHub/FlashFlow/src/test/java/dev/flashflow/admission/RedisLuaAdmissionFailureTest.java: /Users/yuzheng/Computeracy/Zhenkun26-GitHub/FlashFlow/src/test/java/dev/flashflow/admission/RedisLuaAdmissionFailureTest.java使用了未经检查或不安全的操作。
[INFO] /Users/yuzheng/Computeracy/Zhenkun26-GitHub/FlashFlow/src/test/java/dev/flashflow/admission/RedisLuaAdmissionFailureTest.java: 有关详细信息, 请使用 -Xlint:unchecked 重新编译。
[INFO] 
[INFO] --- surefire:3.5.3:test (default-test) @ flashflow ---
[INFO] Using auto detected provider org.apache.maven.surefire.junitplatform.JUnitPlatformProvider
[INFO] 
[INFO] -------------------------------------------------------
[INFO]  T E S T S
[INFO] -------------------------------------------------------
[INFO] Running dev.flashflow.V4OutboxBacklogDrainIntegrationTest
Standard Commons Logging discovery in action with spring-jcl: please remove commons-logging.jar from classpath in order to avoid potential conflicts
09:58:52.001 [main] INFO org.springframework.test.context.support.AnnotationConfigContextLoaderUtils -- Could not detect default configuration classes for test class [dev.flashflow.V4OutboxBacklogDrainIntegrationTest]: V4OutboxBacklogDrainIntegrationTest does not declare any static, non-private, non-final, nested classes annotated with @Configuration.
09:58:52.067 [main] INFO org.springframework.boot.test.context.SpringBootTestContextBootstrapper -- Found @SpringBootConfiguration dev.flashflow.FlashFlowApplication for test class dev.flashflow.V4OutboxBacklogDrainIntegrationTest
09:58:52.112 [main] INFO org.testcontainers.images.PullPolicy -- Image pull policy will be performed by: DefaultPullPolicy()
09:58:52.113 [main] INFO org.testcontainers.utility.ImageNameSubstitutor -- Image name substitution will be performed by: DefaultImageNameSubstitutor (composite of 'ConfigurationFileImageNameSubstitutor' and 'PrefixingImageNameSubstitutor')
09:58:52.122 [main] INFO org.testcontainers.DockerClientFactory -- Testcontainers version: 1.21.3
09:58:52.207 [main] INFO org.testcontainers.dockerclient.DockerClientProviderStrategy -- Loaded org.testcontainers.dockerclient.UnixSocketClientProviderStrategy from ~/.testcontainers.properties, will try it first
09:58:52.301 [main] INFO org.testcontainers.dockerclient.DockerClientProviderStrategy -- Found Docker environment with local Unix socket (unix:///var/run/docker.sock)
09:58:52.302 [main] INFO org.testcontainers.DockerClientFactory -- Docker host IP address is localhost
09:58:52.314 [main] INFO org.testcontainers.DockerClientFactory -- Connected to docker: 
  Server Version: 29.4.1
  API Version: 1.54
  Operating System: Docker Desktop
  Total Memory: 7936 MB
  Labels: 
    com.docker.desktop.address=unix:///Users/yuzheng/Library/Containers/com.docker.docker/Data/docker-cli.sock
09:58:52.400 [main] INFO tc.testcontainers/ryuk:0.12.0 -- Creating container for image: testcontainers/ryuk:0.12.0
09:58:52.420 [main] INFO org.testcontainers.utility.RegistryAuthLocator -- Credential helper/store (docker-credential-osxkeychain) does not have credentials for https://index.docker.io/v1/
09:58:52.479 [main] INFO tc.testcontainers/ryuk:0.12.0 -- Container testcontainers/ryuk:0.12.0 is starting: 51c296ed1bff18d5145e84fc080dfa9472cc0febb90da1fb4079e0a6fd9fcc45
09:58:52.672 [main] INFO tc.testcontainers/ryuk:0.12.0 -- Container testcontainers/ryuk:0.12.0 started in PT0.272737S
09:58:52.676 [main] INFO org.testcontainers.utility.RyukResourceReaper -- Ryuk started - will monitor and terminate Testcontainers containers on JVM exit
09:58:52.676 [main] INFO org.testcontainers.DockerClientFactory -- Checking the system...
09:58:52.677 [main] INFO org.testcontainers.DockerClientFactory -- ✔︎ Docker server version should be at least 1.6.0
09:58:52.678 [main] INFO tc.mysql:8.4.6 -- Creating container for image: mysql:8.4.6
09:58:52.718 [main] INFO tc.mysql:8.4.6 -- Container mysql:8.4.6 is starting: e37fc3b35934fe638a81c51b88bb238f6ad4891e3a85d0f8f7953a78b5a56ea6
09:58:52.834 [main] INFO tc.mysql:8.4.6 -- Waiting for database connection to become available at jdbc:mysql://localhost:51759/flashflow using query 'SELECT 1'
09:58:57.618 [main] INFO tc.mysql:8.4.6 -- Container mysql:8.4.6 started in PT4.939656S
09:58:57.618 [main] INFO tc.mysql:8.4.6 -- Container is started (JDBC URL: jdbc:mysql://localhost:51759/flashflow)
09:58:57.619 [main] INFO tc.redis:7.4.2-alpine -- Creating container for image: redis:7.4.2-alpine
09:58:57.646 [main] INFO tc.redis:7.4.2-alpine -- Container redis:7.4.2-alpine is starting: f8d2783f030ee4785e14cff875f1ce2b059e489a54282dd0ce5948b7e007e654
09:58:57.821 [main] INFO tc.redis:7.4.2-alpine -- Container redis:7.4.2-alpine started in PT0.202421S

  .   ____          _            __ _ _
 /\\ / ___'_ __ _ _(_)_ __  __ _ \ \ \ \
( ( )\___ | '_ | '_| | '_ \/ _` | \ \ \ \
 \\/  ___)| |_)| | | | | || (_| |  ) ) ) )
  '  |____| .__|_| |_|_| |_\__, | / / / /
 =========|_|==============|___/=/_/_/_/

 :: Spring Boot ::                (v3.5.5)

2026-08-11T09:58:57.986+08:00 INFO  d.f.V4OutboxBacklogDrainIntegrationTest request_id= idempotency_key= order_id= user_id= sku_id= payment_tx= - Starting V4OutboxBacklogDrainIntegrationTest using Java 26.0.2 with PID 50867 (started by yuzheng in /Users/yuzheng/Computeracy/Zhenkun26-GitHub/FlashFlow)
2026-08-11T09:58:57.986+08:00 INFO  d.f.V4OutboxBacklogDrainIntegrationTest request_id= idempotency_key= order_id= user_id= sku_id= payment_tx= - The following 1 profile is active: "test"
2026-08-11T09:58:58.407+08:00 INFO  o.s.d.r.c.RepositoryConfigurationDelegate request_id= idempotency_key= order_id= user_id= sku_id= payment_tx= - Multiple Spring Data modules found, entering strict repository configuration mode
2026-08-11T09:58:58.408+08:00 INFO  o.s.d.r.c.RepositoryConfigurationDelegate request_id= idempotency_key= order_id= user_id= sku_id= payment_tx= - Bootstrapping Spring Data Redis repositories in DEFAULT mode.
2026-08-11T09:58:58.430+08:00 INFO  o.s.d.r.c.RepositoryConfigurationDelegate request_id= idempotency_key= order_id= user_id= sku_id= payment_tx= - Finished Spring Data repository scanning in 13 ms. Found 0 Redis repository interfaces.
2026-08-11T09:58:58.695+08:00 INFO  o.s.b.w.e.tomcat.TomcatWebServer request_id= idempotency_key= order_id= user_id= sku_id= payment_tx= - Tomcat initialized with port 0 (http)
2026-08-11T09:58:58.701+08:00 INFO  o.a.catalina.core.StandardService request_id= idempotency_key= order_id= user_id= sku_id= payment_tx= - Starting service [Tomcat]
2026-08-11T09:58:58.702+08:00 INFO  o.a.catalina.core.StandardEngine request_id= idempotency_key= order_id= user_id= sku_id= payment_tx= - Starting Servlet engine: [Apache Tomcat/10.1.44]
2026-08-11T09:58:58.720+08:00 INFO  o.a.c.c.C.[Tomcat].[localhost].[/] request_id= idempotency_key= order_id= user_id= sku_id= payment_tx= - Initializing Spring embedded WebApplicationContext
2026-08-11T09:58:58.720+08:00 INFO  o.s.b.w.s.c.ServletWebServerApplicationContext request_id= idempotency_key= order_id= user_id= sku_id= payment_tx= - Root WebApplicationContext: initialization completed in 726 ms
Standard Commons Logging discovery in action with spring-jcl: please remove commons-logging.jar from classpath in order to avoid potential conflicts
WARNING: A terminally deprecated method in sun.misc.Unsafe has been called
WARNING: sun.misc.Unsafe::allocateMemory has been called by io.netty.util.internal.PlatformDependent0$2 (file:/Users/yuzheng/.m2/repository/io/netty/netty-common/4.1.124.Final/netty-common-4.1.124.Final.jar)
WARNING: Please consider reporting this to the maintainers of class io.netty.util.internal.PlatformDependent0$2
WARNING: sun.misc.Unsafe::allocateMemory will be removed in a future release
WARNING: A restricted method in java.lang.System has been called
WARNING: java.lang.System::loadLibrary has been called by io.netty.util.internal.NativeLibraryUtil in an unnamed module (file:/Users/yuzheng/.m2/repository/io/netty/netty-common/4.1.124.Final/netty-common-4.1.124.Final.jar)
WARNING: Use --enable-native-access=ALL-UNNAMED to avoid a warning for callers in this module
WARNING: Restricted methods will be blocked in a future release unless native access is enabled

2026-08-11T09:58:59.399+08:00 INFO  com.zaxxer.hikari.HikariDataSource request_id= idempotency_key= order_id= user_id= sku_id= payment_tx= - HikariPool-1 - Starting...
2026-08-11T09:58:59.499+08:00 INFO  com.zaxxer.hikari.pool.HikariPool request_id= idempotency_key= order_id= user_id= sku_id= payment_tx= - HikariPool-1 - Added connection com.mysql.cj.jdbc.ConnectionImpl@15ab0461
2026-08-11T09:58:59.501+08:00 INFO  com.zaxxer.hikari.HikariDataSource request_id= idempotency_key= order_id= user_id= sku_id= payment_tx= - HikariPool-1 - Start completed.
2026-08-11T09:58:59.534+08:00 INFO  org.flywaydb.core.FlywayExecutor request_id= idempotency_key= order_id= user_id= sku_id= payment_tx= - Database: jdbc:mysql://localhost:51759/flashflow (MySQL 8.4)
2026-08-11T09:58:59.558+08:00 WARN  o.f.c.i.database.base.Database request_id= idempotency_key= order_id= user_id= sku_id= payment_tx= - Flyway upgrade recommended: MySQL 8.4 is newer than this version of Flyway and support has not been tested. The latest supported version of MySQL is 8.1.
2026-08-11T09:58:59.579+08:00 INFO  o.f.c.i.s.JdbcTableSchemaHistory request_id= idempotency_key= order_id= user_id= sku_id= payment_tx= - Schema history table `flashflow`.`flyway_schema_history` does not exist yet
2026-08-11T09:58:59.582+08:00 INFO  o.f.core.internal.command.DbValidate request_id= idempotency_key= order_id= user_id= sku_id= payment_tx= - Successfully validated 4 migrations (execution time 00:00.017s)
2026-08-11T09:58:59.602+08:00 INFO  o.f.c.i.s.JdbcTableSchemaHistory request_id= idempotency_key= order_id= user_id= sku_id= payment_tx= - Creating Schema History table `flashflow`.`flyway_schema_history` ...
2026-08-11T09:58:59.647+08:00 INFO  o.f.core.internal.command.DbMigrate request_id= idempotency_key= order_id= user_id= sku_id= payment_tx= - Current version of schema `flashflow`: << Empty Schema >>
2026-08-11T09:58:59.659+08:00 INFO  o.f.core.internal.command.DbMigrate request_id= idempotency_key= order_id= user_id= sku_id= payment_tx= - Migrating schema `flashflow` to version "1 - create flashflow v1 schema"
2026-08-11T09:58:59.799+08:00 INFO  o.f.core.internal.command.DbMigrate request_id= idempotency_key= order_id= user_id= sku_id= payment_tx= - Migrating schema `flashflow` to version "2 - create order command ledger"
2026-08-11T09:58:59.825+08:00 INFO  o.f.core.internal.command.DbMigrate request_id= idempotency_key= order_id= user_id= sku_id= payment_tx= - Migrating schema `flashflow` to version "3 - extend order command transport evidence"
2026-08-11T09:58:59.854+08:00 INFO  o.f.core.internal.command.DbMigrate request_id= idempotency_key= order_id= user_id= sku_id= payment_tx= - Migrating schema `flashflow` to version "4 - create order command outbox"
2026-08-11T09:58:59.875+08:00 INFO  o.f.core.internal.command.DbMigrate request_id= idempotency_key= order_id= user_id= sku_id= payment_tx= - Successfully applied 4 migrations to schema `flashflow`, now at version v4 (execution time 00:00.172s)
2026-08-11T09:59:00.562+08:00 INFO  o.s.b.a.e.web.EndpointLinksResolver request_id= idempotency_key= order_id= user_id= sku_id= payment_tx= - Exposing 2 endpoints beneath base path '/actuator'
2026-08-11T09:59:00.650+08:00 INFO  o.s.b.w.e.tomcat.TomcatWebServer request_id= idempotency_key= order_id= user_id= sku_id= payment_tx= - Tomcat started on port 51840 (http) with context path '/'
2026-08-11T09:59:00.663+08:00 INFO  d.f.V4OutboxBacklogDrainIntegrationTest request_id= idempotency_key= order_id= user_id= sku_id= payment_tx= - Started V4OutboxBacklogDrainIntegrationTest in 2.828 seconds (process running for 9.011)
OpenJDK 64-Bit Server VM warning: Sharing is only supported for boot loader classes because bootstrap classpath has been appended
2026-08-11T09:59:13.575+08:00 INFO  o.a.c.c.C.[Tomcat].[localhost].[/] request_id= idempotency_key= order_id= user_id= sku_id= payment_tx= - Initializing Spring DispatcherServlet 'dispatcherServlet'
2026-08-11T09:59:13.575+08:00 INFO  o.s.web.servlet.DispatcherServlet request_id= idempotency_key= order_id= user_id= sku_id= payment_tx= - Initializing Servlet 'dispatcherServlet'
2026-08-11T09:59:13.576+08:00 INFO  o.s.web.servlet.DispatcherServlet request_id= idempotency_key= order_id= user_id= sku_id= payment_tx= - Completed initialization in 1 ms
2026-08-11T09:59:13.622+08:00 INFO  d.f.m.o.OutboxAsyncOrderApplicationService request_id=c7a40de3-93fb-43ea-8094-19ed7d98914c idempotency_key=key-0377fd72-0 order_id= user_id=user-0377fd72-0 sku_id=sku-v4-backlog-0377fd72 payment_tx= - Durable Outbox acceptance command_id=be9cf6748f65fe2265f8467309564980d5d24bd1fa0b1e76b9a0b4edd4944460 status=ACCEPTED
2026-08-11T09:59:13.655+08:00 INFO  d.f.m.o.OutboxAsyncOrderApplicationService request_id=97db03d9-90f4-4795-b2fe-683ad6ef7251 idempotency_key=key-0377fd72-1 order_id= user_id=user-0377fd72-1 sku_id=sku-v4-backlog-0377fd72 payment_tx= - Durable Outbox acceptance command_id=96f8ae4a4d8ee35165cb711a1f2a3f9e9c45f47bbbfeed017b22be431713ac1d status=ACCEPTED
2026-08-11T09:59:13.668+08:00 INFO  d.f.m.o.OutboxAsyncOrderApplicationService request_id=88708d93-b80b-41b8-a6f1-962028839682 idempotency_key=key-0377fd72-2 order_id= user_id=user-0377fd72-2 sku_id=sku-v4-backlog-0377fd72 payment_tx= - Durable Outbox acceptance command_id=0f09fc81bc1d1b121002739247d9357658eead163a9cb9c7ecb8a0d7a743141e status=ACCEPTED
2026-08-11T09:59:13.674+08:00 INFO  d.f.m.outbox.OutboxDispatcher request_id= idempotency_key= order_id= user_id= sku_id= payment_tx= - Outbox publication deferred outbox_id=8ee56faf-905b-4db0-a525-a81ab36557e6 command_id=be9cf6748f65fe2265f8467309564980d5d24bd1fa0b1e76b9a0b4edd4944460 outcome=RETRYABLE cause=MQCLIENTEXCEPTION
2026-08-11T09:59:13.680+08:00 INFO  d.f.m.outbox.OutboxDispatcher request_id= idempotency_key= order_id= user_id= sku_id= payment_tx= - Outbox publication deferred outbox_id=935dff5c-afdd-44d2-a35f-6ba28fca4211 command_id=96f8ae4a4d8ee35165cb711a1f2a3f9e9c45f47bbbfeed017b22be431713ac1d outcome=RETRYABLE cause=MQCLIENTEXCEPTION
2026-08-11T09:59:13.682+08:00 INFO  d.f.m.o.OutboxAsyncOrderApplicationService request_id=09e66b7e-00f6-4d71-aa30-b32aa8e98e77 idempotency_key=key-0377fd72-3 order_id= user_id=user-0377fd72-3 sku_id=sku-v4-backlog-0377fd72 payment_tx= - Durable Outbox acceptance command_id=16f833b84cda12b03d256f4a9fd2c99eb6580efe5af66d7bb79ffd8f166b34f8 status=ACCEPTED
2026-08-11T09:59:13.690+08:00 INFO  d.f.m.o.OutboxAsyncOrderApplicationService request_id=4a3fb7a3-a2f5-42ff-8e9c-d083b5af6fa9 idempotency_key=key-0377fd72-4 order_id= user_id=user-0377fd72-4 sku_id=sku-v4-backlog-0377fd72 payment_tx= - Durable Outbox acceptance command_id=d2446937d63cb14ee5acd2b481f0edc3a2b508adaed87686c39ee2fda3cb6d45 status=ACCEPTED
2026-08-11T09:59:13.706+08:00 INFO  d.f.m.o.OutboxAsyncOrderApplicationService request_id=13fabac0-d4f5-4886-b829-c637cc83a69b idempotency_key=key-0377fd72-5 order_id= user_id=user-0377fd72-5 sku_id=sku-v4-backlog-0377fd72 payment_tx= - Durable Outbox acceptance command_id=eecfe42b45568fddbe6618fc1457776d3785547b810ddf992ca9bad4e57e5bf9 status=ACCEPTED
2026-08-11T09:59:13.718+08:00 INFO  d.f.m.o.OutboxAsyncOrderApplicationService request_id=d00e6c43-8514-4736-ba60-1b345ac18f5e idempotency_key=key-0377fd72-6 order_id= user_id=user-0377fd72-6 sku_id=sku-v4-backlog-0377fd72 payment_tx= - Durable Outbox acceptance command_id=45a90f43b2d792f30816b1c0b8768663e393414ffb1e6e8dbc6e0a4fc9633d79 status=ACCEPTED
2026-08-11T09:59:13.726+08:00 INFO  d.f.m.o.OutboxAsyncOrderApplicationService request_id=83fed5ac-5ca3-4945-aae1-158760b79c15 idempotency_key=key-0377fd72-7 order_id= user_id=user-0377fd72-7 sku_id=sku-v4-backlog-0377fd72 payment_tx= - Durable Outbox acceptance command_id=47ed5ddb3ec272774056952681e730ce71ab548851f04374b049c515d4de71b1 status=ACCEPTED
2026-08-11T09:59:13.734+08:00 INFO  d.f.m.o.OutboxAsyncOrderApplicationService request_id=bffd8d8f-e75f-4a88-904f-0f38c1832028 idempotency_key=key-0377fd72-8 order_id= user_id=user-0377fd72-8 sku_id=sku-v4-backlog-0377fd72 payment_tx= - Durable Outbox acceptance command_id=089554c78c6927482bcc264c04b74a811130a965afd5a30a0cf2a18cc6f7cc01 status=ACCEPTED
2026-08-11T09:59:13.743+08:00 INFO  d.f.m.o.OutboxAsyncOrderApplicationService request_id=28d8d2ba-c0fa-4f1a-b8b4-ea15f1279d1b idempotency_key=key-0377fd72-9 order_id= user_id=user-0377fd72-9 sku_id=sku-v4-backlog-0377fd72 payment_tx= - Durable Outbox acceptance command_id=4b10b40386f4467bc6535b3a016a2bd17fba68a6793d3c72dd1489251f2edf39 status=ACCEPTED
2026-08-11T09:59:13.751+08:00 INFO  d.f.m.o.OutboxAsyncOrderApplicationService request_id=dad7b5b8-95c4-40f3-9d06-3c256e56c9a6 idempotency_key=key-0377fd72-10 order_id= user_id=user-0377fd72-10 sku_id=sku-v4-backlog-0377fd72 payment_tx= - Durable Outbox acceptance command_id=2a8a438f763b850e95901983477798a3f1b8102a13e5da398b00e914ebd0fcba status=ACCEPTED
2026-08-11T09:59:13.760+08:00 INFO  d.f.m.o.OutboxAsyncOrderApplicationService request_id=19bba533-e0ed-4637-b4f1-69ac148f9b0b idempotency_key=key-0377fd72-11 order_id= user_id=user-0377fd72-11 sku_id=sku-v4-backlog-0377fd72 payment_tx= - Durable Outbox acceptance command_id=80b3b0116569b63a01eb728f65ad9c42d2571867c4d5fd1d3f9933a267b3fdff status=ACCEPTED
2026-08-11T09:59:13.798+08:00 INFO  d.f.m.outbox.OutboxDispatcher request_id= idempotency_key= order_id= user_id= sku_id= payment_tx= - Outbox publication deferred outbox_id=9623f707-1e66-40ba-947b-cd3032f96674 command_id=0f09fc81bc1d1b121002739247d9357658eead163a9cb9c7ecb8a0d7a743141e outcome=RETRYABLE cause=MQCLIENTEXCEPTION
2026-08-11T09:59:13.800+08:00 INFO  d.f.m.outbox.OutboxDispatcher request_id= idempotency_key= order_id= user_id= sku_id= payment_tx= - Outbox publication deferred outbox_id=cd459d43-6f88-49c9-bd6a-9145e01d19e9 command_id=16f833b84cda12b03d256f4a9fd2c99eb6580efe5af66d7bb79ffd8f166b34f8 outcome=RETRYABLE cause=MQCLIENTEXCEPTION
2026-08-11T09:59:13.803+08:00 INFO  d.f.m.outbox.OutboxDispatcher request_id= idempotency_key= order_id= user_id= sku_id= payment_tx= - Outbox publication deferred outbox_id=422956bb-5112-4064-9b08-b0ff23c9aea6 command_id=d2446937d63cb14ee5acd2b481f0edc3a2b508adaed87686c39ee2fda3cb6d45 outcome=RETRYABLE cause=MQCLIENTEXCEPTION
2026-08-11T09:59:13.805+08:00 INFO  d.f.m.outbox.OutboxDispatcher request_id= idempotency_key= order_id= user_id= sku_id= payment_tx= - Outbox publication deferred outbox_id=95533d2a-1d2b-4592-aee1-bc848e0a554d command_id=eecfe42b45568fddbe6618fc1457776d3785547b810ddf992ca9bad4e57e5bf9 outcome=RETRYABLE cause=MQCLIENTEXCEPTION
2026-08-11T09:59:13.927+08:00 INFO  d.f.m.outbox.OutboxDispatcher request_id= idempotency_key= order_id= user_id= sku_id= payment_tx= - Outbox publication deferred outbox_id=926680f5-61c1-4dd9-b8e6-f5de85f852de command_id=45a90f43b2d792f30816b1c0b8768663e393414ffb1e6e8dbc6e0a4fc9633d79 outcome=RETRYABLE cause=MQCLIENTEXCEPTION
2026-08-11T09:59:13.932+08:00 INFO  d.f.m.outbox.OutboxDispatcher request_id= idempotency_key= order_id= user_id= sku_id= payment_tx= - Outbox publication deferred outbox_id=5b06b8be-050c-4908-9ed8-a1436d4bb66d command_id=47ed5ddb3ec272774056952681e730ce71ab548851f04374b049c515d4de71b1 outcome=RETRYABLE cause=MQCLIENTEXCEPTION
2026-08-11T09:59:13.936+08:00 INFO  d.f.m.outbox.OutboxDispatcher request_id= idempotency_key= order_id= user_id= sku_id= payment_tx= - Outbox publication deferred outbox_id=58a742ab-3160-40c3-9c1e-262b9fa5800b command_id=089554c78c6927482bcc264c04b74a811130a965afd5a30a0cf2a18cc6f7cc01 outcome=RETRYABLE cause=MQCLIENTEXCEPTION
2026-08-11T09:59:13.939+08:00 INFO  d.f.m.outbox.OutboxDispatcher request_id= idempotency_key= order_id= user_id= sku_id= payment_tx= - Outbox publication deferred outbox_id=efbe160a-842b-4022-ad3d-a4d1eb1ea736 command_id=4b10b40386f4467bc6535b3a016a2bd17fba68a6793d3c72dd1489251f2edf39 outcome=RETRYABLE cause=MQCLIENTEXCEPTION
2026-08-11T09:59:14.055+08:00 INFO  d.f.m.outbox.OutboxDispatcher request_id= idempotency_key= order_id= user_id= sku_id= payment_tx= - Outbox publication deferred outbox_id=1ed15c4a-4ebe-4d1c-a03d-2176a422b8ed command_id=2a8a438f763b850e95901983477798a3f1b8102a13e5da398b00e914ebd0fcba outcome=RETRYABLE cause=MQCLIENTEXCEPTION
2026-08-11T09:59:14.058+08:00 INFO  d.f.m.outbox.OutboxDispatcher request_id= idempotency_key= order_id= user_id= sku_id= payment_tx= - Outbox publication deferred outbox_id=a3100f9f-fb8e-4164-a4f1-b7f8ad014d4b command_id=80b3b0116569b63a01eb728f65ad9c42d2571867c4d5fd1d3f9933a267b3fdff outcome=RETRYABLE cause=MQCLIENTEXCEPTION
2026-08-11T09:59:14.060+08:00 INFO  d.f.m.outbox.OutboxDispatcher request_id= idempotency_key= order_id= user_id= sku_id= payment_tx= - Outbox publication deferred outbox_id=8ee56faf-905b-4db0-a525-a81ab36557e6 command_id=be9cf6748f65fe2265f8467309564980d5d24bd1fa0b1e76b9a0b4edd4944460 outcome=RETRYABLE cause=MQCLIENTEXCEPTION
2026-08-11T09:59:14.063+08:00 INFO  d.f.m.outbox.OutboxDispatcher request_id= idempotency_key= order_id= user_id= sku_id= payment_tx= - Outbox publication deferred outbox_id=935dff5c-afdd-44d2-a35f-6ba28fca4211 command_id=96f8ae4a4d8ee35165cb711a1f2a3f9e9c45f47bbbfeed017b22be431713ac1d outcome=RETRYABLE cause=MQCLIENTEXCEPTION
2026-08-11T09:59:14.200+08:00 INFO  d.f.m.outbox.OutboxDispatcher request_id= idempotency_key= order_id= user_id= sku_id= payment_tx= - Outbox publication deferred outbox_id=9623f707-1e66-40ba-947b-cd3032f96674 command_id=0f09fc81bc1d1b121002739247d9357658eead163a9cb9c7ecb8a0d7a743141e outcome=RETRYABLE cause=MQCLIENTEXCEPTION
2026-08-11T09:59:14.209+08:00 INFO  d.f.m.outbox.OutboxDispatcher request_id= idempotency_key= order_id= user_id= sku_id= payment_tx= - Outbox publication deferred outbox_id=cd459d43-6f88-49c9-bd6a-9145e01d19e9 command_id=16f833b84cda12b03d256f4a9fd2c99eb6580efe5af66d7bb79ffd8f166b34f8 outcome=RETRYABLE cause=MQCLIENTEXCEPTION
2026-08-11T09:59:14.216+08:00 INFO  d.f.m.outbox.OutboxDispatcher request_id= idempotency_key= order_id= user_id= sku_id= payment_tx= - Outbox publication deferred outbox_id=422956bb-5112-4064-9b08-b0ff23c9aea6 command_id=d2446937d63cb14ee5acd2b481f0edc3a2b508adaed87686c39ee2fda3cb6d45 outcome=RETRYABLE cause=MQCLIENTEXCEPTION
2026-08-11T09:59:14.222+08:00 INFO  d.f.m.outbox.OutboxDispatcher request_id= idempotency_key= order_id= user_id= sku_id= payment_tx= - Outbox publication deferred outbox_id=95533d2a-1d2b-4592-aee1-bc848e0a554d command_id=eecfe42b45568fddbe6618fc1457776d3785547b810ddf992ca9bad4e57e5bf9 outcome=RETRYABLE cause=MQCLIENTEXCEPTION
2026-08-11T09:59:14.350+08:00 INFO  d.f.m.outbox.OutboxDispatcher request_id= idempotency_key= order_id= user_id= sku_id= payment_tx= - Outbox publication deferred outbox_id=926680f5-61c1-4dd9-b8e6-f5de85f852de command_id=45a90f43b2d792f30816b1c0b8768663e393414ffb1e6e8dbc6e0a4fc9633d79 outcome=RETRYABLE cause=MQCLIENTEXCEPTION
2026-08-11T09:59:14.355+08:00 INFO  d.f.m.outbox.OutboxDispatcher request_id= idempotency_key= order_id= user_id= sku_id= payment_tx= - Outbox publication deferred outbox_id=5b06b8be-050c-4908-9ed8-a1436d4bb66d command_id=47ed5ddb3ec272774056952681e730ce71ab548851f04374b049c515d4de71b1 outcome=RETRYABLE cause=MQCLIENTEXCEPTION
2026-08-11T09:59:14.360+08:00 INFO  d.f.m.outbox.OutboxDispatcher request_id= idempotency_key= order_id= user_id= sku_id= payment_tx= - Outbox publication deferred outbox_id=58a742ab-3160-40c3-9c1e-262b9fa5800b command_id=089554c78c6927482bcc264c04b74a811130a965afd5a30a0cf2a18cc6f7cc01 outcome=RETRYABLE cause=MQCLIENTEXCEPTION
2026-08-11T09:59:14.367+08:00 INFO  d.f.m.outbox.OutboxDispatcher request_id= idempotency_key= order_id= user_id= sku_id= payment_tx= - Outbox publication deferred outbox_id=efbe160a-842b-4022-ad3d-a4d1eb1ea736 command_id=4b10b40386f4467bc6535b3a016a2bd17fba68a6793d3c72dd1489251f2edf39 outcome=RETRYABLE cause=MQCLIENTEXCEPTION
2026-08-11T09:59:14.494+08:00 INFO  d.f.m.outbox.OutboxDispatcher request_id= idempotency_key= order_id= user_id= sku_id= payment_tx= - Outbox publication deferred outbox_id=1ed15c4a-4ebe-4d1c-a03d-2176a422b8ed command_id=2a8a438f763b850e95901983477798a3f1b8102a13e5da398b00e914ebd0fcba outcome=RETRYABLE cause=MQCLIENTEXCEPTION
2026-08-11T09:59:14.511+08:00 INFO  d.f.m.outbox.OutboxDispatcher request_id= idempotency_key= order_id= user_id= sku_id= payment_tx= - Outbox publication deferred outbox_id=a3100f9f-fb8e-4164-a4f1-b7f8ad014d4b command_id=80b3b0116569b63a01eb728f65ad9c42d2571867c4d5fd1d3f9933a267b3fdff outcome=RETRYABLE cause=MQCLIENTEXCEPTION
2026-08-11T09:59:14.519+08:00 INFO  d.f.m.outbox.OutboxDispatcher request_id= idempotency_key= order_id= user_id= sku_id= payment_tx= - Outbox publication deferred outbox_id=8ee56faf-905b-4db0-a525-a81ab36557e6 command_id=be9cf6748f65fe2265f8467309564980d5d24bd1fa0b1e76b9a0b4edd4944460 outcome=RETRYABLE cause=MQCLIENTEXCEPTION
2026-08-11T09:59:14.526+08:00 INFO  d.f.m.outbox.OutboxDispatcher request_id= idempotency_key= order_id= user_id= sku_id= payment_tx= - Outbox publication deferred outbox_id=935dff5c-afdd-44d2-a35f-6ba28fca4211 command_id=96f8ae4a4d8ee35165cb711a1f2a3f9e9c45f47bbbfeed017b22be431713ac1d outcome=RETRYABLE cause=MQCLIENTEXCEPTION
2026-08-11T09:59:14.737+08:00 INFO  d.f.m.outbox.OutboxDispatcher request_id= idempotency_key= order_id= user_id= sku_id= payment_tx= - Outbox publication deferred outbox_id=9623f707-1e66-40ba-947b-cd3032f96674 command_id=0f09fc81bc1d1b121002739247d9357658eead163a9cb9c7ecb8a0d7a743141e outcome=RETRYABLE cause=MQCLIENTEXCEPTION
2026-08-11T09:59:14.742+08:00 INFO  d.f.m.outbox.OutboxDispatcher request_id= idempotency_key= order_id= user_id= sku_id= payment_tx= - Outbox publication deferred outbox_id=cd459d43-6f88-49c9-bd6a-9145e01d19e9 command_id=16f833b84cda12b03d256f4a9fd2c99eb6580efe5af66d7bb79ffd8f166b34f8 outcome=RETRYABLE cause=MQCLIENTEXCEPTION
2026-08-11T09:59:14.749+08:00 INFO  d.f.m.outbox.OutboxDispatcher request_id= idempotency_key= order_id= user_id= sku_id= payment_tx= - Outbox publication deferred outbox_id=422956bb-5112-4064-9b08-b0ff23c9aea6 command_id=d2446937d63cb14ee5acd2b481f0edc3a2b508adaed87686c39ee2fda3cb6d45 outcome=RETRYABLE cause=MQCLIENTEXCEPTION
2026-08-11T09:59:14.755+08:00 INFO  d.f.m.outbox.OutboxDispatcher request_id= idempotency_key= order_id= user_id= sku_id= payment_tx= - Outbox publication deferred outbox_id=95533d2a-1d2b-4592-aee1-bc848e0a554d command_id=eecfe42b45568fddbe6618fc1457776d3785547b810ddf992ca9bad4e57e5bf9 outcome=RETRYABLE cause=MQCLIENTEXCEPTION
2026-08-11T09:59:14.887+08:00 INFO  d.f.m.outbox.OutboxDispatcher request_id= idempotency_key= order_id= user_id= sku_id= payment_tx= - Outbox publication deferred outbox_id=926680f5-61c1-4dd9-b8e6-f5de85f852de command_id=45a90f43b2d792f30816b1c0b8768663e393414ffb1e6e8dbc6e0a4fc9633d79 outcome=RETRYABLE cause=MQCLIENTEXCEPTION
2026-08-11T09:59:14.892+08:00 INFO  d.f.m.outbox.OutboxDispatcher request_id= idempotency_key= order_id= user_id= sku_id= payment_tx= - Outbox publication deferred outbox_id=5b06b8be-050c-4908-9ed8-a1436d4bb66d command_id=47ed5ddb3ec272774056952681e730ce71ab548851f04374b049c515d4de71b1 outcome=RETRYABLE cause=MQCLIENTEXCEPTION
2026-08-11T09:59:14.896+08:00 INFO  d.f.m.outbox.OutboxDispatcher request_id= idempotency_key= order_id= user_id= sku_id= payment_tx= - Outbox publication deferred outbox_id=58a742ab-3160-40c3-9c1e-262b9fa5800b command_id=089554c78c6927482bcc264c04b74a811130a965afd5a30a0cf2a18cc6f7cc01 outcome=RETRYABLE cause=MQCLIENTEXCEPTION
2026-08-11T09:59:14.900+08:00 INFO  d.f.m.outbox.OutboxDispatcher request_id= idempotency_key= order_id= user_id= sku_id= payment_tx= - Outbox publication deferred outbox_id=efbe160a-842b-4022-ad3d-a4d1eb1ea736 command_id=4b10b40386f4467bc6535b3a016a2bd17fba68a6793d3c72dd1489251f2edf39 outcome=RETRYABLE cause=MQCLIENTEXCEPTION
2026-08-11T09:59:15.041+08:00 INFO  d.f.m.outbox.OutboxDispatcher request_id= idempotency_key= order_id= user_id= sku_id= payment_tx= - Outbox publication deferred outbox_id=1ed15c4a-4ebe-4d1c-a03d-2176a422b8ed command_id=2a8a438f763b850e95901983477798a3f1b8102a13e5da398b00e914ebd0fcba outcome=RETRYABLE cause=MQCLIENTEXCEPTION
2026-08-11T09:59:15.050+08:00 INFO  d.f.m.outbox.OutboxDispatcher request_id= idempotency_key= order_id= user_id= sku_id= payment_tx= - Outbox publication deferred outbox_id=a3100f9f-fb8e-4164-a4f1-b7f8ad014d4b command_id=80b3b0116569b63a01eb728f65ad9c42d2571867c4d5fd1d3f9933a267b3fdff outcome=RETRYABLE cause=MQCLIENTEXCEPTION
2026-08-11T09:59:15.058+08:00 INFO  d.f.m.outbox.OutboxDispatcher request_id= idempotency_key= order_id= user_id= sku_id= payment_tx= - Outbox publication deferred outbox_id=8ee56faf-905b-4db0-a525-a81ab36557e6 command_id=be9cf6748f65fe2265f8467309564980d5d24bd1fa0b1e76b9a0b4edd4944460 outcome=RETRYABLE cause=MQCLIENTEXCEPTION
2026-08-11T09:59:15.071+08:00 INFO  d.f.m.outbox.OutboxDispatcher request_id= idempotency_key= order_id= user_id= sku_id= payment_tx= - Outbox publication deferred outbox_id=935dff5c-afdd-44d2-a35f-6ba28fca4211 command_id=96f8ae4a4d8ee35165cb711a1f2a3f9e9c45f47bbbfeed017b22be431713ac1d outcome=RETRYABLE cause=MQCLIENTEXCEPTION
2026-08-11T09:59:15.207+08:00 INFO  d.f.m.outbox.OutboxDispatcher request_id= idempotency_key= order_id= user_id= sku_id= payment_tx= - Outbox publication deferred outbox_id=9623f707-1e66-40ba-947b-cd3032f96674 command_id=0f09fc81bc1d1b121002739247d9357658eead163a9cb9c7ecb8a0d7a743141e outcome=RETRYABLE cause=MQCLIENTEXCEPTION
2026-08-11T09:59:15.214+08:00 INFO  d.f.m.outbox.OutboxDispatcher request_id= idempotency_key= order_id= user_id= sku_id= payment_tx= - Outbox publication deferred outbox_id=cd459d43-6f88-49c9-bd6a-9145e01d19e9 command_id=16f833b84cda12b03d256f4a9fd2c99eb6580efe5af66d7bb79ffd8f166b34f8 outcome=RETRYABLE cause=MQCLIENTEXCEPTION
2026-08-11T09:59:15.219+08:00 INFO  d.f.m.outbox.OutboxDispatcher request_id= idempotency_key= order_id= user_id= sku_id= payment_tx= - Outbox publication deferred outbox_id=422956bb-5112-4064-9b08-b0ff23c9aea6 command_id=d2446937d63cb14ee5acd2b481f0edc3a2b508adaed87686c39ee2fda3cb6d45 outcome=RETRYABLE cause=MQCLIENTEXCEPTION
2026-08-11T09:59:15.224+08:00 INFO  d.f.m.outbox.OutboxDispatcher request_id= idempotency_key= order_id= user_id= sku_id= payment_tx= - Outbox publication deferred outbox_id=95533d2a-1d2b-4592-aee1-bc848e0a554d command_id=eecfe42b45568fddbe6618fc1457776d3785547b810ddf992ca9bad4e57e5bf9 outcome=RETRYABLE cause=MQCLIENTEXCEPTION
2026-08-11T09:59:15.360+08:00 INFO  d.f.m.outbox.OutboxDispatcher request_id= idempotency_key= order_id= user_id= sku_id= payment_tx= - Outbox publication deferred outbox_id=926680f5-61c1-4dd9-b8e6-f5de85f852de command_id=45a90f43b2d792f30816b1c0b8768663e393414ffb1e6e8dbc6e0a4fc9633d79 outcome=RETRYABLE cause=MQCLIENTEXCEPTION
2026-08-11T09:59:15.366+08:00 INFO  d.f.m.outbox.OutboxDispatcher request_id= idempotency_key= order_id= user_id= sku_id= payment_tx= - Outbox publication deferred outbox_id=5b06b8be-050c-4908-9ed8-a1436d4bb66d command_id=47ed5ddb3ec272774056952681e730ce71ab548851f04374b049c515d4de71b1 outcome=RETRYABLE cause=MQCLIENTEXCEPTION
2026-08-11T09:59:15.372+08:00 INFO  d.f.m.outbox.OutboxDispatcher request_id= idempotency_key= order_id= user_id= sku_id= payment_tx= - Outbox publication deferred outbox_id=58a742ab-3160-40c3-9c1e-262b9fa5800b command_id=089554c78c6927482bcc264c04b74a811130a965afd5a30a0cf2a18cc6f7cc01 outcome=RETRYABLE cause=MQCLIENTEXCEPTION
2026-08-11T09:59:15.380+08:00 INFO  d.f.m.outbox.OutboxDispatcher request_id= idempotency_key= order_id= user_id= sku_id= payment_tx= - Outbox publication deferred outbox_id=efbe160a-842b-4022-ad3d-a4d1eb1ea736 command_id=4b10b40386f4467bc6535b3a016a2bd17fba68a6793d3c72dd1489251f2edf39 outcome=RETRYABLE cause=MQCLIENTEXCEPTION
2026-08-11T09:59:15.500+08:00 INFO  d.f.m.outbox.OutboxDispatcher request_id= idempotency_key= order_id= user_id= sku_id= payment_tx= - Outbox publication deferred outbox_id=1ed15c4a-4ebe-4d1c-a03d-2176a422b8ed command_id=2a8a438f763b850e95901983477798a3f1b8102a13e5da398b00e914ebd0fcba outcome=RETRYABLE cause=MQCLIENTEXCEPTION
2026-08-11T09:59:15.505+08:00 INFO  d.f.m.outbox.OutboxDispatcher request_id= idempotency_key= order_id= user_id= sku_id= payment_tx= - Outbox publication deferred outbox_id=a3100f9f-fb8e-4164-a4f1-b7f8ad014d4b command_id=80b3b0116569b63a01eb728f65ad9c42d2571867c4d5fd1d3f9933a267b3fdff outcome=RETRYABLE cause=MQCLIENTEXCEPTION
2026-08-11T09:59:15.944+08:00 INFO  d.f.m.outbox.OutboxDispatcher request_id= idempotency_key= order_id= user_id= sku_id= payment_tx= - Outbox publication deferred outbox_id=8ee56faf-905b-4db0-a525-a81ab36557e6 command_id=be9cf6748f65fe2265f8467309564980d5d24bd1fa0b1e76b9a0b4edd4944460 outcome=RETRYABLE cause=MQCLIENTEXCEPTION
2026-08-11T09:59:15.947+08:00 INFO  d.f.m.outbox.OutboxDispatcher request_id= idempotency_key= order_id= user_id= sku_id= payment_tx= - Outbox publication deferred outbox_id=935dff5c-afdd-44d2-a35f-6ba28fca4211 command_id=96f8ae4a4d8ee35165cb711a1f2a3f9e9c45f47bbbfeed017b22be431713ac1d outcome=RETRYABLE cause=MQCLIENTEXCEPTION
2026-08-11T09:59:16.063+08:00 INFO  d.f.m.outbox.OutboxDispatcher request_id= idempotency_key= order_id= user_id= sku_id= payment_tx= - Outbox publication deferred outbox_id=9623f707-1e66-40ba-947b-cd3032f96674 command_id=0f09fc81bc1d1b121002739247d9357658eead163a9cb9c7ecb8a0d7a743141e outcome=RETRYABLE cause=MQCLIENTEXCEPTION
2026-08-11T09:59:16.066+08:00 INFO  d.f.m.outbox.OutboxDispatcher request_id= idempotency_key= order_id= user_id= sku_id= payment_tx= - Outbox publication deferred outbox_id=cd459d43-6f88-49c9-bd6a-9145e01d19e9 command_id=16f833b84cda12b03d256f4a9fd2c99eb6580efe5af66d7bb79ffd8f166b34f8 outcome=RETRYABLE cause=MQCLIENTEXCEPTION
2026-08-11T09:59:16.069+08:00 INFO  d.f.m.outbox.OutboxDispatcher request_id= idempotency_key= order_id= user_id= sku_id= payment_tx= - Outbox publication deferred outbox_id=422956bb-5112-4064-9b08-b0ff23c9aea6 command_id=d2446937d63cb14ee5acd2b481f0edc3a2b508adaed87686c39ee2fda3cb6d45 outcome=RETRYABLE cause=MQCLIENTEXCEPTION
2026-08-11T09:59:16.072+08:00 INFO  d.f.m.outbox.OutboxDispatcher request_id= idempotency_key= order_id= user_id= sku_id= payment_tx= - Outbox publication deferred outbox_id=95533d2a-1d2b-4592-aee1-bc848e0a554d command_id=eecfe42b45568fddbe6618fc1457776d3785547b810ddf992ca9bad4e57e5bf9 outcome=RETRYABLE cause=MQCLIENTEXCEPTION
2026-08-11T09:59:16.197+08:00 INFO  d.f.m.outbox.OutboxDispatcher request_id= idempotency_key= order_id= user_id= sku_id= payment_tx= - Outbox publication deferred outbox_id=926680f5-61c1-4dd9-b8e6-f5de85f852de command_id=45a90f43b2d792f30816b1c0b8768663e393414ffb1e6e8dbc6e0a4fc9633d79 outcome=RETRYABLE cause=MQCLIENTEXCEPTION
2026-08-11T09:59:16.202+08:00 INFO  d.f.m.outbox.OutboxDispatcher request_id= idempotency_key= order_id= user_id= sku_id= payment_tx= - Outbox publication deferred outbox_id=5b06b8be-050c-4908-9ed8-a1436d4bb66d command_id=47ed5ddb3ec272774056952681e730ce71ab548851f04374b049c515d4de71b1 outcome=RETRYABLE cause=MQCLIENTEXCEPTION
2026-08-11T09:59:16.206+08:00 INFO  d.f.m.outbox.OutboxDispatcher request_id= idempotency_key= order_id= user_id= sku_id= payment_tx= - Outbox publication deferred outbox_id=58a742ab-3160-40c3-9c1e-262b9fa5800b command_id=089554c78c6927482bcc264c04b74a811130a965afd5a30a0cf2a18cc6f7cc01 outcome=RETRYABLE cause=MQCLIENTEXCEPTION
2026-08-11T09:59:16.211+08:00 INFO  d.f.m.outbox.OutboxDispatcher request_id= idempotency_key= order_id= user_id= sku_id= payment_tx= - Outbox publication deferred outbox_id=efbe160a-842b-4022-ad3d-a4d1eb1ea736 command_id=4b10b40386f4467bc6535b3a016a2bd17fba68a6793d3c72dd1489251f2edf39 outcome=RETRYABLE cause=MQCLIENTEXCEPTION
2026-08-11T09:59:16.325+08:00 INFO  d.f.m.outbox.OutboxDispatcher request_id= idempotency_key= order_id= user_id= sku_id= payment_tx= - Outbox publication deferred outbox_id=1ed15c4a-4ebe-4d1c-a03d-2176a422b8ed command_id=2a8a438f763b850e95901983477798a3f1b8102a13e5da398b00e914ebd0fcba outcome=RETRYABLE cause=MQCLIENTEXCEPTION
2026-08-11T09:59:16.328+08:00 INFO  d.f.m.outbox.OutboxDispatcher request_id= idempotency_key= order_id= user_id= sku_id= payment_tx= - Outbox publication deferred outbox_id=a3100f9f-fb8e-4164-a4f1-b7f8ad014d4b command_id=80b3b0116569b63a01eb728f65ad9c42d2571867c4d5fd1d3f9933a267b3fdff outcome=RETRYABLE cause=MQCLIENTEXCEPTION
2026-08-11T09:59:17.023+08:00 INFO  d.f.m.outbox.OutboxDispatcher request_id= idempotency_key= order_id= user_id= sku_id= payment_tx= - Outbox publication deferred outbox_id=8ee56faf-905b-4db0-a525-a81ab36557e6 command_id=be9cf6748f65fe2265f8467309564980d5d24bd1fa0b1e76b9a0b4edd4944460 outcome=RETRYABLE cause=MQCLIENTEXCEPTION
2026-08-11T09:59:17.038+08:00 INFO  d.f.m.outbox.OutboxDispatcher request_id= idempotency_key= order_id= user_id= sku_id= payment_tx= - Outbox publication deferred outbox_id=935dff5c-afdd-44d2-a35f-6ba28fca4211 command_id=96f8ae4a4d8ee35165cb711a1f2a3f9e9c45f47bbbfeed017b22be431713ac1d outcome=RETRYABLE cause=MQCLIENTEXCEPTION
2026-08-11T09:59:17.175+08:00 INFO  d.f.m.outbox.OutboxDispatcher request_id= idempotency_key= order_id= user_id= sku_id= payment_tx= - Outbox publication deferred outbox_id=9623f707-1e66-40ba-947b-cd3032f96674 command_id=0f09fc81bc1d1b121002739247d9357658eead163a9cb9c7ecb8a0d7a743141e outcome=RETRYABLE cause=MQCLIENTEXCEPTION
2026-08-11T09:59:17.184+08:00 INFO  d.f.m.outbox.OutboxDispatcher request_id= idempotency_key= order_id= user_id= sku_id= payment_tx= - Outbox publication deferred outbox_id=cd459d43-6f88-49c9-bd6a-9145e01d19e9 command_id=16f833b84cda12b03d256f4a9fd2c99eb6580efe5af66d7bb79ffd8f166b34f8 outcome=RETRYABLE cause=MQCLIENTEXCEPTION
2026-08-11T09:59:17.194+08:00 INFO  d.f.m.outbox.OutboxDispatcher request_id= idempotency_key= order_id= user_id= sku_id= payment_tx= - Outbox publication deferred outbox_id=422956bb-5112-4064-9b08-b0ff23c9aea6 command_id=d2446937d63cb14ee5acd2b481f0edc3a2b508adaed87686c39ee2fda3cb6d45 outcome=RETRYABLE cause=MQCLIENTEXCEPTION
2026-08-11T09:59:17.205+08:00 INFO  d.f.m.outbox.OutboxDispatcher request_id= idempotency_key= order_id= user_id= sku_id= payment_tx= - Outbox publication deferred outbox_id=95533d2a-1d2b-4592-aee1-bc848e0a554d command_id=eecfe42b45568fddbe6618fc1457776d3785547b810ddf992ca9bad4e57e5bf9 outcome=RETRYABLE cause=MQCLIENTEXCEPTION
2026-08-11T09:59:17.316+08:00 INFO  d.f.m.outbox.OutboxDispatcher request_id= idempotency_key= order_id= user_id= sku_id= payment_tx= - Outbox publication deferred outbox_id=926680f5-61c1-4dd9-b8e6-f5de85f852de command_id=45a90f43b2d792f30816b1c0b8768663e393414ffb1e6e8dbc6e0a4fc9633d79 outcome=RETRYABLE cause=MQCLIENTEXCEPTION
2026-08-11T09:59:17.318+08:00 INFO  d.f.m.outbox.OutboxDispatcher request_id= idempotency_key= order_id= user_id= sku_id= payment_tx= - Outbox publication deferred outbox_id=5b06b8be-050c-4908-9ed8-a1436d4bb66d command_id=47ed5ddb3ec272774056952681e730ce71ab548851f04374b049c515d4de71b1 outcome=RETRYABLE cause=MQCLIENTEXCEPTION
2026-08-11T09:59:17.320+08:00 INFO  d.f.m.outbox.OutboxDispatcher request_id= idempotency_key= order_id= user_id= sku_id= payment_tx= - Outbox publication deferred outbox_id=58a742ab-3160-40c3-9c1e-262b9fa5800b command_id=089554c78c6927482bcc264c04b74a811130a965afd5a30a0cf2a18cc6f7cc01 outcome=RETRYABLE cause=MQCLIENTEXCEPTION
2026-08-11T09:59:17.321+08:00 INFO  d.f.m.outbox.OutboxDispatcher request_id= idempotency_key= order_id= user_id= sku_id= payment_tx= - Outbox publication deferred outbox_id=efbe160a-842b-4022-ad3d-a4d1eb1ea736 command_id=4b10b40386f4467bc6535b3a016a2bd17fba68a6793d3c72dd1489251f2edf39 outcome=RETRYABLE cause=MQCLIENTEXCEPTION
2026-08-11T09:59:17.433+08:00 INFO  d.f.m.outbox.OutboxDispatcher request_id= idempotency_key= order_id= user_id= sku_id= payment_tx= - Outbox publication deferred outbox_id=1ed15c4a-4ebe-4d1c-a03d-2176a422b8ed command_id=2a8a438f763b850e95901983477798a3f1b8102a13e5da398b00e914ebd0fcba outcome=RETRYABLE cause=MQCLIENTEXCEPTION
2026-08-11T09:59:17.435+08:00 INFO  d.f.m.outbox.OutboxDispatcher request_id= idempotency_key= order_id= user_id= sku_id= payment_tx= - Outbox publication deferred outbox_id=a3100f9f-fb8e-4164-a4f1-b7f8ad014d4b command_id=80b3b0116569b63a01eb728f65ad9c42d2571867c4d5fd1d3f9933a267b3fdff outcome=RETRYABLE cause=MQCLIENTEXCEPTION
2026-08-11T09:59:18.076+08:00 INFO  d.f.m.outbox.OutboxDispatcher request_id= idempotency_key= order_id= user_id= sku_id= payment_tx= - Outbox publication deferred outbox_id=8ee56faf-905b-4db0-a525-a81ab36557e6 command_id=be9cf6748f65fe2265f8467309564980d5d24bd1fa0b1e76b9a0b4edd4944460 outcome=RETRYABLE cause=MQCLIENTEXCEPTION
2026-08-11T09:59:18.079+08:00 INFO  d.f.m.outbox.OutboxDispatcher request_id= idempotency_key= order_id= user_id= sku_id= payment_tx= - Outbox publication deferred outbox_id=935dff5c-afdd-44d2-a35f-6ba28fca4211 command_id=96f8ae4a4d8ee35165cb711a1f2a3f9e9c45f47bbbfeed017b22be431713ac1d outcome=RETRYABLE cause=MQCLIENTEXCEPTION
2026-08-11T09:59:18.193+08:00 INFO  d.f.m.outbox.OutboxDispatcher request_id= idempotency_key= order_id= user_id= sku_id= payment_tx= - Outbox publication deferred outbox_id=9623f707-1e66-40ba-947b-cd3032f96674 command_id=0f09fc81bc1d1b121002739247d9357658eead163a9cb9c7ecb8a0d7a743141e outcome=RETRYABLE cause=MQCLIENTEXCEPTION
2026-08-11T09:59:18.196+08:00 INFO  d.f.m.outbox.OutboxDispatcher request_id= idempotency_key= order_id= user_id= sku_id= payment_tx= - Outbox publication deferred outbox_id=cd459d43-6f88-49c9-bd6a-9145e01d19e9 command_id=16f833b84cda12b03d256f4a9fd2c99eb6580efe5af66d7bb79ffd8f166b34f8 outcome=RETRYABLE cause=MQCLIENTEXCEPTION
2026-08-11T09:59:18.311+08:00 INFO  d.f.m.outbox.OutboxDispatcher request_id= idempotency_key= order_id= user_id= sku_id= payment_tx= - Outbox publication deferred outbox_id=422956bb-5112-4064-9b08-b0ff23c9aea6 command_id=d2446937d63cb14ee5acd2b481f0edc3a2b508adaed87686c39ee2fda3cb6d45 outcome=RETRYABLE cause=MQCLIENTEXCEPTION
2026-08-11T09:59:18.314+08:00 INFO  d.f.m.outbox.OutboxDispatcher request_id= idempotency_key= order_id= user_id= sku_id= payment_tx= - Outbox publication deferred outbox_id=95533d2a-1d2b-4592-aee1-bc848e0a554d command_id=eecfe42b45568fddbe6618fc1457776d3785547b810ddf992ca9bad4e57e5bf9 outcome=RETRYABLE cause=MQCLIENTEXCEPTION
2026-08-11T09:59:18.432+08:00 INFO  d.f.m.outbox.OutboxDispatcher request_id= idempotency_key= order_id= user_id= sku_id= payment_tx= - Outbox publication deferred outbox_id=926680f5-61c1-4dd9-b8e6-f5de85f852de command_id=45a90f43b2d792f30816b1c0b8768663e393414ffb1e6e8dbc6e0a4fc9633d79 outcome=RETRYABLE cause=MQCLIENTEXCEPTION
2026-08-11T09:59:18.435+08:00 INFO  d.f.m.outbox.OutboxDispatcher request_id= idempotency_key= order_id= user_id= sku_id= payment_tx= - Outbox publication deferred outbox_id=5b06b8be-050c-4908-9ed8-a1436d4bb66d command_id=47ed5ddb3ec272774056952681e730ce71ab548851f04374b049c515d4de71b1 outcome=RETRYABLE cause=MQCLIENTEXCEPTION
2026-08-11T09:59:18.438+08:00 INFO  d.f.m.outbox.OutboxDispatcher request_id= idempotency_key= order_id= user_id= sku_id= payment_tx= - Outbox publication deferred outbox_id=58a742ab-3160-40c3-9c1e-262b9fa5800b command_id=089554c78c6927482bcc264c04b74a811130a965afd5a30a0cf2a18cc6f7cc01 outcome=RETRYABLE cause=MQCLIENTEXCEPTION
2026-08-11T09:59:18.440+08:00 INFO  d.f.m.outbox.OutboxDispatcher request_id= idempotency_key= order_id= user_id= sku_id= payment_tx= - Outbox publication deferred outbox_id=efbe160a-842b-4022-ad3d-a4d1eb1ea736 command_id=4b10b40386f4467bc6535b3a016a2bd17fba68a6793d3c72dd1489251f2edf39 outcome=RETRYABLE cause=MQCLIENTEXCEPTION
2026-08-11T09:59:18.554+08:00 INFO  d.f.m.outbox.OutboxDispatcher request_id= idempotency_key= order_id= user_id= sku_id= payment_tx= - Outbox publication deferred outbox_id=1ed15c4a-4ebe-4d1c-a03d-2176a422b8ed command_id=2a8a438f763b850e95901983477798a3f1b8102a13e5da398b00e914ebd0fcba outcome=RETRYABLE cause=MQCLIENTEXCEPTION
2026-08-11T09:59:18.558+08:00 INFO  d.f.m.outbox.OutboxDispatcher request_id= idempotency_key= order_id= user_id= sku_id= payment_tx= - Outbox publication deferred outbox_id=a3100f9f-fb8e-4164-a4f1-b7f8ad014d4b command_id=80b3b0116569b63a01eb728f65ad9c42d2571867c4d5fd1d3f9933a267b3fdff outcome=RETRYABLE cause=MQCLIENTEXCEPTION
2026-08-11T09:59:19.090+08:00 INFO  d.f.m.outbox.OutboxDispatcher request_id= idempotency_key= order_id= user_id= sku_id= payment_tx= - Outbox publication deferred outbox_id=8ee56faf-905b-4db0-a525-a81ab36557e6 command_id=be9cf6748f65fe2265f8467309564980d5d24bd1fa0b1e76b9a0b4edd4944460 outcome=RETRYABLE cause=MQCLIENTEXCEPTION
2026-08-11T09:59:19.093+08:00 INFO  d.f.m.outbox.OutboxDispatcher request_id= idempotency_key= order_id= user_id= sku_id= payment_tx= - Outbox publication deferred outbox_id=935dff5c-afdd-44d2-a35f-6ba28fca4211 command_id=96f8ae4a4d8ee35165cb711a1f2a3f9e9c45f47bbbfeed017b22be431713ac1d outcome=RETRYABLE cause=MQCLIENTEXCEPTION
2026-08-11T09:59:19.206+08:00 INFO  d.f.m.outbox.OutboxDispatcher request_id= idempotency_key= order_id= user_id= sku_id= payment_tx= - Outbox publication deferred outbox_id=9623f707-1e66-40ba-947b-cd3032f96674 command_id=0f09fc81bc1d1b121002739247d9357658eead163a9cb9c7ecb8a0d7a743141e outcome=RETRYABLE cause=MQCLIENTEXCEPTION
2026-08-11T09:59:19.209+08:00 INFO  d.f.m.outbox.OutboxDispatcher request_id= idempotency_key= order_id= user_id= sku_id= payment_tx= - Outbox publication deferred outbox_id=cd459d43-6f88-49c9-bd6a-9145e01d19e9 command_id=16f833b84cda12b03d256f4a9fd2c99eb6580efe5af66d7bb79ffd8f166b34f8 outcome=RETRYABLE cause=MQCLIENTEXCEPTION
2026-08-11T09:59:19.322+08:00 INFO  d.f.m.outbox.OutboxDispatcher request_id= idempotency_key= order_id= user_id= sku_id= payment_tx= - Outbox publication deferred outbox_id=422956bb-5112-4064-9b08-b0ff23c9aea6 command_id=d2446937d63cb14ee5acd2b481f0edc3a2b508adaed87686c39ee2fda3cb6d45 outcome=RETRYABLE cause=MQCLIENTEXCEPTION
2026-08-11T09:59:19.324+08:00 INFO  d.f.m.outbox.OutboxDispatcher request_id= idempotency_key= order_id= user_id= sku_id= payment_tx= - Outbox publication deferred outbox_id=95533d2a-1d2b-4592-aee1-bc848e0a554d command_id=eecfe42b45568fddbe6618fc1457776d3785547b810ddf992ca9bad4e57e5bf9 outcome=RETRYABLE cause=MQCLIENTEXCEPTION
2026-08-11T09:59:19.544+08:00 INFO  d.f.m.outbox.OutboxDispatcher request_id= idempotency_key= order_id= user_id= sku_id= payment_tx= - Outbox publication deferred outbox_id=926680f5-61c1-4dd9-b8e6-f5de85f852de command_id=45a90f43b2d792f30816b1c0b8768663e393414ffb1e6e8dbc6e0a4fc9633d79 outcome=RETRYABLE cause=MQCLIENTEXCEPTION
2026-08-11T09:59:19.547+08:00 INFO  d.f.m.outbox.OutboxDispatcher request_id= idempotency_key= order_id= user_id= sku_id= payment_tx= - Outbox publication deferred outbox_id=5b06b8be-050c-4908-9ed8-a1436d4bb66d command_id=47ed5ddb3ec272774056952681e730ce71ab548851f04374b049c515d4de71b1 outcome=RETRYABLE cause=MQCLIENTEXCEPTION
2026-08-11T09:59:19.551+08:00 INFO  d.f.m.outbox.OutboxDispatcher request_id= idempotency_key= order_id= user_id= sku_id= payment_tx= - Outbox publication deferred outbox_id=58a742ab-3160-40c3-9c1e-262b9fa5800b command_id=089554c78c6927482bcc264c04b74a811130a965afd5a30a0cf2a18cc6f7cc01 outcome=RETRYABLE cause=MQCLIENTEXCEPTION
2026-08-11T09:59:19.555+08:00 INFO  d.f.m.outbox.OutboxDispatcher request_id= idempotency_key= order_id= user_id= sku_id= payment_tx= - Outbox publication deferred outbox_id=efbe160a-842b-4022-ad3d-a4d1eb1ea736 command_id=4b10b40386f4467bc6535b3a016a2bd17fba68a6793d3c72dd1489251f2edf39 outcome=RETRYABLE cause=MQCLIENTEXCEPTION
2026-08-11T09:59:19.670+08:00 INFO  d.f.m.outbox.OutboxDispatcher request_id= idempotency_key= order_id= user_id= sku_id= payment_tx= - Outbox publication deferred outbox_id=1ed15c4a-4ebe-4d1c-a03d-2176a422b8ed command_id=2a8a438f763b850e95901983477798a3f1b8102a13e5da398b00e914ebd0fcba outcome=RETRYABLE cause=MQCLIENTEXCEPTION
2026-08-11T09:59:19.672+08:00 INFO  d.f.m.outbox.OutboxDispatcher request_id= idempotency_key= order_id= user_id= sku_id= payment_tx= - Outbox publication deferred outbox_id=a3100f9f-fb8e-4164-a4f1-b7f8ad014d4b command_id=80b3b0116569b63a01eb728f65ad9c42d2571867c4d5fd1d3f9933a267b3fdff outcome=RETRYABLE cause=MQCLIENTEXCEPTION
2026-08-11T09:59:20.099+08:00 INFO  d.f.m.outbox.OutboxDispatcher request_id= idempotency_key= order_id= user_id= sku_id= payment_tx= - Outbox publication deferred outbox_id=8ee56faf-905b-4db0-a525-a81ab36557e6 command_id=be9cf6748f65fe2265f8467309564980d5d24bd1fa0b1e76b9a0b4edd4944460 outcome=RETRYABLE cause=MQCLIENTEXCEPTION
2026-08-11T09:59:20.101+08:00 INFO  d.f.m.outbox.OutboxDispatcher request_id= idempotency_key= order_id= user_id= sku_id= payment_tx= - Outbox publication deferred outbox_id=935dff5c-afdd-44d2-a35f-6ba28fca4211 command_id=96f8ae4a4d8ee35165cb711a1f2a3f9e9c45f47bbbfeed017b22be431713ac1d outcome=RETRYABLE cause=MQCLIENTEXCEPTION
2026-08-11T09:59:20.214+08:00 INFO  d.f.m.outbox.OutboxDispatcher request_id= idempotency_key= order_id= user_id= sku_id= payment_tx= - Outbox publication deferred outbox_id=9623f707-1e66-40ba-947b-cd3032f96674 command_id=0f09fc81bc1d1b121002739247d9357658eead163a9cb9c7ecb8a0d7a743141e outcome=RETRYABLE cause=MQCLIENTEXCEPTION
2026-08-11T09:59:20.217+08:00 INFO  d.f.m.outbox.OutboxDispatcher request_id= idempotency_key= order_id= user_id= sku_id= payment_tx= - Outbox publication deferred outbox_id=cd459d43-6f88-49c9-bd6a-9145e01d19e9 command_id=16f833b84cda12b03d256f4a9fd2c99eb6580efe5af66d7bb79ffd8f166b34f8 outcome=RETRYABLE cause=MQCLIENTEXCEPTION
2026-08-11T09:59:20.432+08:00 INFO  d.f.m.outbox.OutboxDispatcher request_id= idempotency_key= order_id= user_id= sku_id= payment_tx= - Outbox publication deferred outbox_id=422956bb-5112-4064-9b08-b0ff23c9aea6 command_id=d2446937d63cb14ee5acd2b481f0edc3a2b508adaed87686c39ee2fda3cb6d45 outcome=RETRYABLE cause=MQCLIENTEXCEPTION
2026-08-11T09:59:20.436+08:00 INFO  d.f.m.outbox.OutboxDispatcher request_id= idempotency_key= order_id= user_id= sku_id= payment_tx= - Outbox publication deferred outbox_id=95533d2a-1d2b-4592-aee1-bc848e0a554d command_id=eecfe42b45568fddbe6618fc1457776d3785547b810ddf992ca9bad4e57e5bf9 outcome=RETRYABLE cause=MQCLIENTEXCEPTION
2026-08-11T09:59:20.656+08:00 INFO  d.f.m.outbox.OutboxDispatcher request_id= idempotency_key= order_id= user_id= sku_id= payment_tx= - Outbox publication deferred outbox_id=926680f5-61c1-4dd9-b8e6-f5de85f852de command_id=45a90f43b2d792f30816b1c0b8768663e393414ffb1e6e8dbc6e0a4fc9633d79 outcome=RETRYABLE cause=MQCLIENTEXCEPTION
2026-08-11T09:59:20.660+08:00 INFO  d.f.m.outbox.OutboxDispatcher request_id= idempotency_key= order_id= user_id= sku_id= payment_tx= - Outbox publication deferred outbox_id=5b06b8be-050c-4908-9ed8-a1436d4bb66d command_id=47ed5ddb3ec272774056952681e730ce71ab548851f04374b049c515d4de71b1 outcome=RETRYABLE cause=MQCLIENTEXCEPTION
2026-08-11T09:59:20.662+08:00 INFO  d.f.m.outbox.OutboxDispatcher request_id= idempotency_key= order_id= user_id= sku_id= payment_tx= - Outbox publication deferred outbox_id=58a742ab-3160-40c3-9c1e-262b9fa5800b command_id=089554c78c6927482bcc264c04b74a811130a965afd5a30a0cf2a18cc6f7cc01 outcome=RETRYABLE cause=MQCLIENTEXCEPTION
2026-08-11T09:59:20.664+08:00 INFO  d.f.m.outbox.OutboxDispatcher request_id= idempotency_key= order_id= user_id= sku_id= payment_tx= - Outbox publication deferred outbox_id=efbe160a-842b-4022-ad3d-a4d1eb1ea736 command_id=4b10b40386f4467bc6535b3a016a2bd17fba68a6793d3c72dd1489251f2edf39 outcome=RETRYABLE cause=MQCLIENTEXCEPTION
2026-08-11T09:59:20.774+08:00 INFO  d.f.m.outbox.OutboxDispatcher request_id= idempotency_key= order_id= user_id= sku_id= payment_tx= - Outbox publication deferred outbox_id=1ed15c4a-4ebe-4d1c-a03d-2176a422b8ed command_id=2a8a438f763b850e95901983477798a3f1b8102a13e5da398b00e914ebd0fcba outcome=RETRYABLE cause=MQCLIENTEXCEPTION
2026-08-11T09:59:20.776+08:00 INFO  d.f.m.outbox.OutboxDispatcher request_id= idempotency_key= order_id= user_id= sku_id= payment_tx= - Outbox publication deferred outbox_id=a3100f9f-fb8e-4164-a4f1-b7f8ad014d4b command_id=80b3b0116569b63a01eb728f65ad9c42d2571867c4d5fd1d3f9933a267b3fdff outcome=RETRYABLE cause=MQCLIENTEXCEPTION
2026-08-11T09:59:21.208+08:00 INFO  d.f.m.outbox.OutboxDispatcher request_id= idempotency_key= order_id= user_id= sku_id= payment_tx= - Outbox publication deferred outbox_id=8ee56faf-905b-4db0-a525-a81ab36557e6 command_id=be9cf6748f65fe2265f8467309564980d5d24bd1fa0b1e76b9a0b4edd4944460 outcome=RETRYABLE cause=MQCLIENTEXCEPTION
2026-08-11T09:59:21.210+08:00 INFO  d.f.m.outbox.OutboxDispatcher request_id= idempotency_key= order_id= user_id= sku_id= payment_tx= - Outbox publication deferred outbox_id=935dff5c-afdd-44d2-a35f-6ba28fca4211 command_id=96f8ae4a4d8ee35165cb711a1f2a3f9e9c45f47bbbfeed017b22be431713ac1d outcome=RETRYABLE cause=MQCLIENTEXCEPTION
2026-08-11T09:59:21.321+08:00 INFO  d.f.m.outbox.OutboxDispatcher request_id= idempotency_key= order_id= user_id= sku_id= payment_tx= - Outbox publication deferred outbox_id=9623f707-1e66-40ba-947b-cd3032f96674 command_id=0f09fc81bc1d1b121002739247d9357658eead163a9cb9c7ecb8a0d7a743141e outcome=RETRYABLE cause=MQCLIENTEXCEPTION
2026-08-11T09:59:21.323+08:00 INFO  d.f.m.outbox.OutboxDispatcher request_id= idempotency_key= order_id= user_id= sku_id= payment_tx= - Outbox publication deferred outbox_id=cd459d43-6f88-49c9-bd6a-9145e01d19e9 command_id=16f833b84cda12b03d256f4a9fd2c99eb6580efe5af66d7bb79ffd8f166b34f8 outcome=RETRYABLE cause=MQCLIENTEXCEPTION
2026-08-11T09:59:21.544+08:00 INFO  d.f.m.outbox.OutboxDispatcher request_id= idempotency_key= order_id= user_id= sku_id= payment_tx= - Outbox publication deferred outbox_id=422956bb-5112-4064-9b08-b0ff23c9aea6 command_id=d2446937d63cb14ee5acd2b481f0edc3a2b508adaed87686c39ee2fda3cb6d45 outcome=RETRYABLE cause=MQCLIENTEXCEPTION
2026-08-11T09:59:21.546+08:00 INFO  d.f.m.outbox.OutboxDispatcher request_id= idempotency_key= order_id= user_id= sku_id= payment_tx= - Outbox publication deferred outbox_id=95533d2a-1d2b-4592-aee1-bc848e0a554d command_id=eecfe42b45568fddbe6618fc1457776d3785547b810ddf992ca9bad4e57e5bf9 outcome=RETRYABLE cause=MQCLIENTEXCEPTION
2026-08-11T09:59:21.770+08:00 INFO  d.f.m.outbox.OutboxDispatcher request_id= idempotency_key= order_id= user_id= sku_id= payment_tx= - Outbox publication deferred outbox_id=926680f5-61c1-4dd9-b8e6-f5de85f852de command_id=45a90f43b2d792f30816b1c0b8768663e393414ffb1e6e8dbc6e0a4fc9633d79 outcome=RETRYABLE cause=MQCLIENTEXCEPTION
2026-08-11T09:59:21.773+08:00 INFO  d.f.m.outbox.OutboxDispatcher request_id= idempotency_key= order_id= user_id= sku_id= payment_tx= - Outbox publication deferred outbox_id=5b06b8be-050c-4908-9ed8-a1436d4bb66d command_id=47ed5ddb3ec272774056952681e730ce71ab548851f04374b049c515d4de71b1 outcome=RETRYABLE cause=MQCLIENTEXCEPTION
2026-08-11T09:59:21.777+08:00 INFO  d.f.m.outbox.OutboxDispatcher request_id= idempotency_key= order_id= user_id= sku_id= payment_tx= - Outbox publication deferred outbox_id=58a742ab-3160-40c3-9c1e-262b9fa5800b command_id=089554c78c6927482bcc264c04b74a811130a965afd5a30a0cf2a18cc6f7cc01 outcome=RETRYABLE cause=MQCLIENTEXCEPTION
2026-08-11T09:59:21.779+08:00 INFO  d.f.m.outbox.OutboxDispatcher request_id= idempotency_key= order_id= user_id= sku_id= payment_tx= - Outbox publication deferred outbox_id=efbe160a-842b-4022-ad3d-a4d1eb1ea736 command_id=4b10b40386f4467bc6535b3a016a2bd17fba68a6793d3c72dd1489251f2edf39 outcome=RETRYABLE cause=MQCLIENTEXCEPTION
2026-08-11T09:59:21.892+08:00 INFO  d.f.m.outbox.OutboxDispatcher request_id= idempotency_key= order_id= user_id= sku_id= payment_tx= - Outbox publication deferred outbox_id=1ed15c4a-4ebe-4d1c-a03d-2176a422b8ed command_id=2a8a438f763b850e95901983477798a3f1b8102a13e5da398b00e914ebd0fcba outcome=RETRYABLE cause=MQCLIENTEXCEPTION
2026-08-11T09:59:21.894+08:00 INFO  d.f.m.outbox.OutboxDispatcher request_id= idempotency_key= order_id= user_id= sku_id= payment_tx= - Outbox publication deferred outbox_id=a3100f9f-fb8e-4164-a4f1-b7f8ad014d4b command_id=80b3b0116569b63a01eb728f65ad9c42d2571867c4d5fd1d3f9933a267b3fdff outcome=RETRYABLE cause=MQCLIENTEXCEPTION
2026-08-11T09:59:22.212+08:00 INFO  d.f.m.outbox.OutboxDispatcher request_id= idempotency_key= order_id= user_id= sku_id= payment_tx= - Outbox publication deferred outbox_id=8ee56faf-905b-4db0-a525-a81ab36557e6 command_id=be9cf6748f65fe2265f8467309564980d5d24bd1fa0b1e76b9a0b4edd4944460 outcome=RETRYABLE cause=MQCLIENTEXCEPTION
2026-08-11T09:59:22.324+08:00 INFO  d.f.m.outbox.OutboxDispatcher request_id= idempotency_key= order_id= user_id= sku_id= payment_tx= - Outbox publication deferred outbox_id=935dff5c-afdd-44d2-a35f-6ba28fca4211 command_id=96f8ae4a4d8ee35165cb711a1f2a3f9e9c45f47bbbfeed017b22be431713ac1d outcome=RETRYABLE cause=MQCLIENTEXCEPTION
2026-08-11T09:59:22.437+08:00 INFO  d.f.m.outbox.OutboxDispatcher request_id= idempotency_key= order_id= user_id= sku_id= payment_tx= - Outbox publication deferred outbox_id=9623f707-1e66-40ba-947b-cd3032f96674 command_id=0f09fc81bc1d1b121002739247d9357658eead163a9cb9c7ecb8a0d7a743141e outcome=RETRYABLE cause=MQCLIENTEXCEPTION
2026-08-11T09:59:22.439+08:00 INFO  d.f.m.outbox.OutboxDispatcher request_id= idempotency_key= order_id= user_id= sku_id= payment_tx= - Outbox publication deferred outbox_id=cd459d43-6f88-49c9-bd6a-9145e01d19e9 command_id=16f833b84cda12b03d256f4a9fd2c99eb6580efe5af66d7bb79ffd8f166b34f8 outcome=RETRYABLE cause=MQCLIENTEXCEPTION
2026-08-11T09:59:22.550+08:00 INFO  d.f.m.outbox.OutboxDispatcher request_id= idempotency_key= order_id= user_id= sku_id= payment_tx= - Outbox publication deferred outbox_id=422956bb-5112-4064-9b08-b0ff23c9aea6 command_id=d2446937d63cb14ee5acd2b481f0edc3a2b508adaed87686c39ee2fda3cb6d45 outcome=RETRYABLE cause=MQCLIENTEXCEPTION
2026-08-11T09:59:22.659+08:00 INFO  d.f.m.outbox.OutboxDispatcher request_id= idempotency_key= order_id= user_id= sku_id= payment_tx= - Outbox publication deferred outbox_id=95533d2a-1d2b-4592-aee1-bc848e0a554d command_id=eecfe42b45568fddbe6618fc1457776d3785547b810ddf992ca9bad4e57e5bf9 outcome=RETRYABLE cause=MQCLIENTEXCEPTION
2026-08-11T09:59:22.878+08:00 INFO  d.f.m.outbox.OutboxDispatcher request_id= idempotency_key= order_id= user_id= sku_id= payment_tx= - Outbox publication deferred outbox_id=926680f5-61c1-4dd9-b8e6-f5de85f852de command_id=45a90f43b2d792f30816b1c0b8768663e393414ffb1e6e8dbc6e0a4fc9633d79 outcome=RETRYABLE cause=MQCLIENTEXCEPTION
2026-08-11T09:59:22.881+08:00 INFO  d.f.m.outbox.OutboxDispatcher request_id= idempotency_key= order_id= user_id= sku_id= payment_tx= - Outbox publication deferred outbox_id=5b06b8be-050c-4908-9ed8-a1436d4bb66d command_id=47ed5ddb3ec272774056952681e730ce71ab548851f04374b049c515d4de71b1 outcome=RETRYABLE cause=MQCLIENTEXCEPTION
2026-08-11T09:59:22.885+08:00 INFO  d.f.m.outbox.OutboxDispatcher request_id= idempotency_key= order_id= user_id= sku_id= payment_tx= - Outbox publication deferred outbox_id=58a742ab-3160-40c3-9c1e-262b9fa5800b command_id=089554c78c6927482bcc264c04b74a811130a965afd5a30a0cf2a18cc6f7cc01 outcome=RETRYABLE cause=MQCLIENTEXCEPTION
2026-08-11T09:59:22.887+08:00 INFO  d.f.m.outbox.OutboxDispatcher request_id= idempotency_key= order_id= user_id= sku_id= payment_tx= - Outbox publication deferred outbox_id=efbe160a-842b-4022-ad3d-a4d1eb1ea736 command_id=4b10b40386f4467bc6535b3a016a2bd17fba68a6793d3c72dd1489251f2edf39 outcome=RETRYABLE cause=MQCLIENTEXCEPTION
2026-08-11T09:59:23.002+08:00 INFO  d.f.m.outbox.OutboxDispatcher request_id= idempotency_key= order_id= user_id= sku_id= payment_tx= - Outbox publication deferred outbox_id=1ed15c4a-4ebe-4d1c-a03d-2176a422b8ed command_id=2a8a438f763b850e95901983477798a3f1b8102a13e5da398b00e914ebd0fcba outcome=RETRYABLE cause=MQCLIENTEXCEPTION
2026-08-11T09:59:23.005+08:00 INFO  d.f.m.outbox.OutboxDispatcher request_id= idempotency_key= order_id= user_id= sku_id= payment_tx= - Outbox publication deferred outbox_id=a3100f9f-fb8e-4164-a4f1-b7f8ad014d4b command_id=80b3b0116569b63a01eb728f65ad9c42d2571867c4d5fd1d3f9933a267b3fdff outcome=RETRYABLE cause=MQCLIENTEXCEPTION
2026-08-11T09:59:23.221+08:00 INFO  d.f.m.outbox.OutboxDispatcher request_id= idempotency_key= order_id= user_id= sku_id= payment_tx= - Outbox publication deferred outbox_id=8ee56faf-905b-4db0-a525-a81ab36557e6 command_id=be9cf6748f65fe2265f8467309564980d5d24bd1fa0b1e76b9a0b4edd4944460 outcome=RETRYABLE cause=MQCLIENTEXCEPTION
2026-08-11T09:59:23.332+08:00 INFO  d.f.m.outbox.OutboxDispatcher request_id= idempotency_key= order_id= user_id= sku_id= payment_tx= - Outbox publication deferred outbox_id=935dff5c-afdd-44d2-a35f-6ba28fca4211 command_id=96f8ae4a4d8ee35165cb711a1f2a3f9e9c45f47bbbfeed017b22be431713ac1d outcome=RETRYABLE cause=MQCLIENTEXCEPTION
2026-08-11T09:59:23.444+08:00 INFO  d.f.m.outbox.OutboxDispatcher request_id= idempotency_key= order_id= user_id= sku_id= payment_tx= - Outbox publication deferred outbox_id=9623f707-1e66-40ba-947b-cd3032f96674 command_id=0f09fc81bc1d1b121002739247d9357658eead163a9cb9c7ecb8a0d7a743141e outcome=RETRYABLE cause=MQCLIENTEXCEPTION
2026-08-11T09:59:23.447+08:00 INFO  d.f.m.outbox.OutboxDispatcher request_id= idempotency_key= order_id= user_id= sku_id= payment_tx= - Outbox publication deferred outbox_id=cd459d43-6f88-49c9-bd6a-9145e01d19e9 command_id=16f833b84cda12b03d256f4a9fd2c99eb6580efe5af66d7bb79ffd8f166b34f8 outcome=RETRYABLE cause=MQCLIENTEXCEPTION
2026-08-11T09:59:23.559+08:00 INFO  d.f.m.outbox.OutboxDispatcher request_id= idempotency_key= order_id= user_id= sku_id= payment_tx= - Outbox publication deferred outbox_id=422956bb-5112-4064-9b08-b0ff23c9aea6 command_id=d2446937d63cb14ee5acd2b481f0edc3a2b508adaed87686c39ee2fda3cb6d45 outcome=RETRYABLE cause=MQCLIENTEXCEPTION
2026-08-11T09:59:23.672+08:00 INFO  d.f.m.outbox.OutboxDispatcher request_id= idempotency_key= order_id= user_id= sku_id= payment_tx= - Outbox publication deferred outbox_id=95533d2a-1d2b-4592-aee1-bc848e0a554d command_id=eecfe42b45568fddbe6618fc1457776d3785547b810ddf992ca9bad4e57e5bf9 outcome=RETRYABLE cause=MQCLIENTEXCEPTION
2026-08-11T09:59:23.910+08:00 INFO  d.f.m.outbox.OutboxDispatcher request_id= idempotency_key= order_id= user_id= sku_id= payment_tx= - Outbox publication deferred outbox_id=926680f5-61c1-4dd9-b8e6-f5de85f852de command_id=45a90f43b2d792f30816b1c0b8768663e393414ffb1e6e8dbc6e0a4fc9633d79 outcome=RETRYABLE cause=MQCLIENTEXCEPTION
2026-08-11T09:59:23.913+08:00 INFO  d.f.m.outbox.OutboxDispatcher request_id= idempotency_key= order_id= user_id= sku_id= payment_tx= - Outbox publication deferred outbox_id=5b06b8be-050c-4908-9ed8-a1436d4bb66d command_id=47ed5ddb3ec272774056952681e730ce71ab548851f04374b049c515d4de71b1 outcome=RETRYABLE cause=MQCLIENTEXCEPTION
2026-08-11T09:59:23.915+08:00 INFO  d.f.m.outbox.OutboxDispatcher request_id= idempotency_key= order_id= user_id= sku_id= payment_tx= - Outbox publication deferred outbox_id=58a742ab-3160-40c3-9c1e-262b9fa5800b command_id=089554c78c6927482bcc264c04b74a811130a965afd5a30a0cf2a18cc6f7cc01 outcome=RETRYABLE cause=MQCLIENTEXCEPTION
2026-08-11T09:59:24.026+08:00 INFO  d.f.m.outbox.OutboxDispatcher request_id= idempotency_key= order_id= user_id= sku_id= payment_tx= - Outbox publication deferred outbox_id=efbe160a-842b-4022-ad3d-a4d1eb1ea736 command_id=4b10b40386f4467bc6535b3a016a2bd17fba68a6793d3c72dd1489251f2edf39 outcome=RETRYABLE cause=MQCLIENTEXCEPTION
2026-08-11T09:59:24.028+08:00 INFO  d.f.m.outbox.OutboxDispatcher request_id= idempotency_key= order_id= user_id= sku_id= payment_tx= - Outbox publication deferred outbox_id=1ed15c4a-4ebe-4d1c-a03d-2176a422b8ed command_id=2a8a438f763b850e95901983477798a3f1b8102a13e5da398b00e914ebd0fcba outcome=RETRYABLE cause=MQCLIENTEXCEPTION
2026-08-11T09:59:24.030+08:00 INFO  d.f.m.outbox.OutboxDispatcher request_id= idempotency_key= order_id= user_id= sku_id= payment_tx= - Outbox publication deferred outbox_id=a3100f9f-fb8e-4164-a4f1-b7f8ad014d4b command_id=80b3b0116569b63a01eb728f65ad9c42d2571867c4d5fd1d3f9933a267b3fdff outcome=RETRYABLE cause=MQCLIENTEXCEPTION
2026-08-11T09:59:24.243+08:00 INFO  d.f.m.outbox.OutboxDispatcher request_id= idempotency_key= order_id= user_id= sku_id= payment_tx= - Outbox publication deferred outbox_id=8ee56faf-905b-4db0-a525-a81ab36557e6 command_id=be9cf6748f65fe2265f8467309564980d5d24bd1fa0b1e76b9a0b4edd4944460 outcome=RETRYABLE cause=MQCLIENTEXCEPTION
2026-08-11T09:59:24.352+08:00 INFO  d.f.m.outbox.OutboxDispatcher request_id= idempotency_key= order_id= user_id= sku_id= payment_tx= - Outbox publication deferred outbox_id=935dff5c-afdd-44d2-a35f-6ba28fca4211 command_id=96f8ae4a4d8ee35165cb711a1f2a3f9e9c45f47bbbfeed017b22be431713ac1d outcome=RETRYABLE cause=MQCLIENTEXCEPTION
2026-08-11T09:59:24.465+08:00 INFO  d.f.m.outbox.OutboxDispatcher request_id= idempotency_key= order_id= user_id= sku_id= payment_tx= - Outbox publication deferred outbox_id=9623f707-1e66-40ba-947b-cd3032f96674 command_id=0f09fc81bc1d1b121002739247d9357658eead163a9cb9c7ecb8a0d7a743141e outcome=RETRYABLE cause=MQCLIENTEXCEPTION
2026-08-11T09:59:24.468+08:00 INFO  d.f.m.outbox.OutboxDispatcher request_id= idempotency_key= order_id= user_id= sku_id= payment_tx= - Outbox publication deferred outbox_id=cd459d43-6f88-49c9-bd6a-9145e01d19e9 command_id=16f833b84cda12b03d256f4a9fd2c99eb6580efe5af66d7bb79ffd8f166b34f8 outcome=RETRYABLE cause=MQCLIENTEXCEPTION
2026-08-11T09:59:24.578+08:00 INFO  d.f.m.outbox.OutboxDispatcher request_id= idempotency_key= order_id= user_id= sku_id= payment_tx= - Outbox publication deferred outbox_id=422956bb-5112-4064-9b08-b0ff23c9aea6 command_id=d2446937d63cb14ee5acd2b481f0edc3a2b508adaed87686c39ee2fda3cb6d45 outcome=RETRYABLE cause=MQCLIENTEXCEPTION
2026-08-11T09:59:24.686+08:00 INFO  d.f.m.outbox.OutboxDispatcher request_id= idempotency_key= order_id= user_id= sku_id= payment_tx= - Outbox publication deferred outbox_id=95533d2a-1d2b-4592-aee1-bc848e0a554d command_id=eecfe42b45568fddbe6618fc1457776d3785547b810ddf992ca9bad4e57e5bf9 outcome=RETRYABLE cause=MQCLIENTEXCEPTION
2026-08-11T09:59:25.009+08:00 INFO  d.f.m.outbox.OutboxDispatcher request_id= idempotency_key= order_id= user_id= sku_id= payment_tx= - Outbox publication deferred outbox_id=926680f5-61c1-4dd9-b8e6-f5de85f852de command_id=45a90f43b2d792f30816b1c0b8768663e393414ffb1e6e8dbc6e0a4fc9633d79 outcome=RETRYABLE cause=MQCLIENTEXCEPTION
2026-08-11T09:59:25.012+08:00 INFO  d.f.m.outbox.OutboxDispatcher request_id= idempotency_key= order_id= user_id= sku_id= payment_tx= - Outbox publication deferred outbox_id=5b06b8be-050c-4908-9ed8-a1436d4bb66d command_id=47ed5ddb3ec272774056952681e730ce71ab548851f04374b049c515d4de71b1 outcome=RETRYABLE cause=MQCLIENTEXCEPTION
2026-08-11T09:59:25.014+08:00 INFO  d.f.m.outbox.OutboxDispatcher request_id= idempotency_key= order_id= user_id= sku_id= payment_tx= - Outbox publication deferred outbox_id=58a742ab-3160-40c3-9c1e-262b9fa5800b command_id=089554c78c6927482bcc264c04b74a811130a965afd5a30a0cf2a18cc6f7cc01 outcome=RETRYABLE cause=MQCLIENTEXCEPTION
2026-08-11T09:59:25.128+08:00 INFO  d.f.m.outbox.OutboxDispatcher request_id= idempotency_key= order_id= user_id= sku_id= payment_tx= - Outbox publication deferred outbox_id=efbe160a-842b-4022-ad3d-a4d1eb1ea736 command_id=4b10b40386f4467bc6535b3a016a2bd17fba68a6793d3c72dd1489251f2edf39 outcome=RETRYABLE cause=MQCLIENTEXCEPTION
2026-08-11T09:59:25.132+08:00 INFO  d.f.m.outbox.OutboxDispatcher request_id= idempotency_key= order_id= user_id= sku_id= payment_tx= - Outbox publication deferred outbox_id=1ed15c4a-4ebe-4d1c-a03d-2176a422b8ed command_id=2a8a438f763b850e95901983477798a3f1b8102a13e5da398b00e914ebd0fcba outcome=RETRYABLE cause=MQCLIENTEXCEPTION
2026-08-11T09:59:25.139+08:00 INFO  d.f.m.outbox.OutboxDispatcher request_id= idempotency_key= order_id= user_id= sku_id= payment_tx= - Outbox publication deferred outbox_id=a3100f9f-fb8e-4164-a4f1-b7f8ad014d4b command_id=80b3b0116569b63a01eb728f65ad9c42d2571867c4d5fd1d3f9933a267b3fdff outcome=RETRYABLE cause=MQCLIENTEXCEPTION
2026-08-11T09:59:25.252+08:00 INFO  d.f.m.outbox.OutboxDispatcher request_id= idempotency_key= order_id= user_id= sku_id= payment_tx= - Outbox publication deferred outbox_id=8ee56faf-905b-4db0-a525-a81ab36557e6 command_id=be9cf6748f65fe2265f8467309564980d5d24bd1fa0b1e76b9a0b4edd4944460 outcome=RETRYABLE cause=MQCLIENTEXCEPTION
2026-08-11T09:59:25.364+08:00 INFO  d.f.m.outbox.OutboxDispatcher request_id= idempotency_key= order_id= user_id= sku_id= payment_tx= - Outbox publication deferred outbox_id=935dff5c-afdd-44d2-a35f-6ba28fca4211 command_id=96f8ae4a4d8ee35165cb711a1f2a3f9e9c45f47bbbfeed017b22be431713ac1d outcome=RETRYABLE cause=MQCLIENTEXCEPTION
2026-08-11T09:59:25.475+08:00 INFO  d.f.m.outbox.OutboxDispatcher request_id= idempotency_key= order_id= user_id= sku_id= payment_tx= - Outbox publication deferred outbox_id=9623f707-1e66-40ba-947b-cd3032f96674 command_id=0f09fc81bc1d1b121002739247d9357658eead163a9cb9c7ecb8a0d7a743141e outcome=RETRYABLE cause=MQCLIENTEXCEPTION
2026-08-11T09:59:25.479+08:00 INFO  d.f.m.outbox.OutboxDispatcher request_id= idempotency_key= order_id= user_id= sku_id= payment_tx= - Outbox publication deferred outbox_id=cd459d43-6f88-49c9-bd6a-9145e01d19e9 command_id=16f833b84cda12b03d256f4a9fd2c99eb6580efe5af66d7bb79ffd8f166b34f8 outcome=RETRYABLE cause=MQCLIENTEXCEPTION
2026-08-11T09:59:25.593+08:00 INFO  d.f.m.outbox.OutboxDispatcher request_id= idempotency_key= order_id= user_id= sku_id= payment_tx= - Outbox publication deferred outbox_id=422956bb-5112-4064-9b08-b0ff23c9aea6 command_id=d2446937d63cb14ee5acd2b481f0edc3a2b508adaed87686c39ee2fda3cb6d45 outcome=RETRYABLE cause=MQCLIENTEXCEPTION
2026-08-11T09:59:25.722+08:00 INFO  d.f.m.outbox.OutboxDispatcher request_id= idempotency_key= order_id= user_id= sku_id= payment_tx= - Outbox publication deferred outbox_id=95533d2a-1d2b-4592-aee1-bc848e0a554d command_id=eecfe42b45568fddbe6618fc1457776d3785547b810ddf992ca9bad4e57e5bf9 outcome=RETRYABLE cause=MQCLIENTEXCEPTION
2026-08-11T09:59:26.089+08:00 INFO  d.f.m.outbox.OutboxDispatcher request_id= idempotency_key= order_id= user_id= sku_id= payment_tx= - Outbox publication outbox_id=926680f5-61c1-4dd9-b8e6-f5de85f852de command_id=45a90f43b2d792f30816b1c0b8768663e393414ffb1e6e8dbc6e0a4fc9633d79 outcome=ACKNOWLEDGED
2026-08-11T09:59:26.094+08:00 INFO  d.f.m.outbox.OutboxDispatcher request_id= idempotency_key= order_id= user_id= sku_id= payment_tx= - Outbox publication outbox_id=5b06b8be-050c-4908-9ed8-a1436d4bb66d command_id=47ed5ddb3ec272774056952681e730ce71ab548851f04374b049c515d4de71b1 outcome=ACKNOWLEDGED
2026-08-11T09:59:26.100+08:00 INFO  d.f.m.outbox.OutboxDispatcher request_id= idempotency_key= order_id= user_id= sku_id= payment_tx= - Outbox publication outbox_id=58a742ab-3160-40c3-9c1e-262b9fa5800b command_id=089554c78c6927482bcc264c04b74a811130a965afd5a30a0cf2a18cc6f7cc01 outcome=ACKNOWLEDGED
2026-08-11T09:59:26.219+08:00 INFO  d.f.m.outbox.OutboxDispatcher request_id= idempotency_key= order_id= user_id= sku_id= payment_tx= - Outbox publication outbox_id=efbe160a-842b-4022-ad3d-a4d1eb1ea736 command_id=4b10b40386f4467bc6535b3a016a2bd17fba68a6793d3c72dd1489251f2edf39 outcome=ACKNOWLEDGED
2026-08-11T09:59:26.228+08:00 INFO  d.f.m.outbox.OutboxDispatcher request_id= idempotency_key= order_id= user_id= sku_id= payment_tx= - Outbox publication outbox_id=1ed15c4a-4ebe-4d1c-a03d-2176a422b8ed command_id=2a8a438f763b850e95901983477798a3f1b8102a13e5da398b00e914ebd0fcba outcome=ACKNOWLEDGED
2026-08-11T09:59:26.244+08:00 INFO  d.f.m.outbox.OutboxDispatcher request_id= idempotency_key= order_id= user_id= sku_id= payment_tx= - Outbox publication outbox_id=a3100f9f-fb8e-4164-a4f1-b7f8ad014d4b command_id=80b3b0116569b63a01eb728f65ad9c42d2571867c4d5fd1d3f9933a267b3fdff outcome=ACKNOWLEDGED
2026-08-11T09:59:26.361+08:00 INFO  d.f.m.outbox.OutboxDispatcher request_id= idempotency_key= order_id= user_id= sku_id= payment_tx= - Outbox publication outbox_id=8ee56faf-905b-4db0-a525-a81ab36557e6 command_id=be9cf6748f65fe2265f8467309564980d5d24bd1fa0b1e76b9a0b4edd4944460 outcome=ACKNOWLEDGED
2026-08-11T09:59:26.474+08:00 INFO  d.f.m.outbox.OutboxDispatcher request_id= idempotency_key= order_id= user_id= sku_id= payment_tx= - Outbox publication outbox_id=935dff5c-afdd-44d2-a35f-6ba28fca4211 command_id=96f8ae4a4d8ee35165cb711a1f2a3f9e9c45f47bbbfeed017b22be431713ac1d outcome=ACKNOWLEDGED
2026-08-11T09:59:26.591+08:00 INFO  d.f.m.outbox.OutboxDispatcher request_id= idempotency_key= order_id= user_id= sku_id= payment_tx= - Outbox publication outbox_id=9623f707-1e66-40ba-947b-cd3032f96674 command_id=0f09fc81bc1d1b121002739247d9357658eead163a9cb9c7ecb8a0d7a743141e outcome=ACKNOWLEDGED
2026-08-11T09:59:26.596+08:00 INFO  d.f.m.outbox.OutboxDispatcher request_id= idempotency_key= order_id= user_id= sku_id= payment_tx= - Outbox publication outbox_id=cd459d43-6f88-49c9-bd6a-9145e01d19e9 command_id=16f833b84cda12b03d256f4a9fd2c99eb6580efe5af66d7bb79ffd8f166b34f8 outcome=ACKNOWLEDGED
2026-08-11T09:59:26.709+08:00 INFO  d.f.m.outbox.OutboxDispatcher request_id= idempotency_key= order_id= user_id= sku_id= payment_tx= - Outbox publication outbox_id=422956bb-5112-4064-9b08-b0ff23c9aea6 command_id=d2446937d63cb14ee5acd2b481f0edc3a2b508adaed87686c39ee2fda3cb6d45 outcome=ACKNOWLEDGED
2026-08-11T09:59:26.837+08:00 INFO  d.f.m.outbox.OutboxDispatcher request_id= idempotency_key= order_id= user_id= sku_id= payment_tx= - Outbox publication outbox_id=95533d2a-1d2b-4592-aee1-bc848e0a554d command_id=eecfe42b45568fddbe6618fc1457776d3785547b810ddf992ca9bad4e57e5bf9 outcome=ACKNOWLEDGED
2026-08-11T09:59:46.379+08:00 INFO  o.s.b.w.e.tomcat.GracefulShutdown request_id= idempotency_key= order_id= user_id= sku_id= payment_tx= - Commencing graceful shutdown. Waiting for active requests to complete
2026-08-11T09:59:48.384+08:00 INFO  o.s.b.w.e.tomcat.GracefulShutdown request_id= idempotency_key= order_id= user_id= sku_id= payment_tx= - Graceful shutdown complete
2026-08-11T09:59:48.384+08:00 ERROR org.apache.tomcat.util.net.Acceptor request_id= idempotency_key= order_id= user_id= sku_id= payment_tx= - Socket accept failed
java.nio.channels.AsynchronousCloseException: null
	at java.base/java.nio.channels.spi.AbstractInterruptibleChannel.end(AbstractInterruptibleChannel.java:218)
	at java.base/sun.nio.ch.ServerSocketChannelImpl.end(ServerSocketChannelImpl.java:372)
	at java.base/sun.nio.ch.ServerSocketChannelImpl.accept(ServerSocketChannelImpl.java:397)
	at org.apache.tomcat.util.net.NioEndpoint.serverSocketAccept(NioEndpoint.java:537)
	at org.apache.tomcat.util.net.NioEndpoint.serverSocketAccept(NioEndpoint.java:72)
	at org.apache.tomcat.util.net.Acceptor.run(Acceptor.java:127)
	at java.base/java.lang.Thread.run(Thread.java:1516)
2026-08-11T09:59:48.480+08:00 INFO  com.zaxxer.hikari.HikariDataSource request_id= idempotency_key= order_id= user_id= sku_id= payment_tx= - HikariPool-1 - Shutdown initiated...
2026-08-11T09:59:48.483+08:00 INFO  com.zaxxer.hikari.HikariDataSource request_id= idempotency_key= order_id= user_id= sku_id= payment_tx= - HikariPool-1 - Shutdown completed.
[INFO] Tests run: 1, Failures: 0, Errors: 0, Skipped: 0, Time elapsed: 56.57 s -- in dev.flashflow.V4OutboxBacklogDrainIntegrationTest
[INFO] Running dev.flashflow.V4OutboxProducerAckLossIntegrationTest
2026-08-11T09:59:48.504+08:00 INFO  o.s.t.c.s.AnnotationConfigContextLoaderUtils request_id= idempotency_key= order_id= user_id= sku_id= payment_tx= - Could not detect default configuration classes for test class [dev.flashflow.V4OutboxProducerAckLossIntegrationTest]: V4OutboxProducerAckLossIntegrationTest does not declare any static, non-private, non-final, nested classes annotated with @Configuration.
2026-08-11T09:59:48.505+08:00 INFO  o.s.b.t.c.SpringBootTestContextBootstrapper request_id= idempotency_key= order_id= user_id= sku_id= payment_tx= - Found @SpringBootConfiguration dev.flashflow.FlashFlowApplication for test class dev.flashflow.V4OutboxProducerAckLossIntegrationTest

  .   ____          _            __ _ _
 /\\ / ___'_ __ _ _(_)_ __  __ _ \ \ \ \
( ( )\___ | '_ | '_| | '_ \/ _` | \ \ \ \
 \\/  ___)| |_)| | | | | || (_| |  ) ) ) )
  '  |____| .__|_| |_|_| |_\__, | / / / /
 =========|_|==============|___/=/_/_/_/

 :: Spring Boot ::                (v3.5.5)

2026-08-11T09:59:48.549+08:00 INFO  d.f.V4OutboxProducerAckLossIntegrationTest request_id= idempotency_key= order_id= user_id= sku_id= payment_tx= - Starting V4OutboxProducerAckLossIntegrationTest using Java 26.0.2 with PID 50867 (started by yuzheng in /Users/yuzheng/Computeracy/Zhenkun26-GitHub/FlashFlow)
2026-08-11T09:59:48.549+08:00 INFO  d.f.V4OutboxProducerAckLossIntegrationTest request_id= idempotency_key= order_id= user_id= sku_id= payment_tx= - The following 1 profile is active: "test"
2026-08-11T09:59:48.736+08:00 INFO  o.s.d.r.c.RepositoryConfigurationDelegate request_id= idempotency_key= order_id= user_id= sku_id= payment_tx= - Multiple Spring Data modules found, entering strict repository configuration mode
2026-08-11T09:59:48.736+08:00 INFO  o.s.d.r.c.RepositoryConfigurationDelegate request_id= idempotency_key= order_id= user_id= sku_id= payment_tx= - Bootstrapping Spring Data Redis repositories in DEFAULT mode.
2026-08-11T09:59:48.745+08:00 INFO  o.s.d.r.c.RepositoryConfigurationDelegate request_id= idempotency_key= order_id= user_id= sku_id= payment_tx= - Finished Spring Data repository scanning in 7 ms. Found 0 Redis repository interfaces.
2026-08-11T09:59:48.772+08:00 INFO  o.s.b.w.e.tomcat.TomcatWebServer request_id= idempotency_key= order_id= user_id= sku_id= payment_tx= - Tomcat initialized with port 0 (http)
2026-08-11T09:59:48.772+08:00 INFO  o.a.catalina.core.StandardService request_id= idempotency_key= order_id= user_id= sku_id= payment_tx= - Starting service [Tomcat]
2026-08-11T09:59:48.772+08:00 INFO  o.a.catalina.core.StandardEngine request_id= idempotency_key= order_id= user_id= sku_id= payment_tx= - Starting Servlet engine: [Apache Tomcat/10.1.44]
2026-08-11T09:59:48.783+08:00 INFO  o.a.c.c.C.[Tomcat].[localhost].[/] request_id= idempotency_key= order_id= user_id= sku_id= payment_tx= - Initializing Spring embedded WebApplicationContext
2026-08-11T09:59:48.783+08:00 INFO  o.s.b.w.s.c.ServletWebServerApplicationContext request_id= idempotency_key= order_id= user_id= sku_id= payment_tx= - Root WebApplicationContext: initialization completed in 232 ms
Standard Commons Logging discovery in action with spring-jcl: please remove commons-logging.jar from classpath in order to avoid potential conflicts
2026-08-11T09:59:48.825+08:00 INFO  com.zaxxer.hikari.HikariDataSource request_id= idempotency_key= order_id= user_id= sku_id= payment_tx= - HikariPool-2 - Starting...
2026-08-11T09:59:48.842+08:00 INFO  com.zaxxer.hikari.pool.HikariPool request_id= idempotency_key= order_id= user_id= sku_id= payment_tx= - HikariPool-2 - Added connection com.mysql.cj.jdbc.ConnectionImpl@166a38a8
2026-08-11T09:59:48.842+08:00 INFO  com.zaxxer.hikari.HikariDataSource request_id= idempotency_key= order_id= user_id= sku_id= payment_tx= - HikariPool-2 - Start completed.
2026-08-11T09:59:48.847+08:00 INFO  org.flywaydb.core.FlywayExecutor request_id= idempotency_key= order_id= user_id= sku_id= payment_tx= - Database: jdbc:mysql://localhost:51759/flashflow (MySQL 8.4)
2026-08-11T09:59:48.853+08:00 WARN  o.f.c.i.database.base.Database request_id= idempotency_key= order_id= user_id= sku_id= payment_tx= - Flyway upgrade recommended: MySQL 8.4 is newer than this version of Flyway and support has not been tested. The latest supported version of MySQL is 8.1.
2026-08-11T09:59:48.860+08:00 INFO  o.f.core.internal.command.DbValidate request_id= idempotency_key= order_id= user_id= sku_id= payment_tx= - Successfully validated 4 migrations (execution time 00:00.005s)
2026-08-11T09:59:48.863+08:00 INFO  o.f.core.internal.command.DbMigrate request_id= idempotency_key= order_id= user_id= sku_id= payment_tx= - Current version of schema `flashflow`: 4
2026-08-11T09:59:48.863+08:00 INFO  o.f.core.internal.command.DbMigrate request_id= idempotency_key= order_id= user_id= sku_id= payment_tx= - Schema `flashflow` is up to date. No migration necessary.
2026-08-11T09:59:49.088+08:00 INFO  o.s.b.a.e.web.EndpointLinksResolver request_id= idempotency_key= order_id= user_id= sku_id= payment_tx= - Exposing 2 endpoints beneath base path '/actuator'
2026-08-11T09:59:49.094+08:00 INFO  o.s.b.w.e.tomcat.TomcatWebServer request_id= idempotency_key= order_id= user_id= sku_id= payment_tx= - Tomcat started on port 53879 (http) with context path '/'
2026-08-11T09:59:49.097+08:00 INFO  d.f.V4OutboxProducerAckLossIntegrationTest request_id= idempotency_key= order_id= user_id= sku_id= payment_tx= - Started V4OutboxProducerAckLossIntegrationTest in 0.587 seconds (process running for 57.448)
2026-08-11T09:59:51.156+08:00 INFO  o.a.c.c.C.[Tomcat].[localhost].[/] request_id= idempotency_key= order_id= user_id= sku_id= payment_tx= - Initializing Spring DispatcherServlet 'dispatcherServlet'
2026-08-11T09:59:51.156+08:00 INFO  o.s.web.servlet.DispatcherServlet request_id= idempotency_key= order_id= user_id= sku_id= payment_tx= - Initializing Servlet 'dispatcherServlet'
2026-08-11T09:59:51.157+08:00 INFO  o.s.web.servlet.DispatcherServlet request_id= idempotency_key= order_id= user_id= sku_id= payment_tx= - Completed initialization in 1 ms
2026-08-11T09:59:51.180+08:00 INFO  d.f.m.o.OutboxAsyncOrderApplicationService request_id=a53f4a78-f92a-492b-b5a5-52667a6b7540 idempotency_key=key-v4-ack-loss-3f2fb14c order_id= user_id=user-v4-ack-loss-3f2fb14c sku_id=sku-v4-ack-loss-3f2fb14c payment_tx= - Durable Outbox acceptance command_id=0ab5040fd6eb6a2d515e18cbcbac87d1bdbe03c6c7e3d7142b07fa141bf97914 status=ACCEPTED
2026-08-11T09:59:51.259+08:00 WARN  d.f.m.outbox.OutboxDispatcher request_id= idempotency_key= order_id= user_id= sku_id= payment_tx= - Outbox dispatch poll failed cause=INJECTEDMESSAGINGFAULT
2026-08-11T09:59:55.369+08:00 INFO  d.f.m.outbox.OutboxDispatcher request_id= idempotency_key= order_id= user_id= sku_id= payment_tx= - Outbox publication outbox_id=ba1c0a59-b77f-4c45-9034-e10ae0dba564 command_id=0ab5040fd6eb6a2d515e18cbcbac87d1bdbe03c6c7e3d7142b07fa141bf97914 outcome=ACKNOWLEDGED
2026-08-11T09:59:55.403+08:00 INFO  o.s.b.w.e.tomcat.GracefulShutdown request_id= idempotency_key= order_id= user_id= sku_id= payment_tx= - Commencing graceful shutdown. Waiting for active requests to complete
2026-08-11T09:59:57.409+08:00 INFO  o.s.b.w.e.tomcat.GracefulShutdown request_id= idempotency_key= order_id= user_id= sku_id= payment_tx= - Graceful shutdown complete
2026-08-11T09:59:57.409+08:00 ERROR org.apache.tomcat.util.net.Acceptor request_id= idempotency_key= order_id= user_id= sku_id= payment_tx= - Socket accept failed
java.nio.channels.AsynchronousCloseException: null
	at java.base/java.nio.channels.spi.AbstractInterruptibleChannel.end(AbstractInterruptibleChannel.java:218) ~[na:na]
	at java.base/sun.nio.ch.ServerSocketChannelImpl.end(ServerSocketChannelImpl.java:372) ~[na:na]
	at java.base/sun.nio.ch.ServerSocketChannelImpl.accept(ServerSocketChannelImpl.java:397) ~[na:na]
	at org.apache.tomcat.util.net.NioEndpoint.serverSocketAccept(NioEndpoint.java:537) ~[tomcat-embed-core-10.1.44.jar:10.1.44]
	at org.apache.tomcat.util.net.NioEndpoint.serverSocketAccept(NioEndpoint.java:72) ~[tomcat-embed-core-10.1.44.jar:10.1.44]
	at org.apache.tomcat.util.net.Acceptor.run(Acceptor.java:127) ~[tomcat-embed-core-10.1.44.jar:10.1.44]
	at java.base/java.lang.Thread.run(Thread.java:1516) ~[na:na]
2026-08-11T09:59:57.486+08:00 INFO  com.zaxxer.hikari.HikariDataSource request_id= idempotency_key= order_id= user_id= sku_id= payment_tx= - HikariPool-2 - Shutdown initiated...
2026-08-11T09:59:57.488+08:00 INFO  com.zaxxer.hikari.HikariDataSource request_id= idempotency_key= order_id= user_id= sku_id= payment_tx= - HikariPool-2 - Shutdown completed.
[INFO] Tests run: 1, Failures: 0, Errors: 0, Skipped: 0, Time elapsed: 8.992 s -- in dev.flashflow.V4OutboxProducerAckLossIntegrationTest
[INFO] Running dev.flashflow.V4OutboxRocketMqEndToEndIntegrationTest
2026-08-11T09:59:57.497+08:00 INFO  o.s.t.c.s.AnnotationConfigContextLoaderUtils request_id= idempotency_key= order_id= user_id= sku_id= payment_tx= - Could not detect default configuration classes for test class [dev.flashflow.V4OutboxRocketMqEndToEndIntegrationTest]: V4OutboxRocketMqEndToEndIntegrationTest does not declare any static, non-private, non-final, nested classes annotated with @Configuration.
2026-08-11T09:59:57.499+08:00 INFO  o.s.b.t.c.SpringBootTestContextBootstrapper request_id= idempotency_key= order_id= user_id= sku_id= payment_tx= - Found @SpringBootConfiguration dev.flashflow.FlashFlowApplication for test class dev.flashflow.V4OutboxRocketMqEndToEndIntegrationTest

  .   ____          _            __ _ _
 /\\ / ___'_ __ _ _(_)_ __  __ _ \ \ \ \
( ( )\___ | '_ | '_| | '_ \/ _` | \ \ \ \
 \\/  ___)| |_)| | | | | || (_| |  ) ) ) )
  '  |____| .__|_| |_|_| |_\__, | / / / /
 =========|_|==============|___/=/_/_/_/

 :: Spring Boot ::                (v3.5.5)

2026-08-11T09:59:57.520+08:00 INFO  d.f.V4OutboxRocketMqEndToEndIntegrationTest request_id= idempotency_key= order_id= user_id= sku_id= payment_tx= - Starting V4OutboxRocketMqEndToEndIntegrationTest using Java 26.0.2 with PID 50867 (started by yuzheng in /Users/yuzheng/Computeracy/Zhenkun26-GitHub/FlashFlow)
2026-08-11T09:59:57.520+08:00 INFO  d.f.V4OutboxRocketMqEndToEndIntegrationTest request_id= idempotency_key= order_id= user_id= sku_id= payment_tx= - The following 1 profile is active: "test"
2026-08-11T09:59:57.619+08:00 INFO  o.s.d.r.c.RepositoryConfigurationDelegate request_id= idempotency_key= order_id= user_id= sku_id= payment_tx= - Multiple Spring Data modules found, entering strict repository configuration mode
2026-08-11T09:59:57.619+08:00 INFO  o.s.d.r.c.RepositoryConfigurationDelegate request_id= idempotency_key= order_id= user_id= sku_id= payment_tx= - Bootstrapping Spring Data Redis repositories in DEFAULT mode.
2026-08-11T09:59:57.625+08:00 INFO  o.s.d.r.c.RepositoryConfigurationDelegate request_id= idempotency_key= order_id= user_id= sku_id= payment_tx= - Finished Spring Data repository scanning in 5 ms. Found 0 Redis repository interfaces.
2026-08-11T09:59:57.646+08:00 INFO  o.s.b.w.e.tomcat.TomcatWebServer request_id= idempotency_key= order_id= user_id= sku_id= payment_tx= - Tomcat initialized with port 0 (http)
2026-08-11T09:59:57.646+08:00 INFO  o.a.catalina.core.StandardService request_id= idempotency_key= order_id= user_id= sku_id= payment_tx= - Starting service [Tomcat]
2026-08-11T09:59:57.646+08:00 INFO  o.a.catalina.core.StandardEngine request_id= idempotency_key= order_id= user_id= sku_id= payment_tx= - Starting Servlet engine: [Apache Tomcat/10.1.44]
2026-08-11T09:59:57.652+08:00 INFO  o.a.c.c.C.[Tomcat].[localhost].[/] request_id= idempotency_key= order_id= user_id= sku_id= payment_tx= - Initializing Spring embedded WebApplicationContext
2026-08-11T09:59:57.652+08:00 INFO  o.s.b.w.s.c.ServletWebServerApplicationContext request_id= idempotency_key= order_id= user_id= sku_id= payment_tx= - Root WebApplicationContext: initialization completed in 131 ms
Standard Commons Logging discovery in action with spring-jcl: please remove commons-logging.jar from classpath in order to avoid potential conflicts
2026-08-11T09:59:57.679+08:00 INFO  com.zaxxer.hikari.HikariDataSource request_id= idempotency_key= order_id= user_id= sku_id= payment_tx= - HikariPool-3 - Starting...
2026-08-11T09:59:57.692+08:00 INFO  com.zaxxer.hikari.pool.HikariPool request_id= idempotency_key= order_id= user_id= sku_id= payment_tx= - HikariPool-3 - Added connection com.mysql.cj.jdbc.ConnectionImpl@4da15ed2
2026-08-11T09:59:57.692+08:00 INFO  com.zaxxer.hikari.HikariDataSource request_id= idempotency_key= order_id= user_id= sku_id= payment_tx= - HikariPool-3 - Start completed.
2026-08-11T09:59:57.695+08:00 INFO  org.flywaydb.core.FlywayExecutor request_id= idempotency_key= order_id= user_id= sku_id= payment_tx= - Database: jdbc:mysql://localhost:51759/flashflow (MySQL 8.4)
2026-08-11T09:59:57.702+08:00 WARN  o.f.c.i.database.base.Database request_id= idempotency_key= order_id= user_id= sku_id= payment_tx= - Flyway upgrade recommended: MySQL 8.4 is newer than this version of Flyway and support has not been tested. The latest supported version of MySQL is 8.1.
2026-08-11T09:59:57.710+08:00 INFO  o.f.core.internal.command.DbValidate request_id= idempotency_key= order_id= user_id= sku_id= payment_tx= - Successfully validated 4 migrations (execution time 00:00.006s)
2026-08-11T09:59:57.714+08:00 INFO  o.f.core.internal.command.DbMigrate request_id= idempotency_key= order_id= user_id= sku_id= payment_tx= - Current version of schema `flashflow`: 4
2026-08-11T09:59:57.715+08:00 INFO  o.f.core.internal.command.DbMigrate request_id= idempotency_key= order_id= user_id= sku_id= payment_tx= - Schema `flashflow` is up to date. No migration necessary.
2026-08-11T09:59:57.813+08:00 INFO  o.s.b.a.e.web.EndpointLinksResolver request_id= idempotency_key= order_id= user_id= sku_id= payment_tx= - Exposing 2 endpoints beneath base path '/actuator'
2026-08-11T09:59:57.828+08:00 INFO  o.s.b.w.e.tomcat.TomcatWebServer request_id= idempotency_key= order_id= user_id= sku_id= payment_tx= - Tomcat started on port 53990 (http) with context path '/'
2026-08-11T09:59:57.830+08:00 INFO  d.f.V4OutboxRocketMqEndToEndIntegrationTest request_id= idempotency_key= order_id= user_id= sku_id= payment_tx= - Started V4OutboxRocketMqEndToEndIntegrationTest in 0.327 seconds (process running for 66.182)
2026-08-11T09:59:59.862+08:00 INFO  o.a.c.c.C.[Tomcat].[localhost].[/] request_id= idempotency_key= order_id= user_id= sku_id= payment_tx= - Initializing Spring DispatcherServlet 'dispatcherServlet'
2026-08-11T09:59:59.862+08:00 INFO  o.s.web.servlet.DispatcherServlet request_id= idempotency_key= order_id= user_id= sku_id= payment_tx= - Initializing Servlet 'dispatcherServlet'
2026-08-11T09:59:59.862+08:00 INFO  o.s.web.servlet.DispatcherServlet request_id= idempotency_key= order_id= user_id= sku_id= payment_tx= - Completed initialization in 0 ms
2026-08-11T09:59:59.872+08:00 INFO  d.f.m.o.OutboxAsyncOrderApplicationService request_id=9e734cdc-1782-4e79-bea8-af3e4193c01a idempotency_key=key-v4-be706073 order_id= user_id=user-v4-be706073 sku_id=sku-v4-be706073 payment_tx= - Durable Outbox acceptance command_id=93c1b4c1e4df55029cc7af89abe205c02a0457699e2aef0d42e52f5936381cd4 status=ACCEPTED
2026-08-11T09:59:59.983+08:00 INFO  d.f.m.outbox.OutboxDispatcher request_id= idempotency_key= order_id= user_id= sku_id= payment_tx= - Outbox publication outbox_id=0f5492c3-af8a-41c3-a7af-7be9bb2c3729 command_id=93c1b4c1e4df55029cc7af89abe205c02a0457699e2aef0d42e52f5936381cd4 outcome=ACKNOWLEDGED
2026-08-11T10:00:14.814+08:00 INFO  d.f.m.o.OutboxAsyncOrderApplicationService request_id=87421090-dc7e-4bd3-a0a8-176d9414ae53 idempotency_key=key-v4-outage-be706073 order_id= user_id=user-v4-outage-be706073 sku_id=sku-v4-outage-be706073 payment_tx= - Durable Outbox acceptance command_id=abb7272a7a4181862158cb43f26910a464ed41e76ede2d2ccca3737ffbc3dcb9 status=ACCEPTED
2026-08-11T10:00:14.842+08:00 INFO  d.f.m.outbox.OutboxDispatcher request_id= idempotency_key= order_id= user_id= sku_id= payment_tx= - Outbox publication deferred outbox_id=6715c70b-b5be-4670-8c64-c42fad835c16 command_id=abb7272a7a4181862158cb43f26910a464ed41e76ede2d2ccca3737ffbc3dcb9 outcome=RETRYABLE cause=MQCLIENTEXCEPTION
2026-08-11T10:00:14.965+08:00 INFO  d.f.m.outbox.OutboxDispatcher request_id= idempotency_key= order_id= user_id= sku_id= payment_tx= - Outbox publication deferred outbox_id=6715c70b-b5be-4670-8c64-c42fad835c16 command_id=abb7272a7a4181862158cb43f26910a464ed41e76ede2d2ccca3737ffbc3dcb9 outcome=RETRYABLE cause=MQCLIENTEXCEPTION
2026-08-11T10:00:18.189+08:00 INFO  d.f.m.outbox.OutboxDispatcher request_id= idempotency_key= order_id= user_id= sku_id= payment_tx= - Outbox publication deferred outbox_id=6715c70b-b5be-4670-8c64-c42fad835c16 command_id=abb7272a7a4181862158cb43f26910a464ed41e76ede2d2ccca3737ffbc3dcb9 outcome=RETRYABLE cause=MQCLIENTEXCEPTION
2026-08-11T10:00:18.658+08:00 INFO  d.f.m.outbox.OutboxDispatcher request_id= idempotency_key= order_id= user_id= sku_id= payment_tx= - Outbox publication outbox_id=6715c70b-b5be-4670-8c64-c42fad835c16 command_id=abb7272a7a4181862158cb43f26910a464ed41e76ede2d2ccca3737ffbc3dcb9 outcome=ACKNOWLEDGED
2026-08-11T10:00:19.137+08:00 INFO  o.s.b.w.e.tomcat.GracefulShutdown request_id= idempotency_key= order_id= user_id= sku_id= payment_tx= - Commencing graceful shutdown. Waiting for active requests to complete
2026-08-11T10:00:21.141+08:00 INFO  o.s.b.w.e.tomcat.GracefulShutdown request_id= idempotency_key= order_id= user_id= sku_id= payment_tx= - Graceful shutdown complete
2026-08-11T10:00:21.141+08:00 ERROR org.apache.tomcat.util.net.Acceptor request_id= idempotency_key= order_id= user_id= sku_id= payment_tx= - Socket accept failed
java.nio.channels.AsynchronousCloseException: null
	at java.base/java.nio.channels.spi.AbstractInterruptibleChannel.end(AbstractInterruptibleChannel.java:218) ~[na:na]
	at java.base/sun.nio.ch.ServerSocketChannelImpl.end(ServerSocketChannelImpl.java:372) ~[na:na]
	at java.base/sun.nio.ch.ServerSocketChannelImpl.accept(ServerSocketChannelImpl.java:397) ~[na:na]
	at org.apache.tomcat.util.net.NioEndpoint.serverSocketAccept(NioEndpoint.java:537) ~[tomcat-embed-core-10.1.44.jar:10.1.44]
	at org.apache.tomcat.util.net.NioEndpoint.serverSocketAccept(NioEndpoint.java:72) ~[tomcat-embed-core-10.1.44.jar:10.1.44]
	at org.apache.tomcat.util.net.Acceptor.run(Acceptor.java:127) ~[tomcat-embed-core-10.1.44.jar:10.1.44]
	at java.base/java.lang.Thread.run(Thread.java:1516) ~[na:na]
2026-08-11T10:00:21.193+08:00 INFO  com.zaxxer.hikari.HikariDataSource request_id= idempotency_key= order_id= user_id= sku_id= payment_tx= - HikariPool-3 - Shutdown initiated...
2026-08-11T10:00:21.195+08:00 INFO  com.zaxxer.hikari.HikariDataSource request_id= idempotency_key= order_id= user_id= sku_id= payment_tx= - HikariPool-3 - Shutdown completed.
[INFO] Tests run: 2, Failures: 0, Errors: 0, Skipped: 0, Time elapsed: 23.70 s -- in dev.flashflow.V4OutboxRocketMqEndToEndIntegrationTest
[INFO] Running dev.flashflow.V4OutboxConcurrentRedeliveryIntegrationTest
2026-08-11T10:00:21.200+08:00 INFO  o.s.t.c.s.AnnotationConfigContextLoaderUtils request_id= idempotency_key= order_id= user_id= sku_id= payment_tx= - Could not detect default configuration classes for test class [dev.flashflow.V4OutboxConcurrentRedeliveryIntegrationTest]: V4OutboxConcurrentRedeliveryIntegrationTest does not declare any static, non-private, non-final, nested classes annotated with @Configuration.
2026-08-11T10:00:21.202+08:00 INFO  o.s.b.t.c.SpringBootTestContextBootstrapper request_id= idempotency_key= order_id= user_id= sku_id= payment_tx= - Found @SpringBootConfiguration dev.flashflow.FlashFlowApplication for test class dev.flashflow.V4OutboxConcurrentRedeliveryIntegrationTest

  .   ____          _            __ _ _
 /\\ / ___'_ __ _ _(_)_ __  __ _ \ \ \ \
( ( )\___ | '_ | '_| | '_ \/ _` | \ \ \ \
 \\/  ___)| |_)| | | | | || (_| |  ) ) ) )
  '  |____| .__|_| |_|_| |_\__, | / / / /
 =========|_|==============|___/=/_/_/_/

 :: Spring Boot ::                (v3.5.5)

2026-08-11T10:00:21.219+08:00 INFO  d.f.V4OutboxConcurrentRedeliveryIntegrationTest request_id= idempotency_key= order_id= user_id= sku_id= payment_tx= - Starting V4OutboxConcurrentRedeliveryIntegrationTest using Java 26.0.2 with PID 50867 (started by yuzheng in /Users/yuzheng/Computeracy/Zhenkun26-GitHub/FlashFlow)
2026-08-11T10:00:21.220+08:00 INFO  d.f.V4OutboxConcurrentRedeliveryIntegrationTest request_id= idempotency_key= order_id= user_id= sku_id= payment_tx= - The following 1 profile is active: "test"
2026-08-11T10:00:21.305+08:00 INFO  o.s.d.r.c.RepositoryConfigurationDelegate request_id= idempotency_key= order_id= user_id= sku_id= payment_tx= - Multiple Spring Data modules found, entering strict repository configuration mode
2026-08-11T10:00:21.305+08:00 INFO  o.s.d.r.c.RepositoryConfigurationDelegate request_id= idempotency_key= order_id= user_id= sku_id= payment_tx= - Bootstrapping Spring Data Redis repositories in DEFAULT mode.
2026-08-11T10:00:21.309+08:00 INFO  o.s.d.r.c.RepositoryConfigurationDelegate request_id= idempotency_key= order_id= user_id= sku_id= payment_tx= - Finished Spring Data repository scanning in 3 ms. Found 0 Redis repository interfaces.
2026-08-11T10:00:21.325+08:00 INFO  o.s.b.w.e.tomcat.TomcatWebServer request_id= idempotency_key= order_id= user_id= sku_id= payment_tx= - Tomcat initialized with port 0 (http)
2026-08-11T10:00:21.326+08:00 INFO  o.a.catalina.core.StandardService request_id= idempotency_key= order_id= user_id= sku_id= payment_tx= - Starting service [Tomcat]
2026-08-11T10:00:21.326+08:00 INFO  o.a.catalina.core.StandardEngine request_id= idempotency_key= order_id= user_id= sku_id= payment_tx= - Starting Servlet engine: [Apache Tomcat/10.1.44]
2026-08-11T10:00:21.331+08:00 INFO  o.a.c.c.C.[Tomcat].[localhost].[/] request_id= idempotency_key= order_id= user_id= sku_id= payment_tx= - Initializing Spring embedded WebApplicationContext
2026-08-11T10:00:21.331+08:00 INFO  o.s.b.w.s.c.ServletWebServerApplicationContext request_id= idempotency_key= order_id= user_id= sku_id= payment_tx= - Root WebApplicationContext: initialization completed in 111 ms
Standard Commons Logging discovery in action with spring-jcl: please remove commons-logging.jar from classpath in order to avoid potential conflicts
2026-08-11T10:00:21.363+08:00 INFO  com.zaxxer.hikari.HikariDataSource request_id= idempotency_key= order_id= user_id= sku_id= payment_tx= - HikariPool-4 - Starting...
2026-08-11T10:00:21.374+08:00 INFO  com.zaxxer.hikari.pool.HikariPool request_id= idempotency_key= order_id= user_id= sku_id= payment_tx= - HikariPool-4 - Added connection com.mysql.cj.jdbc.ConnectionImpl@5d1915d1
2026-08-11T10:00:21.374+08:00 INFO  com.zaxxer.hikari.HikariDataSource request_id= idempotency_key= order_id= user_id= sku_id= payment_tx= - HikariPool-4 - Start completed.
2026-08-11T10:00:21.377+08:00 INFO  org.flywaydb.core.FlywayExecutor request_id= idempotency_key= order_id= user_id= sku_id= payment_tx= - Database: jdbc:mysql://localhost:51759/flashflow (MySQL 8.4)
2026-08-11T10:00:21.383+08:00 WARN  o.f.c.i.database.base.Database request_id= idempotency_key= order_id= user_id= sku_id= payment_tx= - Flyway upgrade recommended: MySQL 8.4 is newer than this version of Flyway and support has not been tested. The latest supported version of MySQL is 8.1.
2026-08-11T10:00:21.395+08:00 INFO  o.f.core.internal.command.DbValidate request_id= idempotency_key= order_id= user_id= sku_id= payment_tx= - Successfully validated 4 migrations (execution time 00:00.010s)
2026-08-11T10:00:21.400+08:00 INFO  o.f.core.internal.command.DbMigrate request_id= idempotency_key= order_id= user_id= sku_id= payment_tx= - Current version of schema `flashflow`: 4
2026-08-11T10:00:21.400+08:00 INFO  o.f.core.internal.command.DbMigrate request_id= idempotency_key= order_id= user_id= sku_id= payment_tx= - Schema `flashflow` is up to date. No migration necessary.
2026-08-11T10:00:21.505+08:00 INFO  o.s.b.a.e.web.EndpointLinksResolver request_id= idempotency_key= order_id= user_id= sku_id= payment_tx= - Exposing 2 endpoints beneath base path '/actuator'
2026-08-11T10:00:21.514+08:00 INFO  o.s.b.w.e.tomcat.TomcatWebServer request_id= idempotency_key= order_id= user_id= sku_id= payment_tx= - Tomcat started on port 55387 (http) with context path '/'
2026-08-11T10:00:21.516+08:00 INFO  d.f.V4OutboxConcurrentRedeliveryIntegrationTest request_id= idempotency_key= order_id= user_id= sku_id= payment_tx= - Started V4OutboxConcurrentRedeliveryIntegrationTest in 0.311 seconds (process running for 87.627)
2026-08-11T10:00:23.552+08:00 INFO  o.a.c.c.C.[Tomcat].[localhost].[/] request_id= idempotency_key= order_id= user_id= sku_id= payment_tx= - Initializing Spring DispatcherServlet 'dispatcherServlet'
2026-08-11T10:00:23.552+08:00 INFO  o.s.web.servlet.DispatcherServlet request_id= idempotency_key= order_id= user_id= sku_id= payment_tx= - Initializing Servlet 'dispatcherServlet'
2026-08-11T10:00:23.552+08:00 INFO  o.s.web.servlet.DispatcherServlet request_id= idempotency_key= order_id= user_id= sku_id= payment_tx= - Completed initialization in 0 ms
2026-08-11T10:00:23.568+08:00 INFO  d.f.m.o.OutboxAsyncOrderApplicationService request_id=50f27b6e-2bda-48e7-92ad-6a6e8b665251 idempotency_key=key-71419746-0 order_id= user_id=user-71419746-0 sku_id=sku-v4-concurrent-71419746 payment_tx= - Durable Outbox acceptance command_id=dea109a57e3dacf86361f9f7e28112f525cf22c48056559a4b57b6c04a3f80bd status=ACCEPTED
2026-08-11T10:00:23.575+08:00 INFO  d.f.m.o.OutboxAsyncOrderApplicationService request_id=1471d43c-9449-4bbb-bdaf-3b17000706a1 idempotency_key=key-71419746-1 order_id= user_id=user-71419746-1 sku_id=sku-v4-concurrent-71419746 payment_tx= - Durable Outbox acceptance command_id=6a97c389c578550095ba8178812fe3e807cdca56121eac038c11675c88a4c326 status=ACCEPTED
2026-08-11T10:00:23.581+08:00 INFO  d.f.m.o.OutboxAsyncOrderApplicationService request_id=85e914e7-8f37-448b-9411-dac8a6180171 idempotency_key=key-71419746-2 order_id= user_id=user-71419746-2 sku_id=sku-v4-concurrent-71419746 payment_tx= - Durable Outbox acceptance command_id=91f0a8d9a913df51c3b2cc2ee92b2813d889e01d5761ebb969d3bad63a0863bc status=ACCEPTED
2026-08-11T10:00:23.586+08:00 INFO  d.f.m.o.OutboxAsyncOrderApplicationService request_id=cfc07c54-f510-4a7c-aad0-6e590e4138eb idempotency_key=key-71419746-3 order_id= user_id=user-71419746-3 sku_id=sku-v4-concurrent-71419746 payment_tx= - Durable Outbox acceptance command_id=4cf8cd655361630a51e2c77191cd2ad2ef76841e48bfda5bd1182fafd9b69981 status=ACCEPTED
2026-08-11T10:00:23.592+08:00 INFO  d.f.m.o.OutboxAsyncOrderApplicationService request_id=9bf962cd-e93b-4d81-a7e6-6e0278ae4cdf idempotency_key=key-71419746-4 order_id= user_id=user-71419746-4 sku_id=sku-v4-concurrent-71419746 payment_tx= - Durable Outbox acceptance command_id=c0d97ed65d69ea35e0df62571778ec45f175f2d917be871ec9fa5bb13e3d9180 status=ACCEPTED
2026-08-11T10:00:23.599+08:00 INFO  d.f.m.o.OutboxAsyncOrderApplicationService request_id=059d136e-6a4e-466b-bb02-12018e094b8f idempotency_key=key-71419746-5 order_id= user_id=user-71419746-5 sku_id=sku-v4-concurrent-71419746 payment_tx= - Durable Outbox acceptance command_id=ebb2eccbb9b76578317ae75681a05b78704f58ec884348fecb3abf4121baf477 status=ACCEPTED
2026-08-11T10:00:23.605+08:00 INFO  d.f.m.o.OutboxAsyncOrderApplicationService request_id=4210989a-6b88-44cc-9ce4-b4a32d4f291d idempotency_key=key-71419746-6 order_id= user_id=user-71419746-6 sku_id=sku-v4-concurrent-71419746 payment_tx= - Durable Outbox acceptance command_id=68054047847a5e2fc17331de66a7733fef7a681049bb848ee9d9adfbe446942a status=ACCEPTED
2026-08-11T10:00:23.611+08:00 INFO  d.f.m.o.OutboxAsyncOrderApplicationService request_id=194143a7-2d3c-4032-a26b-41d1f2ae9c4c idempotency_key=key-71419746-7 order_id= user_id=user-71419746-7 sku_id=sku-v4-concurrent-71419746 payment_tx= - Durable Outbox acceptance command_id=6089485c5da2999a68c01dfe91970488d2caf7877d6e69552dd849b85432e355 status=ACCEPTED
2026-08-11T10:00:23.626+08:00 INFO  d.f.m.outbox.OutboxDispatcher request_id= idempotency_key= order_id= user_id= sku_id= payment_tx= - Outbox publication deferred outbox_id=0295c797-81b9-4055-9dfd-08c410a1f564 command_id=dea109a57e3dacf86361f9f7e28112f525cf22c48056559a4b57b6c04a3f80bd outcome=RETRYABLE cause=MQCLIENTEXCEPTION
2026-08-11T10:00:23.627+08:00 INFO  d.f.m.outbox.OutboxDispatcher request_id= idempotency_key= order_id= user_id= sku_id= payment_tx= - Outbox publication deferred outbox_id=ed23c92b-d6cc-4c93-8e76-ca20cd430ed3 command_id=6a97c389c578550095ba8178812fe3e807cdca56121eac038c11675c88a4c326 outcome=RETRYABLE cause=MQCLIENTEXCEPTION
2026-08-11T10:00:23.628+08:00 INFO  d.f.m.outbox.OutboxDispatcher request_id= idempotency_key= order_id= user_id= sku_id= payment_tx= - Outbox publication deferred outbox_id=7ba5780b-b454-4946-bc0f-84747ba4f2d2 command_id=4cf8cd655361630a51e2c77191cd2ad2ef76841e48bfda5bd1182fafd9b69981 outcome=RETRYABLE cause=MQCLIENTEXCEPTION
2026-08-11T10:00:23.630+08:00 INFO  d.f.m.outbox.OutboxDispatcher request_id= idempotency_key= order_id= user_id= sku_id= payment_tx= - Outbox publication deferred outbox_id=b613840c-c55c-45db-8f71-59d5a22071cd command_id=91f0a8d9a913df51c3b2cc2ee92b2813d889e01d5761ebb969d3bad63a0863bc outcome=RETRYABLE cause=MQCLIENTEXCEPTION
2026-08-11T10:00:23.630+08:00 INFO  d.f.m.outbox.OutboxDispatcher request_id= idempotency_key= order_id= user_id= sku_id= payment_tx= - Outbox publication deferred outbox_id=a11f6668-cbe9-4572-bbb7-28e37e6b39db command_id=c0d97ed65d69ea35e0df62571778ec45f175f2d917be871ec9fa5bb13e3d9180 outcome=RETRYABLE cause=MQCLIENTEXCEPTION
2026-08-11T10:00:23.825+08:00 INFO  d.f.m.outbox.OutboxDispatcher request_id= idempotency_key= order_id= user_id= sku_id= payment_tx= - Outbox publication deferred outbox_id=43f0a81f-b739-4fe0-9113-7b96630ef478 command_id=ebb2eccbb9b76578317ae75681a05b78704f58ec884348fecb3abf4121baf477 outcome=RETRYABLE cause=MQCLIENTEXCEPTION
2026-08-11T10:00:23.828+08:00 INFO  d.f.m.outbox.OutboxDispatcher request_id= idempotency_key= order_id= user_id= sku_id= payment_tx= - Outbox publication deferred outbox_id=13a770f7-2a55-4556-b18c-27a2c8846512 command_id=68054047847a5e2fc17331de66a7733fef7a681049bb848ee9d9adfbe446942a outcome=RETRYABLE cause=MQCLIENTEXCEPTION
2026-08-11T10:00:24.090+08:00 INFO  d.f.m.outbox.OutboxDispatcher request_id= idempotency_key= order_id= user_id= sku_id= payment_tx= - Outbox publication deferred outbox_id=b3ec9259-2965-4780-8723-d564c92bfa35 command_id=6089485c5da2999a68c01dfe91970488d2caf7877d6e69552dd849b85432e355 outcome=RETRYABLE cause=MQCLIENTEXCEPTION
2026-08-11T10:00:24.092+08:00 INFO  d.f.m.outbox.OutboxDispatcher request_id= idempotency_key= order_id= user_id= sku_id= payment_tx= - Outbox publication deferred outbox_id=0295c797-81b9-4055-9dfd-08c410a1f564 command_id=dea109a57e3dacf86361f9f7e28112f525cf22c48056559a4b57b6c04a3f80bd outcome=RETRYABLE cause=MQCLIENTEXCEPTION
2026-08-11T10:00:24.355+08:00 INFO  d.f.m.outbox.OutboxDispatcher request_id= idempotency_key= order_id= user_id= sku_id= payment_tx= - Outbox publication deferred outbox_id=ed23c92b-d6cc-4c93-8e76-ca20cd430ed3 command_id=6a97c389c578550095ba8178812fe3e807cdca56121eac038c11675c88a4c326 outcome=RETRYABLE cause=MQCLIENTEXCEPTION
2026-08-11T10:00:24.362+08:00 INFO  d.f.m.outbox.OutboxDispatcher request_id= idempotency_key= order_id= user_id= sku_id= payment_tx= - Outbox publication deferred outbox_id=7ba5780b-b454-4946-bc0f-84747ba4f2d2 command_id=4cf8cd655361630a51e2c77191cd2ad2ef76841e48bfda5bd1182fafd9b69981 outcome=RETRYABLE cause=MQCLIENTEXCEPTION
2026-08-11T10:00:24.623+08:00 INFO  d.f.m.outbox.OutboxDispatcher request_id= idempotency_key= order_id= user_id= sku_id= payment_tx= - Outbox publication deferred outbox_id=b613840c-c55c-45db-8f71-59d5a22071cd command_id=91f0a8d9a913df51c3b2cc2ee92b2813d889e01d5761ebb969d3bad63a0863bc outcome=RETRYABLE cause=MQCLIENTEXCEPTION
2026-08-11T10:00:24.626+08:00 INFO  d.f.m.outbox.OutboxDispatcher request_id= idempotency_key= order_id= user_id= sku_id= payment_tx= - Outbox publication deferred outbox_id=a11f6668-cbe9-4572-bbb7-28e37e6b39db command_id=c0d97ed65d69ea35e0df62571778ec45f175f2d917be871ec9fa5bb13e3d9180 outcome=RETRYABLE cause=MQCLIENTEXCEPTION
2026-08-11T10:00:24.887+08:00 INFO  d.f.m.outbox.OutboxDispatcher request_id= idempotency_key= order_id= user_id= sku_id= payment_tx= - Outbox publication deferred outbox_id=43f0a81f-b739-4fe0-9113-7b96630ef478 command_id=ebb2eccbb9b76578317ae75681a05b78704f58ec884348fecb3abf4121baf477 outcome=RETRYABLE cause=MQCLIENTEXCEPTION
2026-08-11T10:00:24.889+08:00 INFO  d.f.m.outbox.OutboxDispatcher request_id= idempotency_key= order_id= user_id= sku_id= payment_tx= - Outbox publication deferred outbox_id=13a770f7-2a55-4556-b18c-27a2c8846512 command_id=68054047847a5e2fc17331de66a7733fef7a681049bb848ee9d9adfbe446942a outcome=RETRYABLE cause=MQCLIENTEXCEPTION
2026-08-11T10:00:25.152+08:00 INFO  d.f.m.outbox.OutboxDispatcher request_id= idempotency_key= order_id= user_id= sku_id= payment_tx= - Outbox publication deferred outbox_id=b3ec9259-2965-4780-8723-d564c92bfa35 command_id=6089485c5da2999a68c01dfe91970488d2caf7877d6e69552dd849b85432e355 outcome=RETRYABLE cause=MQCLIENTEXCEPTION
2026-08-11T10:00:25.154+08:00 INFO  d.f.m.outbox.OutboxDispatcher request_id= idempotency_key= order_id= user_id= sku_id= payment_tx= - Outbox publication deferred outbox_id=0295c797-81b9-4055-9dfd-08c410a1f564 command_id=dea109a57e3dacf86361f9f7e28112f525cf22c48056559a4b57b6c04a3f80bd outcome=RETRYABLE cause=MQCLIENTEXCEPTION
2026-08-11T10:00:25.416+08:00 INFO  d.f.m.outbox.OutboxDispatcher request_id= idempotency_key= order_id= user_id= sku_id= payment_tx= - Outbox publication deferred outbox_id=ed23c92b-d6cc-4c93-8e76-ca20cd430ed3 command_id=6a97c389c578550095ba8178812fe3e807cdca56121eac038c11675c88a4c326 outcome=RETRYABLE cause=MQCLIENTEXCEPTION
2026-08-11T10:00:25.418+08:00 INFO  d.f.m.outbox.OutboxDispatcher request_id= idempotency_key= order_id= user_id= sku_id= payment_tx= - Outbox publication deferred outbox_id=7ba5780b-b454-4946-bc0f-84747ba4f2d2 command_id=4cf8cd655361630a51e2c77191cd2ad2ef76841e48bfda5bd1182fafd9b69981 outcome=RETRYABLE cause=MQCLIENTEXCEPTION
2026-08-11T10:00:25.683+08:00 INFO  d.f.m.outbox.OutboxDispatcher request_id= idempotency_key= order_id= user_id= sku_id= payment_tx= - Outbox publication deferred outbox_id=b613840c-c55c-45db-8f71-59d5a22071cd command_id=91f0a8d9a913df51c3b2cc2ee92b2813d889e01d5761ebb969d3bad63a0863bc outcome=RETRYABLE cause=MQCLIENTEXCEPTION
2026-08-11T10:00:25.685+08:00 INFO  d.f.m.outbox.OutboxDispatcher request_id= idempotency_key= order_id= user_id= sku_id= payment_tx= - Outbox publication deferred outbox_id=a11f6668-cbe9-4572-bbb7-28e37e6b39db command_id=c0d97ed65d69ea35e0df62571778ec45f175f2d917be871ec9fa5bb13e3d9180 outcome=RETRYABLE cause=MQCLIENTEXCEPTION
2026-08-11T10:00:25.949+08:00 INFO  d.f.m.outbox.OutboxDispatcher request_id= idempotency_key= order_id= user_id= sku_id= payment_tx= - Outbox publication deferred outbox_id=43f0a81f-b739-4fe0-9113-7b96630ef478 command_id=ebb2eccbb9b76578317ae75681a05b78704f58ec884348fecb3abf4121baf477 outcome=RETRYABLE cause=MQCLIENTEXCEPTION
2026-08-11T10:00:25.952+08:00 INFO  d.f.m.outbox.OutboxDispatcher request_id= idempotency_key= order_id= user_id= sku_id= payment_tx= - Outbox publication deferred outbox_id=13a770f7-2a55-4556-b18c-27a2c8846512 command_id=68054047847a5e2fc17331de66a7733fef7a681049bb848ee9d9adfbe446942a outcome=RETRYABLE cause=MQCLIENTEXCEPTION
2026-08-11T10:00:26.214+08:00 INFO  d.f.m.outbox.OutboxDispatcher request_id= idempotency_key= order_id= user_id= sku_id= payment_tx= - Outbox publication deferred outbox_id=b3ec9259-2965-4780-8723-d564c92bfa35 command_id=6089485c5da2999a68c01dfe91970488d2caf7877d6e69552dd849b85432e355 outcome=RETRYABLE cause=MQCLIENTEXCEPTION
2026-08-11T10:00:26.218+08:00 INFO  d.f.m.outbox.OutboxDispatcher request_id= idempotency_key= order_id= user_id= sku_id= payment_tx= - Outbox publication deferred outbox_id=0295c797-81b9-4055-9dfd-08c410a1f564 command_id=dea109a57e3dacf86361f9f7e28112f525cf22c48056559a4b57b6c04a3f80bd outcome=RETRYABLE cause=MQCLIENTEXCEPTION
2026-08-11T10:00:26.484+08:00 INFO  d.f.m.outbox.OutboxDispatcher request_id= idempotency_key= order_id= user_id= sku_id= payment_tx= - Outbox publication deferred outbox_id=ed23c92b-d6cc-4c93-8e76-ca20cd430ed3 command_id=6a97c389c578550095ba8178812fe3e807cdca56121eac038c11675c88a4c326 outcome=RETRYABLE cause=MQCLIENTEXCEPTION
2026-08-11T10:00:26.486+08:00 INFO  d.f.m.outbox.OutboxDispatcher request_id= idempotency_key= order_id= user_id= sku_id= payment_tx= - Outbox publication deferred outbox_id=7ba5780b-b454-4946-bc0f-84747ba4f2d2 command_id=4cf8cd655361630a51e2c77191cd2ad2ef76841e48bfda5bd1182fafd9b69981 outcome=RETRYABLE cause=MQCLIENTEXCEPTION
2026-08-11T10:00:26.749+08:00 INFO  d.f.m.outbox.OutboxDispatcher request_id= idempotency_key= order_id= user_id= sku_id= payment_tx= - Outbox publication deferred outbox_id=b613840c-c55c-45db-8f71-59d5a22071cd command_id=91f0a8d9a913df51c3b2cc2ee92b2813d889e01d5761ebb969d3bad63a0863bc outcome=RETRYABLE cause=MQCLIENTEXCEPTION
2026-08-11T10:00:26.752+08:00 INFO  d.f.m.outbox.OutboxDispatcher request_id= idempotency_key= order_id= user_id= sku_id= payment_tx= - Outbox publication deferred outbox_id=a11f6668-cbe9-4572-bbb7-28e37e6b39db command_id=c0d97ed65d69ea35e0df62571778ec45f175f2d917be871ec9fa5bb13e3d9180 outcome=RETRYABLE cause=MQCLIENTEXCEPTION
2026-08-11T10:00:27.018+08:00 INFO  d.f.m.outbox.OutboxDispatcher request_id= idempotency_key= order_id= user_id= sku_id= payment_tx= - Outbox publication deferred outbox_id=43f0a81f-b739-4fe0-9113-7b96630ef478 command_id=ebb2eccbb9b76578317ae75681a05b78704f58ec884348fecb3abf4121baf477 outcome=RETRYABLE cause=MQCLIENTEXCEPTION
2026-08-11T10:00:27.021+08:00 INFO  d.f.m.outbox.OutboxDispatcher request_id= idempotency_key= order_id= user_id= sku_id= payment_tx= - Outbox publication deferred outbox_id=13a770f7-2a55-4556-b18c-27a2c8846512 command_id=68054047847a5e2fc17331de66a7733fef7a681049bb848ee9d9adfbe446942a outcome=RETRYABLE cause=MQCLIENTEXCEPTION
2026-08-11T10:00:27.294+08:00 INFO  d.f.m.outbox.OutboxDispatcher request_id= idempotency_key= order_id= user_id= sku_id= payment_tx= - Outbox publication outbox_id=b3ec9259-2965-4780-8723-d564c92bfa35 command_id=6089485c5da2999a68c01dfe91970488d2caf7877d6e69552dd849b85432e355 outcome=ACKNOWLEDGED
2026-08-11T10:00:27.299+08:00 INFO  d.f.m.outbox.OutboxDispatcher request_id= idempotency_key= order_id= user_id= sku_id= payment_tx= - Outbox publication outbox_id=0295c797-81b9-4055-9dfd-08c410a1f564 command_id=dea109a57e3dacf86361f9f7e28112f525cf22c48056559a4b57b6c04a3f80bd outcome=ACKNOWLEDGED
2026-08-11T10:00:27.584+08:00 INFO  d.f.m.outbox.OutboxDispatcher request_id= idempotency_key= order_id= user_id= sku_id= payment_tx= - Outbox publication outbox_id=ed23c92b-d6cc-4c93-8e76-ca20cd430ed3 command_id=6a97c389c578550095ba8178812fe3e807cdca56121eac038c11675c88a4c326 outcome=ACKNOWLEDGED
2026-08-11T10:00:27.591+08:00 INFO  d.f.m.outbox.OutboxDispatcher request_id= idempotency_key= order_id= user_id= sku_id= payment_tx= - Outbox publication outbox_id=7ba5780b-b454-4946-bc0f-84747ba4f2d2 command_id=4cf8cd655361630a51e2c77191cd2ad2ef76841e48bfda5bd1182fafd9b69981 outcome=ACKNOWLEDGED
2026-08-11T10:00:27.855+08:00 INFO  d.f.m.outbox.OutboxDispatcher request_id= idempotency_key= order_id= user_id= sku_id= payment_tx= - Outbox publication outbox_id=b613840c-c55c-45db-8f71-59d5a22071cd command_id=91f0a8d9a913df51c3b2cc2ee92b2813d889e01d5761ebb969d3bad63a0863bc outcome=ACKNOWLEDGED
2026-08-11T10:00:27.859+08:00 INFO  d.f.m.outbox.OutboxDispatcher request_id= idempotency_key= order_id= user_id= sku_id= payment_tx= - Outbox publication outbox_id=a11f6668-cbe9-4572-bbb7-28e37e6b39db command_id=c0d97ed65d69ea35e0df62571778ec45f175f2d917be871ec9fa5bb13e3d9180 outcome=ACKNOWLEDGED
2026-08-11T10:00:28.139+08:00 INFO  d.f.m.outbox.OutboxDispatcher request_id= idempotency_key= order_id= user_id= sku_id= payment_tx= - Outbox publication outbox_id=43f0a81f-b739-4fe0-9113-7b96630ef478 command_id=ebb2eccbb9b76578317ae75681a05b78704f58ec884348fecb3abf4121baf477 outcome=ACKNOWLEDGED
2026-08-11T10:00:28.146+08:00 INFO  d.f.m.outbox.OutboxDispatcher request_id= idempotency_key= order_id= user_id= sku_id= payment_tx= - Outbox publication outbox_id=13a770f7-2a55-4556-b18c-27a2c8846512 command_id=68054047847a5e2fc17331de66a7733fef7a681049bb848ee9d9adfbe446942a outcome=ACKNOWLEDGED
2026-08-11T10:01:03.377+08:00 INFO  o.s.b.w.e.tomcat.GracefulShutdown request_id= idempotency_key= order_id= user_id= sku_id= payment_tx= - Commencing graceful shutdown. Waiting for active requests to complete
2026-08-11T10:01:05.383+08:00 INFO  o.s.b.w.e.tomcat.GracefulShutdown request_id= idempotency_key= order_id= user_id= sku_id= payment_tx= - Graceful shutdown complete
2026-08-11T10:01:05.384+08:00 ERROR org.apache.tomcat.util.net.Acceptor request_id= idempotency_key= order_id= user_id= sku_id= payment_tx= - Socket accept failed
java.nio.channels.AsynchronousCloseException: null
	at java.base/java.nio.channels.spi.AbstractInterruptibleChannel.end(AbstractInterruptibleChannel.java:218) ~[na:na]
	at java.base/sun.nio.ch.ServerSocketChannelImpl.end(ServerSocketChannelImpl.java:372) ~[na:na]
	at java.base/sun.nio.ch.ServerSocketChannelImpl.accept(ServerSocketChannelImpl.java:397) ~[na:na]
	at org.apache.tomcat.util.net.NioEndpoint.serverSocketAccept(NioEndpoint.java:537) ~[tomcat-embed-core-10.1.44.jar:10.1.44]
	at org.apache.tomcat.util.net.NioEndpoint.serverSocketAccept(NioEndpoint.java:72) ~[tomcat-embed-core-10.1.44.jar:10.1.44]
	at org.apache.tomcat.util.net.Acceptor.run(Acceptor.java:127) ~[tomcat-embed-core-10.1.44.jar:10.1.44]
	at java.base/java.lang.Thread.run(Thread.java:1516) ~[na:na]
2026-08-11T10:01:05.444+08:00 INFO  com.zaxxer.hikari.HikariDataSource request_id= idempotency_key= order_id= user_id= sku_id= payment_tx= - HikariPool-4 - Shutdown initiated...
2026-08-11T10:01:05.450+08:00 INFO  com.zaxxer.hikari.HikariDataSource request_id= idempotency_key= order_id= user_id= sku_id= payment_tx= - HikariPool-4 - Shutdown completed.
[INFO] Tests run: 1, Failures: 0, Errors: 0, Skipped: 0, Time elapsed: 44.26 s -- in dev.flashflow.V4OutboxConcurrentRedeliveryIntegrationTest
[INFO] 
[INFO] Results:
[INFO] 
[INFO] Tests run: 5, Failures: 0, Errors: 0, Skipped: 0
[INFO] 
[INFO] ------------------------------------------------------------------------
[INFO] BUILD SUCCESS
[INFO] ------------------------------------------------------------------------
[INFO] Total time:  02:16 min
[INFO] Finished at: 2026-08-11T10:01:05+08:00
[INFO] ------------------------------------------------------------------------
