[INFO] Scanning for projects...
[INFO] 
[INFO] ----------------------< dev.flashflow:flashflow >-----------------------
[INFO] Building FlashFlow 0.1.0-SNAPSHOT
[INFO]   from pom.xml
[INFO] --------------------------------[ jar ]---------------------------------
[WARNING] 1 problem was encountered while building the effective model for org.javassist:javassist:jar:3.21.0-GA during dependency collection step for project (use -X to see details)
[INFO] 
[INFO] --- resources:3.3.1:resources (default-resources) @ flashflow ---
[INFO] Copying 5 resources from src/main/resources to target/classes
[INFO] Copying 11 resources from src/main/resources to target/classes
[INFO] 
[INFO] --- compiler:3.14.0:compile (default-compile) @ flashflow ---
[INFO] Nothing to compile - all classes are up to date.
[INFO] 
[INFO] --- resources:3.3.1:testResources (default-testResources) @ flashflow ---
[INFO] skip non existing resourceDirectory /Users/yuzheng/Computeracy/Zhenkun26-GitHub/FlashFlow/src/test/resources
[INFO] 
[INFO] --- compiler:3.14.0:testCompile (default-testCompile) @ flashflow ---
[INFO] Recompiling the module because of changed source code.
[INFO] Compiling 54 source files with javac [debug parameters release 21] to target/test-classes
[WARNING] /Users/yuzheng/Computeracy/Zhenkun26-GitHub/FlashFlow/src/test/java/dev/flashflow/ExpirationAdmissionFailureIntegrationTest.java:[26,6] org.springframework.boot.test.mock.mockito 中的 org.springframework.boot.test.mock.mockito.MockBean 已过时, 且标记为待删除
[WARNING] /Users/yuzheng/Computeracy/Zhenkun26-GitHub/FlashFlow/src/test/java/dev/flashflow/ExpirationRollbackIntegrationTest.java:[21,6] org.springframework.boot.test.mock.mockito 中的 org.springframework.boot.test.mock.mockito.MockBean 已过时, 且标记为待删除
[INFO] /Users/yuzheng/Computeracy/Zhenkun26-GitHub/FlashFlow/src/test/java/dev/flashflow/admission/RedisLuaAdmissionFailureTest.java: /Users/yuzheng/Computeracy/Zhenkun26-GitHub/FlashFlow/src/test/java/dev/flashflow/admission/RedisLuaAdmissionFailureTest.java使用了未经检查或不安全的操作。
[INFO] /Users/yuzheng/Computeracy/Zhenkun26-GitHub/FlashFlow/src/test/java/dev/flashflow/admission/RedisLuaAdmissionFailureTest.java: 有关详细信息, 请使用 -Xlint:unchecked 重新编译。
[INFO] 
[INFO] --- surefire:3.5.3:test (default-test) @ flashflow ---
[INFO] Using auto detected provider org.apache.maven.surefire.junitplatform.JUnitPlatformProvider
[INFO] 
[INFO] -------------------------------------------------------
[INFO]  T E S T S
[INFO] -------------------------------------------------------
[INFO] Running dev.flashflow.V4OutboxBacklogDrainIntegrationTest
Standard Commons Logging discovery in action with spring-jcl: please remove commons-logging.jar from classpath in order to avoid potential conflicts
10:50:41.285 [main] INFO org.springframework.test.context.support.AnnotationConfigContextLoaderUtils -- Could not detect default configuration classes for test class [dev.flashflow.V4OutboxBacklogDrainIntegrationTest]: V4OutboxBacklogDrainIntegrationTest does not declare any static, non-private, non-final, nested classes annotated with @Configuration.
10:50:41.336 [main] INFO org.springframework.boot.test.context.SpringBootTestContextBootstrapper -- Found @SpringBootConfiguration dev.flashflow.FlashFlowApplication for test class dev.flashflow.V4OutboxBacklogDrainIntegrationTest
10:50:41.375 [main] INFO org.testcontainers.images.PullPolicy -- Image pull policy will be performed by: DefaultPullPolicy()
10:50:41.376 [main] INFO org.testcontainers.utility.ImageNameSubstitutor -- Image name substitution will be performed by: DefaultImageNameSubstitutor (composite of 'ConfigurationFileImageNameSubstitutor' and 'PrefixingImageNameSubstitutor')
10:50:41.382 [main] INFO org.testcontainers.DockerClientFactory -- Testcontainers version: 1.21.3
10:50:41.457 [main] INFO org.testcontainers.dockerclient.DockerClientProviderStrategy -- Loaded org.testcontainers.dockerclient.UnixSocketClientProviderStrategy from ~/.testcontainers.properties, will try it first
10:50:41.547 [main] INFO org.testcontainers.dockerclient.DockerClientProviderStrategy -- Found Docker environment with local Unix socket (unix:///var/run/docker.sock)
10:50:41.547 [main] INFO org.testcontainers.DockerClientFactory -- Docker host IP address is localhost
10:50:41.558 [main] INFO org.testcontainers.DockerClientFactory -- Connected to docker: 
  Server Version: 29.4.1
  API Version: 1.54
  Operating System: Docker Desktop
  Total Memory: 7936 MB
  Labels: 
    com.docker.desktop.address=unix:///Users/yuzheng/Library/Containers/com.docker.docker/Data/docker-cli.sock
10:50:41.634 [main] INFO tc.testcontainers/ryuk:0.12.0 -- Creating container for image: testcontainers/ryuk:0.12.0
10:50:41.656 [main] INFO org.testcontainers.utility.RegistryAuthLocator -- Credential helper/store (docker-credential-osxkeychain) does not have credentials for https://index.docker.io/v1/
10:50:41.707 [main] INFO tc.testcontainers/ryuk:0.12.0 -- Container testcontainers/ryuk:0.12.0 is starting: a9e5a0d0af91e0ec723444c36360c48b3b180678852f291bea638e3da1985f56
10:50:41.821 [main] INFO tc.testcontainers/ryuk:0.12.0 -- Container testcontainers/ryuk:0.12.0 started in PT0.187137S
10:50:41.823 [main] INFO org.testcontainers.utility.RyukResourceReaper -- Ryuk started - will monitor and terminate Testcontainers containers on JVM exit
10:50:41.823 [main] INFO org.testcontainers.DockerClientFactory -- Checking the system...
10:50:41.823 [main] INFO org.testcontainers.DockerClientFactory -- ✔︎ Docker server version should be at least 1.6.0
10:50:41.824 [main] INFO tc.mysql:8.4.6 -- Creating container for image: mysql:8.4.6
10:50:41.860 [main] INFO tc.mysql:8.4.6 -- Container mysql:8.4.6 is starting: a8a0662bcb5b71f888c758d43d6f1d2f3b87157bc7c05a260cfeacb7ac51c9cd
10:50:41.956 [main] INFO tc.mysql:8.4.6 -- Waiting for database connection to become available at jdbc:mysql://localhost:50400/flashflow using query 'SELECT 1'
10:50:46.576 [main] INFO tc.mysql:8.4.6 -- Container mysql:8.4.6 started in PT4.751577S
10:50:46.576 [main] INFO tc.mysql:8.4.6 -- Container is started (JDBC URL: jdbc:mysql://localhost:50400/flashflow)
10:50:46.577 [main] INFO tc.redis:7.4.2-alpine -- Creating container for image: redis:7.4.2-alpine
10:50:46.608 [main] INFO tc.redis:7.4.2-alpine -- Container redis:7.4.2-alpine is starting: 28469bb35898dd3d0603b8153ecaa3e8c8592cfd6fbb31e5533938ba2da86ecd
10:50:46.754 [main] INFO tc.redis:7.4.2-alpine -- Container redis:7.4.2-alpine started in PT0.177152S

  .   ____          _            __ _ _
 /\\ / ___'_ __ _ _(_)_ __  __ _ \ \ \ \
( ( )\___ | '_ | '_| | '_ \/ _` | \ \ \ \
 \\/  ___)| |_)| | | | | || (_| |  ) ) ) )
  '  |____| .__|_| |_|_| |_\__, | / / / /
 =========|_|==============|___/=/_/_/_/

 :: Spring Boot ::                (v3.5.5)

2026-08-11T10:50:46.914+08:00 INFO  d.f.V4OutboxBacklogDrainIntegrationTest request_id= idempotency_key= order_id= user_id= sku_id= payment_tx= - Starting V4OutboxBacklogDrainIntegrationTest using Java 26.0.2 with PID 72401 (started by yuzheng in /Users/yuzheng/Computeracy/Zhenkun26-GitHub/FlashFlow)
2026-08-11T10:50:46.914+08:00 INFO  d.f.V4OutboxBacklogDrainIntegrationTest request_id= idempotency_key= order_id= user_id= sku_id= payment_tx= - The following 1 profile is active: "test"
2026-08-11T10:50:47.300+08:00 INFO  o.s.d.r.c.RepositoryConfigurationDelegate request_id= idempotency_key= order_id= user_id= sku_id= payment_tx= - Multiple Spring Data modules found, entering strict repository configuration mode
2026-08-11T10:50:47.300+08:00 INFO  o.s.d.r.c.RepositoryConfigurationDelegate request_id= idempotency_key= order_id= user_id= sku_id= payment_tx= - Bootstrapping Spring Data Redis repositories in DEFAULT mode.
2026-08-11T10:50:47.319+08:00 INFO  o.s.d.r.c.RepositoryConfigurationDelegate request_id= idempotency_key= order_id= user_id= sku_id= payment_tx= - Finished Spring Data repository scanning in 11 ms. Found 0 Redis repository interfaces.
2026-08-11T10:50:47.560+08:00 INFO  o.s.b.w.e.tomcat.TomcatWebServer request_id= idempotency_key= order_id= user_id= sku_id= payment_tx= - Tomcat initialized with port 0 (http)
2026-08-11T10:50:47.566+08:00 INFO  o.a.catalina.core.StandardService request_id= idempotency_key= order_id= user_id= sku_id= payment_tx= - Starting service [Tomcat]
2026-08-11T10:50:47.566+08:00 INFO  o.a.catalina.core.StandardEngine request_id= idempotency_key= order_id= user_id= sku_id= payment_tx= - Starting Servlet engine: [Apache Tomcat/10.1.44]
2026-08-11T10:50:47.582+08:00 INFO  o.a.c.c.C.[Tomcat].[localhost].[/] request_id= idempotency_key= order_id= user_id= sku_id= payment_tx= - Initializing Spring embedded WebApplicationContext
2026-08-11T10:50:47.583+08:00 INFO  o.s.b.w.s.c.ServletWebServerApplicationContext request_id= idempotency_key= order_id= user_id= sku_id= payment_tx= - Root WebApplicationContext: initialization completed in 658 ms
Standard Commons Logging discovery in action with spring-jcl: please remove commons-logging.jar from classpath in order to avoid potential conflicts
WARNING: A terminally deprecated method in sun.misc.Unsafe has been called
WARNING: sun.misc.Unsafe::allocateMemory has been called by io.netty.util.internal.PlatformDependent0$2 (file:/Users/yuzheng/.m2/repository/io/netty/netty-common/4.1.124.Final/netty-common-4.1.124.Final.jar)
WARNING: Please consider reporting this to the maintainers of class io.netty.util.internal.PlatformDependent0$2
WARNING: sun.misc.Unsafe::allocateMemory will be removed in a future release
WARNING: A restricted method in java.lang.System has been called
WARNING: java.lang.System::loadLibrary has been called by io.netty.util.internal.NativeLibraryUtil in an unnamed module (file:/Users/yuzheng/.m2/repository/io/netty/netty-common/4.1.124.Final/netty-common-4.1.124.Final.jar)
WARNING: Use --enable-native-access=ALL-UNNAMED to avoid a warning for callers in this module
WARNING: Restricted methods will be blocked in a future release unless native access is enabled

2026-08-11T10:50:48.411+08:00 INFO  com.zaxxer.hikari.HikariDataSource request_id= idempotency_key= order_id= user_id= sku_id= payment_tx= - HikariPool-1 - Starting...
2026-08-11T10:50:48.534+08:00 INFO  com.zaxxer.hikari.pool.HikariPool request_id= idempotency_key= order_id= user_id= sku_id= payment_tx= - HikariPool-1 - Added connection com.mysql.cj.jdbc.ConnectionImpl@430dbcb0
2026-08-11T10:50:48.535+08:00 INFO  com.zaxxer.hikari.HikariDataSource request_id= idempotency_key= order_id= user_id= sku_id= payment_tx= - HikariPool-1 - Start completed.
2026-08-11T10:50:48.557+08:00 INFO  org.flywaydb.core.FlywayExecutor request_id= idempotency_key= order_id= user_id= sku_id= payment_tx= - Database: jdbc:mysql://localhost:50400/flashflow (MySQL 8.4)
2026-08-11T10:50:48.579+08:00 WARN  o.f.c.i.database.base.Database request_id= idempotency_key= order_id= user_id= sku_id= payment_tx= - Flyway upgrade recommended: MySQL 8.4 is newer than this version of Flyway and support has not been tested. The latest supported version of MySQL is 8.1.
2026-08-11T10:50:48.598+08:00 INFO  o.f.c.i.s.JdbcTableSchemaHistory request_id= idempotency_key= order_id= user_id= sku_id= payment_tx= - Schema history table `flashflow`.`flyway_schema_history` does not exist yet
2026-08-11T10:50:48.601+08:00 INFO  o.f.core.internal.command.DbValidate request_id= idempotency_key= order_id= user_id= sku_id= payment_tx= - Successfully validated 4 migrations (execution time 00:00.015s)
2026-08-11T10:50:48.628+08:00 INFO  o.f.c.i.s.JdbcTableSchemaHistory request_id= idempotency_key= order_id= user_id= sku_id= payment_tx= - Creating Schema History table `flashflow`.`flyway_schema_history` ...
2026-08-11T10:50:48.683+08:00 INFO  o.f.core.internal.command.DbMigrate request_id= idempotency_key= order_id= user_id= sku_id= payment_tx= - Current version of schema `flashflow`: << Empty Schema >>
2026-08-11T10:50:48.699+08:00 INFO  o.f.core.internal.command.DbMigrate request_id= idempotency_key= order_id= user_id= sku_id= payment_tx= - Migrating schema `flashflow` to version "1 - create flashflow v1 schema"
2026-08-11T10:50:48.803+08:00 INFO  o.f.core.internal.command.DbMigrate request_id= idempotency_key= order_id= user_id= sku_id= payment_tx= - Migrating schema `flashflow` to version "2 - create order command ledger"
2026-08-11T10:50:48.838+08:00 INFO  o.f.core.internal.command.DbMigrate request_id= idempotency_key= order_id= user_id= sku_id= payment_tx= - Migrating schema `flashflow` to version "3 - extend order command transport evidence"
2026-08-11T10:50:48.888+08:00 INFO  o.f.core.internal.command.DbMigrate request_id= idempotency_key= order_id= user_id= sku_id= payment_tx= - Migrating schema `flashflow` to version "4 - create order command outbox"
2026-08-11T10:50:48.921+08:00 INFO  o.f.core.internal.command.DbMigrate request_id= idempotency_key= order_id= user_id= sku_id= payment_tx= - Successfully applied 4 migrations to schema `flashflow`, now at version v4 (execution time 00:00.154s)
2026-08-11T10:50:49.569+08:00 INFO  o.s.b.a.e.web.EndpointLinksResolver request_id= idempotency_key= order_id= user_id= sku_id= payment_tx= - Exposing 2 endpoints beneath base path '/actuator'
2026-08-11T10:50:49.644+08:00 INFO  o.s.b.w.e.tomcat.TomcatWebServer request_id= idempotency_key= order_id= user_id= sku_id= payment_tx= - Tomcat started on port 50480 (http) with context path '/'
2026-08-11T10:50:49.651+08:00 INFO  d.f.V4OutboxBacklogDrainIntegrationTest request_id= idempotency_key= order_id= user_id= sku_id= payment_tx= - Started V4OutboxBacklogDrainIntegrationTest in 2.885 seconds (process running for 8.617)
OpenJDK 64-Bit Server VM warning: Sharing is only supported for boot loader classes because bootstrap classpath has been appended
2026-08-11T10:51:02.424+08:00 INFO  o.a.c.c.C.[Tomcat].[localhost].[/] request_id= idempotency_key= order_id= user_id= sku_id= payment_tx= - Initializing Spring DispatcherServlet 'dispatcherServlet'
2026-08-11T10:51:02.424+08:00 INFO  o.s.web.servlet.DispatcherServlet request_id= idempotency_key= order_id= user_id= sku_id= payment_tx= - Initializing Servlet 'dispatcherServlet'
2026-08-11T10:51:02.425+08:00 INFO  o.s.web.servlet.DispatcherServlet request_id= idempotency_key= order_id= user_id= sku_id= payment_tx= - Completed initialization in 1 ms
2026-08-11T10:51:02.491+08:00 INFO  d.f.m.o.OutboxAsyncOrderApplicationService request_id=9348b236-c965-4899-92da-7345122b9ee3 idempotency_key=key-15cdc97a-0 order_id= user_id=user-15cdc97a-0 sku_id=sku-v4-backlog-15cdc97a payment_tx= - Durable Outbox acceptance command_id=d3ea7dba798b05104e7c1c2d82fe796928ec39e0dd30bf9ad24e5c67f4cc3725 status=ACCEPTED
2026-08-11T10:51:02.523+08:00 INFO  d.f.m.outbox.OutboxDispatcher request_id= idempotency_key= order_id= user_id= sku_id= payment_tx= - Outbox publication deferred outbox_id=c3700d84-0c00-46cd-ac7d-76ec0af57833 command_id=d3ea7dba798b05104e7c1c2d82fe796928ec39e0dd30bf9ad24e5c67f4cc3725 outcome=RETRYABLE cause=MQCLIENTEXCEPTION
2026-08-11T10:51:02.558+08:00 INFO  d.f.m.o.OutboxAsyncOrderApplicationService request_id=8872c1ea-9a98-424a-97c4-9bee092cb201 idempotency_key=key-15cdc97a-1 order_id= user_id=user-15cdc97a-1 sku_id=sku-v4-backlog-15cdc97a payment_tx= - Durable Outbox acceptance command_id=2270956ea41ac3b5fea6085d4d139f0c6da256784b109a2cfecfa007a951a9f7 status=ACCEPTED
2026-08-11T10:51:02.576+08:00 INFO  d.f.m.o.OutboxAsyncOrderApplicationService request_id=f0aaaf1d-1d0f-49fa-8681-2d71db2f110a idempotency_key=key-15cdc97a-2 order_id= user_id=user-15cdc97a-2 sku_id=sku-v4-backlog-15cdc97a payment_tx= - Durable Outbox acceptance command_id=772ca95e478cd49fe83a6faa43a9858438fc0bab713697d03996e51adc9cc687 status=ACCEPTED
2026-08-11T10:51:02.596+08:00 INFO  d.f.m.o.OutboxAsyncOrderApplicationService request_id=214ef369-cf0b-4213-8b52-58dc0d4686dd idempotency_key=key-15cdc97a-3 order_id= user_id=user-15cdc97a-3 sku_id=sku-v4-backlog-15cdc97a payment_tx= - Durable Outbox acceptance command_id=80f0ea545577602218fbf0c1135fc8d6a3328a264f4305d315e64b68367bceab status=ACCEPTED
2026-08-11T10:51:02.621+08:00 INFO  d.f.m.o.OutboxAsyncOrderApplicationService request_id=f6f110cd-f852-4455-8857-6ed604d4de5c idempotency_key=key-15cdc97a-4 order_id= user_id=user-15cdc97a-4 sku_id=sku-v4-backlog-15cdc97a payment_tx= - Durable Outbox acceptance command_id=9b78132acc904a097c9ce455ef3f35472cb10484628420cabbb4766a41fc66f5 status=ACCEPTED
2026-08-11T10:51:02.650+08:00 INFO  d.f.m.outbox.OutboxDispatcher request_id= idempotency_key= order_id= user_id= sku_id= payment_tx= - Outbox publication deferred outbox_id=64387099-d41c-4273-931f-a91be35b90be command_id=2270956ea41ac3b5fea6085d4d139f0c6da256784b109a2cfecfa007a951a9f7 outcome=RETRYABLE cause=MQCLIENTEXCEPTION
2026-08-11T10:51:02.650+08:00 INFO  d.f.m.o.OutboxAsyncOrderApplicationService request_id=6a64fe90-8a3a-4f55-8b26-9f0270a789b3 idempotency_key=key-15cdc97a-5 order_id= user_id=user-15cdc97a-5 sku_id=sku-v4-backlog-15cdc97a payment_tx= - Durable Outbox acceptance command_id=96e6ecc3e2ee37d2c22ba888dd017bb5f520d9901dfc55b5c3034c7db5f4a832 status=ACCEPTED
2026-08-11T10:51:02.656+08:00 INFO  d.f.m.outbox.OutboxDispatcher request_id= idempotency_key= order_id= user_id= sku_id= payment_tx= - Outbox publication deferred outbox_id=b41be3be-95dc-4950-837e-773f3443bd06 command_id=772ca95e478cd49fe83a6faa43a9858438fc0bab713697d03996e51adc9cc687 outcome=RETRYABLE cause=MQCLIENTEXCEPTION
2026-08-11T10:51:02.662+08:00 INFO  d.f.m.outbox.OutboxDispatcher request_id= idempotency_key= order_id= user_id= sku_id= payment_tx= - Outbox publication deferred outbox_id=6df52350-f64b-4852-9c05-c3416d748350 command_id=80f0ea545577602218fbf0c1135fc8d6a3328a264f4305d315e64b68367bceab outcome=RETRYABLE cause=MQCLIENTEXCEPTION
2026-08-11T10:51:02.668+08:00 INFO  d.f.m.o.OutboxAsyncOrderApplicationService request_id=a508496f-bc42-4d68-81a1-0fd77ccf4576 idempotency_key=key-15cdc97a-6 order_id= user_id=user-15cdc97a-6 sku_id=sku-v4-backlog-15cdc97a payment_tx= - Durable Outbox acceptance command_id=edd33e403801c9b4b1658391de74f4f287424990a02995df5ed2260ac03df8e6 status=ACCEPTED
2026-08-11T10:51:02.669+08:00 INFO  d.f.m.outbox.OutboxDispatcher request_id= idempotency_key= order_id= user_id= sku_id= payment_tx= - Outbox publication deferred outbox_id=89556f4e-bf01-4b15-986d-45516452003e command_id=9b78132acc904a097c9ce455ef3f35472cb10484628420cabbb4766a41fc66f5 outcome=RETRYABLE cause=MQCLIENTEXCEPTION
2026-08-11T10:51:02.678+08:00 INFO  d.f.m.o.OutboxAsyncOrderApplicationService request_id=388d8b37-2a8f-45fc-8670-fb4d54b659ac idempotency_key=key-15cdc97a-7 order_id= user_id=user-15cdc97a-7 sku_id=sku-v4-backlog-15cdc97a payment_tx= - Durable Outbox acceptance command_id=acbabc45aa4c64f2e6257a7ab95631794a9b628b6e0f48b8092f137dc7787eaa status=ACCEPTED
2026-08-11T10:51:02.686+08:00 INFO  d.f.m.o.OutboxAsyncOrderApplicationService request_id=492168fd-045a-4e91-a9ca-b5c9d1b09510 idempotency_key=key-15cdc97a-8 order_id= user_id=user-15cdc97a-8 sku_id=sku-v4-backlog-15cdc97a payment_tx= - Durable Outbox acceptance command_id=aca9da65c0d170378d9ad2564bd5bb334897eb628908b10eba9e19bcfe6e3618 status=ACCEPTED
2026-08-11T10:51:02.696+08:00 INFO  d.f.m.o.OutboxAsyncOrderApplicationService request_id=fa045708-003c-471e-8330-03d223fd019d idempotency_key=key-15cdc97a-9 order_id= user_id=user-15cdc97a-9 sku_id=sku-v4-backlog-15cdc97a payment_tx= - Durable Outbox acceptance command_id=79c5814841d696fae7259f22d2fac2adf52a7a709ada60abeaae160acb66d2d4 status=ACCEPTED
2026-08-11T10:51:02.703+08:00 INFO  d.f.m.o.OutboxAsyncOrderApplicationService request_id=f600e739-2a9b-4e53-8c49-c1db9a2190c7 idempotency_key=key-15cdc97a-10 order_id= user_id=user-15cdc97a-10 sku_id=sku-v4-backlog-15cdc97a payment_tx= - Durable Outbox acceptance command_id=d8aa479977a649e0932bf0d57735d66cc9f341cb7801af1484fd052095c64407 status=ACCEPTED
2026-08-11T10:51:02.711+08:00 INFO  d.f.m.o.OutboxAsyncOrderApplicationService request_id=84266ca3-4af8-4ce1-a266-a2f127bb168c idempotency_key=key-15cdc97a-11 order_id= user_id=user-15cdc97a-11 sku_id=sku-v4-backlog-15cdc97a payment_tx= - Durable Outbox acceptance command_id=68d38722d53e70f371d4d78ff0e15d713cd64bae0fb55aeeed59e10937e564ba status=ACCEPTED
2026-08-11T10:51:02.788+08:00 INFO  d.f.m.outbox.OutboxDispatcher request_id= idempotency_key= order_id= user_id= sku_id= payment_tx= - Outbox publication deferred outbox_id=c3700d84-0c00-46cd-ac7d-76ec0af57833 command_id=d3ea7dba798b05104e7c1c2d82fe796928ec39e0dd30bf9ad24e5c67f4cc3725 outcome=RETRYABLE cause=MQCLIENTEXCEPTION
2026-08-11T10:51:02.795+08:00 INFO  d.f.m.outbox.OutboxDispatcher request_id= idempotency_key= order_id= user_id= sku_id= payment_tx= - Outbox publication deferred outbox_id=d1baa44b-864d-481e-a141-863caba921d0 command_id=96e6ecc3e2ee37d2c22ba888dd017bb5f520d9901dfc55b5c3034c7db5f4a832 outcome=RETRYABLE cause=MQCLIENTEXCEPTION
2026-08-11T10:51:02.803+08:00 INFO  d.f.m.outbox.OutboxDispatcher request_id= idempotency_key= order_id= user_id= sku_id= payment_tx= - Outbox publication deferred outbox_id=864a59c4-ba35-445e-b434-a5e784fe1798 command_id=edd33e403801c9b4b1658391de74f4f287424990a02995df5ed2260ac03df8e6 outcome=RETRYABLE cause=MQCLIENTEXCEPTION
2026-08-11T10:51:02.819+08:00 INFO  d.f.m.outbox.OutboxDispatcher request_id= idempotency_key= order_id= user_id= sku_id= payment_tx= - Outbox publication deferred outbox_id=889d9c28-7a69-40bd-9462-93eb8cb67b31 command_id=acbabc45aa4c64f2e6257a7ab95631794a9b628b6e0f48b8092f137dc7787eaa outcome=RETRYABLE cause=MQCLIENTEXCEPTION
2026-08-11T10:51:02.938+08:00 INFO  d.f.m.outbox.OutboxDispatcher request_id= idempotency_key= order_id= user_id= sku_id= payment_tx= - Outbox publication deferred outbox_id=d2cbddf5-3800-420e-9dc4-f1eca67b03bf command_id=aca9da65c0d170378d9ad2564bd5bb334897eb628908b10eba9e19bcfe6e3618 outcome=RETRYABLE cause=MQCLIENTEXCEPTION
2026-08-11T10:51:02.940+08:00 INFO  d.f.m.outbox.OutboxDispatcher request_id= idempotency_key= order_id= user_id= sku_id= payment_tx= - Outbox publication deferred outbox_id=72aac0fd-f0b3-4df3-99fc-4820090d37d7 command_id=79c5814841d696fae7259f22d2fac2adf52a7a709ada60abeaae160acb66d2d4 outcome=RETRYABLE cause=MQCLIENTEXCEPTION
2026-08-11T10:51:02.943+08:00 INFO  d.f.m.outbox.OutboxDispatcher request_id= idempotency_key= order_id= user_id= sku_id= payment_tx= - Outbox publication deferred outbox_id=532cfb00-ddfa-4798-a553-4c092e19ee2a command_id=d8aa479977a649e0932bf0d57735d66cc9f341cb7801af1484fd052095c64407 outcome=RETRYABLE cause=MQCLIENTEXCEPTION
2026-08-11T10:51:02.946+08:00 INFO  d.f.m.outbox.OutboxDispatcher request_id= idempotency_key= order_id= user_id= sku_id= payment_tx= - Outbox publication deferred outbox_id=b01c3931-1d40-4ee9-98de-73ece1b361c8 command_id=68d38722d53e70f371d4d78ff0e15d713cd64bae0fb55aeeed59e10937e564ba outcome=RETRYABLE cause=MQCLIENTEXCEPTION
2026-08-11T10:51:03.069+08:00 INFO  d.f.m.outbox.OutboxDispatcher request_id= idempotency_key= order_id= user_id= sku_id= payment_tx= - Outbox publication deferred outbox_id=64387099-d41c-4273-931f-a91be35b90be command_id=2270956ea41ac3b5fea6085d4d139f0c6da256784b109a2cfecfa007a951a9f7 outcome=RETRYABLE cause=MQCLIENTEXCEPTION
2026-08-11T10:51:03.075+08:00 INFO  d.f.m.outbox.OutboxDispatcher request_id= idempotency_key= order_id= user_id= sku_id= payment_tx= - Outbox publication deferred outbox_id=b41be3be-95dc-4950-837e-773f3443bd06 command_id=772ca95e478cd49fe83a6faa43a9858438fc0bab713697d03996e51adc9cc687 outcome=RETRYABLE cause=MQCLIENTEXCEPTION
2026-08-11T10:51:03.081+08:00 INFO  d.f.m.outbox.OutboxDispatcher request_id= idempotency_key= order_id= user_id= sku_id= payment_tx= - Outbox publication deferred outbox_id=6df52350-f64b-4852-9c05-c3416d748350 command_id=80f0ea545577602218fbf0c1135fc8d6a3328a264f4305d315e64b68367bceab outcome=RETRYABLE cause=MQCLIENTEXCEPTION
2026-08-11T10:51:03.086+08:00 INFO  d.f.m.outbox.OutboxDispatcher request_id= idempotency_key= order_id= user_id= sku_id= payment_tx= - Outbox publication deferred outbox_id=89556f4e-bf01-4b15-986d-45516452003e command_id=9b78132acc904a097c9ce455ef3f35472cb10484628420cabbb4766a41fc66f5 outcome=RETRYABLE cause=MQCLIENTEXCEPTION
2026-08-11T10:51:03.204+08:00 INFO  d.f.m.outbox.OutboxDispatcher request_id= idempotency_key= order_id= user_id= sku_id= payment_tx= - Outbox publication deferred outbox_id=d1baa44b-864d-481e-a141-863caba921d0 command_id=96e6ecc3e2ee37d2c22ba888dd017bb5f520d9901dfc55b5c3034c7db5f4a832 outcome=RETRYABLE cause=MQCLIENTEXCEPTION
2026-08-11T10:51:03.209+08:00 INFO  d.f.m.outbox.OutboxDispatcher request_id= idempotency_key= order_id= user_id= sku_id= payment_tx= - Outbox publication deferred outbox_id=864a59c4-ba35-445e-b434-a5e784fe1798 command_id=edd33e403801c9b4b1658391de74f4f287424990a02995df5ed2260ac03df8e6 outcome=RETRYABLE cause=MQCLIENTEXCEPTION
2026-08-11T10:51:03.214+08:00 INFO  d.f.m.outbox.OutboxDispatcher request_id= idempotency_key= order_id= user_id= sku_id= payment_tx= - Outbox publication deferred outbox_id=889d9c28-7a69-40bd-9462-93eb8cb67b31 command_id=acbabc45aa4c64f2e6257a7ab95631794a9b628b6e0f48b8092f137dc7787eaa outcome=RETRYABLE cause=MQCLIENTEXCEPTION
2026-08-11T10:51:03.219+08:00 INFO  d.f.m.outbox.OutboxDispatcher request_id= idempotency_key= order_id= user_id= sku_id= payment_tx= - Outbox publication deferred outbox_id=c3700d84-0c00-46cd-ac7d-76ec0af57833 command_id=d3ea7dba798b05104e7c1c2d82fe796928ec39e0dd30bf9ad24e5c67f4cc3725 outcome=RETRYABLE cause=MQCLIENTEXCEPTION
2026-08-11T10:51:03.342+08:00 INFO  d.f.m.outbox.OutboxDispatcher request_id= idempotency_key= order_id= user_id= sku_id= payment_tx= - Outbox publication deferred outbox_id=d2cbddf5-3800-420e-9dc4-f1eca67b03bf command_id=aca9da65c0d170378d9ad2564bd5bb334897eb628908b10eba9e19bcfe6e3618 outcome=RETRYABLE cause=MQCLIENTEXCEPTION
2026-08-11T10:51:03.351+08:00 INFO  d.f.m.outbox.OutboxDispatcher request_id= idempotency_key= order_id= user_id= sku_id= payment_tx= - Outbox publication deferred outbox_id=72aac0fd-f0b3-4df3-99fc-4820090d37d7 command_id=79c5814841d696fae7259f22d2fac2adf52a7a709ada60abeaae160acb66d2d4 outcome=RETRYABLE cause=MQCLIENTEXCEPTION
2026-08-11T10:51:03.359+08:00 INFO  d.f.m.outbox.OutboxDispatcher request_id= idempotency_key= order_id= user_id= sku_id= payment_tx= - Outbox publication deferred outbox_id=532cfb00-ddfa-4798-a553-4c092e19ee2a command_id=d8aa479977a649e0932bf0d57735d66cc9f341cb7801af1484fd052095c64407 outcome=RETRYABLE cause=MQCLIENTEXCEPTION
2026-08-11T10:51:03.364+08:00 INFO  d.f.m.outbox.OutboxDispatcher request_id= idempotency_key= order_id= user_id= sku_id= payment_tx= - Outbox publication deferred outbox_id=b01c3931-1d40-4ee9-98de-73ece1b361c8 command_id=68d38722d53e70f371d4d78ff0e15d713cd64bae0fb55aeeed59e10937e564ba outcome=RETRYABLE cause=MQCLIENTEXCEPTION
2026-08-11T10:51:03.489+08:00 INFO  d.f.m.outbox.OutboxDispatcher request_id= idempotency_key= order_id= user_id= sku_id= payment_tx= - Outbox publication deferred outbox_id=64387099-d41c-4273-931f-a91be35b90be command_id=2270956ea41ac3b5fea6085d4d139f0c6da256784b109a2cfecfa007a951a9f7 outcome=RETRYABLE cause=MQCLIENTEXCEPTION
2026-08-11T10:51:03.497+08:00 INFO  d.f.m.outbox.OutboxDispatcher request_id= idempotency_key= order_id= user_id= sku_id= payment_tx= - Outbox publication deferred outbox_id=b41be3be-95dc-4950-837e-773f3443bd06 command_id=772ca95e478cd49fe83a6faa43a9858438fc0bab713697d03996e51adc9cc687 outcome=RETRYABLE cause=MQCLIENTEXCEPTION
2026-08-11T10:51:03.504+08:00 INFO  d.f.m.outbox.OutboxDispatcher request_id= idempotency_key= order_id= user_id= sku_id= payment_tx= - Outbox publication deferred outbox_id=6df52350-f64b-4852-9c05-c3416d748350 command_id=80f0ea545577602218fbf0c1135fc8d6a3328a264f4305d315e64b68367bceab outcome=RETRYABLE cause=MQCLIENTEXCEPTION
2026-08-11T10:51:03.512+08:00 INFO  d.f.m.outbox.OutboxDispatcher request_id= idempotency_key= order_id= user_id= sku_id= payment_tx= - Outbox publication deferred outbox_id=89556f4e-bf01-4b15-986d-45516452003e command_id=9b78132acc904a097c9ce455ef3f35472cb10484628420cabbb4766a41fc66f5 outcome=RETRYABLE cause=MQCLIENTEXCEPTION
2026-08-11T10:51:03.632+08:00 INFO  d.f.m.outbox.OutboxDispatcher request_id= idempotency_key= order_id= user_id= sku_id= payment_tx= - Outbox publication deferred outbox_id=d1baa44b-864d-481e-a141-863caba921d0 command_id=96e6ecc3e2ee37d2c22ba888dd017bb5f520d9901dfc55b5c3034c7db5f4a832 outcome=RETRYABLE cause=MQCLIENTEXCEPTION
2026-08-11T10:51:03.637+08:00 INFO  d.f.m.outbox.OutboxDispatcher request_id= idempotency_key= order_id= user_id= sku_id= payment_tx= - Outbox publication deferred outbox_id=864a59c4-ba35-445e-b434-a5e784fe1798 command_id=edd33e403801c9b4b1658391de74f4f287424990a02995df5ed2260ac03df8e6 outcome=RETRYABLE cause=MQCLIENTEXCEPTION
2026-08-11T10:51:03.643+08:00 INFO  d.f.m.outbox.OutboxDispatcher request_id= idempotency_key= order_id= user_id= sku_id= payment_tx= - Outbox publication deferred outbox_id=889d9c28-7a69-40bd-9462-93eb8cb67b31 command_id=acbabc45aa4c64f2e6257a7ab95631794a9b628b6e0f48b8092f137dc7787eaa outcome=RETRYABLE cause=MQCLIENTEXCEPTION
2026-08-11T10:51:03.650+08:00 INFO  d.f.m.outbox.OutboxDispatcher request_id= idempotency_key= order_id= user_id= sku_id= payment_tx= - Outbox publication deferred outbox_id=d2cbddf5-3800-420e-9dc4-f1eca67b03bf command_id=aca9da65c0d170378d9ad2564bd5bb334897eb628908b10eba9e19bcfe6e3618 outcome=RETRYABLE cause=MQCLIENTEXCEPTION
2026-08-11T10:51:03.776+08:00 INFO  d.f.m.outbox.OutboxDispatcher request_id= idempotency_key= order_id= user_id= sku_id= payment_tx= - Outbox publication deferred outbox_id=72aac0fd-f0b3-4df3-99fc-4820090d37d7 command_id=79c5814841d696fae7259f22d2fac2adf52a7a709ada60abeaae160acb66d2d4 outcome=RETRYABLE cause=MQCLIENTEXCEPTION
2026-08-11T10:51:03.785+08:00 INFO  d.f.m.outbox.OutboxDispatcher request_id= idempotency_key= order_id= user_id= sku_id= payment_tx= - Outbox publication deferred outbox_id=532cfb00-ddfa-4798-a553-4c092e19ee2a command_id=d8aa479977a649e0932bf0d57735d66cc9f341cb7801af1484fd052095c64407 outcome=RETRYABLE cause=MQCLIENTEXCEPTION
2026-08-11T10:51:03.792+08:00 INFO  d.f.m.outbox.OutboxDispatcher request_id= idempotency_key= order_id= user_id= sku_id= payment_tx= - Outbox publication deferred outbox_id=b01c3931-1d40-4ee9-98de-73ece1b361c8 command_id=68d38722d53e70f371d4d78ff0e15d713cd64bae0fb55aeeed59e10937e564ba outcome=RETRYABLE cause=MQCLIENTEXCEPTION
2026-08-11T10:51:03.797+08:00 INFO  d.f.m.outbox.OutboxDispatcher request_id= idempotency_key= order_id= user_id= sku_id= payment_tx= - Outbox publication deferred outbox_id=c3700d84-0c00-46cd-ac7d-76ec0af57833 command_id=d3ea7dba798b05104e7c1c2d82fe796928ec39e0dd30bf9ad24e5c67f4cc3725 outcome=RETRYABLE cause=MQCLIENTEXCEPTION
2026-08-11T10:51:03.916+08:00 INFO  d.f.m.outbox.OutboxDispatcher request_id= idempotency_key= order_id= user_id= sku_id= payment_tx= - Outbox publication deferred outbox_id=64387099-d41c-4273-931f-a91be35b90be command_id=2270956ea41ac3b5fea6085d4d139f0c6da256784b109a2cfecfa007a951a9f7 outcome=RETRYABLE cause=MQCLIENTEXCEPTION
2026-08-11T10:51:03.921+08:00 INFO  d.f.m.outbox.OutboxDispatcher request_id= idempotency_key= order_id= user_id= sku_id= payment_tx= - Outbox publication deferred outbox_id=b41be3be-95dc-4950-837e-773f3443bd06 command_id=772ca95e478cd49fe83a6faa43a9858438fc0bab713697d03996e51adc9cc687 outcome=RETRYABLE cause=MQCLIENTEXCEPTION
2026-08-11T10:51:03.924+08:00 INFO  d.f.m.outbox.OutboxDispatcher request_id= idempotency_key= order_id= user_id= sku_id= payment_tx= - Outbox publication deferred outbox_id=6df52350-f64b-4852-9c05-c3416d748350 command_id=80f0ea545577602218fbf0c1135fc8d6a3328a264f4305d315e64b68367bceab outcome=RETRYABLE cause=MQCLIENTEXCEPTION
2026-08-11T10:51:04.040+08:00 INFO  d.f.m.outbox.OutboxDispatcher request_id= idempotency_key= order_id= user_id= sku_id= payment_tx= - Outbox publication deferred outbox_id=89556f4e-bf01-4b15-986d-45516452003e command_id=9b78132acc904a097c9ce455ef3f35472cb10484628420cabbb4766a41fc66f5 outcome=RETRYABLE cause=MQCLIENTEXCEPTION
2026-08-11T10:51:04.163+08:00 INFO  d.f.m.outbox.OutboxDispatcher request_id= idempotency_key= order_id= user_id= sku_id= payment_tx= - Outbox publication deferred outbox_id=d1baa44b-864d-481e-a141-863caba921d0 command_id=96e6ecc3e2ee37d2c22ba888dd017bb5f520d9901dfc55b5c3034c7db5f4a832 outcome=RETRYABLE cause=MQCLIENTEXCEPTION
2026-08-11T10:51:04.169+08:00 INFO  d.f.m.outbox.OutboxDispatcher request_id= idempotency_key= order_id= user_id= sku_id= payment_tx= - Outbox publication deferred outbox_id=864a59c4-ba35-445e-b434-a5e784fe1798 command_id=edd33e403801c9b4b1658391de74f4f287424990a02995df5ed2260ac03df8e6 outcome=RETRYABLE cause=MQCLIENTEXCEPTION
2026-08-11T10:51:04.174+08:00 INFO  d.f.m.outbox.OutboxDispatcher request_id= idempotency_key= order_id= user_id= sku_id= payment_tx= - Outbox publication deferred outbox_id=889d9c28-7a69-40bd-9462-93eb8cb67b31 command_id=acbabc45aa4c64f2e6257a7ab95631794a9b628b6e0f48b8092f137dc7787eaa outcome=RETRYABLE cause=MQCLIENTEXCEPTION
2026-08-11T10:51:04.179+08:00 INFO  d.f.m.outbox.OutboxDispatcher request_id= idempotency_key= order_id= user_id= sku_id= payment_tx= - Outbox publication deferred outbox_id=d2cbddf5-3800-420e-9dc4-f1eca67b03bf command_id=aca9da65c0d170378d9ad2564bd5bb334897eb628908b10eba9e19bcfe6e3618 outcome=RETRYABLE cause=MQCLIENTEXCEPTION
2026-08-11T10:51:04.299+08:00 INFO  d.f.m.outbox.OutboxDispatcher request_id= idempotency_key= order_id= user_id= sku_id= payment_tx= - Outbox publication deferred outbox_id=72aac0fd-f0b3-4df3-99fc-4820090d37d7 command_id=79c5814841d696fae7259f22d2fac2adf52a7a709ada60abeaae160acb66d2d4 outcome=RETRYABLE cause=MQCLIENTEXCEPTION
2026-08-11T10:51:04.303+08:00 INFO  d.f.m.outbox.OutboxDispatcher request_id= idempotency_key= order_id= user_id= sku_id= payment_tx= - Outbox publication deferred outbox_id=532cfb00-ddfa-4798-a553-4c092e19ee2a command_id=d8aa479977a649e0932bf0d57735d66cc9f341cb7801af1484fd052095c64407 outcome=RETRYABLE cause=MQCLIENTEXCEPTION
2026-08-11T10:51:04.325+08:00 INFO  d.f.m.outbox.OutboxDispatcher request_id= idempotency_key= order_id= user_id= sku_id= payment_tx= - Outbox publication deferred outbox_id=b01c3931-1d40-4ee9-98de-73ece1b361c8 command_id=68d38722d53e70f371d4d78ff0e15d713cd64bae0fb55aeeed59e10937e564ba outcome=RETRYABLE cause=MQCLIENTEXCEPTION
2026-08-11T10:51:04.649+08:00 INFO  d.f.m.outbox.OutboxDispatcher request_id= idempotency_key= order_id= user_id= sku_id= payment_tx= - Outbox publication deferred outbox_id=c3700d84-0c00-46cd-ac7d-76ec0af57833 command_id=d3ea7dba798b05104e7c1c2d82fe796928ec39e0dd30bf9ad24e5c67f4cc3725 outcome=RETRYABLE cause=MQCLIENTEXCEPTION
2026-08-11T10:51:04.769+08:00 INFO  d.f.m.outbox.OutboxDispatcher request_id= idempotency_key= order_id= user_id= sku_id= payment_tx= - Outbox publication deferred outbox_id=64387099-d41c-4273-931f-a91be35b90be command_id=2270956ea41ac3b5fea6085d4d139f0c6da256784b109a2cfecfa007a951a9f7 outcome=RETRYABLE cause=MQCLIENTEXCEPTION
2026-08-11T10:51:04.773+08:00 INFO  d.f.m.outbox.OutboxDispatcher request_id= idempotency_key= order_id= user_id= sku_id= payment_tx= - Outbox publication deferred outbox_id=b41be3be-95dc-4950-837e-773f3443bd06 command_id=772ca95e478cd49fe83a6faa43a9858438fc0bab713697d03996e51adc9cc687 outcome=RETRYABLE cause=MQCLIENTEXCEPTION
2026-08-11T10:51:04.776+08:00 INFO  d.f.m.outbox.OutboxDispatcher request_id= idempotency_key= order_id= user_id= sku_id= payment_tx= - Outbox publication deferred outbox_id=6df52350-f64b-4852-9c05-c3416d748350 command_id=80f0ea545577602218fbf0c1135fc8d6a3328a264f4305d315e64b68367bceab outcome=RETRYABLE cause=MQCLIENTEXCEPTION
2026-08-11T10:51:04.888+08:00 INFO  d.f.m.outbox.OutboxDispatcher request_id= idempotency_key= order_id= user_id= sku_id= payment_tx= - Outbox publication deferred outbox_id=89556f4e-bf01-4b15-986d-45516452003e command_id=9b78132acc904a097c9ce455ef3f35472cb10484628420cabbb4766a41fc66f5 outcome=RETRYABLE cause=MQCLIENTEXCEPTION
2026-08-11T10:51:05.012+08:00 INFO  d.f.m.outbox.OutboxDispatcher request_id= idempotency_key= order_id= user_id= sku_id= payment_tx= - Outbox publication deferred outbox_id=d1baa44b-864d-481e-a141-863caba921d0 command_id=96e6ecc3e2ee37d2c22ba888dd017bb5f520d9901dfc55b5c3034c7db5f4a832 outcome=RETRYABLE cause=MQCLIENTEXCEPTION
2026-08-11T10:51:05.017+08:00 INFO  d.f.m.outbox.OutboxDispatcher request_id= idempotency_key= order_id= user_id= sku_id= payment_tx= - Outbox publication deferred outbox_id=864a59c4-ba35-445e-b434-a5e784fe1798 command_id=edd33e403801c9b4b1658391de74f4f287424990a02995df5ed2260ac03df8e6 outcome=RETRYABLE cause=MQCLIENTEXCEPTION
2026-08-11T10:51:05.021+08:00 INFO  d.f.m.outbox.OutboxDispatcher request_id= idempotency_key= order_id= user_id= sku_id= payment_tx= - Outbox publication deferred outbox_id=889d9c28-7a69-40bd-9462-93eb8cb67b31 command_id=acbabc45aa4c64f2e6257a7ab95631794a9b628b6e0f48b8092f137dc7787eaa outcome=RETRYABLE cause=MQCLIENTEXCEPTION
2026-08-11T10:51:05.026+08:00 INFO  d.f.m.outbox.OutboxDispatcher request_id= idempotency_key= order_id= user_id= sku_id= payment_tx= - Outbox publication deferred outbox_id=d2cbddf5-3800-420e-9dc4-f1eca67b03bf command_id=aca9da65c0d170378d9ad2564bd5bb334897eb628908b10eba9e19bcfe6e3618 outcome=RETRYABLE cause=MQCLIENTEXCEPTION
2026-08-11T10:51:05.141+08:00 INFO  d.f.m.outbox.OutboxDispatcher request_id= idempotency_key= order_id= user_id= sku_id= payment_tx= - Outbox publication deferred outbox_id=72aac0fd-f0b3-4df3-99fc-4820090d37d7 command_id=79c5814841d696fae7259f22d2fac2adf52a7a709ada60abeaae160acb66d2d4 outcome=RETRYABLE cause=MQCLIENTEXCEPTION
2026-08-11T10:51:05.143+08:00 INFO  d.f.m.outbox.OutboxDispatcher request_id= idempotency_key= order_id= user_id= sku_id= payment_tx= - Outbox publication deferred outbox_id=532cfb00-ddfa-4798-a553-4c092e19ee2a command_id=d8aa479977a649e0932bf0d57735d66cc9f341cb7801af1484fd052095c64407 outcome=RETRYABLE cause=MQCLIENTEXCEPTION
2026-08-11T10:51:05.145+08:00 INFO  d.f.m.outbox.OutboxDispatcher request_id= idempotency_key= order_id= user_id= sku_id= payment_tx= - Outbox publication deferred outbox_id=b01c3931-1d40-4ee9-98de-73ece1b361c8 command_id=68d38722d53e70f371d4d78ff0e15d713cd64bae0fb55aeeed59e10937e564ba outcome=RETRYABLE cause=MQCLIENTEXCEPTION
2026-08-11T10:51:05.681+08:00 INFO  d.f.m.outbox.OutboxDispatcher request_id= idempotency_key= order_id= user_id= sku_id= payment_tx= - Outbox publication deferred outbox_id=c3700d84-0c00-46cd-ac7d-76ec0af57833 command_id=d3ea7dba798b05104e7c1c2d82fe796928ec39e0dd30bf9ad24e5c67f4cc3725 outcome=RETRYABLE cause=MQCLIENTEXCEPTION
2026-08-11T10:51:05.795+08:00 INFO  d.f.m.outbox.OutboxDispatcher request_id= idempotency_key= order_id= user_id= sku_id= payment_tx= - Outbox publication deferred outbox_id=64387099-d41c-4273-931f-a91be35b90be command_id=2270956ea41ac3b5fea6085d4d139f0c6da256784b109a2cfecfa007a951a9f7 outcome=RETRYABLE cause=MQCLIENTEXCEPTION
2026-08-11T10:51:05.797+08:00 INFO  d.f.m.outbox.OutboxDispatcher request_id= idempotency_key= order_id= user_id= sku_id= payment_tx= - Outbox publication deferred outbox_id=b41be3be-95dc-4950-837e-773f3443bd06 command_id=772ca95e478cd49fe83a6faa43a9858438fc0bab713697d03996e51adc9cc687 outcome=RETRYABLE cause=MQCLIENTEXCEPTION
2026-08-11T10:51:05.798+08:00 INFO  d.f.m.outbox.OutboxDispatcher request_id= idempotency_key= order_id= user_id= sku_id= payment_tx= - Outbox publication deferred outbox_id=6df52350-f64b-4852-9c05-c3416d748350 command_id=80f0ea545577602218fbf0c1135fc8d6a3328a264f4305d315e64b68367bceab outcome=RETRYABLE cause=MQCLIENTEXCEPTION
2026-08-11T10:51:05.906+08:00 INFO  d.f.m.outbox.OutboxDispatcher request_id= idempotency_key= order_id= user_id= sku_id= payment_tx= - Outbox publication deferred outbox_id=89556f4e-bf01-4b15-986d-45516452003e command_id=9b78132acc904a097c9ce455ef3f35472cb10484628420cabbb4766a41fc66f5 outcome=RETRYABLE cause=MQCLIENTEXCEPTION
2026-08-11T10:51:06.017+08:00 INFO  d.f.m.outbox.OutboxDispatcher request_id= idempotency_key= order_id= user_id= sku_id= payment_tx= - Outbox publication deferred outbox_id=d1baa44b-864d-481e-a141-863caba921d0 command_id=96e6ecc3e2ee37d2c22ba888dd017bb5f520d9901dfc55b5c3034c7db5f4a832 outcome=RETRYABLE cause=MQCLIENTEXCEPTION
2026-08-11T10:51:06.146+08:00 INFO  d.f.m.outbox.OutboxDispatcher request_id= idempotency_key= order_id= user_id= sku_id= payment_tx= - Outbox publication deferred outbox_id=864a59c4-ba35-445e-b434-a5e784fe1798 command_id=edd33e403801c9b4b1658391de74f4f287424990a02995df5ed2260ac03df8e6 outcome=RETRYABLE cause=MQCLIENTEXCEPTION
2026-08-11T10:51:06.153+08:00 INFO  d.f.m.outbox.OutboxDispatcher request_id= idempotency_key= order_id= user_id= sku_id= payment_tx= - Outbox publication deferred outbox_id=889d9c28-7a69-40bd-9462-93eb8cb67b31 command_id=acbabc45aa4c64f2e6257a7ab95631794a9b628b6e0f48b8092f137dc7787eaa outcome=RETRYABLE cause=MQCLIENTEXCEPTION
2026-08-11T10:51:06.163+08:00 INFO  d.f.m.outbox.OutboxDispatcher request_id= idempotency_key= order_id= user_id= sku_id= payment_tx= - Outbox publication deferred outbox_id=d2cbddf5-3800-420e-9dc4-f1eca67b03bf command_id=aca9da65c0d170378d9ad2564bd5bb334897eb628908b10eba9e19bcfe6e3618 outcome=RETRYABLE cause=MQCLIENTEXCEPTION
2026-08-11T10:51:06.293+08:00 INFO  d.f.m.outbox.OutboxDispatcher request_id= idempotency_key= order_id= user_id= sku_id= payment_tx= - Outbox publication deferred outbox_id=72aac0fd-f0b3-4df3-99fc-4820090d37d7 command_id=79c5814841d696fae7259f22d2fac2adf52a7a709ada60abeaae160acb66d2d4 outcome=RETRYABLE cause=MQCLIENTEXCEPTION
2026-08-11T10:51:06.303+08:00 INFO  d.f.m.outbox.OutboxDispatcher request_id= idempotency_key= order_id= user_id= sku_id= payment_tx= - Outbox publication deferred outbox_id=532cfb00-ddfa-4798-a553-4c092e19ee2a command_id=d8aa479977a649e0932bf0d57735d66cc9f341cb7801af1484fd052095c64407 outcome=RETRYABLE cause=MQCLIENTEXCEPTION
2026-08-11T10:51:06.310+08:00 INFO  d.f.m.outbox.OutboxDispatcher request_id= idempotency_key= order_id= user_id= sku_id= payment_tx= - Outbox publication deferred outbox_id=b01c3931-1d40-4ee9-98de-73ece1b361c8 command_id=68d38722d53e70f371d4d78ff0e15d713cd64bae0fb55aeeed59e10937e564ba outcome=RETRYABLE cause=MQCLIENTEXCEPTION
2026-08-11T10:51:06.765+08:00 INFO  d.f.m.outbox.OutboxDispatcher request_id= idempotency_key= order_id= user_id= sku_id= payment_tx= - Outbox publication deferred outbox_id=c3700d84-0c00-46cd-ac7d-76ec0af57833 command_id=d3ea7dba798b05104e7c1c2d82fe796928ec39e0dd30bf9ad24e5c67f4cc3725 outcome=RETRYABLE cause=MQCLIENTEXCEPTION
2026-08-11T10:51:06.882+08:00 INFO  d.f.m.outbox.OutboxDispatcher request_id= idempotency_key= order_id= user_id= sku_id= payment_tx= - Outbox publication deferred outbox_id=64387099-d41c-4273-931f-a91be35b90be command_id=2270956ea41ac3b5fea6085d4d139f0c6da256784b109a2cfecfa007a951a9f7 outcome=RETRYABLE cause=MQCLIENTEXCEPTION
2026-08-11T10:51:06.884+08:00 INFO  d.f.m.outbox.OutboxDispatcher request_id= idempotency_key= order_id= user_id= sku_id= payment_tx= - Outbox publication deferred outbox_id=b41be3be-95dc-4950-837e-773f3443bd06 command_id=772ca95e478cd49fe83a6faa43a9858438fc0bab713697d03996e51adc9cc687 outcome=RETRYABLE cause=MQCLIENTEXCEPTION
2026-08-11T10:51:06.886+08:00 INFO  d.f.m.outbox.OutboxDispatcher request_id= idempotency_key= order_id= user_id= sku_id= payment_tx= - Outbox publication deferred outbox_id=6df52350-f64b-4852-9c05-c3416d748350 command_id=80f0ea545577602218fbf0c1135fc8d6a3328a264f4305d315e64b68367bceab outcome=RETRYABLE cause=MQCLIENTEXCEPTION
2026-08-11T10:51:06.997+08:00 INFO  d.f.m.outbox.OutboxDispatcher request_id= idempotency_key= order_id= user_id= sku_id= payment_tx= - Outbox publication deferred outbox_id=89556f4e-bf01-4b15-986d-45516452003e command_id=9b78132acc904a097c9ce455ef3f35472cb10484628420cabbb4766a41fc66f5 outcome=RETRYABLE cause=MQCLIENTEXCEPTION
2026-08-11T10:51:07.102+08:00 INFO  d.f.m.outbox.OutboxDispatcher request_id= idempotency_key= order_id= user_id= sku_id= payment_tx= - Outbox publication deferred outbox_id=d1baa44b-864d-481e-a141-863caba921d0 command_id=96e6ecc3e2ee37d2c22ba888dd017bb5f520d9901dfc55b5c3034c7db5f4a832 outcome=RETRYABLE cause=MQCLIENTEXCEPTION
2026-08-11T10:51:07.213+08:00 INFO  d.f.m.outbox.OutboxDispatcher request_id= idempotency_key= order_id= user_id= sku_id= payment_tx= - Outbox publication deferred outbox_id=864a59c4-ba35-445e-b434-a5e784fe1798 command_id=edd33e403801c9b4b1658391de74f4f287424990a02995df5ed2260ac03df8e6 outcome=RETRYABLE cause=MQCLIENTEXCEPTION
2026-08-11T10:51:07.214+08:00 INFO  d.f.m.outbox.OutboxDispatcher request_id= idempotency_key= order_id= user_id= sku_id= payment_tx= - Outbox publication deferred outbox_id=889d9c28-7a69-40bd-9462-93eb8cb67b31 command_id=acbabc45aa4c64f2e6257a7ab95631794a9b628b6e0f48b8092f137dc7787eaa outcome=RETRYABLE cause=MQCLIENTEXCEPTION
2026-08-11T10:51:07.216+08:00 INFO  d.f.m.outbox.OutboxDispatcher request_id= idempotency_key= order_id= user_id= sku_id= payment_tx= - Outbox publication deferred outbox_id=d2cbddf5-3800-420e-9dc4-f1eca67b03bf command_id=aca9da65c0d170378d9ad2564bd5bb334897eb628908b10eba9e19bcfe6e3618 outcome=RETRYABLE cause=MQCLIENTEXCEPTION
2026-08-11T10:51:07.330+08:00 INFO  d.f.m.outbox.OutboxDispatcher request_id= idempotency_key= order_id= user_id= sku_id= payment_tx= - Outbox publication deferred outbox_id=72aac0fd-f0b3-4df3-99fc-4820090d37d7 command_id=79c5814841d696fae7259f22d2fac2adf52a7a709ada60abeaae160acb66d2d4 outcome=RETRYABLE cause=MQCLIENTEXCEPTION
2026-08-11T10:51:07.331+08:00 INFO  d.f.m.outbox.OutboxDispatcher request_id= idempotency_key= order_id= user_id= sku_id= payment_tx= - Outbox publication deferred outbox_id=532cfb00-ddfa-4798-a553-4c092e19ee2a command_id=d8aa479977a649e0932bf0d57735d66cc9f341cb7801af1484fd052095c64407 outcome=RETRYABLE cause=MQCLIENTEXCEPTION
2026-08-11T10:51:07.333+08:00 INFO  d.f.m.outbox.OutboxDispatcher request_id= idempotency_key= order_id= user_id= sku_id= payment_tx= - Outbox publication deferred outbox_id=b01c3931-1d40-4ee9-98de-73ece1b361c8 command_id=68d38722d53e70f371d4d78ff0e15d713cd64bae0fb55aeeed59e10937e564ba outcome=RETRYABLE cause=MQCLIENTEXCEPTION
2026-08-11T10:51:07.762+08:00 INFO  d.f.m.outbox.OutboxDispatcher request_id= idempotency_key= order_id= user_id= sku_id= payment_tx= - Outbox publication deferred outbox_id=c3700d84-0c00-46cd-ac7d-76ec0af57833 command_id=d3ea7dba798b05104e7c1c2d82fe796928ec39e0dd30bf9ad24e5c67f4cc3725 outcome=RETRYABLE cause=MQCLIENTEXCEPTION
2026-08-11T10:51:07.983+08:00 INFO  d.f.m.outbox.OutboxDispatcher request_id= idempotency_key= order_id= user_id= sku_id= payment_tx= - Outbox publication deferred outbox_id=64387099-d41c-4273-931f-a91be35b90be command_id=2270956ea41ac3b5fea6085d4d139f0c6da256784b109a2cfecfa007a951a9f7 outcome=RETRYABLE cause=MQCLIENTEXCEPTION
2026-08-11T10:51:07.986+08:00 INFO  d.f.m.outbox.OutboxDispatcher request_id= idempotency_key= order_id= user_id= sku_id= payment_tx= - Outbox publication deferred outbox_id=b41be3be-95dc-4950-837e-773f3443bd06 command_id=772ca95e478cd49fe83a6faa43a9858438fc0bab713697d03996e51adc9cc687 outcome=RETRYABLE cause=MQCLIENTEXCEPTION
2026-08-11T10:51:07.988+08:00 INFO  d.f.m.outbox.OutboxDispatcher request_id= idempotency_key= order_id= user_id= sku_id= payment_tx= - Outbox publication deferred outbox_id=6df52350-f64b-4852-9c05-c3416d748350 command_id=80f0ea545577602218fbf0c1135fc8d6a3328a264f4305d315e64b68367bceab outcome=RETRYABLE cause=MQCLIENTEXCEPTION
2026-08-11T10:51:08.098+08:00 INFO  d.f.m.outbox.OutboxDispatcher request_id= idempotency_key= order_id= user_id= sku_id= payment_tx= - Outbox publication deferred outbox_id=89556f4e-bf01-4b15-986d-45516452003e command_id=9b78132acc904a097c9ce455ef3f35472cb10484628420cabbb4766a41fc66f5 outcome=RETRYABLE cause=MQCLIENTEXCEPTION
2026-08-11T10:51:08.208+08:00 INFO  d.f.m.outbox.OutboxDispatcher request_id= idempotency_key= order_id= user_id= sku_id= payment_tx= - Outbox publication deferred outbox_id=d1baa44b-864d-481e-a141-863caba921d0 command_id=96e6ecc3e2ee37d2c22ba888dd017bb5f520d9901dfc55b5c3034c7db5f4a832 outcome=RETRYABLE cause=MQCLIENTEXCEPTION
2026-08-11T10:51:08.321+08:00 INFO  d.f.m.outbox.OutboxDispatcher request_id= idempotency_key= order_id= user_id= sku_id= payment_tx= - Outbox publication deferred outbox_id=864a59c4-ba35-445e-b434-a5e784fe1798 command_id=edd33e403801c9b4b1658391de74f4f287424990a02995df5ed2260ac03df8e6 outcome=RETRYABLE cause=MQCLIENTEXCEPTION
2026-08-11T10:51:08.323+08:00 INFO  d.f.m.outbox.OutboxDispatcher request_id= idempotency_key= order_id= user_id= sku_id= payment_tx= - Outbox publication deferred outbox_id=889d9c28-7a69-40bd-9462-93eb8cb67b31 command_id=acbabc45aa4c64f2e6257a7ab95631794a9b628b6e0f48b8092f137dc7787eaa outcome=RETRYABLE cause=MQCLIENTEXCEPTION
2026-08-11T10:51:08.325+08:00 INFO  d.f.m.outbox.OutboxDispatcher request_id= idempotency_key= order_id= user_id= sku_id= payment_tx= - Outbox publication deferred outbox_id=d2cbddf5-3800-420e-9dc4-f1eca67b03bf command_id=aca9da65c0d170378d9ad2564bd5bb334897eb628908b10eba9e19bcfe6e3618 outcome=RETRYABLE cause=MQCLIENTEXCEPTION
2026-08-11T10:51:08.438+08:00 INFO  d.f.m.outbox.OutboxDispatcher request_id= idempotency_key= order_id= user_id= sku_id= payment_tx= - Outbox publication deferred outbox_id=72aac0fd-f0b3-4df3-99fc-4820090d37d7 command_id=79c5814841d696fae7259f22d2fac2adf52a7a709ada60abeaae160acb66d2d4 outcome=RETRYABLE cause=MQCLIENTEXCEPTION
2026-08-11T10:51:08.440+08:00 INFO  d.f.m.outbox.OutboxDispatcher request_id= idempotency_key= order_id= user_id= sku_id= payment_tx= - Outbox publication deferred outbox_id=532cfb00-ddfa-4798-a553-4c092e19ee2a command_id=d8aa479977a649e0932bf0d57735d66cc9f341cb7801af1484fd052095c64407 outcome=RETRYABLE cause=MQCLIENTEXCEPTION
2026-08-11T10:51:08.442+08:00 INFO  d.f.m.outbox.OutboxDispatcher request_id= idempotency_key= order_id= user_id= sku_id= payment_tx= - Outbox publication deferred outbox_id=b01c3931-1d40-4ee9-98de-73ece1b361c8 command_id=68d38722d53e70f371d4d78ff0e15d713cd64bae0fb55aeeed59e10937e564ba outcome=RETRYABLE cause=MQCLIENTEXCEPTION
2026-08-11T10:51:08.868+08:00 INFO  d.f.m.outbox.OutboxDispatcher request_id= idempotency_key= order_id= user_id= sku_id= payment_tx= - Outbox publication deferred outbox_id=c3700d84-0c00-46cd-ac7d-76ec0af57833 command_id=d3ea7dba798b05104e7c1c2d82fe796928ec39e0dd30bf9ad24e5c67f4cc3725 outcome=RETRYABLE cause=MQCLIENTEXCEPTION
2026-08-11T10:51:09.085+08:00 INFO  d.f.m.outbox.OutboxDispatcher request_id= idempotency_key= order_id= user_id= sku_id= payment_tx= - Outbox publication deferred outbox_id=64387099-d41c-4273-931f-a91be35b90be command_id=2270956ea41ac3b5fea6085d4d139f0c6da256784b109a2cfecfa007a951a9f7 outcome=RETRYABLE cause=MQCLIENTEXCEPTION
2026-08-11T10:51:09.087+08:00 INFO  d.f.m.outbox.OutboxDispatcher request_id= idempotency_key= order_id= user_id= sku_id= payment_tx= - Outbox publication deferred outbox_id=b41be3be-95dc-4950-837e-773f3443bd06 command_id=772ca95e478cd49fe83a6faa43a9858438fc0bab713697d03996e51adc9cc687 outcome=RETRYABLE cause=MQCLIENTEXCEPTION
2026-08-11T10:51:09.089+08:00 INFO  d.f.m.outbox.OutboxDispatcher request_id= idempotency_key= order_id= user_id= sku_id= payment_tx= - Outbox publication deferred outbox_id=6df52350-f64b-4852-9c05-c3416d748350 command_id=80f0ea545577602218fbf0c1135fc8d6a3328a264f4305d315e64b68367bceab outcome=RETRYABLE cause=MQCLIENTEXCEPTION
2026-08-11T10:51:09.199+08:00 INFO  d.f.m.outbox.OutboxDispatcher request_id= idempotency_key= order_id= user_id= sku_id= payment_tx= - Outbox publication deferred outbox_id=89556f4e-bf01-4b15-986d-45516452003e command_id=9b78132acc904a097c9ce455ef3f35472cb10484628420cabbb4766a41fc66f5 outcome=RETRYABLE cause=MQCLIENTEXCEPTION
2026-08-11T10:51:09.307+08:00 INFO  d.f.m.outbox.OutboxDispatcher request_id= idempotency_key= order_id= user_id= sku_id= payment_tx= - Outbox publication deferred outbox_id=d1baa44b-864d-481e-a141-863caba921d0 command_id=96e6ecc3e2ee37d2c22ba888dd017bb5f520d9901dfc55b5c3034c7db5f4a832 outcome=RETRYABLE cause=MQCLIENTEXCEPTION
2026-08-11T10:51:09.419+08:00 INFO  d.f.m.outbox.OutboxDispatcher request_id= idempotency_key= order_id= user_id= sku_id= payment_tx= - Outbox publication deferred outbox_id=864a59c4-ba35-445e-b434-a5e784fe1798 command_id=edd33e403801c9b4b1658391de74f4f287424990a02995df5ed2260ac03df8e6 outcome=RETRYABLE cause=MQCLIENTEXCEPTION
2026-08-11T10:51:09.422+08:00 INFO  d.f.m.outbox.OutboxDispatcher request_id= idempotency_key= order_id= user_id= sku_id= payment_tx= - Outbox publication deferred outbox_id=889d9c28-7a69-40bd-9462-93eb8cb67b31 command_id=acbabc45aa4c64f2e6257a7ab95631794a9b628b6e0f48b8092f137dc7787eaa outcome=RETRYABLE cause=MQCLIENTEXCEPTION
2026-08-11T10:51:09.424+08:00 INFO  d.f.m.outbox.OutboxDispatcher request_id= idempotency_key= order_id= user_id= sku_id= payment_tx= - Outbox publication deferred outbox_id=d2cbddf5-3800-420e-9dc4-f1eca67b03bf command_id=aca9da65c0d170378d9ad2564bd5bb334897eb628908b10eba9e19bcfe6e3618 outcome=RETRYABLE cause=MQCLIENTEXCEPTION
2026-08-11T10:51:09.538+08:00 INFO  d.f.m.outbox.OutboxDispatcher request_id= idempotency_key= order_id= user_id= sku_id= payment_tx= - Outbox publication deferred outbox_id=72aac0fd-f0b3-4df3-99fc-4820090d37d7 command_id=79c5814841d696fae7259f22d2fac2adf52a7a709ada60abeaae160acb66d2d4 outcome=RETRYABLE cause=MQCLIENTEXCEPTION
2026-08-11T10:51:09.542+08:00 INFO  d.f.m.outbox.OutboxDispatcher request_id= idempotency_key= order_id= user_id= sku_id= payment_tx= - Outbox publication deferred outbox_id=532cfb00-ddfa-4798-a553-4c092e19ee2a command_id=d8aa479977a649e0932bf0d57735d66cc9f341cb7801af1484fd052095c64407 outcome=RETRYABLE cause=MQCLIENTEXCEPTION
2026-08-11T10:51:09.548+08:00 INFO  d.f.m.outbox.OutboxDispatcher request_id= idempotency_key= order_id= user_id= sku_id= payment_tx= - Outbox publication deferred outbox_id=b01c3931-1d40-4ee9-98de-73ece1b361c8 command_id=68d38722d53e70f371d4d78ff0e15d713cd64bae0fb55aeeed59e10937e564ba outcome=RETRYABLE cause=MQCLIENTEXCEPTION
2026-08-11T10:51:09.974+08:00 INFO  d.f.m.outbox.OutboxDispatcher request_id= idempotency_key= order_id= user_id= sku_id= payment_tx= - Outbox publication deferred outbox_id=c3700d84-0c00-46cd-ac7d-76ec0af57833 command_id=d3ea7dba798b05104e7c1c2d82fe796928ec39e0dd30bf9ad24e5c67f4cc3725 outcome=RETRYABLE cause=MQCLIENTEXCEPTION
2026-08-11T10:51:10.186+08:00 INFO  d.f.m.outbox.OutboxDispatcher request_id= idempotency_key= order_id= user_id= sku_id= payment_tx= - Outbox publication deferred outbox_id=64387099-d41c-4273-931f-a91be35b90be command_id=2270956ea41ac3b5fea6085d4d139f0c6da256784b109a2cfecfa007a951a9f7 outcome=RETRYABLE cause=MQCLIENTEXCEPTION
2026-08-11T10:51:10.188+08:00 INFO  d.f.m.outbox.OutboxDispatcher request_id= idempotency_key= order_id= user_id= sku_id= payment_tx= - Outbox publication deferred outbox_id=b41be3be-95dc-4950-837e-773f3443bd06 command_id=772ca95e478cd49fe83a6faa43a9858438fc0bab713697d03996e51adc9cc687 outcome=RETRYABLE cause=MQCLIENTEXCEPTION
2026-08-11T10:51:10.190+08:00 INFO  d.f.m.outbox.OutboxDispatcher request_id= idempotency_key= order_id= user_id= sku_id= payment_tx= - Outbox publication deferred outbox_id=6df52350-f64b-4852-9c05-c3416d748350 command_id=80f0ea545577602218fbf0c1135fc8d6a3328a264f4305d315e64b68367bceab outcome=RETRYABLE cause=MQCLIENTEXCEPTION
2026-08-11T10:51:10.301+08:00 INFO  d.f.m.outbox.OutboxDispatcher request_id= idempotency_key= order_id= user_id= sku_id= payment_tx= - Outbox publication deferred outbox_id=89556f4e-bf01-4b15-986d-45516452003e command_id=9b78132acc904a097c9ce455ef3f35472cb10484628420cabbb4766a41fc66f5 outcome=RETRYABLE cause=MQCLIENTEXCEPTION
2026-08-11T10:51:10.411+08:00 INFO  d.f.m.outbox.OutboxDispatcher request_id= idempotency_key= order_id= user_id= sku_id= payment_tx= - Outbox publication deferred outbox_id=d1baa44b-864d-481e-a141-863caba921d0 command_id=96e6ecc3e2ee37d2c22ba888dd017bb5f520d9901dfc55b5c3034c7db5f4a832 outcome=RETRYABLE cause=MQCLIENTEXCEPTION
2026-08-11T10:51:10.521+08:00 INFO  d.f.m.outbox.OutboxDispatcher request_id= idempotency_key= order_id= user_id= sku_id= payment_tx= - Outbox publication deferred outbox_id=864a59c4-ba35-445e-b434-a5e784fe1798 command_id=edd33e403801c9b4b1658391de74f4f287424990a02995df5ed2260ac03df8e6 outcome=RETRYABLE cause=MQCLIENTEXCEPTION
2026-08-11T10:51:10.524+08:00 INFO  d.f.m.outbox.OutboxDispatcher request_id= idempotency_key= order_id= user_id= sku_id= payment_tx= - Outbox publication deferred outbox_id=889d9c28-7a69-40bd-9462-93eb8cb67b31 command_id=acbabc45aa4c64f2e6257a7ab95631794a9b628b6e0f48b8092f137dc7787eaa outcome=RETRYABLE cause=MQCLIENTEXCEPTION
2026-08-11T10:51:10.526+08:00 INFO  d.f.m.outbox.OutboxDispatcher request_id= idempotency_key= order_id= user_id= sku_id= payment_tx= - Outbox publication deferred outbox_id=d2cbddf5-3800-420e-9dc4-f1eca67b03bf command_id=aca9da65c0d170378d9ad2564bd5bb334897eb628908b10eba9e19bcfe6e3618 outcome=RETRYABLE cause=MQCLIENTEXCEPTION
2026-08-11T10:51:10.638+08:00 INFO  d.f.m.outbox.OutboxDispatcher request_id= idempotency_key= order_id= user_id= sku_id= payment_tx= - Outbox publication deferred outbox_id=72aac0fd-f0b3-4df3-99fc-4820090d37d7 command_id=79c5814841d696fae7259f22d2fac2adf52a7a709ada60abeaae160acb66d2d4 outcome=RETRYABLE cause=MQCLIENTEXCEPTION
2026-08-11T10:51:10.640+08:00 INFO  d.f.m.outbox.OutboxDispatcher request_id= idempotency_key= order_id= user_id= sku_id= payment_tx= - Outbox publication deferred outbox_id=532cfb00-ddfa-4798-a553-4c092e19ee2a command_id=d8aa479977a649e0932bf0d57735d66cc9f341cb7801af1484fd052095c64407 outcome=RETRYABLE cause=MQCLIENTEXCEPTION
2026-08-11T10:51:10.642+08:00 INFO  d.f.m.outbox.OutboxDispatcher request_id= idempotency_key= order_id= user_id= sku_id= payment_tx= - Outbox publication deferred outbox_id=b01c3931-1d40-4ee9-98de-73ece1b361c8 command_id=68d38722d53e70f371d4d78ff0e15d713cd64bae0fb55aeeed59e10937e564ba outcome=RETRYABLE cause=MQCLIENTEXCEPTION
2026-08-11T10:51:11.066+08:00 INFO  d.f.m.outbox.OutboxDispatcher request_id= idempotency_key= order_id= user_id= sku_id= payment_tx= - Outbox publication deferred outbox_id=c3700d84-0c00-46cd-ac7d-76ec0af57833 command_id=d3ea7dba798b05104e7c1c2d82fe796928ec39e0dd30bf9ad24e5c67f4cc3725 outcome=RETRYABLE cause=MQCLIENTEXCEPTION
2026-08-11T10:51:11.280+08:00 INFO  d.f.m.outbox.OutboxDispatcher request_id= idempotency_key= order_id= user_id= sku_id= payment_tx= - Outbox publication deferred outbox_id=64387099-d41c-4273-931f-a91be35b90be command_id=2270956ea41ac3b5fea6085d4d139f0c6da256784b109a2cfecfa007a951a9f7 outcome=RETRYABLE cause=MQCLIENTEXCEPTION
2026-08-11T10:51:11.281+08:00 INFO  d.f.m.outbox.OutboxDispatcher request_id= idempotency_key= order_id= user_id= sku_id= payment_tx= - Outbox publication deferred outbox_id=b41be3be-95dc-4950-837e-773f3443bd06 command_id=772ca95e478cd49fe83a6faa43a9858438fc0bab713697d03996e51adc9cc687 outcome=RETRYABLE cause=MQCLIENTEXCEPTION
2026-08-11T10:51:11.283+08:00 INFO  d.f.m.outbox.OutboxDispatcher request_id= idempotency_key= order_id= user_id= sku_id= payment_tx= - Outbox publication deferred outbox_id=6df52350-f64b-4852-9c05-c3416d748350 command_id=80f0ea545577602218fbf0c1135fc8d6a3328a264f4305d315e64b68367bceab outcome=RETRYABLE cause=MQCLIENTEXCEPTION
2026-08-11T10:51:11.393+08:00 INFO  d.f.m.outbox.OutboxDispatcher request_id= idempotency_key= order_id= user_id= sku_id= payment_tx= - Outbox publication deferred outbox_id=89556f4e-bf01-4b15-986d-45516452003e command_id=9b78132acc904a097c9ce455ef3f35472cb10484628420cabbb4766a41fc66f5 outcome=RETRYABLE cause=MQCLIENTEXCEPTION
2026-08-11T10:51:11.505+08:00 INFO  d.f.m.outbox.OutboxDispatcher request_id= idempotency_key= order_id= user_id= sku_id= payment_tx= - Outbox publication deferred outbox_id=d1baa44b-864d-481e-a141-863caba921d0 command_id=96e6ecc3e2ee37d2c22ba888dd017bb5f520d9901dfc55b5c3034c7db5f4a832 outcome=RETRYABLE cause=MQCLIENTEXCEPTION
2026-08-11T10:51:11.616+08:00 INFO  d.f.m.outbox.OutboxDispatcher request_id= idempotency_key= order_id= user_id= sku_id= payment_tx= - Outbox publication deferred outbox_id=864a59c4-ba35-445e-b434-a5e784fe1798 command_id=edd33e403801c9b4b1658391de74f4f287424990a02995df5ed2260ac03df8e6 outcome=RETRYABLE cause=MQCLIENTEXCEPTION
2026-08-11T10:51:11.621+08:00 INFO  d.f.m.outbox.OutboxDispatcher request_id= idempotency_key= order_id= user_id= sku_id= payment_tx= - Outbox publication deferred outbox_id=889d9c28-7a69-40bd-9462-93eb8cb67b31 command_id=acbabc45aa4c64f2e6257a7ab95631794a9b628b6e0f48b8092f137dc7787eaa outcome=RETRYABLE cause=MQCLIENTEXCEPTION
2026-08-11T10:51:11.626+08:00 INFO  d.f.m.outbox.OutboxDispatcher request_id= idempotency_key= order_id= user_id= sku_id= payment_tx= - Outbox publication deferred outbox_id=d2cbddf5-3800-420e-9dc4-f1eca67b03bf command_id=aca9da65c0d170378d9ad2564bd5bb334897eb628908b10eba9e19bcfe6e3618 outcome=RETRYABLE cause=MQCLIENTEXCEPTION
2026-08-11T10:51:11.741+08:00 INFO  d.f.m.outbox.OutboxDispatcher request_id= idempotency_key= order_id= user_id= sku_id= payment_tx= - Outbox publication deferred outbox_id=72aac0fd-f0b3-4df3-99fc-4820090d37d7 command_id=79c5814841d696fae7259f22d2fac2adf52a7a709ada60abeaae160acb66d2d4 outcome=RETRYABLE cause=MQCLIENTEXCEPTION
2026-08-11T10:51:11.744+08:00 INFO  d.f.m.outbox.OutboxDispatcher request_id= idempotency_key= order_id= user_id= sku_id= payment_tx= - Outbox publication deferred outbox_id=532cfb00-ddfa-4798-a553-4c092e19ee2a command_id=d8aa479977a649e0932bf0d57735d66cc9f341cb7801af1484fd052095c64407 outcome=RETRYABLE cause=MQCLIENTEXCEPTION
2026-08-11T10:51:11.746+08:00 INFO  d.f.m.outbox.OutboxDispatcher request_id= idempotency_key= order_id= user_id= sku_id= payment_tx= - Outbox publication deferred outbox_id=b01c3931-1d40-4ee9-98de-73ece1b361c8 command_id=68d38722d53e70f371d4d78ff0e15d713cd64bae0fb55aeeed59e10937e564ba outcome=RETRYABLE cause=MQCLIENTEXCEPTION
2026-08-11T10:51:12.167+08:00 INFO  d.f.m.outbox.OutboxDispatcher request_id= idempotency_key= order_id= user_id= sku_id= payment_tx= - Outbox publication deferred outbox_id=c3700d84-0c00-46cd-ac7d-76ec0af57833 command_id=d3ea7dba798b05104e7c1c2d82fe796928ec39e0dd30bf9ad24e5c67f4cc3725 outcome=RETRYABLE cause=MQCLIENTEXCEPTION
2026-08-11T10:51:12.388+08:00 INFO  d.f.m.outbox.OutboxDispatcher request_id= idempotency_key= order_id= user_id= sku_id= payment_tx= - Outbox publication deferred outbox_id=64387099-d41c-4273-931f-a91be35b90be command_id=2270956ea41ac3b5fea6085d4d139f0c6da256784b109a2cfecfa007a951a9f7 outcome=RETRYABLE cause=MQCLIENTEXCEPTION
2026-08-11T10:51:12.390+08:00 INFO  d.f.m.outbox.OutboxDispatcher request_id= idempotency_key= order_id= user_id= sku_id= payment_tx= - Outbox publication deferred outbox_id=b41be3be-95dc-4950-837e-773f3443bd06 command_id=772ca95e478cd49fe83a6faa43a9858438fc0bab713697d03996e51adc9cc687 outcome=RETRYABLE cause=MQCLIENTEXCEPTION
2026-08-11T10:51:12.393+08:00 INFO  d.f.m.outbox.OutboxDispatcher request_id= idempotency_key= order_id= user_id= sku_id= payment_tx= - Outbox publication deferred outbox_id=6df52350-f64b-4852-9c05-c3416d748350 command_id=80f0ea545577602218fbf0c1135fc8d6a3328a264f4305d315e64b68367bceab outcome=RETRYABLE cause=MQCLIENTEXCEPTION
2026-08-11T10:51:12.516+08:00 INFO  d.f.m.outbox.OutboxDispatcher request_id= idempotency_key= order_id= user_id= sku_id= payment_tx= - Outbox publication deferred outbox_id=89556f4e-bf01-4b15-986d-45516452003e command_id=9b78132acc904a097c9ce455ef3f35472cb10484628420cabbb4766a41fc66f5 outcome=RETRYABLE cause=MQCLIENTEXCEPTION
2026-08-11T10:51:12.628+08:00 INFO  d.f.m.outbox.OutboxDispatcher request_id= idempotency_key= order_id= user_id= sku_id= payment_tx= - Outbox publication deferred outbox_id=d1baa44b-864d-481e-a141-863caba921d0 command_id=96e6ecc3e2ee37d2c22ba888dd017bb5f520d9901dfc55b5c3034c7db5f4a832 outcome=RETRYABLE cause=MQCLIENTEXCEPTION
2026-08-11T10:51:12.629+08:00 INFO  d.f.m.outbox.OutboxDispatcher request_id= idempotency_key= order_id= user_id= sku_id= payment_tx= - Outbox publication deferred outbox_id=864a59c4-ba35-445e-b434-a5e784fe1798 command_id=edd33e403801c9b4b1658391de74f4f287424990a02995df5ed2260ac03df8e6 outcome=RETRYABLE cause=MQCLIENTEXCEPTION
2026-08-11T10:51:12.631+08:00 INFO  d.f.m.outbox.OutboxDispatcher request_id= idempotency_key= order_id= user_id= sku_id= payment_tx= - Outbox publication deferred outbox_id=889d9c28-7a69-40bd-9462-93eb8cb67b31 command_id=acbabc45aa4c64f2e6257a7ab95631794a9b628b6e0f48b8092f137dc7787eaa outcome=RETRYABLE cause=MQCLIENTEXCEPTION
2026-08-11T10:51:12.740+08:00 INFO  d.f.m.outbox.OutboxDispatcher request_id= idempotency_key= order_id= user_id= sku_id= payment_tx= - Outbox publication deferred outbox_id=d2cbddf5-3800-420e-9dc4-f1eca67b03bf command_id=aca9da65c0d170378d9ad2564bd5bb334897eb628908b10eba9e19bcfe6e3618 outcome=RETRYABLE cause=MQCLIENTEXCEPTION
2026-08-11T10:51:12.850+08:00 INFO  d.f.m.outbox.OutboxDispatcher request_id= idempotency_key= order_id= user_id= sku_id= payment_tx= - Outbox publication deferred outbox_id=72aac0fd-f0b3-4df3-99fc-4820090d37d7 command_id=79c5814841d696fae7259f22d2fac2adf52a7a709ada60abeaae160acb66d2d4 outcome=RETRYABLE cause=MQCLIENTEXCEPTION
2026-08-11T10:51:12.852+08:00 INFO  d.f.m.outbox.OutboxDispatcher request_id= idempotency_key= order_id= user_id= sku_id= payment_tx= - Outbox publication deferred outbox_id=532cfb00-ddfa-4798-a553-4c092e19ee2a command_id=d8aa479977a649e0932bf0d57735d66cc9f341cb7801af1484fd052095c64407 outcome=RETRYABLE cause=MQCLIENTEXCEPTION
2026-08-11T10:51:12.854+08:00 INFO  d.f.m.outbox.OutboxDispatcher request_id= idempotency_key= order_id= user_id= sku_id= payment_tx= - Outbox publication deferred outbox_id=b01c3931-1d40-4ee9-98de-73ece1b361c8 command_id=68d38722d53e70f371d4d78ff0e15d713cd64bae0fb55aeeed59e10937e564ba outcome=RETRYABLE cause=MQCLIENTEXCEPTION
2026-08-11T10:51:13.174+08:00 INFO  d.f.m.outbox.OutboxDispatcher request_id= idempotency_key= order_id= user_id= sku_id= payment_tx= - Outbox publication deferred outbox_id=c3700d84-0c00-46cd-ac7d-76ec0af57833 command_id=d3ea7dba798b05104e7c1c2d82fe796928ec39e0dd30bf9ad24e5c67f4cc3725 outcome=RETRYABLE cause=MQCLIENTEXCEPTION
2026-08-11T10:51:13.498+08:00 INFO  d.f.m.outbox.OutboxDispatcher request_id= idempotency_key= order_id= user_id= sku_id= payment_tx= - Outbox publication deferred outbox_id=64387099-d41c-4273-931f-a91be35b90be command_id=2270956ea41ac3b5fea6085d4d139f0c6da256784b109a2cfecfa007a951a9f7 outcome=RETRYABLE cause=MQCLIENTEXCEPTION
2026-08-11T10:51:13.500+08:00 INFO  d.f.m.outbox.OutboxDispatcher request_id= idempotency_key= order_id= user_id= sku_id= payment_tx= - Outbox publication deferred outbox_id=b41be3be-95dc-4950-837e-773f3443bd06 command_id=772ca95e478cd49fe83a6faa43a9858438fc0bab713697d03996e51adc9cc687 outcome=RETRYABLE cause=MQCLIENTEXCEPTION
2026-08-11T10:51:13.503+08:00 INFO  d.f.m.outbox.OutboxDispatcher request_id= idempotency_key= order_id= user_id= sku_id= payment_tx= - Outbox publication deferred outbox_id=6df52350-f64b-4852-9c05-c3416d748350 command_id=80f0ea545577602218fbf0c1135fc8d6a3328a264f4305d315e64b68367bceab outcome=RETRYABLE cause=MQCLIENTEXCEPTION
2026-08-11T10:51:13.609+08:00 INFO  d.f.m.outbox.OutboxDispatcher request_id= idempotency_key= order_id= user_id= sku_id= payment_tx= - Outbox publication deferred outbox_id=89556f4e-bf01-4b15-986d-45516452003e command_id=9b78132acc904a097c9ce455ef3f35472cb10484628420cabbb4766a41fc66f5 outcome=RETRYABLE cause=MQCLIENTEXCEPTION
2026-08-11T10:51:13.719+08:00 INFO  d.f.m.outbox.OutboxDispatcher request_id= idempotency_key= order_id= user_id= sku_id= payment_tx= - Outbox publication deferred outbox_id=d1baa44b-864d-481e-a141-863caba921d0 command_id=96e6ecc3e2ee37d2c22ba888dd017bb5f520d9901dfc55b5c3034c7db5f4a832 outcome=RETRYABLE cause=MQCLIENTEXCEPTION
2026-08-11T10:51:13.721+08:00 INFO  d.f.m.outbox.OutboxDispatcher request_id= idempotency_key= order_id= user_id= sku_id= payment_tx= - Outbox publication deferred outbox_id=864a59c4-ba35-445e-b434-a5e784fe1798 command_id=edd33e403801c9b4b1658391de74f4f287424990a02995df5ed2260ac03df8e6 outcome=RETRYABLE cause=MQCLIENTEXCEPTION
2026-08-11T10:51:13.724+08:00 INFO  d.f.m.outbox.OutboxDispatcher request_id= idempotency_key= order_id= user_id= sku_id= payment_tx= - Outbox publication deferred outbox_id=889d9c28-7a69-40bd-9462-93eb8cb67b31 command_id=acbabc45aa4c64f2e6257a7ab95631794a9b628b6e0f48b8092f137dc7787eaa outcome=RETRYABLE cause=MQCLIENTEXCEPTION
2026-08-11T10:51:13.832+08:00 INFO  d.f.m.outbox.OutboxDispatcher request_id= idempotency_key= order_id= user_id= sku_id= payment_tx= - Outbox publication deferred outbox_id=d2cbddf5-3800-420e-9dc4-f1eca67b03bf command_id=aca9da65c0d170378d9ad2564bd5bb334897eb628908b10eba9e19bcfe6e3618 outcome=RETRYABLE cause=MQCLIENTEXCEPTION
2026-08-11T10:51:13.944+08:00 INFO  d.f.m.outbox.OutboxDispatcher request_id= idempotency_key= order_id= user_id= sku_id= payment_tx= - Outbox publication deferred outbox_id=72aac0fd-f0b3-4df3-99fc-4820090d37d7 command_id=79c5814841d696fae7259f22d2fac2adf52a7a709ada60abeaae160acb66d2d4 outcome=RETRYABLE cause=MQCLIENTEXCEPTION
2026-08-11T10:51:13.946+08:00 INFO  d.f.m.outbox.OutboxDispatcher request_id= idempotency_key= order_id= user_id= sku_id= payment_tx= - Outbox publication deferred outbox_id=532cfb00-ddfa-4798-a553-4c092e19ee2a command_id=d8aa479977a649e0932bf0d57735d66cc9f341cb7801af1484fd052095c64407 outcome=RETRYABLE cause=MQCLIENTEXCEPTION
2026-08-11T10:51:13.949+08:00 INFO  d.f.m.outbox.OutboxDispatcher request_id= idempotency_key= order_id= user_id= sku_id= payment_tx= - Outbox publication deferred outbox_id=b01c3931-1d40-4ee9-98de-73ece1b361c8 command_id=68d38722d53e70f371d4d78ff0e15d713cd64bae0fb55aeeed59e10937e564ba outcome=RETRYABLE cause=MQCLIENTEXCEPTION
2026-08-11T10:51:14.273+08:00 INFO  d.f.m.outbox.OutboxDispatcher request_id= idempotency_key= order_id= user_id= sku_id= payment_tx= - Outbox publication deferred outbox_id=c3700d84-0c00-46cd-ac7d-76ec0af57833 command_id=d3ea7dba798b05104e7c1c2d82fe796928ec39e0dd30bf9ad24e5c67f4cc3725 outcome=RETRYABLE cause=MQCLIENTEXCEPTION
2026-08-11T10:51:14.597+08:00 INFO  d.f.m.outbox.OutboxDispatcher request_id= idempotency_key= order_id= user_id= sku_id= payment_tx= - Outbox publication deferred outbox_id=64387099-d41c-4273-931f-a91be35b90be command_id=2270956ea41ac3b5fea6085d4d139f0c6da256784b109a2cfecfa007a951a9f7 outcome=RETRYABLE cause=MQCLIENTEXCEPTION
2026-08-11T10:51:14.598+08:00 INFO  d.f.m.outbox.OutboxDispatcher request_id= idempotency_key= order_id= user_id= sku_id= payment_tx= - Outbox publication deferred outbox_id=b41be3be-95dc-4950-837e-773f3443bd06 command_id=772ca95e478cd49fe83a6faa43a9858438fc0bab713697d03996e51adc9cc687 outcome=RETRYABLE cause=MQCLIENTEXCEPTION
2026-08-11T10:51:14.601+08:00 INFO  d.f.m.outbox.OutboxDispatcher request_id= idempotency_key= order_id= user_id= sku_id= payment_tx= - Outbox publication deferred outbox_id=6df52350-f64b-4852-9c05-c3416d748350 command_id=80f0ea545577602218fbf0c1135fc8d6a3328a264f4305d315e64b68367bceab outcome=RETRYABLE cause=MQCLIENTEXCEPTION
2026-08-11T10:51:14.714+08:00 INFO  d.f.m.outbox.OutboxDispatcher request_id= idempotency_key= order_id= user_id= sku_id= payment_tx= - Outbox publication deferred outbox_id=89556f4e-bf01-4b15-986d-45516452003e command_id=9b78132acc904a097c9ce455ef3f35472cb10484628420cabbb4766a41fc66f5 outcome=RETRYABLE cause=MQCLIENTEXCEPTION
2026-08-11T10:51:14.827+08:00 INFO  d.f.m.outbox.OutboxDispatcher request_id= idempotency_key= order_id= user_id= sku_id= payment_tx= - Outbox publication deferred outbox_id=d1baa44b-864d-481e-a141-863caba921d0 command_id=96e6ecc3e2ee37d2c22ba888dd017bb5f520d9901dfc55b5c3034c7db5f4a832 outcome=RETRYABLE cause=MQCLIENTEXCEPTION
2026-08-11T10:51:14.830+08:00 INFO  d.f.m.outbox.OutboxDispatcher request_id= idempotency_key= order_id= user_id= sku_id= payment_tx= - Outbox publication deferred outbox_id=864a59c4-ba35-445e-b434-a5e784fe1798 command_id=edd33e403801c9b4b1658391de74f4f287424990a02995df5ed2260ac03df8e6 outcome=RETRYABLE cause=MQCLIENTEXCEPTION
2026-08-11T10:51:14.833+08:00 INFO  d.f.m.outbox.OutboxDispatcher request_id= idempotency_key= order_id= user_id= sku_id= payment_tx= - Outbox publication deferred outbox_id=889d9c28-7a69-40bd-9462-93eb8cb67b31 command_id=acbabc45aa4c64f2e6257a7ab95631794a9b628b6e0f48b8092f137dc7787eaa outcome=RETRYABLE cause=MQCLIENTEXCEPTION
2026-08-11T10:51:14.947+08:00 INFO  d.f.m.outbox.OutboxDispatcher request_id= idempotency_key= order_id= user_id= sku_id= payment_tx= - Outbox publication deferred outbox_id=d2cbddf5-3800-420e-9dc4-f1eca67b03bf command_id=aca9da65c0d170378d9ad2564bd5bb334897eb628908b10eba9e19bcfe6e3618 outcome=RETRYABLE cause=MQCLIENTEXCEPTION
2026-08-11T10:51:15.065+08:00 INFO  d.f.m.outbox.OutboxDispatcher request_id= idempotency_key= order_id= user_id= sku_id= payment_tx= - Outbox publication deferred outbox_id=72aac0fd-f0b3-4df3-99fc-4820090d37d7 command_id=79c5814841d696fae7259f22d2fac2adf52a7a709ada60abeaae160acb66d2d4 outcome=RETRYABLE cause=MQCLIENTEXCEPTION
2026-08-11T10:51:15.069+08:00 INFO  d.f.m.outbox.OutboxDispatcher request_id= idempotency_key= order_id= user_id= sku_id= payment_tx= - Outbox publication deferred outbox_id=532cfb00-ddfa-4798-a553-4c092e19ee2a command_id=d8aa479977a649e0932bf0d57735d66cc9f341cb7801af1484fd052095c64407 outcome=RETRYABLE cause=MQCLIENTEXCEPTION
2026-08-11T10:51:15.073+08:00 INFO  d.f.m.outbox.OutboxDispatcher request_id= idempotency_key= order_id= user_id= sku_id= payment_tx= - Outbox publication deferred outbox_id=b01c3931-1d40-4ee9-98de-73ece1b361c8 command_id=68d38722d53e70f371d4d78ff0e15d713cd64bae0fb55aeeed59e10937e564ba outcome=RETRYABLE cause=MQCLIENTEXCEPTION
2026-08-11T10:51:15.310+08:00 INFO  d.f.m.outbox.OutboxDispatcher request_id= idempotency_key= order_id= user_id= sku_id= payment_tx= - Outbox publication outbox_id=c3700d84-0c00-46cd-ac7d-76ec0af57833 command_id=d3ea7dba798b05104e7c1c2d82fe796928ec39e0dd30bf9ad24e5c67f4cc3725 outcome=ACKNOWLEDGED
2026-08-11T10:51:15.644+08:00 INFO  d.f.m.outbox.OutboxDispatcher request_id= idempotency_key= order_id= user_id= sku_id= payment_tx= - Outbox publication outbox_id=64387099-d41c-4273-931f-a91be35b90be command_id=2270956ea41ac3b5fea6085d4d139f0c6da256784b109a2cfecfa007a951a9f7 outcome=ACKNOWLEDGED
2026-08-11T10:51:15.649+08:00 INFO  d.f.m.outbox.OutboxDispatcher request_id= idempotency_key= order_id= user_id= sku_id= payment_tx= - Outbox publication outbox_id=b41be3be-95dc-4950-837e-773f3443bd06 command_id=772ca95e478cd49fe83a6faa43a9858438fc0bab713697d03996e51adc9cc687 outcome=ACKNOWLEDGED
2026-08-11T10:51:15.652+08:00 INFO  d.f.m.outbox.OutboxDispatcher request_id= idempotency_key= order_id= user_id= sku_id= payment_tx= - Outbox publication outbox_id=6df52350-f64b-4852-9c05-c3416d748350 command_id=80f0ea545577602218fbf0c1135fc8d6a3328a264f4305d315e64b68367bceab outcome=ACKNOWLEDGED
2026-08-11T10:51:15.762+08:00 INFO  d.f.m.outbox.OutboxDispatcher request_id= idempotency_key= order_id= user_id= sku_id= payment_tx= - Outbox publication outbox_id=89556f4e-bf01-4b15-986d-45516452003e command_id=9b78132acc904a097c9ce455ef3f35472cb10484628420cabbb4766a41fc66f5 outcome=ACKNOWLEDGED
2026-08-11T10:51:15.897+08:00 INFO  d.f.m.outbox.OutboxDispatcher request_id= idempotency_key= order_id= user_id= sku_id= payment_tx= - Outbox publication outbox_id=d1baa44b-864d-481e-a141-863caba921d0 command_id=96e6ecc3e2ee37d2c22ba888dd017bb5f520d9901dfc55b5c3034c7db5f4a832 outcome=ACKNOWLEDGED
2026-08-11T10:51:15.904+08:00 INFO  d.f.m.outbox.OutboxDispatcher request_id= idempotency_key= order_id= user_id= sku_id= payment_tx= - Outbox publication outbox_id=864a59c4-ba35-445e-b434-a5e784fe1798 command_id=edd33e403801c9b4b1658391de74f4f287424990a02995df5ed2260ac03df8e6 outcome=ACKNOWLEDGED
2026-08-11T10:51:15.910+08:00 INFO  d.f.m.outbox.OutboxDispatcher request_id= idempotency_key= order_id= user_id= sku_id= payment_tx= - Outbox publication outbox_id=889d9c28-7a69-40bd-9462-93eb8cb67b31 command_id=acbabc45aa4c64f2e6257a7ab95631794a9b628b6e0f48b8092f137dc7787eaa outcome=ACKNOWLEDGED
2026-08-11T10:51:16.033+08:00 INFO  d.f.m.outbox.OutboxDispatcher request_id= idempotency_key= order_id= user_id= sku_id= payment_tx= - Outbox publication outbox_id=d2cbddf5-3800-420e-9dc4-f1eca67b03bf command_id=aca9da65c0d170378d9ad2564bd5bb334897eb628908b10eba9e19bcfe6e3618 outcome=ACKNOWLEDGED
2026-08-11T10:51:16.166+08:00 INFO  d.f.m.outbox.OutboxDispatcher request_id= idempotency_key= order_id= user_id= sku_id= payment_tx= - Outbox publication outbox_id=72aac0fd-f0b3-4df3-99fc-4820090d37d7 command_id=79c5814841d696fae7259f22d2fac2adf52a7a709ada60abeaae160acb66d2d4 outcome=ACKNOWLEDGED
2026-08-11T10:51:16.172+08:00 INFO  d.f.m.outbox.OutboxDispatcher request_id= idempotency_key= order_id= user_id= sku_id= payment_tx= - Outbox publication outbox_id=532cfb00-ddfa-4798-a553-4c092e19ee2a command_id=d8aa479977a649e0932bf0d57735d66cc9f341cb7801af1484fd052095c64407 outcome=ACKNOWLEDGED
2026-08-11T10:51:16.176+08:00 INFO  d.f.m.outbox.OutboxDispatcher request_id= idempotency_key= order_id= user_id= sku_id= payment_tx= - Outbox publication outbox_id=b01c3931-1d40-4ee9-98de-73ece1b361c8 command_id=68d38722d53e70f371d4d78ff0e15d713cd64bae0fb55aeeed59e10937e564ba outcome=ACKNOWLEDGED
2026-08-11T10:52:02.934+08:00 INFO  o.s.b.w.e.tomcat.GracefulShutdown request_id= idempotency_key= order_id= user_id= sku_id= payment_tx= - Commencing graceful shutdown. Waiting for active requests to complete
2026-08-11T10:52:04.941+08:00 INFO  o.s.b.w.e.tomcat.GracefulShutdown request_id= idempotency_key= order_id= user_id= sku_id= payment_tx= - Graceful shutdown complete
2026-08-11T10:52:04.941+08:00 ERROR org.apache.tomcat.util.net.Acceptor request_id= idempotency_key= order_id= user_id= sku_id= payment_tx= - Socket accept failed
java.nio.channels.AsynchronousCloseException: null
	at java.base/java.nio.channels.spi.AbstractInterruptibleChannel.end(AbstractInterruptibleChannel.java:218)
	at java.base/sun.nio.ch.ServerSocketChannelImpl.end(ServerSocketChannelImpl.java:372)
	at java.base/sun.nio.ch.ServerSocketChannelImpl.accept(ServerSocketChannelImpl.java:397)
	at org.apache.tomcat.util.net.NioEndpoint.serverSocketAccept(NioEndpoint.java:537)
	at org.apache.tomcat.util.net.NioEndpoint.serverSocketAccept(NioEndpoint.java:72)
	at org.apache.tomcat.util.net.Acceptor.run(Acceptor.java:127)
	at java.base/java.lang.Thread.run(Thread.java:1516)
2026-08-11T10:52:05.023+08:00 INFO  com.zaxxer.hikari.HikariDataSource request_id= idempotency_key= order_id= user_id= sku_id= payment_tx= - HikariPool-1 - Shutdown initiated...
2026-08-11T10:52:05.025+08:00 INFO  com.zaxxer.hikari.HikariDataSource request_id= idempotency_key= order_id= user_id= sku_id= payment_tx= - HikariPool-1 - Shutdown completed.
[ERROR] Tests run: 1, Failures: 1, Errors: 0, Skipped: 0, Time elapsed: 83.79 s <<< FAILURE! -- in dev.flashflow.V4OutboxBacklogDrainIntegrationTest
[ERROR] dev.flashflow.V4OutboxBacklogDrainIntegrationTest.boundedBacklogDrainsAfterRecoveryWithAttributedLocalEvidence -- Time elapsed: 73.24 s <<< FAILURE!
java.lang.AssertionError: condition did not pass within PT1M
	at dev.flashflow.V4OutboxBacklogDrainIntegrationTest.await(V4OutboxBacklogDrainIntegrationTest.java:226)
	at dev.flashflow.V4OutboxBacklogDrainIntegrationTest.boundedBacklogDrainsAfterRecoveryWithAttributedLocalEvidence(V4OutboxBacklogDrainIntegrationTest.java:118)
	at java.base/java.lang.reflect.Method.invoke(Method.java:565)
	at java.base/java.util.ArrayList.forEach(ArrayList.java:1612)
	at java.base/java.util.ArrayList.forEach(ArrayList.java:1612)

[INFO] Running dev.flashflow.V4OutboxProducerAckLossIntegrationTest
2026-08-11T10:52:05.035+08:00 INFO  o.s.t.c.s.AnnotationConfigContextLoaderUtils request_id= idempotency_key= order_id= user_id= sku_id= payment_tx= - Could not detect default configuration classes for test class [dev.flashflow.V4OutboxProducerAckLossIntegrationTest]: V4OutboxProducerAckLossIntegrationTest does not declare any static, non-private, non-final, nested classes annotated with @Configuration.
2026-08-11T10:52:05.036+08:00 INFO  o.s.b.t.c.SpringBootTestContextBootstrapper request_id= idempotency_key= order_id= user_id= sku_id= payment_tx= - Found @SpringBootConfiguration dev.flashflow.FlashFlowApplication for test class dev.flashflow.V4OutboxProducerAckLossIntegrationTest

  .   ____          _            __ _ _
 /\\ / ___'_ __ _ _(_)_ __  __ _ \ \ \ \
( ( )\___ | '_ | '_| | '_ \/ _` | \ \ \ \
 \\/  ___)| |_)| | | | | || (_| |  ) ) ) )
  '  |____| .__|_| |_|_| |_\__, | / / / /
 =========|_|==============|___/=/_/_/_/

 :: Spring Boot ::                (v3.5.5)

2026-08-11T10:52:05.053+08:00 INFO  d.f.V4OutboxProducerAckLossIntegrationTest request_id= idempotency_key= order_id= user_id= sku_id= payment_tx= - Starting V4OutboxProducerAckLossIntegrationTest using Java 26.0.2 with PID 72401 (started by yuzheng in /Users/yuzheng/Computeracy/Zhenkun26-GitHub/FlashFlow)
2026-08-11T10:52:05.053+08:00 INFO  d.f.V4OutboxProducerAckLossIntegrationTest request_id= idempotency_key= order_id= user_id= sku_id= payment_tx= - The following 1 profile is active: "test"
2026-08-11T10:52:05.229+08:00 INFO  o.s.d.r.c.RepositoryConfigurationDelegate request_id= idempotency_key= order_id= user_id= sku_id= payment_tx= - Multiple Spring Data modules found, entering strict repository configuration mode
2026-08-11T10:52:05.229+08:00 INFO  o.s.d.r.c.RepositoryConfigurationDelegate request_id= idempotency_key= order_id= user_id= sku_id= payment_tx= - Bootstrapping Spring Data Redis repositories in DEFAULT mode.
2026-08-11T10:52:05.235+08:00 INFO  o.s.d.r.c.RepositoryConfigurationDelegate request_id= idempotency_key= order_id= user_id= sku_id= payment_tx= - Finished Spring Data repository scanning in 4 ms. Found 0 Redis repository interfaces.
2026-08-11T10:52:05.259+08:00 INFO  o.s.b.w.e.tomcat.TomcatWebServer request_id= idempotency_key= order_id= user_id= sku_id= payment_tx= - Tomcat initialized with port 0 (http)
2026-08-11T10:52:05.260+08:00 INFO  o.a.catalina.core.StandardService request_id= idempotency_key= order_id= user_id= sku_id= payment_tx= - Starting service [Tomcat]
2026-08-11T10:52:05.260+08:00 INFO  o.a.catalina.core.StandardEngine request_id= idempotency_key= order_id= user_id= sku_id= payment_tx= - Starting Servlet engine: [Apache Tomcat/10.1.44]
2026-08-11T10:52:05.267+08:00 INFO  o.a.c.c.C.[Tomcat].[localhost].[/] request_id= idempotency_key= order_id= user_id= sku_id= payment_tx= - Initializing Spring embedded WebApplicationContext
2026-08-11T10:52:05.267+08:00 INFO  o.s.b.w.s.c.ServletWebServerApplicationContext request_id= idempotency_key= order_id= user_id= sku_id= payment_tx= - Root WebApplicationContext: initialization completed in 213 ms
Standard Commons Logging discovery in action with spring-jcl: please remove commons-logging.jar from classpath in order to avoid potential conflicts
2026-08-11T10:52:05.303+08:00 INFO  com.zaxxer.hikari.HikariDataSource request_id= idempotency_key= order_id= user_id= sku_id= payment_tx= - HikariPool-2 - Starting...
2026-08-11T10:52:05.315+08:00 INFO  com.zaxxer.hikari.pool.HikariPool request_id= idempotency_key= order_id= user_id= sku_id= payment_tx= - HikariPool-2 - Added connection com.mysql.cj.jdbc.ConnectionImpl@42081e5f
2026-08-11T10:52:05.315+08:00 INFO  com.zaxxer.hikari.HikariDataSource request_id= idempotency_key= order_id= user_id= sku_id= payment_tx= - HikariPool-2 - Start completed.
2026-08-11T10:52:05.318+08:00 INFO  org.flywaydb.core.FlywayExecutor request_id= idempotency_key= order_id= user_id= sku_id= payment_tx= - Database: jdbc:mysql://localhost:50400/flashflow (MySQL 8.4)
2026-08-11T10:52:05.323+08:00 WARN  o.f.c.i.database.base.Database request_id= idempotency_key= order_id= user_id= sku_id= payment_tx= - Flyway upgrade recommended: MySQL 8.4 is newer than this version of Flyway and support has not been tested. The latest supported version of MySQL is 8.1.
2026-08-11T10:52:05.331+08:00 INFO  o.f.core.internal.command.DbValidate request_id= idempotency_key= order_id= user_id= sku_id= payment_tx= - Successfully validated 4 migrations (execution time 00:00.007s)
2026-08-11T10:52:05.338+08:00 INFO  o.f.core.internal.command.DbMigrate request_id= idempotency_key= order_id= user_id= sku_id= payment_tx= - Current version of schema `flashflow`: 4
2026-08-11T10:52:05.338+08:00 INFO  o.f.core.internal.command.DbMigrate request_id= idempotency_key= order_id= user_id= sku_id= payment_tx= - Schema `flashflow` is up to date. No migration necessary.
2026-08-11T10:52:05.491+08:00 INFO  o.s.b.a.e.web.EndpointLinksResolver request_id= idempotency_key= order_id= user_id= sku_id= payment_tx= - Exposing 2 endpoints beneath base path '/actuator'
2026-08-11T10:52:05.497+08:00 INFO  o.s.b.w.e.tomcat.TomcatWebServer request_id= idempotency_key= order_id= user_id= sku_id= payment_tx= - Tomcat started on port 52489 (http) with context path '/'
2026-08-11T10:52:05.500+08:00 INFO  d.f.V4OutboxProducerAckLossIntegrationTest request_id= idempotency_key= order_id= user_id= sku_id= payment_tx= - Started V4OutboxProducerAckLossIntegrationTest in 0.462 seconds (process running for 84.463)
2026-08-11T10:52:07.555+08:00 INFO  o.a.c.c.C.[Tomcat].[localhost].[/] request_id= idempotency_key= order_id= user_id= sku_id= payment_tx= - Initializing Spring DispatcherServlet 'dispatcherServlet'
2026-08-11T10:52:07.556+08:00 INFO  o.s.web.servlet.DispatcherServlet request_id= idempotency_key= order_id= user_id= sku_id= payment_tx= - Initializing Servlet 'dispatcherServlet'
2026-08-11T10:52:07.556+08:00 INFO  o.s.web.servlet.DispatcherServlet request_id= idempotency_key= order_id= user_id= sku_id= payment_tx= - Completed initialization in 0 ms
2026-08-11T10:52:07.579+08:00 INFO  d.f.m.o.OutboxAsyncOrderApplicationService request_id=97e60d7b-36ef-47e9-982d-31e8d18a7b2d idempotency_key=key-v4-ack-loss-fa33b7ae order_id= user_id=user-v4-ack-loss-fa33b7ae sku_id=sku-v4-ack-loss-fa33b7ae payment_tx= - Durable Outbox acceptance command_id=dffcd84fc52854d6e02e3b0b1afdf6aa29a02807aee2cced6b7b4c56248d4ff0 status=ACCEPTED
2026-08-11T10:52:07.675+08:00 WARN  d.f.m.outbox.OutboxDispatcher request_id= idempotency_key= order_id= user_id= sku_id= payment_tx= - Outbox dispatch poll failed cause=INJECTEDMESSAGINGFAULT
2026-08-11T10:52:11.730+08:00 INFO  d.f.m.outbox.OutboxDispatcher request_id= idempotency_key= order_id= user_id= sku_id= payment_tx= - Outbox publication outbox_id=859e693d-7ddb-47af-aebb-51868cb5960b command_id=dffcd84fc52854d6e02e3b0b1afdf6aa29a02807aee2cced6b7b4c56248d4ff0 outcome=ACKNOWLEDGED
2026-08-11T10:52:11.809+08:00 INFO  o.s.b.w.e.tomcat.GracefulShutdown request_id= idempotency_key= order_id= user_id= sku_id= payment_tx= - Commencing graceful shutdown. Waiting for active requests to complete
2026-08-11T10:52:13.814+08:00 INFO  o.s.b.w.e.tomcat.GracefulShutdown request_id= idempotency_key= order_id= user_id= sku_id= payment_tx= - Graceful shutdown complete
2026-08-11T10:52:13.815+08:00 ERROR org.apache.tomcat.util.net.Acceptor request_id= idempotency_key= order_id= user_id= sku_id= payment_tx= - Socket accept failed
java.nio.channels.AsynchronousCloseException: null
	at java.base/java.nio.channels.spi.AbstractInterruptibleChannel.end(AbstractInterruptibleChannel.java:218) ~[na:na]
	at java.base/sun.nio.ch.ServerSocketChannelImpl.end(ServerSocketChannelImpl.java:372) ~[na:na]
	at java.base/sun.nio.ch.ServerSocketChannelImpl.accept(ServerSocketChannelImpl.java:397) ~[na:na]
	at org.apache.tomcat.util.net.NioEndpoint.serverSocketAccept(NioEndpoint.java:537) ~[tomcat-embed-core-10.1.44.jar:10.1.44]
	at org.apache.tomcat.util.net.NioEndpoint.serverSocketAccept(NioEndpoint.java:72) ~[tomcat-embed-core-10.1.44.jar:10.1.44]
	at org.apache.tomcat.util.net.Acceptor.run(Acceptor.java:127) ~[tomcat-embed-core-10.1.44.jar:10.1.44]
	at java.base/java.lang.Thread.run(Thread.java:1516) ~[na:na]
2026-08-11T10:52:13.867+08:00 INFO  com.zaxxer.hikari.HikariDataSource request_id= idempotency_key= order_id= user_id= sku_id= payment_tx= - HikariPool-2 - Shutdown initiated...
2026-08-11T10:52:13.869+08:00 INFO  com.zaxxer.hikari.HikariDataSource request_id= idempotency_key= order_id= user_id= sku_id= payment_tx= - HikariPool-2 - Shutdown completed.
[INFO] Tests run: 1, Failures: 0, Errors: 0, Skipped: 0, Time elapsed: 8.839 s -- in dev.flashflow.V4OutboxProducerAckLossIntegrationTest
[INFO] Running dev.flashflow.V4OutboxRocketMqEndToEndIntegrationTest
2026-08-11T10:52:13.874+08:00 INFO  o.s.t.c.s.AnnotationConfigContextLoaderUtils request_id= idempotency_key= order_id= user_id= sku_id= payment_tx= - Could not detect default configuration classes for test class [dev.flashflow.V4OutboxRocketMqEndToEndIntegrationTest]: V4OutboxRocketMqEndToEndIntegrationTest does not declare any static, non-private, non-final, nested classes annotated with @Configuration.
2026-08-11T10:52:13.876+08:00 INFO  o.s.b.t.c.SpringBootTestContextBootstrapper request_id= idempotency_key= order_id= user_id= sku_id= payment_tx= - Found @SpringBootConfiguration dev.flashflow.FlashFlowApplication for test class dev.flashflow.V4OutboxRocketMqEndToEndIntegrationTest

  .   ____          _            __ _ _
 /\\ / ___'_ __ _ _(_)_ __  __ _ \ \ \ \
( ( )\___ | '_ | '_| | '_ \/ _` | \ \ \ \
 \\/  ___)| |_)| | | | | || (_| |  ) ) ) )
  '  |____| .__|_| |_|_| |_\__, | / / / /
 =========|_|==============|___/=/_/_/_/

 :: Spring Boot ::                (v3.5.5)

2026-08-11T10:52:13.892+08:00 INFO  d.f.V4OutboxRocketMqEndToEndIntegrationTest request_id= idempotency_key= order_id= user_id= sku_id= payment_tx= - Starting V4OutboxRocketMqEndToEndIntegrationTest using Java 26.0.2 with PID 72401 (started by yuzheng in /Users/yuzheng/Computeracy/Zhenkun26-GitHub/FlashFlow)
2026-08-11T10:52:13.892+08:00 INFO  d.f.V4OutboxRocketMqEndToEndIntegrationTest request_id= idempotency_key= order_id= user_id= sku_id= payment_tx= - The following 1 profile is active: "test"
2026-08-11T10:52:13.974+08:00 INFO  o.s.d.r.c.RepositoryConfigurationDelegate request_id= idempotency_key= order_id= user_id= sku_id= payment_tx= - Multiple Spring Data modules found, entering strict repository configuration mode
2026-08-11T10:52:13.974+08:00 INFO  o.s.d.r.c.RepositoryConfigurationDelegate request_id= idempotency_key= order_id= user_id= sku_id= payment_tx= - Bootstrapping Spring Data Redis repositories in DEFAULT mode.
2026-08-11T10:52:13.979+08:00 INFO  o.s.d.r.c.RepositoryConfigurationDelegate request_id= idempotency_key= order_id= user_id= sku_id= payment_tx= - Finished Spring Data repository scanning in 3 ms. Found 0 Redis repository interfaces.
2026-08-11T10:52:13.995+08:00 INFO  o.s.b.w.e.tomcat.TomcatWebServer request_id= idempotency_key= order_id= user_id= sku_id= payment_tx= - Tomcat initialized with port 0 (http)
2026-08-11T10:52:13.996+08:00 INFO  o.a.catalina.core.StandardService request_id= idempotency_key= order_id= user_id= sku_id= payment_tx= - Starting service [Tomcat]
2026-08-11T10:52:13.996+08:00 INFO  o.a.catalina.core.StandardEngine request_id= idempotency_key= order_id= user_id= sku_id= payment_tx= - Starting Servlet engine: [Apache Tomcat/10.1.44]
2026-08-11T10:52:14.002+08:00 INFO  o.a.c.c.C.[Tomcat].[localhost].[/] request_id= idempotency_key= order_id= user_id= sku_id= payment_tx= - Initializing Spring embedded WebApplicationContext
2026-08-11T10:52:14.002+08:00 INFO  o.s.b.w.s.c.ServletWebServerApplicationContext request_id= idempotency_key= order_id= user_id= sku_id= payment_tx= - Root WebApplicationContext: initialization completed in 110 ms
Standard Commons Logging discovery in action with spring-jcl: please remove commons-logging.jar from classpath in order to avoid potential conflicts
2026-08-11T10:52:14.027+08:00 INFO  com.zaxxer.hikari.HikariDataSource request_id= idempotency_key= order_id= user_id= sku_id= payment_tx= - HikariPool-3 - Starting...
2026-08-11T10:52:14.035+08:00 INFO  com.zaxxer.hikari.pool.HikariPool request_id= idempotency_key= order_id= user_id= sku_id= payment_tx= - HikariPool-3 - Added connection com.mysql.cj.jdbc.ConnectionImpl@4e51a9f3
2026-08-11T10:52:14.035+08:00 INFO  com.zaxxer.hikari.HikariDataSource request_id= idempotency_key= order_id= user_id= sku_id= payment_tx= - HikariPool-3 - Start completed.
2026-08-11T10:52:14.038+08:00 INFO  org.flywaydb.core.FlywayExecutor request_id= idempotency_key= order_id= user_id= sku_id= payment_tx= - Database: jdbc:mysql://localhost:50400/flashflow (MySQL 8.4)
2026-08-11T10:52:14.041+08:00 WARN  o.f.c.i.database.base.Database request_id= idempotency_key= order_id= user_id= sku_id= payment_tx= - Flyway upgrade recommended: MySQL 8.4 is newer than this version of Flyway and support has not been tested. The latest supported version of MySQL is 8.1.
2026-08-11T10:52:14.047+08:00 INFO  o.f.core.internal.command.DbValidate request_id= idempotency_key= order_id= user_id= sku_id= payment_tx= - Successfully validated 4 migrations (execution time 00:00.004s)
2026-08-11T10:52:14.050+08:00 INFO  o.f.core.internal.command.DbMigrate request_id= idempotency_key= order_id= user_id= sku_id= payment_tx= - Current version of schema `flashflow`: 4
2026-08-11T10:52:14.051+08:00 INFO  o.f.core.internal.command.DbMigrate request_id= idempotency_key= order_id= user_id= sku_id= payment_tx= - Schema `flashflow` is up to date. No migration necessary.
2026-08-11T10:52:14.152+08:00 INFO  o.s.b.a.e.web.EndpointLinksResolver request_id= idempotency_key= order_id= user_id= sku_id= payment_tx= - Exposing 2 endpoints beneath base path '/actuator'
2026-08-11T10:52:14.157+08:00 INFO  o.s.b.w.e.tomcat.TomcatWebServer request_id= idempotency_key= order_id= user_id= sku_id= payment_tx= - Tomcat started on port 52553 (http) with context path '/'
2026-08-11T10:52:14.159+08:00 INFO  d.f.V4OutboxRocketMqEndToEndIntegrationTest request_id= idempotency_key= order_id= user_id= sku_id= payment_tx= - Started V4OutboxRocketMqEndToEndIntegrationTest in 0.281 seconds (process running for 93.122)
2026-08-11T10:52:16.197+08:00 INFO  o.a.c.c.C.[Tomcat].[localhost].[/] request_id= idempotency_key= order_id= user_id= sku_id= payment_tx= - Initializing Spring DispatcherServlet 'dispatcherServlet'
2026-08-11T10:52:16.198+08:00 INFO  o.s.web.servlet.DispatcherServlet request_id= idempotency_key= order_id= user_id= sku_id= payment_tx= - Initializing Servlet 'dispatcherServlet'
2026-08-11T10:52:16.198+08:00 INFO  o.s.web.servlet.DispatcherServlet request_id= idempotency_key= order_id= user_id= sku_id= payment_tx= - Completed initialization in 0 ms
2026-08-11T10:52:16.219+08:00 INFO  d.f.m.o.OutboxAsyncOrderApplicationService request_id=ea0dcf8f-b42d-41b3-94a1-24dd6c9fd757 idempotency_key=key-v4-a5e7931a order_id= user_id=user-v4-a5e7931a sku_id=sku-v4-a5e7931a payment_tx= - Durable Outbox acceptance command_id=a8a7a72735fcc266548b98c85f1cdac5474ee1c04ad2f8a018a79ed9e4d86033 status=ACCEPTED
2026-08-11T10:52:16.314+08:00 INFO  d.f.m.outbox.OutboxDispatcher request_id= idempotency_key= order_id= user_id= sku_id= payment_tx= - Outbox publication outbox_id=d2d4c723-933c-4be9-bc1b-eff8e5421c6b command_id=a8a7a72735fcc266548b98c85f1cdac5474ee1c04ad2f8a018a79ed9e4d86033 outcome=ACKNOWLEDGED
2026-08-11T10:52:28.904+08:00 INFO  d.f.m.o.OutboxAsyncOrderApplicationService request_id=8ebccc24-724c-43a5-8715-f540c731de28 idempotency_key=key-v4-outage-a5e7931a order_id= user_id=user-v4-outage-a5e7931a sku_id=sku-v4-outage-a5e7931a payment_tx= - Durable Outbox acceptance command_id=f9afec0bc52faf3a67f702d8d7622816bc886258a00c4fba6b1d3c08f583bd32 status=ACCEPTED
2026-08-11T10:52:28.925+08:00 INFO  d.f.m.outbox.OutboxDispatcher request_id= idempotency_key= order_id= user_id= sku_id= payment_tx= - Outbox publication deferred outbox_id=c7c62bf8-0bdf-408c-9895-7a8c63f007f2 command_id=f9afec0bc52faf3a67f702d8d7622816bc886258a00c4fba6b1d3c08f583bd32 outcome=RETRYABLE cause=MQCLIENTEXCEPTION
2026-08-11T10:52:29.036+08:00 INFO  d.f.m.outbox.OutboxDispatcher request_id= idempotency_key= order_id= user_id= sku_id= payment_tx= - Outbox publication deferred outbox_id=c7c62bf8-0bdf-408c-9895-7a8c63f007f2 command_id=f9afec0bc52faf3a67f702d8d7622816bc886258a00c4fba6b1d3c08f583bd32 outcome=RETRYABLE cause=MQCLIENTEXCEPTION
2026-08-11T10:52:29.254+08:00 INFO  d.f.m.outbox.OutboxDispatcher request_id= idempotency_key= order_id= user_id= sku_id= payment_tx= - Outbox publication deferred outbox_id=c7c62bf8-0bdf-408c-9895-7a8c63f007f2 command_id=f9afec0bc52faf3a67f702d8d7622816bc886258a00c4fba6b1d3c08f583bd32 outcome=RETRYABLE cause=MQCLIENTEXCEPTION
2026-08-11T10:52:29.694+08:00 INFO  d.f.m.outbox.OutboxDispatcher request_id= idempotency_key= order_id= user_id= sku_id= payment_tx= - Outbox publication deferred outbox_id=c7c62bf8-0bdf-408c-9895-7a8c63f007f2 command_id=f9afec0bc52faf3a67f702d8d7622816bc886258a00c4fba6b1d3c08f583bd32 outcome=RETRYABLE cause=MQCLIENTEXCEPTION
2026-08-11T10:52:30.548+08:00 INFO  d.f.m.outbox.OutboxDispatcher request_id= idempotency_key= order_id= user_id= sku_id= payment_tx= - Outbox publication deferred outbox_id=c7c62bf8-0bdf-408c-9895-7a8c63f007f2 command_id=f9afec0bc52faf3a67f702d8d7622816bc886258a00c4fba6b1d3c08f583bd32 outcome=RETRYABLE cause=MQCLIENTEXCEPTION
2026-08-11T10:52:31.644+08:00 INFO  d.f.m.outbox.OutboxDispatcher request_id= idempotency_key= order_id= user_id= sku_id= payment_tx= - Outbox publication outbox_id=c7c62bf8-0bdf-408c-9895-7a8c63f007f2 command_id=f9afec0bc52faf3a67f702d8d7622816bc886258a00c4fba6b1d3c08f583bd32 outcome=ACKNOWLEDGED
2026-08-11T10:52:32.726+08:00 INFO  o.s.b.w.e.tomcat.GracefulShutdown request_id= idempotency_key= order_id= user_id= sku_id= payment_tx= - Commencing graceful shutdown. Waiting for active requests to complete
2026-08-11T10:52:34.730+08:00 INFO  o.s.b.w.e.tomcat.GracefulShutdown request_id= idempotency_key= order_id= user_id= sku_id= payment_tx= - Graceful shutdown complete
2026-08-11T10:52:34.730+08:00 ERROR org.apache.tomcat.util.net.Acceptor request_id= idempotency_key= order_id= user_id= sku_id= payment_tx= - Socket accept failed
java.nio.channels.AsynchronousCloseException: null
	at java.base/java.nio.channels.spi.AbstractInterruptibleChannel.end(AbstractInterruptibleChannel.java:218) ~[na:na]
	at java.base/sun.nio.ch.ServerSocketChannelImpl.end(ServerSocketChannelImpl.java:372) ~[na:na]
	at java.base/sun.nio.ch.ServerSocketChannelImpl.accept(ServerSocketChannelImpl.java:397) ~[na:na]
	at org.apache.tomcat.util.net.NioEndpoint.serverSocketAccept(NioEndpoint.java:537) ~[tomcat-embed-core-10.1.44.jar:10.1.44]
	at org.apache.tomcat.util.net.NioEndpoint.serverSocketAccept(NioEndpoint.java:72) ~[tomcat-embed-core-10.1.44.jar:10.1.44]
	at org.apache.tomcat.util.net.Acceptor.run(Acceptor.java:127) ~[tomcat-embed-core-10.1.44.jar:10.1.44]
	at java.base/java.lang.Thread.run(Thread.java:1516) ~[na:na]
2026-08-11T10:52:34.773+08:00 INFO  com.zaxxer.hikari.HikariDataSource request_id= idempotency_key= order_id= user_id= sku_id= payment_tx= - HikariPool-3 - Shutdown initiated...
2026-08-11T10:52:34.774+08:00 INFO  com.zaxxer.hikari.HikariDataSource request_id= idempotency_key= order_id= user_id= sku_id= payment_tx= - HikariPool-3 - Shutdown completed.
[INFO] Tests run: 2, Failures: 0, Errors: 0, Skipped: 0, Time elapsed: 20.90 s -- in dev.flashflow.V4OutboxRocketMqEndToEndIntegrationTest
[INFO] Running dev.flashflow.V4OutboxConcurrentRedeliveryIntegrationTest
2026-08-11T10:52:34.780+08:00 INFO  o.s.t.c.s.AnnotationConfigContextLoaderUtils request_id= idempotency_key= order_id= user_id= sku_id= payment_tx= - Could not detect default configuration classes for test class [dev.flashflow.V4OutboxConcurrentRedeliveryIntegrationTest]: V4OutboxConcurrentRedeliveryIntegrationTest does not declare any static, non-private, non-final, nested classes annotated with @Configuration.
2026-08-11T10:52:34.781+08:00 INFO  o.s.b.t.c.SpringBootTestContextBootstrapper request_id= idempotency_key= order_id= user_id= sku_id= payment_tx= - Found @SpringBootConfiguration dev.flashflow.FlashFlowApplication for test class dev.flashflow.V4OutboxConcurrentRedeliveryIntegrationTest

  .   ____          _            __ _ _
 /\\ / ___'_ __ _ _(_)_ __  __ _ \ \ \ \
( ( )\___ | '_ | '_| | '_ \/ _` | \ \ \ \
 \\/  ___)| |_)| | | | | || (_| |  ) ) ) )
  '  |____| .__|_| |_|_| |_\__, | / / / /
 =========|_|==============|___/=/_/_/_/

 :: Spring Boot ::                (v3.5.5)

2026-08-11T10:52:34.799+08:00 INFO  d.f.V4OutboxConcurrentRedeliveryIntegrationTest request_id= idempotency_key= order_id= user_id= sku_id= payment_tx= - Starting V4OutboxConcurrentRedeliveryIntegrationTest using Java 26.0.2 with PID 72401 (started by yuzheng in /Users/yuzheng/Computeracy/Zhenkun26-GitHub/FlashFlow)
2026-08-11T10:52:34.800+08:00 INFO  d.f.V4OutboxConcurrentRedeliveryIntegrationTest request_id= idempotency_key= order_id= user_id= sku_id= payment_tx= - The following 1 profile is active: "test"
2026-08-11T10:52:34.888+08:00 INFO  o.s.d.r.c.RepositoryConfigurationDelegate request_id= idempotency_key= order_id= user_id= sku_id= payment_tx= - Multiple Spring Data modules found, entering strict repository configuration mode
2026-08-11T10:52:34.888+08:00 INFO  o.s.d.r.c.RepositoryConfigurationDelegate request_id= idempotency_key= order_id= user_id= sku_id= payment_tx= - Bootstrapping Spring Data Redis repositories in DEFAULT mode.
2026-08-11T10:52:34.892+08:00 INFO  o.s.d.r.c.RepositoryConfigurationDelegate request_id= idempotency_key= order_id= user_id= sku_id= payment_tx= - Finished Spring Data repository scanning in 3 ms. Found 0 Redis repository interfaces.
2026-08-11T10:52:34.908+08:00 INFO  o.s.b.w.e.tomcat.TomcatWebServer request_id= idempotency_key= order_id= user_id= sku_id= payment_tx= - Tomcat initialized with port 0 (http)
2026-08-11T10:52:34.908+08:00 INFO  o.a.catalina.core.StandardService request_id= idempotency_key= order_id= user_id= sku_id= payment_tx= - Starting service [Tomcat]
2026-08-11T10:52:34.908+08:00 INFO  o.a.catalina.core.StandardEngine request_id= idempotency_key= order_id= user_id= sku_id= payment_tx= - Starting Servlet engine: [Apache Tomcat/10.1.44]
2026-08-11T10:52:34.913+08:00 INFO  o.a.c.c.C.[Tomcat].[localhost].[/] request_id= idempotency_key= order_id= user_id= sku_id= payment_tx= - Initializing Spring embedded WebApplicationContext
2026-08-11T10:52:34.913+08:00 INFO  o.s.b.w.s.c.ServletWebServerApplicationContext request_id= idempotency_key= order_id= user_id= sku_id= payment_tx= - Root WebApplicationContext: initialization completed in 112 ms
Standard Commons Logging discovery in action with spring-jcl: please remove commons-logging.jar from classpath in order to avoid potential conflicts
2026-08-11T10:52:34.946+08:00 INFO  com.zaxxer.hikari.HikariDataSource request_id= idempotency_key= order_id= user_id= sku_id= payment_tx= - HikariPool-4 - Starting...
2026-08-11T10:52:34.953+08:00 INFO  com.zaxxer.hikari.pool.HikariPool request_id= idempotency_key= order_id= user_id= sku_id= payment_tx= - HikariPool-4 - Added connection com.mysql.cj.jdbc.ConnectionImpl@54a2af5a
2026-08-11T10:52:34.953+08:00 INFO  com.zaxxer.hikari.HikariDataSource request_id= idempotency_key= order_id= user_id= sku_id= payment_tx= - HikariPool-4 - Start completed.
2026-08-11T10:52:34.955+08:00 INFO  org.flywaydb.core.FlywayExecutor request_id= idempotency_key= order_id= user_id= sku_id= payment_tx= - Database: jdbc:mysql://localhost:50400/flashflow (MySQL 8.4)
2026-08-11T10:52:34.957+08:00 WARN  o.f.c.i.database.base.Database request_id= idempotency_key= order_id= user_id= sku_id= payment_tx= - Flyway upgrade recommended: MySQL 8.4 is newer than this version of Flyway and support has not been tested. The latest supported version of MySQL is 8.1.
2026-08-11T10:52:34.965+08:00 INFO  o.f.core.internal.command.DbValidate request_id= idempotency_key= order_id= user_id= sku_id= payment_tx= - Successfully validated 4 migrations (execution time 00:00.007s)
2026-08-11T10:52:34.970+08:00 INFO  o.f.core.internal.command.DbMigrate request_id= idempotency_key= order_id= user_id= sku_id= payment_tx= - Current version of schema `flashflow`: 4
2026-08-11T10:52:34.970+08:00 INFO  o.f.core.internal.command.DbMigrate request_id= idempotency_key= order_id= user_id= sku_id= payment_tx= - Schema `flashflow` is up to date. No migration necessary.
2026-08-11T10:52:35.066+08:00 INFO  o.s.b.a.e.web.EndpointLinksResolver request_id= idempotency_key= order_id= user_id= sku_id= payment_tx= - Exposing 2 endpoints beneath base path '/actuator'
2026-08-11T10:52:35.072+08:00 INFO  o.s.b.w.e.tomcat.TomcatWebServer request_id= idempotency_key= order_id= user_id= sku_id= payment_tx= - Tomcat started on port 52668 (http) with context path '/'
2026-08-11T10:52:35.075+08:00 INFO  d.f.V4OutboxConcurrentRedeliveryIntegrationTest request_id= idempotency_key= order_id= user_id= sku_id= payment_tx= - Started V4OutboxConcurrentRedeliveryIntegrationTest in 0.293 seconds (process running for 114.037)
2026-08-11T10:52:37.112+08:00 INFO  o.a.c.c.C.[Tomcat].[localhost].[/] request_id= idempotency_key= order_id= user_id= sku_id= payment_tx= - Initializing Spring DispatcherServlet 'dispatcherServlet'
2026-08-11T10:52:37.112+08:00 INFO  o.s.web.servlet.DispatcherServlet request_id= idempotency_key= order_id= user_id= sku_id= payment_tx= - Initializing Servlet 'dispatcherServlet'
2026-08-11T10:52:37.113+08:00 INFO  o.s.web.servlet.DispatcherServlet request_id= idempotency_key= order_id= user_id= sku_id= payment_tx= - Completed initialization in 1 ms
2026-08-11T10:52:37.126+08:00 INFO  d.f.m.o.OutboxAsyncOrderApplicationService request_id=518b856b-829b-43fa-9cd6-71176bdd067a idempotency_key=key-22aba5ee-0 order_id= user_id=user-22aba5ee-0 sku_id=sku-v4-concurrent-22aba5ee payment_tx= - Durable Outbox acceptance command_id=3d6d96f7ac722d8b94006c390febfe63450f144a29bc61f5ad7643705f438296 status=ACCEPTED
2026-08-11T10:52:37.138+08:00 INFO  d.f.m.o.OutboxAsyncOrderApplicationService request_id=2a61ff1d-975e-44d6-9d29-426511e35db8 idempotency_key=key-22aba5ee-1 order_id= user_id=user-22aba5ee-1 sku_id=sku-v4-concurrent-22aba5ee payment_tx= - Durable Outbox acceptance command_id=3d05c40ef40e7845817f9d2183842270296d79683900e4827b4e7b15c9aab46f status=ACCEPTED
2026-08-11T10:52:37.139+08:00 INFO  d.f.m.outbox.OutboxDispatcher request_id= idempotency_key= order_id= user_id= sku_id= payment_tx= - Outbox publication deferred outbox_id=d8beafc0-80de-4e4a-9ef2-114e8a4c819e command_id=3d6d96f7ac722d8b94006c390febfe63450f144a29bc61f5ad7643705f438296 outcome=RETRYABLE cause=MQCLIENTEXCEPTION
2026-08-11T10:52:37.147+08:00 INFO  d.f.m.o.OutboxAsyncOrderApplicationService request_id=a8d4c9c1-0638-469f-88bc-542d799aa640 idempotency_key=key-22aba5ee-2 order_id= user_id=user-22aba5ee-2 sku_id=sku-v4-concurrent-22aba5ee payment_tx= - Durable Outbox acceptance command_id=fda95a0baf4eeb42bd5c71ccd8f99a8c47aa2de2e5d0acc0bf805a6faae83865 status=ACCEPTED
2026-08-11T10:52:37.158+08:00 INFO  d.f.m.o.OutboxAsyncOrderApplicationService request_id=5ece19b3-2440-42ec-836e-95f953a2f06f idempotency_key=key-22aba5ee-3 order_id= user_id=user-22aba5ee-3 sku_id=sku-v4-concurrent-22aba5ee payment_tx= - Durable Outbox acceptance command_id=551bdb99d979dde65e133c04d7f2ce34881b9abeb6d31ed049355fa1260bde4b status=ACCEPTED
2026-08-11T10:52:37.166+08:00 INFO  d.f.m.o.OutboxAsyncOrderApplicationService request_id=e99100fc-2f13-4477-9088-4b61e8469e2d idempotency_key=key-22aba5ee-4 order_id= user_id=user-22aba5ee-4 sku_id=sku-v4-concurrent-22aba5ee payment_tx= - Durable Outbox acceptance command_id=6d2ce3775471de0bb4b2441421467e9773104b23a4aab2fb375957e8a3ebe4a7 status=ACCEPTED
2026-08-11T10:52:37.174+08:00 INFO  d.f.m.o.OutboxAsyncOrderApplicationService request_id=2d820850-3a58-41bd-94f5-001a768514cb idempotency_key=key-22aba5ee-5 order_id= user_id=user-22aba5ee-5 sku_id=sku-v4-concurrent-22aba5ee payment_tx= - Durable Outbox acceptance command_id=729b060a07c1e1d06a2118fcebb503c0445d548d245e9d510fc3b67c83f150d0 status=ACCEPTED
2026-08-11T10:52:37.180+08:00 INFO  d.f.m.o.OutboxAsyncOrderApplicationService request_id=8b4f2689-8df3-4e42-9263-052e455d04a6 idempotency_key=key-22aba5ee-6 order_id= user_id=user-22aba5ee-6 sku_id=sku-v4-concurrent-22aba5ee payment_tx= - Durable Outbox acceptance command_id=9afbfa5ae900b8b2498e24226b0c0f9f6e4ed90a10e7493672ec6243f68aae8e status=ACCEPTED
2026-08-11T10:52:37.187+08:00 INFO  d.f.m.o.OutboxAsyncOrderApplicationService request_id=e9cd69c8-c879-4bae-a50f-47b2ec7f566e idempotency_key=key-22aba5ee-7 order_id= user_id=user-22aba5ee-7 sku_id=sku-v4-concurrent-22aba5ee payment_tx= - Durable Outbox acceptance command_id=35ed03c4ca42911c9380460403da257c66ed20024d4ffff4edc5a8c732aad851 status=ACCEPTED
2026-08-11T10:52:37.204+08:00 INFO  d.f.m.outbox.OutboxDispatcher request_id= idempotency_key= order_id= user_id= sku_id= payment_tx= - Outbox publication deferred outbox_id=96820564-5094-47f2-9245-940fa981f39b command_id=3d05c40ef40e7845817f9d2183842270296d79683900e4827b4e7b15c9aab46f outcome=RETRYABLE cause=MQCLIENTEXCEPTION
2026-08-11T10:52:37.204+08:00 INFO  d.f.m.outbox.OutboxDispatcher request_id= idempotency_key= order_id= user_id= sku_id= payment_tx= - Outbox publication deferred outbox_id=b6807605-2804-4a5c-a4db-a667217807fc command_id=fda95a0baf4eeb42bd5c71ccd8f99a8c47aa2de2e5d0acc0bf805a6faae83865 outcome=RETRYABLE cause=MQCLIENTEXCEPTION
2026-08-11T10:52:37.207+08:00 INFO  d.f.m.outbox.OutboxDispatcher request_id= idempotency_key= order_id= user_id= sku_id= payment_tx= - Outbox publication deferred outbox_id=b96d5cff-c198-40c8-b3e8-61b13b072238 command_id=6d2ce3775471de0bb4b2441421467e9773104b23a4aab2fb375957e8a3ebe4a7 outcome=RETRYABLE cause=MQCLIENTEXCEPTION
2026-08-11T10:52:37.208+08:00 INFO  d.f.m.outbox.OutboxDispatcher request_id= idempotency_key= order_id= user_id= sku_id= payment_tx= - Outbox publication deferred outbox_id=f108c840-0b23-4de2-89ad-5c99e9dcd603 command_id=729b060a07c1e1d06a2118fcebb503c0445d548d245e9d510fc3b67c83f150d0 outcome=RETRYABLE cause=MQCLIENTEXCEPTION
2026-08-11T10:52:37.209+08:00 INFO  d.f.m.outbox.OutboxDispatcher request_id= idempotency_key= order_id= user_id= sku_id= payment_tx= - Outbox publication deferred outbox_id=a5c41929-e9c3-4417-a1b6-998beabf9e64 command_id=551bdb99d979dde65e133c04d7f2ce34881b9abeb6d31ed049355fa1260bde4b outcome=RETRYABLE cause=MQCLIENTEXCEPTION
2026-08-11T10:52:37.210+08:00 INFO  d.f.m.outbox.OutboxDispatcher request_id= idempotency_key= order_id= user_id= sku_id= payment_tx= - Outbox publication deferred outbox_id=8a0b8f2f-93a7-44a3-90ba-3760bac69582 command_id=9afbfa5ae900b8b2498e24226b0c0f9f6e4ed90a10e7493672ec6243f68aae8e outcome=RETRYABLE cause=MQCLIENTEXCEPTION
2026-08-11T10:52:37.400+08:00 INFO  d.f.m.outbox.OutboxDispatcher request_id= idempotency_key= order_id= user_id= sku_id= payment_tx= - Outbox publication deferred outbox_id=3240f71b-6e22-4590-98dd-edfe180ed60d command_id=35ed03c4ca42911c9380460403da257c66ed20024d4ffff4edc5a8c732aad851 outcome=RETRYABLE cause=MQCLIENTEXCEPTION
2026-08-11T10:52:37.402+08:00 INFO  d.f.m.outbox.OutboxDispatcher request_id= idempotency_key= order_id= user_id= sku_id= payment_tx= - Outbox publication deferred outbox_id=d8beafc0-80de-4e4a-9ef2-114e8a4c819e command_id=3d6d96f7ac722d8b94006c390febfe63450f144a29bc61f5ad7643705f438296 outcome=RETRYABLE cause=MQCLIENTEXCEPTION
2026-08-11T10:52:37.667+08:00 INFO  d.f.m.outbox.OutboxDispatcher request_id= idempotency_key= order_id= user_id= sku_id= payment_tx= - Outbox publication deferred outbox_id=96820564-5094-47f2-9245-940fa981f39b command_id=3d05c40ef40e7845817f9d2183842270296d79683900e4827b4e7b15c9aab46f outcome=RETRYABLE cause=MQCLIENTEXCEPTION
2026-08-11T10:52:37.672+08:00 INFO  d.f.m.outbox.OutboxDispatcher request_id= idempotency_key= order_id= user_id= sku_id= payment_tx= - Outbox publication deferred outbox_id=b6807605-2804-4a5c-a4db-a667217807fc command_id=fda95a0baf4eeb42bd5c71ccd8f99a8c47aa2de2e5d0acc0bf805a6faae83865 outcome=RETRYABLE cause=MQCLIENTEXCEPTION
2026-08-11T10:52:37.929+08:00 INFO  d.f.m.outbox.OutboxDispatcher request_id= idempotency_key= order_id= user_id= sku_id= payment_tx= - Outbox publication deferred outbox_id=b96d5cff-c198-40c8-b3e8-61b13b072238 command_id=6d2ce3775471de0bb4b2441421467e9773104b23a4aab2fb375957e8a3ebe4a7 outcome=RETRYABLE cause=MQCLIENTEXCEPTION
2026-08-11T10:52:37.931+08:00 INFO  d.f.m.outbox.OutboxDispatcher request_id= idempotency_key= order_id= user_id= sku_id= payment_tx= - Outbox publication deferred outbox_id=f108c840-0b23-4de2-89ad-5c99e9dcd603 command_id=729b060a07c1e1d06a2118fcebb503c0445d548d245e9d510fc3b67c83f150d0 outcome=RETRYABLE cause=MQCLIENTEXCEPTION
2026-08-11T10:52:38.192+08:00 INFO  d.f.m.outbox.OutboxDispatcher request_id= idempotency_key= order_id= user_id= sku_id= payment_tx= - Outbox publication deferred outbox_id=a5c41929-e9c3-4417-a1b6-998beabf9e64 command_id=551bdb99d979dde65e133c04d7f2ce34881b9abeb6d31ed049355fa1260bde4b outcome=RETRYABLE cause=MQCLIENTEXCEPTION
2026-08-11T10:52:38.194+08:00 INFO  d.f.m.outbox.OutboxDispatcher request_id= idempotency_key= order_id= user_id= sku_id= payment_tx= - Outbox publication deferred outbox_id=8a0b8f2f-93a7-44a3-90ba-3760bac69582 command_id=9afbfa5ae900b8b2498e24226b0c0f9f6e4ed90a10e7493672ec6243f68aae8e outcome=RETRYABLE cause=MQCLIENTEXCEPTION
2026-08-11T10:52:38.452+08:00 INFO  d.f.m.outbox.OutboxDispatcher request_id= idempotency_key= order_id= user_id= sku_id= payment_tx= - Outbox publication deferred outbox_id=3240f71b-6e22-4590-98dd-edfe180ed60d command_id=35ed03c4ca42911c9380460403da257c66ed20024d4ffff4edc5a8c732aad851 outcome=RETRYABLE cause=MQCLIENTEXCEPTION
2026-08-11T10:52:38.454+08:00 INFO  d.f.m.outbox.OutboxDispatcher request_id= idempotency_key= order_id= user_id= sku_id= payment_tx= - Outbox publication deferred outbox_id=d8beafc0-80de-4e4a-9ef2-114e8a4c819e command_id=3d6d96f7ac722d8b94006c390febfe63450f144a29bc61f5ad7643705f438296 outcome=RETRYABLE cause=MQCLIENTEXCEPTION
2026-08-11T10:52:38.716+08:00 INFO  d.f.m.outbox.OutboxDispatcher request_id= idempotency_key= order_id= user_id= sku_id= payment_tx= - Outbox publication deferred outbox_id=96820564-5094-47f2-9245-940fa981f39b command_id=3d05c40ef40e7845817f9d2183842270296d79683900e4827b4e7b15c9aab46f outcome=RETRYABLE cause=MQCLIENTEXCEPTION
2026-08-11T10:52:38.718+08:00 INFO  d.f.m.outbox.OutboxDispatcher request_id= idempotency_key= order_id= user_id= sku_id= payment_tx= - Outbox publication deferred outbox_id=b6807605-2804-4a5c-a4db-a667217807fc command_id=fda95a0baf4eeb42bd5c71ccd8f99a8c47aa2de2e5d0acc0bf805a6faae83865 outcome=RETRYABLE cause=MQCLIENTEXCEPTION
2026-08-11T10:52:38.977+08:00 INFO  d.f.m.outbox.OutboxDispatcher request_id= idempotency_key= order_id= user_id= sku_id= payment_tx= - Outbox publication deferred outbox_id=b96d5cff-c198-40c8-b3e8-61b13b072238 command_id=6d2ce3775471de0bb4b2441421467e9773104b23a4aab2fb375957e8a3ebe4a7 outcome=RETRYABLE cause=MQCLIENTEXCEPTION
2026-08-11T10:52:38.980+08:00 INFO  d.f.m.outbox.OutboxDispatcher request_id= idempotency_key= order_id= user_id= sku_id= payment_tx= - Outbox publication deferred outbox_id=f108c840-0b23-4de2-89ad-5c99e9dcd603 command_id=729b060a07c1e1d06a2118fcebb503c0445d548d245e9d510fc3b67c83f150d0 outcome=RETRYABLE cause=MQCLIENTEXCEPTION
2026-08-11T10:52:39.241+08:00 INFO  d.f.m.outbox.OutboxDispatcher request_id= idempotency_key= order_id= user_id= sku_id= payment_tx= - Outbox publication deferred outbox_id=a5c41929-e9c3-4417-a1b6-998beabf9e64 command_id=551bdb99d979dde65e133c04d7f2ce34881b9abeb6d31ed049355fa1260bde4b outcome=RETRYABLE cause=MQCLIENTEXCEPTION
2026-08-11T10:52:39.243+08:00 INFO  d.f.m.outbox.OutboxDispatcher request_id= idempotency_key= order_id= user_id= sku_id= payment_tx= - Outbox publication deferred outbox_id=8a0b8f2f-93a7-44a3-90ba-3760bac69582 command_id=9afbfa5ae900b8b2498e24226b0c0f9f6e4ed90a10e7493672ec6243f68aae8e outcome=RETRYABLE cause=MQCLIENTEXCEPTION
2026-08-11T10:52:39.505+08:00 INFO  d.f.m.outbox.OutboxDispatcher request_id= idempotency_key= order_id= user_id= sku_id= payment_tx= - Outbox publication deferred outbox_id=3240f71b-6e22-4590-98dd-edfe180ed60d command_id=35ed03c4ca42911c9380460403da257c66ed20024d4ffff4edc5a8c732aad851 outcome=RETRYABLE cause=MQCLIENTEXCEPTION
2026-08-11T10:52:39.508+08:00 INFO  d.f.m.outbox.OutboxDispatcher request_id= idempotency_key= order_id= user_id= sku_id= payment_tx= - Outbox publication deferred outbox_id=d8beafc0-80de-4e4a-9ef2-114e8a4c819e command_id=3d6d96f7ac722d8b94006c390febfe63450f144a29bc61f5ad7643705f438296 outcome=RETRYABLE cause=MQCLIENTEXCEPTION
2026-08-11T10:52:39.770+08:00 INFO  d.f.m.outbox.OutboxDispatcher request_id= idempotency_key= order_id= user_id= sku_id= payment_tx= - Outbox publication deferred outbox_id=96820564-5094-47f2-9245-940fa981f39b command_id=3d05c40ef40e7845817f9d2183842270296d79683900e4827b4e7b15c9aab46f outcome=RETRYABLE cause=MQCLIENTEXCEPTION
2026-08-11T10:52:39.772+08:00 INFO  d.f.m.outbox.OutboxDispatcher request_id= idempotency_key= order_id= user_id= sku_id= payment_tx= - Outbox publication deferred outbox_id=b6807605-2804-4a5c-a4db-a667217807fc command_id=fda95a0baf4eeb42bd5c71ccd8f99a8c47aa2de2e5d0acc0bf805a6faae83865 outcome=RETRYABLE cause=MQCLIENTEXCEPTION
2026-08-11T10:52:40.035+08:00 INFO  d.f.m.outbox.OutboxDispatcher request_id= idempotency_key= order_id= user_id= sku_id= payment_tx= - Outbox publication deferred outbox_id=b96d5cff-c198-40c8-b3e8-61b13b072238 command_id=6d2ce3775471de0bb4b2441421467e9773104b23a4aab2fb375957e8a3ebe4a7 outcome=RETRYABLE cause=MQCLIENTEXCEPTION
2026-08-11T10:52:40.037+08:00 INFO  d.f.m.outbox.OutboxDispatcher request_id= idempotency_key= order_id= user_id= sku_id= payment_tx= - Outbox publication deferred outbox_id=f108c840-0b23-4de2-89ad-5c99e9dcd603 command_id=729b060a07c1e1d06a2118fcebb503c0445d548d245e9d510fc3b67c83f150d0 outcome=RETRYABLE cause=MQCLIENTEXCEPTION
2026-08-11T10:52:40.298+08:00 INFO  d.f.m.outbox.OutboxDispatcher request_id= idempotency_key= order_id= user_id= sku_id= payment_tx= - Outbox publication deferred outbox_id=a5c41929-e9c3-4417-a1b6-998beabf9e64 command_id=551bdb99d979dde65e133c04d7f2ce34881b9abeb6d31ed049355fa1260bde4b outcome=RETRYABLE cause=MQCLIENTEXCEPTION
2026-08-11T10:52:40.300+08:00 INFO  d.f.m.outbox.OutboxDispatcher request_id= idempotency_key= order_id= user_id= sku_id= payment_tx= - Outbox publication deferred outbox_id=8a0b8f2f-93a7-44a3-90ba-3760bac69582 command_id=9afbfa5ae900b8b2498e24226b0c0f9f6e4ed90a10e7493672ec6243f68aae8e outcome=RETRYABLE cause=MQCLIENTEXCEPTION
2026-08-11T10:52:40.561+08:00 INFO  d.f.m.outbox.OutboxDispatcher request_id= idempotency_key= order_id= user_id= sku_id= payment_tx= - Outbox publication deferred outbox_id=3240f71b-6e22-4590-98dd-edfe180ed60d command_id=35ed03c4ca42911c9380460403da257c66ed20024d4ffff4edc5a8c732aad851 outcome=RETRYABLE cause=MQCLIENTEXCEPTION
2026-08-11T10:52:40.565+08:00 INFO  d.f.m.outbox.OutboxDispatcher request_id= idempotency_key= order_id= user_id= sku_id= payment_tx= - Outbox publication deferred outbox_id=d8beafc0-80de-4e4a-9ef2-114e8a4c819e command_id=3d6d96f7ac722d8b94006c390febfe63450f144a29bc61f5ad7643705f438296 outcome=RETRYABLE cause=MQCLIENTEXCEPTION
2026-08-11T10:52:40.833+08:00 INFO  d.f.m.outbox.OutboxDispatcher request_id= idempotency_key= order_id= user_id= sku_id= payment_tx= - Outbox publication outbox_id=96820564-5094-47f2-9245-940fa981f39b command_id=3d05c40ef40e7845817f9d2183842270296d79683900e4827b4e7b15c9aab46f outcome=ACKNOWLEDGED
2026-08-11T10:52:40.838+08:00 INFO  d.f.m.outbox.OutboxDispatcher request_id= idempotency_key= order_id= user_id= sku_id= payment_tx= - Outbox publication outbox_id=b6807605-2804-4a5c-a4db-a667217807fc command_id=fda95a0baf4eeb42bd5c71ccd8f99a8c47aa2de2e5d0acc0bf805a6faae83865 outcome=ACKNOWLEDGED
2026-08-11T10:52:41.101+08:00 INFO  d.f.m.outbox.OutboxDispatcher request_id= idempotency_key= order_id= user_id= sku_id= payment_tx= - Outbox publication outbox_id=b96d5cff-c198-40c8-b3e8-61b13b072238 command_id=6d2ce3775471de0bb4b2441421467e9773104b23a4aab2fb375957e8a3ebe4a7 outcome=ACKNOWLEDGED
2026-08-11T10:52:41.105+08:00 INFO  d.f.m.outbox.OutboxDispatcher request_id= idempotency_key= order_id= user_id= sku_id= payment_tx= - Outbox publication outbox_id=f108c840-0b23-4de2-89ad-5c99e9dcd603 command_id=729b060a07c1e1d06a2118fcebb503c0445d548d245e9d510fc3b67c83f150d0 outcome=ACKNOWLEDGED
2026-08-11T10:52:41.373+08:00 INFO  d.f.m.outbox.OutboxDispatcher request_id= idempotency_key= order_id= user_id= sku_id= payment_tx= - Outbox publication outbox_id=a5c41929-e9c3-4417-a1b6-998beabf9e64 command_id=551bdb99d979dde65e133c04d7f2ce34881b9abeb6d31ed049355fa1260bde4b outcome=ACKNOWLEDGED
2026-08-11T10:52:41.378+08:00 INFO  d.f.m.outbox.OutboxDispatcher request_id= idempotency_key= order_id= user_id= sku_id= payment_tx= - Outbox publication outbox_id=8a0b8f2f-93a7-44a3-90ba-3760bac69582 command_id=9afbfa5ae900b8b2498e24226b0c0f9f6e4ed90a10e7493672ec6243f68aae8e outcome=ACKNOWLEDGED
2026-08-11T10:52:41.659+08:00 INFO  d.f.m.outbox.OutboxDispatcher request_id= idempotency_key= order_id= user_id= sku_id= payment_tx= - Outbox publication outbox_id=3240f71b-6e22-4590-98dd-edfe180ed60d command_id=35ed03c4ca42911c9380460403da257c66ed20024d4ffff4edc5a8c732aad851 outcome=ACKNOWLEDGED
2026-08-11T10:52:41.667+08:00 INFO  d.f.m.outbox.OutboxDispatcher request_id= idempotency_key= order_id= user_id= sku_id= payment_tx= - Outbox publication outbox_id=d8beafc0-80de-4e4a-9ef2-114e8a4c819e command_id=3d6d96f7ac722d8b94006c390febfe63450f144a29bc61f5ad7643705f438296 outcome=ACKNOWLEDGED
2026-08-11T10:53:17.007+08:00 INFO  o.s.b.w.e.tomcat.GracefulShutdown request_id= idempotency_key= order_id= user_id= sku_id= payment_tx= - Commencing graceful shutdown. Waiting for active requests to complete
2026-08-11T10:53:19.012+08:00 INFO  o.s.b.w.e.tomcat.GracefulShutdown request_id= idempotency_key= order_id= user_id= sku_id= payment_tx= - Graceful shutdown complete
2026-08-11T10:53:19.012+08:00 ERROR org.apache.tomcat.util.net.Acceptor request_id= idempotency_key= order_id= user_id= sku_id= payment_tx= - Socket accept failed
java.nio.channels.AsynchronousCloseException: null
	at java.base/java.nio.channels.spi.AbstractInterruptibleChannel.end(AbstractInterruptibleChannel.java:218) ~[na:na]
	at java.base/sun.nio.ch.ServerSocketChannelImpl.end(ServerSocketChannelImpl.java:372) ~[na:na]
	at java.base/sun.nio.ch.ServerSocketChannelImpl.accept(ServerSocketChannelImpl.java:397) ~[na:na]
	at org.apache.tomcat.util.net.NioEndpoint.serverSocketAccept(NioEndpoint.java:537) ~[tomcat-embed-core-10.1.44.jar:10.1.44]
	at org.apache.tomcat.util.net.NioEndpoint.serverSocketAccept(NioEndpoint.java:72) ~[tomcat-embed-core-10.1.44.jar:10.1.44]
	at org.apache.tomcat.util.net.Acceptor.run(Acceptor.java:127) ~[tomcat-embed-core-10.1.44.jar:10.1.44]
	at java.base/java.lang.Thread.run(Thread.java:1516) ~[na:na]
2026-08-11T10:53:19.058+08:00 INFO  com.zaxxer.hikari.HikariDataSource request_id= idempotency_key= order_id= user_id= sku_id= payment_tx= - HikariPool-4 - Shutdown initiated...
2026-08-11T10:53:19.059+08:00 INFO  com.zaxxer.hikari.HikariDataSource request_id= idempotency_key= order_id= user_id= sku_id= payment_tx= - HikariPool-4 - Shutdown completed.
[INFO] Tests run: 1, Failures: 0, Errors: 0, Skipped: 0, Time elapsed: 44.28 s -- in dev.flashflow.V4OutboxConcurrentRedeliveryIntegrationTest
[INFO] 
[INFO] Results:
[INFO] 
[ERROR] Failures: 
[ERROR]   V4OutboxBacklogDrainIntegrationTest.boundedBacklogDrainsAfterRecoveryWithAttributedLocalEvidence:118->await:226 condition did not pass within PT1M
[INFO] 
[ERROR] Tests run: 5, Failures: 1, Errors: 0, Skipped: 0
[INFO] 
[INFO] ------------------------------------------------------------------------
[INFO] BUILD FAILURE
[INFO] ------------------------------------------------------------------------
[INFO] Total time:  02:40 min
[INFO] Finished at: 2026-08-11T10:53:19+08:00
[INFO] ------------------------------------------------------------------------
[ERROR] Failed to execute goal org.apache.maven.plugins:maven-surefire-plugin:3.5.3:test (default-test) on project flashflow: There are test failures.
[ERROR] 
[ERROR] See /Users/yuzheng/Computeracy/Zhenkun26-GitHub/FlashFlow/target/surefire-reports for the individual test results.
[ERROR] See dump files (if any exist) [date].dump, [date]-jvmRun[N].dump and [date].dumpstream.
[ERROR] -> [Help 1]
[ERROR] 
[ERROR] To see the full stack trace of the errors, re-run Maven with the -e switch.
[ERROR] Re-run Maven using the -X switch to enable full debug logging.
[ERROR] 
[ERROR] For more information about the errors and possible solutions, please read the following articles:
[ERROR] [Help 1] http://cwiki.apache.org/confluence/display/MAVEN/MojoFailureException
